ISO-10303-21;
HEADER;
FILE_DESCRIPTION(('Open CASCADE Model'),'2;1');
FILE_NAME('Q4-203','2026-10-05T14:37:25',('Author'),('Open CASCADE'),
  'Open CASCADE STEP processor 8.0','build123d','Unknown');
FILE_SCHEMA(('AUTOMOTIVE_DESIGN { 1 0 10303 214 1 1 1 1 }'));
ENDSEC;
DATA;
#1 = APPLICATION_PROTOCOL_DEFINITION('international standard',
  'automotive_design',2000,#2);
#2 = APPLICATION_CONTEXT(
  'core data for automotive mechanical design processes');
#3 = SHAPE_DEFINITION_REPRESENTATION(#4,#10);
#4 = PRODUCT_DEFINITION_SHAPE('','',#5);
#5 = PRODUCT_DEFINITION('design','',#6,#9);
#6 = PRODUCT_DEFINITION_FORMATION('','',#7);
#7 = PRODUCT('Q4-203','Q4-203','',(#8));
#8 = PRODUCT_CONTEXT('',#2,'mechanical');
#9 = PRODUCT_DEFINITION_CONTEXT('part definition',#2,'design');
#10 = ADVANCED_BREP_SHAPE_REPRESENTATION('',(#11,#15),#2565);
#11 = AXIS2_PLACEMENT_3D('',#12,#13,#14);
#12 = CARTESIAN_POINT('',(0.,0.,0.));
#13 = DIRECTION('',(0.,0.,1.));
#14 = DIRECTION('',(1.,0.,-0.));
#15 = MANIFOLD_SOLID_BREP('',#16);
#16 = CLOSED_SHELL('',(#17,#2053,#2103,#2153,#2203,#2253,#2365,#2436,
    #2486,#2490,#2519,#2553,#2561));
#17 = ADVANCED_FACE('',(#18,#804,#1123,#1394,#1727),#32,.F.);
#18 = FACE_BOUND('',#19,.F.);
#19 = EDGE_LOOP('',(#20,#91,#141,#142,#272,#381,#442,#465,#515,#516,#572
    ,#681));
#20 = ORIENTED_EDGE('',*,*,#21,.F.);
#21 = EDGE_CURVE('',#22,#24,#26,.T.);
#22 = VERTEX_POINT('',#23);
#23 = CARTESIAN_POINT('',(21.9008,0.,18.));
#24 = VERTEX_POINT('',#25);
#25 = CARTESIAN_POINT('',(16.,4.703423266923E-15,-11.34491463748));
#26 = SEAM_CURVE('',#27,(#31,#84),.PCURVE_S1.);
#27 = B_SPLINE_CURVE_WITH_KNOTS('',2,(#28,#29,#30),.UNSPECIFIED.,.F.,.F.
  ,(3,3),(0.,1.),.PIECEWISE_BEZIER_KNOTS.);
#28 = CARTESIAN_POINT('',(21.9008,8.646711388483E-15,18.));
#29 = CARTESIAN_POINT('',(4.268118574399,-2.185414294444E-15,
    -54.83361587483));
#30 = CARTESIAN_POINT('',(16.2368,-2.683319591813E-15,-128.));
#31 = PCURVE('',#32,#78);
#32 = B_SPLINE_SURFACE_WITH_KNOTS('',14,2,(
    (#33,#34,#35)
    ,(#36,#37,#38)
    ,(#39,#40,#41)
    ,(#42,#43,#44)
    ,(#45,#46,#47)
    ,(#48,#49,#50)
    ,(#51,#52,#53)
    ,(#54,#55,#56)
    ,(#57,#58,#59)
    ,(#60,#61,#62)
    ,(#63,#64,#65)
    ,(#66,#67,#68)
    ,(#69,#70,#71)
    ,(#72,#73,#74)
    ,(#75,#76,#77
    )),.UNSPECIFIED.,.T.,.F.,.F.,(15,15),(3,3),(0.,1.),(0.,1.),
  .PIECEWISE_BEZIER_KNOTS.);
#33 = CARTESIAN_POINT('',(21.9008,8.646711388483E-15,18.));
#34 = CARTESIAN_POINT('',(4.268118574399,-2.185414294444E-15,
    -54.83361587483));
#35 = CARTESIAN_POINT('',(16.2368,-2.683319591813E-15,-128.));
#36 = CARTESIAN_POINT('',(21.900799999998,4.487989505132,18.));
#37 = CARTESIAN_POINT('',(4.268118574409,5.904146016814,-54.83361587483)
  );
#38 = CARTESIAN_POINT('',(16.236800000003,3.141592653591,-128.));
#39 = CARTESIAN_POINT('',(17.150201958256,8.975980666875,18.));
#40 = CARTESIAN_POINT('',(0.236009090573,11.808294212975,-54.83361587483
    ));
#41 = CARTESIAN_POINT('',(12.714804900067,6.283186466815,-128.));
#42 = CARTESIAN_POINT('',(7.648999801492,12.328193465735,18.));
#43 = CARTESIAN_POINT('',(-7.828215031493,16.218276415752,
    -54.83361587483));
#44 = CARTESIAN_POINT('',(5.670810197712,8.629735426006,-128.));
#45 = CARTESIAN_POINT('',(-5.181961751129,13.408975958254,18.));
#46 = CARTESIAN_POINT('',(-18.71860005458,17.640092942063,
    -54.83361587483));
#47 = CARTESIAN_POINT('',(-3.841799229397,9.386283170795,-128.));
#48 = CARTESIAN_POINT('',(-18.50126278359,11.489768610112,18.));
#49 = CARTESIAN_POINT('',(-30.02346725953,15.115291935483,
    -54.83361587483));
#50 = CARTESIAN_POINT('',(-13.71645344282,8.042838027052,-128.));
#51 = CARTESIAN_POINT('',(-28.66906049936,6.658852452629,18.));
#52 = CARTESIAN_POINT('',(-38.65346989176,8.760010944741,-54.83361587483
    ));
#53 = CARTESIAN_POINT('',(-21.25464830149,4.661196716876,-128.));
#54 = CARTESIAN_POINT('',(-32.4970334481,1.500601675017E-10,18.));
#55 = CARTESIAN_POINT('',(-41.90249367513,1.720843193894E-10,
    -54.83361587483));
#56 = CARTESIAN_POINT('',(-24.09262824574,6.620854704855E-11,-128.));
#57 = CARTESIAN_POINT('',(-28.66906049936,-6.658852452904,18.));
#58 = CARTESIAN_POINT('',(-38.65346989176,-8.760010945058,
    -54.83361587483));
#59 = CARTESIAN_POINT('',(-21.25464830149,-4.661196716997,-128.));
#60 = CARTESIAN_POINT('',(-18.50126278358,-11.4897686099,18.));
#61 = CARTESIAN_POINT('',(-30.02346725952,-15.11529193523,
    -54.83361587483));
#62 = CARTESIAN_POINT('',(-13.71645344283,-8.042838026958,-128.));
#63 = CARTESIAN_POINT('',(-5.181961751138,-13.40897595838,18.));
#64 = CARTESIAN_POINT('',(-18.71860005459,-17.64009294221,
    -54.83361587483));
#65 = CARTESIAN_POINT('',(-3.841799229395,-9.386283170854,-128.));
#66 = CARTESIAN_POINT('',(7.648999801498,-12.32819346566,18.));
#67 = CARTESIAN_POINT('',(-7.828215031486,-16.21827641567,
    -54.83361587483));
#68 = CARTESIAN_POINT('',(5.670810197711,-8.629735425976,-128.));
#69 = CARTESIAN_POINT('',(17.150201958253,-8.975980666898,18.));
#70 = CARTESIAN_POINT('',(0.236009090569,-11.808294213,-54.83361587483)
  );
#71 = CARTESIAN_POINT('',(12.714804900068,-6.283186466826,-128.));
#72 = CARTESIAN_POINT('',(21.900799999999,-4.487989505126,18.));
#73 = CARTESIAN_POINT('',(4.26811857441,-5.904146016808,-54.83361587483)
  );
#74 = CARTESIAN_POINT('',(16.236800000003,-3.141592653589,-128.));
#75 = CARTESIAN_POINT('',(21.9008,-1.266957077649E-14,18.));
#76 = CARTESIAN_POINT('',(4.268118574399,-2.314279613339E-15,
    -54.83361587483));
#77 = CARTESIAN_POINT('',(16.2368,-2.683319656332E-15,-128.));
#78 = DEFINITIONAL_REPRESENTATION('',(#79),#83);
#79 = LINE('',#80,#81);
#80 = CARTESIAN_POINT('',(0.,0.));
#81 = VECTOR('',#82,1.);
#82 = DIRECTION('',(0.,1.));
#83 = ( GEOMETRIC_REPRESENTATION_CONTEXT(2) 
PARAMETRIC_REPRESENTATION_CONTEXT() REPRESENTATION_CONTEXT('2D SPACE',''
  ) );
#84 = PCURVE('',#32,#85);
#85 = DEFINITIONAL_REPRESENTATION('',(#86),#90);
#86 = LINE('',#87,#88);
#87 = CARTESIAN_POINT('',(1.,0.));
#88 = VECTOR('',#89,1.);
#89 = DIRECTION('',(0.,1.));
#90 = ( GEOMETRIC_REPRESENTATION_CONTEXT(2) 
PARAMETRIC_REPRESENTATION_CONTEXT() REPRESENTATION_CONTEXT('2D SPACE',''
  ) );
#91 = ORIENTED_EDGE('',*,*,#92,.T.);
#92 = EDGE_CURVE('',#22,#22,#93,.T.);
#93 = SURFACE_CURVE('',#94,(#110,#117),.PCURVE_S1.);
#94 = B_SPLINE_CURVE_WITH_KNOTS('',14,(#95,#96,#97,#98,#99,#100,#101,
    #102,#103,#104,#105,#106,#107,#108,#109),.UNSPECIFIED.,.T.,.F.,(15,
    15),(0.,1.),.PIECEWISE_BEZIER_KNOTS.);
#95 = CARTESIAN_POINT('',(21.9008,8.646711388483E-15,18.));
#96 = CARTESIAN_POINT('',(21.900799999998,4.487989505132,18.));
#97 = CARTESIAN_POINT('',(17.150201958256,8.975980666875,18.));
#98 = CARTESIAN_POINT('',(7.648999801492,12.328193465735,18.));
#99 = CARTESIAN_POINT('',(-5.181961751129,13.408975958254,18.));
#100 = CARTESIAN_POINT('',(-18.50126278359,11.489768610112,18.));
#101 = CARTESIAN_POINT('',(-28.66906049936,6.658852452629,18.));
#102 = CARTESIAN_POINT('',(-32.4970334481,1.500601675017E-10,18.));
#103 = CARTESIAN_POINT('',(-28.66906049936,-6.658852452904,18.));
#104 = CARTESIAN_POINT('',(-18.50126278358,-11.4897686099,18.));
#105 = CARTESIAN_POINT('',(-5.181961751138,-13.40897595838,18.));
#106 = CARTESIAN_POINT('',(7.648999801498,-12.32819346566,18.));
#107 = CARTESIAN_POINT('',(17.150201958253,-8.975980666898,18.));
#108 = CARTESIAN_POINT('',(21.900799999999,-4.487989505126,18.));
#109 = CARTESIAN_POINT('',(21.9008,-1.266957077649E-14,18.));
#110 = PCURVE('',#32,#111);
#111 = DEFINITIONAL_REPRESENTATION('',(#112),#116);
#112 = LINE('',#113,#114);
#113 = CARTESIAN_POINT('',(0.,0.));
#114 = VECTOR('',#115,1.);
#115 = DIRECTION('',(1.,0.));
#116 = ( GEOMETRIC_REPRESENTATION_CONTEXT(2) 
PARAMETRIC_REPRESENTATION_CONTEXT() REPRESENTATION_CONTEXT('2D SPACE',''
  ) );
#117 = PCURVE('',#118,#123);
#118 = PLANE('',#119);
#119 = AXIS2_PLACEMENT_3D('',#120,#121,#122);
#120 = CARTESIAN_POINT('',(21.9008,8.646711388483E-15,18.));
#121 = DIRECTION('',(0.,0.,1.));
#122 = DIRECTION('',(-1.,-1.517823537176E-16,0.));
#123 = DEFINITIONAL_REPRESENTATION('',(#124),#140);
#124 = B_SPLINE_CURVE_WITH_KNOTS('',14,(#125,#126,#127,#128,#129,#130,
    #131,#132,#133,#134,#135,#136,#137,#138,#139),.UNSPECIFIED.,.T.,.F.,
  (15,15),(0.,1.),.PIECEWISE_BEZIER_KNOTS.);
#125 = CARTESIAN_POINT('',(0.,0.));
#126 = CARTESIAN_POINT('',(1.985285748839E-12,-4.487989505131));
#127 = CARTESIAN_POINT('',(4.750598041744,-8.975980666875));
#128 = CARTESIAN_POINT('',(14.251800198508,-12.32819346573));
#129 = CARTESIAN_POINT('',(27.082761751129,-13.40897595825));
#130 = CARTESIAN_POINT('',(40.402062783597,-11.48976861011));
#131 = CARTESIAN_POINT('',(50.569860499362,-6.658852452629));
#132 = CARTESIAN_POINT('',(54.3978334481,-1.500597774215E-10));
#133 = CARTESIAN_POINT('',(50.569860499369,6.658852452904));
#134 = CARTESIAN_POINT('',(40.402062783587,11.489768609902));
#135 = CARTESIAN_POINT('',(27.082761751138,13.408975958386));
#136 = CARTESIAN_POINT('',(14.251800198502,12.328193465669));
#137 = CARTESIAN_POINT('',(4.750598041747,8.975980666898));
#138 = CARTESIAN_POINT('',(1.414661241773E-12,4.487989505126));
#139 = CARTESIAN_POINT('',(7.105427357601E-15,2.131628216497E-14));
#140 = ( GEOMETRIC_REPRESENTATION_CONTEXT(2) 
PARAMETRIC_REPRESENTATION_CONTEXT() REPRESENTATION_CONTEXT('2D SPACE',''
  ) );
#141 = ORIENTED_EDGE('',*,*,#21,.T.);
#142 = ORIENTED_EDGE('',*,*,#143,.F.);
#143 = EDGE_CURVE('',#144,#24,#146,.T.);
#144 = VERTEX_POINT('',#145);
#145 = CARTESIAN_POINT('',(16.,-3.5,-4.634379810484));
#146 = SURFACE_CURVE('',#147,(#185,#226),.PCURVE_S1.);
#147 = B_SPLINE_CURVE_WITH_KNOTS('',8,(#148,#149,#150,#151,#152,#153,
    #154,#155,#156,#157,#158,#159,#160,#161,#162,#163,#164,#165,#166,
    #167,#168,#169,#170,#171,#172,#173,#174,#175,#176,#177,#178,#179,
    #180,#181,#182,#183,#184),.UNSPECIFIED.,.F.,.F.,(9,7,7,7,7,9),(0.,
    0.237653534327,0.48664713484,0.629145398632,0.826213764848,1.),
  .UNSPECIFIED.);
#148 = CARTESIAN_POINT('',(16.,-3.5,-4.634379810484));
#149 = CARTESIAN_POINT('',(16.,-3.436084519613,-4.883726138997));
#150 = CARTESIAN_POINT('',(16.,-3.370794064967,-5.132717586226));
#151 = CARTESIAN_POINT('',(16.,-3.304042006159,-5.3813255212));
#152 = CARTESIAN_POINT('',(16.,-3.235729768921,-5.629513777184));
#153 = CARTESIAN_POINT('',(16.,-3.165745281645,-5.877238228853));
#154 = CARTESIAN_POINT('',(16.,-3.093958689358,-6.124445586782));
#155 = CARTESIAN_POINT('',(16.,-3.020215334633,-6.371071409266));
#156 = CARTESIAN_POINT('',(16.,-2.864815480309,-6.874739960398));
#157 = CARTESIAN_POINT('',(16.,-2.7829563756,-7.131695502139));
#158 = CARTESIAN_POINT('',(16.,-2.698524401115,-7.387833504858));
#159 = CARTESIAN_POINT('',(16.,-2.611261212209,-7.643045925222));
#160 = CARTESIAN_POINT('',(16.,-2.520852853595,-7.897178946473));
#161 = CARTESIAN_POINT('',(16.,-2.426917986032,-8.150028865363));
#162 = CARTESIAN_POINT('',(16.,-2.328967419819,-8.401327653406));
#163 = CARTESIAN_POINT('',(16.,-2.167538218557,-8.79342099045));
#164 = CARTESIAN_POINT('',(16.,-2.107227582604,-8.935484063681));
#165 = CARTESIAN_POINT('',(16.,-2.045254840766,-9.076843393593));
#166 = CARTESIAN_POINT('',(16.,-1.981471032876,-9.217412840138));
#167 = CARTESIAN_POINT('',(16.,-1.915687968933,-9.357069747246));
#168 = CARTESIAN_POINT('',(16.,-1.847678229096,-9.495654942816));
#169 = CARTESIAN_POINT('',(16.,-1.77717516369,-9.632972738723));
#170 = CARTESIAN_POINT('',(16.,-1.602499316426,-9.956621073475));
#171 = CARTESIAN_POINT('',(16.,-1.500831024394,-10.13212820705));
#172 = CARTESIAN_POINT('',(16.,-1.398900867312,-10.29515445185));
#173 = CARTESIAN_POINT('',(16.,-1.296740645372,-10.44555743747));
#174 = CARTESIAN_POINT('',(16.,-1.1943822112,-10.58321124784));
#175 = CARTESIAN_POINT('',(16.,-1.091858572303,-10.70800736632));
#176 = CARTESIAN_POINT('',(16.,-0.989204993517,-10.81985562069));
#177 = CARTESIAN_POINT('',(16.,-0.795853734455,-11.00583868005));
#178 = CARTESIAN_POINT('',(16.,-0.699960168776,-11.08788579071));
#179 = CARTESIAN_POINT('',(16.,-0.597902137267,-11.16359283409));
#180 = CARTESIAN_POINT('',(16.,-0.489214343462,-11.23061675932));
#181 = CARTESIAN_POINT('',(16.,-0.373898115246,-11.28567934096));
#182 = CARTESIAN_POINT('',(16.,-0.252582416431,-11.32499945606));
#183 = CARTESIAN_POINT('',(16.,-0.126756372968,-11.34491463749));
#184 = CARTESIAN_POINT('',(16.,-5.417888360171E-14,-11.34491463749));
#185 = PCURVE('',#32,#186);
#186 = DEFINITIONAL_REPRESENTATION('',(#187),#225);
#187 = B_SPLINE_CURVE_WITH_KNOTS('',8,(#188,#189,#190,#191,#192,#193,
    #194,#195,#196,#197,#198,#199,#200,#201,#202,#203,#204,#205,#206,
    #207,#208,#209,#210,#211,#212,#213,#214,#215,#216,#217,#218,#219,
    #220,#221,#222,#223,#224),.UNSPECIFIED.,.F.,.F.,(9,7,7,7,7,9),(0.,
    0.237653534327,0.48664713484,0.629145398632,0.826213764848,1.),
  .UNSPECIFIED.);
#188 = CARTESIAN_POINT('',(0.947248615126,0.155329038676));
#189 = CARTESIAN_POINT('',(0.948278612811,0.157039577792));
#190 = CARTESIAN_POINT('',(0.949325866227,0.158747667122));
#191 = CARTESIAN_POINT('',(0.950391625372,0.160453110332));
#192 = CARTESIAN_POINT('',(0.951477310739,0.1621556594));
#193 = CARTESIAN_POINT('',(0.952584535989,0.163855011722));
#194 = CARTESIAN_POINT('',(0.953715170261,0.165550801846));
#195 = CARTESIAN_POINT('',(0.954871440081,0.167242587838));
#196 = CARTESIAN_POINT('',(0.9572972285,0.170697586626));
#197 = CARTESIAN_POINT('',(0.958569407824,0.172460199898));
#198 = CARTESIAN_POINT('',(0.959875848032,0.174217188987));
#199 = CARTESIAN_POINT('',(0.961220270751,0.175967812939));
#200 = CARTESIAN_POINT('',(0.962607195106,0.177711016859));
#201 = CARTESIAN_POINT('',(0.964042110107,0.179445403717));
#202 = CARTESIAN_POINT('',(0.965532064265,0.181169135333));
#203 = CARTESIAN_POINT('',(0.96797725004,0.183858593971));
#204 = CARTESIAN_POINT('',(0.968888715904,0.184833032369));
#205 = CARTESIAN_POINT('',(0.969823211958,0.1858026387));
#206 = CARTESIAN_POINT('',(0.970782888226,0.186766822198));
#207 = CARTESIAN_POINT('',(0.971770462638,0.187724741657));
#208 = CARTESIAN_POINT('',(0.972789221022,0.188675305431));
#209 = CARTESIAN_POINT('',(0.973843017111,0.189617171429));
#210 = CARTESIAN_POINT('',(0.976448193144,0.191837072291));
#211 = CARTESIAN_POINT('',(0.977960121061,0.193040865397));
#212 = CARTESIAN_POINT('',(0.97947193534,0.194159045537));
#213 = CARTESIAN_POINT('',(0.98098352791,0.195190638037));
#214 = CARTESIAN_POINT('',(0.982494787354,0.196134780927));
#215 = CARTESIAN_POINT('',(0.984005582694,0.196990731402));
#216 = CARTESIAN_POINT('',(0.985515747162,0.197757872297));
#217 = CARTESIAN_POINT('',(0.988356062714,0.199033482413));
#218 = CARTESIAN_POINT('',(0.989763028055,0.199596220644));
#219 = CARTESIAN_POINT('',(0.99125874159,0.200115472493));
#220 = CARTESIAN_POINT('',(0.99284992446,0.200575168092));
#221 = CARTESIAN_POINT('',(0.994536565552,0.200952823671));
#222 = CARTESIAN_POINT('',(0.9963096611,0.201222506656));
#223 = CARTESIAN_POINT('',(0.998148034243,0.201359097957));
#224 = CARTESIAN_POINT('',(1.,0.201359097957));
#225 = ( GEOMETRIC_REPRESENTATION_CONTEXT(2) 
PARAMETRIC_REPRESENTATION_CONTEXT() REPRESENTATION_CONTEXT('2D SPACE',''
  ) );
#226 = PCURVE('',#227,#232);
#227 = PLANE('',#228);
#228 = AXIS2_PLACEMENT_3D('',#229,#230,#231);
#229 = CARTESIAN_POINT('',(16.,3.5,-110.));
#230 = DIRECTION('',(-1.,0.,0.));
#231 = DIRECTION('',(0.,0.,1.));
#232 = DEFINITIONAL_REPRESENTATION('',(#233),#271);
#233 = B_SPLINE_CURVE_WITH_KNOTS('',8,(#234,#235,#236,#237,#238,#239,
    #240,#241,#242,#243,#244,#245,#246,#247,#248,#249,#250,#251,#252,
    #253,#254,#255,#256,#257,#258,#259,#260,#261,#262,#263,#264,#265,
    #266,#267,#268,#269,#270),.UNSPECIFIED.,.F.,.F.,(9,7,7,7,7,9),(0.,
    0.237653534327,0.48664713484,0.629145398632,0.826213764848,1.),
  .UNSPECIFIED.);
#234 = CARTESIAN_POINT('',(105.36562018951,-7.));
#235 = CARTESIAN_POINT('',(105.116273861,-6.936084519613));
#236 = CARTESIAN_POINT('',(104.86728241377,-6.870794064967));
#237 = CARTESIAN_POINT('',(104.6186744788,-6.804042006159));
#238 = CARTESIAN_POINT('',(104.37048622281,-6.735729768921));
#239 = CARTESIAN_POINT('',(104.12276177114,-6.665745281645));
#240 = CARTESIAN_POINT('',(103.87555441321,-6.593958689358));
#241 = CARTESIAN_POINT('',(103.62892859073,-6.520215334633));
#242 = CARTESIAN_POINT('',(103.1252600396,-6.364815480309));
#243 = CARTESIAN_POINT('',(102.86830449786,-6.2829563756));
#244 = CARTESIAN_POINT('',(102.61216649514,-6.198524401115));
#245 = CARTESIAN_POINT('',(102.35695407477,-6.111261212209));
#246 = CARTESIAN_POINT('',(102.10282105352,-6.020852853595));
#247 = CARTESIAN_POINT('',(101.84997113463,-5.926917986032));
#248 = CARTESIAN_POINT('',(101.59867234659,-5.828967419819));
#249 = CARTESIAN_POINT('',(101.20657900955,-5.667538218557));
#250 = CARTESIAN_POINT('',(101.06451593631,-5.607227582604));
#251 = CARTESIAN_POINT('',(100.9231566064,-5.545254840766));
#252 = CARTESIAN_POINT('',(100.78258715986,-5.481471032876));
#253 = CARTESIAN_POINT('',(100.64293025275,-5.415687968933));
#254 = CARTESIAN_POINT('',(100.50434505718,-5.347678229096));
#255 = CARTESIAN_POINT('',(100.36702726127,-5.27717516369));
#256 = CARTESIAN_POINT('',(100.04337892652,-5.102499316426));
#257 = CARTESIAN_POINT('',(99.867871792948,-5.000831024394));
#258 = CARTESIAN_POINT('',(99.704845548146,-4.898900867312));
#259 = CARTESIAN_POINT('',(99.554442562527,-4.796740645372));
#260 = CARTESIAN_POINT('',(99.416788752152,-4.6943822112));
#261 = CARTESIAN_POINT('',(99.29199263368,-4.591858572303));
#262 = CARTESIAN_POINT('',(99.180144379301,-4.489204993517));
#263 = CARTESIAN_POINT('',(98.994161319945,-4.295853734455));
#264 = CARTESIAN_POINT('',(98.91211420929,-4.199960168776));
#265 = CARTESIAN_POINT('',(98.836407165901,-4.097902137267));
#266 = CARTESIAN_POINT('',(98.769383240677,-3.989214343462));
#267 = CARTESIAN_POINT('',(98.714320659038,-3.873898115246));
#268 = CARTESIAN_POINT('',(98.675000543939,-3.752582416431));
#269 = CARTESIAN_POINT('',(98.655085362509,-3.626756372968));
#270 = CARTESIAN_POINT('',(98.65508536251,-3.5));
#271 = ( GEOMETRIC_REPRESENTATION_CONTEXT(2) 
PARAMETRIC_REPRESENTATION_CONTEXT() REPRESENTATION_CONTEXT('2D SPACE',''
  ) );
#272 = ORIENTED_EDGE('',*,*,#273,.T.);
#273 = EDGE_CURVE('',#144,#274,#276,.T.);
#274 = VERTEX_POINT('',#275);
#275 = CARTESIAN_POINT('',(13.100439492547,-3.5,-119.1857762384));
#276 = SURFACE_CURVE('',#277,(#308,#342),.PCURVE_S1.);
#277 = B_SPLINE_CURVE_WITH_KNOTS('',8,(#278,#279,#280,#281,#282,#283,
    #284,#285,#286,#287,#288,#289,#290,#291,#292,#293,#294,#295,#296,
    #297,#298,#299,#300,#301,#302,#303,#304,#305,#306,#307),
  .UNSPECIFIED.,.F.,.F.,(9,7,7,7,9),(0.,0.490624962689,0.734186955569,
    0.978795675461,1.),.UNSPECIFIED.);
#278 = CARTESIAN_POINT('',(16.,-3.5,-4.634379810484));
#279 = CARTESIAN_POINT('',(14.737968059255,-3.5,-11.99853266748));
#280 = CARTESIAN_POINT('',(13.628819168774,-3.5,-19.38919777426));
#281 = CARTESIAN_POINT('',(12.678407025782,-3.5,-26.80310193095));
#282 = CARTESIAN_POINT('',(11.890489257917,-3.5,-34.23661350294));
#283 = CARTESIAN_POINT('',(11.267591516001,-3.5,-41.68584182968));
#284 = CARTESIAN_POINT('',(10.810910608478,-3.5,-49.14663721336));
#285 = CARTESIAN_POINT('',(10.520383589177,-3.5,-56.61460547559));
#286 = CARTESIAN_POINT('',(10.330943861577,-3.5,-67.7936058));
#287 = CARTESIAN_POINT('',(10.308497161777,-3.5,-71.50288187651));
#288 = CARTESIAN_POINT('',(10.32617992404,-3.5,-75.21231874746));
#289 = CARTESIAN_POINT('',(10.383595358644,-3.5,-78.92140037851));
#290 = CARTESIAN_POINT('',(10.480186719586,-3.5,-82.62964686638));
#291 = CARTESIAN_POINT('',(10.615208949754,-3.5,-86.33661529256));
#292 = CARTESIAN_POINT('',(10.78765280657,-3.5,-90.0419018405));
#293 = CARTESIAN_POINT('',(11.205382557968,-3.5,-97.46430686395));
#294 = CARTESIAN_POINT('',(11.45098476993,-3.5,-101.1815428738));
#295 = CARTESIAN_POINT('',(11.731414514968,-3.5,-104.8963962956));
#296 = CARTESIAN_POINT('',(12.044724996804,-3.5,-108.6085779167));
#297 = CARTESIAN_POINT('',(12.388426429468,-3.5,-112.317972559));
#298 = CARTESIAN_POINT('',(12.758871414749,-3.5,-116.0247023438));
#299 = CARTESIAN_POINT('',(13.151121209478,-3.5,-119.7291399242));
#300 = CARTESIAN_POINT('',(13.590974714887,-3.5,-123.7532070439));
#301 = CARTESIAN_POINT('',(13.626156550395,-3.5,-124.0742029243));
#302 = CARTESIAN_POINT('',(13.661426397751,-3.5,-124.395189149));
#303 = CARTESIAN_POINT('',(13.696777954751,-3.5,-124.7161663818));
#304 = CARTESIAN_POINT('',(13.73220463487,-3.5,-125.0371353245));
#305 = CARTESIAN_POINT('',(13.767699567252,-3.5,-125.3580967169));
#306 = CARTESIAN_POINT('',(13.80325559672,-3.5,-125.6790513368));
#307 = CARTESIAN_POINT('',(13.838865283767,-3.5,-126.));
#308 = PCURVE('',#32,#309);
#309 = DEFINITIONAL_REPRESENTATION('',(#310),#341);
#310 = B_SPLINE_CURVE_WITH_KNOTS('',8,(#311,#312,#313,#314,#315,#316,
    #317,#318,#319,#320,#321,#322,#323,#324,#325,#326,#327,#328,#329,
    #330,#331,#332,#333,#334,#335,#336,#337,#338,#339,#340),
  .UNSPECIFIED.,.F.,.F.,(9,7,7,7,9),(0.,0.490624962689,0.734186955569,
    0.978795675461,1.),.UNSPECIFIED.);
#311 = CARTESIAN_POINT('',(0.947248615126,0.155329038676));
#312 = CARTESIAN_POINT('',(0.948128032731,0.205847815491));
#313 = CARTESIAN_POINT('',(0.948699605905,0.25653515203));
#314 = CARTESIAN_POINT('',(0.948999321626,0.307368438312));
#315 = CARTESIAN_POINT('',(0.949041884502,0.358322638161));
#316 = CARTESIAN_POINT('',(0.948829316999,0.409370977037));
#317 = CARTESIAN_POINT('',(0.948349778986,0.46048494604));
#318 = CARTESIAN_POINT('',(0.947577261199,0.511634405595));
#319 = CARTESIAN_POINT('',(0.945901962429,0.588180992322));
#320 = CARTESIAN_POINT('',(0.945260659108,0.613576364904));
#321 = CARTESIAN_POINT('',(0.944527186494,0.638969479311));
#322 = CARTESIAN_POINT('',(0.943693227296,0.664356804167));
#323 = CARTESIAN_POINT('',(0.942748226793,0.68973505801));
#324 = CARTESIAN_POINT('',(0.94167883683,0.715101214848));
#325 = CARTESIAN_POINT('',(0.940467722497,0.740452518343));
#326 = CARTESIAN_POINT('',(0.937708549334,0.791229388692));
#327 = CARTESIAN_POINT('',(0.936159002697,0.816655730835));
#328 = CARTESIAN_POINT('',(0.934418428514,0.842062412948));
#329 = CARTESIAN_POINT('',(0.932455797027,0.867447466446));
#330 = CARTESIAN_POINT('',(0.930231611629,0.892810114454));
#331 = CARTESIAN_POINT('',(0.927690366456,0.918151202604));
#332 = CARTESIAN_POINT('',(0.924757305768,0.943473288316));
#333 = CARTESIAN_POINT('',(0.921004033584,0.97097661915));
#334 = CARTESIAN_POINT('',(0.920700715141,0.973170507804));
#335 = CARTESIAN_POINT('',(0.920393398961,0.975364305445));
#336 = CARTESIAN_POINT('',(0.920081997818,0.977558016612));
#337 = CARTESIAN_POINT('',(0.919766420979,0.979751646106));
#338 = CARTESIAN_POINT('',(0.919446574206,0.981945198985));
#339 = CARTESIAN_POINT('',(0.919122359754,0.984138680569));
#340 = CARTESIAN_POINT('',(0.91879367637,0.986332096434));
#341 = ( GEOMETRIC_REPRESENTATION_CONTEXT(2) 
PARAMETRIC_REPRESENTATION_CONTEXT() REPRESENTATION_CONTEXT('2D SPACE',''
  ) );
#342 = PCURVE('',#343,#348);
#343 = PLANE('',#344);
#344 = AXIS2_PLACEMENT_3D('',#345,#346,#347);
#345 = CARTESIAN_POINT('',(-1.025580099405E-15,-3.5,1.398015239264E-15)
  );
#346 = DIRECTION('',(0.,-1.,0.));
#347 = DIRECTION('',(1.,0.,0.));
#348 = DEFINITIONAL_REPRESENTATION('',(#349),#380);
#349 = B_SPLINE_CURVE_WITH_KNOTS('',8,(#350,#351,#352,#353,#354,#355,
    #356,#357,#358,#359,#360,#361,#362,#363,#364,#365,#366,#367,#368,
    #369,#370,#371,#372,#373,#374,#375,#376,#377,#378,#379),
  .UNSPECIFIED.,.F.,.F.,(9,7,7,7,9),(0.,0.490624962689,0.734186955569,
    0.978795675461,1.),.UNSPECIFIED.);
#350 = CARTESIAN_POINT('',(16.,-4.634379810484));
#351 = CARTESIAN_POINT('',(14.737968059255,-11.99853266748));
#352 = CARTESIAN_POINT('',(13.628819168774,-19.38919777426));
#353 = CARTESIAN_POINT('',(12.678407025782,-26.80310193095));
#354 = CARTESIAN_POINT('',(11.890489257917,-34.23661350294));
#355 = CARTESIAN_POINT('',(11.267591516001,-41.68584182968));
#356 = CARTESIAN_POINT('',(10.810910608478,-49.14663721336));
#357 = CARTESIAN_POINT('',(10.520383589177,-56.61460547559));
#358 = CARTESIAN_POINT('',(10.330943861577,-67.7936058));
#359 = CARTESIAN_POINT('',(10.308497161777,-71.50288187651));
#360 = CARTESIAN_POINT('',(10.32617992404,-75.21231874746));
#361 = CARTESIAN_POINT('',(10.383595358644,-78.92140037851));
#362 = CARTESIAN_POINT('',(10.480186719586,-82.62964686638));
#363 = CARTESIAN_POINT('',(10.615208949754,-86.33661529256));
#364 = CARTESIAN_POINT('',(10.78765280657,-90.0419018405));
#365 = CARTESIAN_POINT('',(11.205382557968,-97.46430686395));
#366 = CARTESIAN_POINT('',(11.45098476993,-101.1815428738));
#367 = CARTESIAN_POINT('',(11.731414514968,-104.8963962956));
#368 = CARTESIAN_POINT('',(12.044724996804,-108.6085779167));
#369 = CARTESIAN_POINT('',(12.388426429468,-112.317972559));
#370 = CARTESIAN_POINT('',(12.758871414749,-116.0247023438));
#371 = CARTESIAN_POINT('',(13.151121209478,-119.7291399242));
#372 = CARTESIAN_POINT('',(13.590974714887,-123.7532070439));
#373 = CARTESIAN_POINT('',(13.626156550395,-124.0742029243));
#374 = CARTESIAN_POINT('',(13.661426397751,-124.395189149));
#375 = CARTESIAN_POINT('',(13.696777954751,-124.7161663818));
#376 = CARTESIAN_POINT('',(13.73220463487,-125.0371353245));
#377 = CARTESIAN_POINT('',(13.767699567252,-125.3580967169));
#378 = CARTESIAN_POINT('',(13.80325559672,-125.6790513368));
#379 = CARTESIAN_POINT('',(13.838865283767,-126.));
#380 = ( GEOMETRIC_REPRESENTATION_CONTEXT(2) 
PARAMETRIC_REPRESENTATION_CONTEXT() REPRESENTATION_CONTEXT('2D SPACE',''
  ) );
#381 = ORIENTED_EDGE('',*,*,#382,.T.);
#382 = EDGE_CURVE('',#274,#383,#385,.T.);
#383 = VERTEX_POINT('',#384);
#384 = CARTESIAN_POINT('',(14.55675508463,-2.543712618145E-15,
    -116.6408494491));
#385 = SURFACE_CURVE('',#386,(#401,#419),.PCURVE_S1.);
#386 = B_SPLINE_CURVE_WITH_KNOTS('',7,(#387,#388,#389,#390,#391,#392,
    #393,#394,#395,#396,#397,#398,#399,#400),.UNSPECIFIED.,.F.,.F.,(8,6,
    8),(0.,0.618539018174,1.),.UNSPECIFIED.);
#387 = CARTESIAN_POINT('',(13.10043892231,-3.5000006,-119.1857770516));
#388 = CARTESIAN_POINT('',(13.329257746918,-3.259238826033,
    -118.8594435232));
#389 = CARTESIAN_POINT('',(13.540168964585,-3.007438373945,
    -118.5384752045));
#390 = CARTESIAN_POINT('',(13.733533191799,-2.743052837041,
    -118.2250215972));
#391 = CARTESIAN_POINT('',(13.908606292906,-2.464713230843,
    -117.9230864412));
#392 = CARTESIAN_POINT('',(14.063948344599,-2.171200974258,
    -117.6388420832));
#393 = CARTESIAN_POINT('',(14.197809431208,-1.861275434707,
    -117.3812035023));
#394 = CARTESIAN_POINT('',(14.375018040817,-1.330962275364,
    -117.0272085751));
#395 = CARTESIAN_POINT('',(14.433381567384,-1.121819470931,
    -116.9069049714));
#396 = CARTESIAN_POINT('',(14.481646549416,-0.90609286901,
    -116.8045992127));
#397 = CARTESIAN_POINT('',(14.518855165091,-0.6844763274,-116.7239304441
    ));
#398 = CARTESIAN_POINT('',(14.5441249671,-0.458168947042,-116.6685336908
    ));
#399 = CARTESIAN_POINT('',(14.556755084631,-0.229059363746,
    -116.6408494491));
#400 = CARTESIAN_POINT('',(14.556755084631,-5.462297281156E-14,
    -116.6408494491));
#401 = PCURVE('',#32,#402);
#402 = DEFINITIONAL_REPRESENTATION('',(#403),#418);
#403 = B_SPLINE_CURVE_WITH_KNOTS('',7,(#404,#405,#406,#407,#408,#409,
    #410,#411,#412,#413,#414,#415,#416,#417),.UNSPECIFIED.,.F.,.F.,(8,6,
    8),(0.,0.618539018174,1.),.UNSPECIFIED.);
#404 = CARTESIAN_POINT('',(0.924983499835,0.939757644738));
#405 = CARTESIAN_POINT('',(0.930825937158,0.937526955274));
#406 = CARTESIAN_POINT('',(0.93674707832,0.935332913894));
#407 = CARTESIAN_POINT('',(0.942786634576,0.933190215302));
#408 = CARTESIAN_POINT('',(0.948975610144,0.93112623015));
#409 = CARTESIAN_POINT('',(0.955342462136,0.929183155018));
#410 = CARTESIAN_POINT('',(0.961919344625,0.927421938635));
#411 = CARTESIAN_POINT('',(0.972973137916,0.92500201429));
#412 = CARTESIAN_POINT('',(0.977288058094,0.924179609225));
#413 = CARTESIAN_POINT('',(0.981699386131,0.923480235456));
#414 = CARTESIAN_POINT('',(0.986198467421,0.922928772432));
#415 = CARTESIAN_POINT('',(0.990769267223,0.922550071728));
#416 = CARTESIAN_POINT('',(0.995385139324,0.922360818009));
#417 = CARTESIAN_POINT('',(1.,0.922360818009));
#418 = ( GEOMETRIC_REPRESENTATION_CONTEXT(2) 
PARAMETRIC_REPRESENTATION_CONTEXT() REPRESENTATION_CONTEXT('2D SPACE',''
  ) );
#419 = PCURVE('',#420,#425);
#420 = CYLINDRICAL_SURFACE('',#421,16.);
#421 = AXIS2_PLACEMENT_3D('',#422,#423,#424);
#422 = CARTESIAN_POINT('',(0.,3.5,-110.));
#423 = DIRECTION('',(-0.,1.,-0.));
#424 = DIRECTION('',(1.,0.,0.));
#425 = DEFINITIONAL_REPRESENTATION('',(#426),#441);
#426 = B_SPLINE_CURVE_WITH_KNOTS('',7,(#427,#428,#429,#430,#431,#432,
    #433,#434,#435,#436,#437,#438,#439,#440),.UNSPECIFIED.,.F.,.F.,(8,6,
    8),(0.,0.618539018174,1.),.UNSPECIFIED.);
#427 = CARTESIAN_POINT('',(-5.671667257775,-7.0000006));
#428 = CARTESIAN_POINT('',(-5.696577379513,-6.759238826033));
#429 = CARTESIAN_POINT('',(-5.720570369737,-6.507438373945));
#430 = CARTESIAN_POINT('',(-5.743574523379,-6.243052837041));
#431 = CARTESIAN_POINT('',(-5.765374763297,-5.964713230843));
#432 = CARTESIAN_POINT('',(-5.78561260837,-5.671200974258));
#433 = CARTESIAN_POINT('',(-5.803756714493,-5.361275434707));
#434 = CARTESIAN_POINT('',(-5.828498766547,-4.830962275364));
#435 = CARTESIAN_POINT('',(-5.836855207827,-4.621819470931));
#436 = CARTESIAN_POINT('',(-5.843924594996,-4.40609286901));
#437 = CARTESIAN_POINT('',(-5.84947680928,-4.1844763274));
#438 = CARTESIAN_POINT('',(-5.85328232684,-3.958168947042));
#439 = CARTESIAN_POINT('',(-5.855184150691,-3.729059363746));
#440 = CARTESIAN_POINT('',(-5.855184150691,-3.5));
#441 = ( GEOMETRIC_REPRESENTATION_CONTEXT(2) 
PARAMETRIC_REPRESENTATION_CONTEXT() REPRESENTATION_CONTEXT('2D SPACE',''
  ) );
#442 = ORIENTED_EDGE('',*,*,#443,.T.);
#443 = EDGE_CURVE('',#383,#444,#446,.T.);
#444 = VERTEX_POINT('',#445);
#445 = CARTESIAN_POINT('',(16.2368,0.,-128.));
#446 = SEAM_CURVE('',#447,(#451,#458),.PCURVE_S1.);
#447 = B_SPLINE_CURVE_WITH_KNOTS('',2,(#448,#449,#450),.UNSPECIFIED.,.F.
  ,.F.,(3,3),(0.,1.),.PIECEWISE_BEZIER_KNOTS.);
#448 = CARTESIAN_POINT('',(21.9008,8.646711388483E-15,18.));
#449 = CARTESIAN_POINT('',(4.268118574399,-2.185414294444E-15,
    -54.83361587483));
#450 = CARTESIAN_POINT('',(16.2368,-2.683319591813E-15,-128.));
#451 = PCURVE('',#32,#452);
#452 = DEFINITIONAL_REPRESENTATION('',(#453),#457);
#453 = LINE('',#454,#455);
#454 = CARTESIAN_POINT('',(1.,0.));
#455 = VECTOR('',#456,1.);
#456 = DIRECTION('',(0.,1.));
#457 = ( GEOMETRIC_REPRESENTATION_CONTEXT(2) 
PARAMETRIC_REPRESENTATION_CONTEXT() REPRESENTATION_CONTEXT('2D SPACE',''
  ) );
#458 = PCURVE('',#32,#459);
#459 = DEFINITIONAL_REPRESENTATION('',(#460),#464);
#460 = LINE('',#461,#462);
#461 = CARTESIAN_POINT('',(0.,0.));
#462 = VECTOR('',#463,1.);
#463 = DIRECTION('',(0.,1.));
#464 = ( GEOMETRIC_REPRESENTATION_CONTEXT(2) 
PARAMETRIC_REPRESENTATION_CONTEXT() REPRESENTATION_CONTEXT('2D SPACE',''
  ) );
#465 = ORIENTED_EDGE('',*,*,#466,.F.);
#466 = EDGE_CURVE('',#444,#444,#467,.T.);
#467 = SURFACE_CURVE('',#468,(#484,#491),.PCURVE_S1.);
#468 = B_SPLINE_CURVE_WITH_KNOTS('',14,(#469,#470,#471,#472,#473,#474,
    #475,#476,#477,#478,#479,#480,#481,#482,#483),.UNSPECIFIED.,.T.,.F.,
  (15,15),(0.,1.),.PIECEWISE_BEZIER_KNOTS.);
#469 = CARTESIAN_POINT('',(16.2368,-2.683319591813E-15,-128.));
#470 = CARTESIAN_POINT('',(16.236800000003,3.141592653591,-128.));
#471 = CARTESIAN_POINT('',(12.714804900067,6.283186466815,-128.));
#472 = CARTESIAN_POINT('',(5.670810197712,8.629735426006,-128.));
#473 = CARTESIAN_POINT('',(-3.841799229397,9.386283170795,-128.));
#474 = CARTESIAN_POINT('',(-13.71645344282,8.042838027052,-128.));
#475 = CARTESIAN_POINT('',(-21.25464830149,4.661196716876,-128.));
#476 = CARTESIAN_POINT('',(-24.09262824574,6.620854704855E-11,-128.));
#477 = CARTESIAN_POINT('',(-21.25464830149,-4.661196716997,-128.));
#478 = CARTESIAN_POINT('',(-13.71645344283,-8.042838026958,-128.));
#479 = CARTESIAN_POINT('',(-3.841799229395,-9.386283170854,-128.));
#480 = CARTESIAN_POINT('',(5.670810197711,-8.629735425976,-128.));
#481 = CARTESIAN_POINT('',(12.714804900068,-6.283186466826,-128.));
#482 = CARTESIAN_POINT('',(16.236800000003,-3.141592653589,-128.));
#483 = CARTESIAN_POINT('',(16.2368,-2.683319656332E-15,-128.));
#484 = PCURVE('',#32,#485);
#485 = DEFINITIONAL_REPRESENTATION('',(#486),#490);
#486 = LINE('',#487,#488);
#487 = CARTESIAN_POINT('',(0.,1.));
#488 = VECTOR('',#489,1.);
#489 = DIRECTION('',(1.,0.));
#490 = ( GEOMETRIC_REPRESENTATION_CONTEXT(2) 
PARAMETRIC_REPRESENTATION_CONTEXT() REPRESENTATION_CONTEXT('2D SPACE',''
  ) );
#491 = PCURVE('',#492,#497);
#492 = PLANE('',#493);
#493 = AXIS2_PLACEMENT_3D('',#494,#495,#496);
#494 = CARTESIAN_POINT('',(16.2368,-2.683319591813E-15,-128.));
#495 = DIRECTION('',(0.,0.,-1.));
#496 = DIRECTION('',(-1.,9.630619339619E-17,0.));
#497 = DEFINITIONAL_REPRESENTATION('',(#498),#514);
#498 = B_SPLINE_CURVE_WITH_KNOTS('',14,(#499,#500,#501,#502,#503,#504,
    #505,#506,#507,#508,#509,#510,#511,#512,#513),.UNSPECIFIED.,.T.,.F.,
  (15,15),(0.,1.),.PIECEWISE_BEZIER_KNOTS.);
#499 = CARTESIAN_POINT('',(0.,0.));
#500 = CARTESIAN_POINT('',(-2.72462883681E-12,3.141592653591));
#501 = CARTESIAN_POINT('',(3.521995099933,6.283186466815));
#502 = CARTESIAN_POINT('',(10.565989802288,8.629735426006));
#503 = CARTESIAN_POINT('',(20.078599229397,9.386283170795));
#504 = CARTESIAN_POINT('',(29.953253442829,8.042838027052));
#505 = CARTESIAN_POINT('',(37.491448301494,4.661196716876));
#506 = CARTESIAN_POINT('',(40.329428245741,6.620734639443E-11));
#507 = CARTESIAN_POINT('',(37.491448301492,-4.661196716997));
#508 = CARTESIAN_POINT('',(29.953253442832,-8.042838026958));
#509 = CARTESIAN_POINT('',(20.078599229395,-9.386283170854));
#510 = CARTESIAN_POINT('',(10.565989802289,-8.629735425976));
#511 = CARTESIAN_POINT('',(3.521995099932,-6.283186466826));
#512 = CARTESIAN_POINT('',(-2.526281980457E-12,-3.141592653589));
#513 = CARTESIAN_POINT('',(1.06581410364E-14,-6.451900964386E-23));
#514 = ( GEOMETRIC_REPRESENTATION_CONTEXT(2) 
PARAMETRIC_REPRESENTATION_CONTEXT() REPRESENTATION_CONTEXT('2D SPACE',''
  ) );
#515 = ORIENTED_EDGE('',*,*,#443,.F.);
#516 = ORIENTED_EDGE('',*,*,#517,.T.);
#517 = EDGE_CURVE('',#383,#518,#520,.T.);
#518 = VERTEX_POINT('',#519);
#519 = CARTESIAN_POINT('',(13.100439492547,3.5,-119.1857762384));
#520 = SURFACE_CURVE('',#521,(#536,#554),.PCURVE_S1.);
#521 = B_SPLINE_CURVE_WITH_KNOTS('',7,(#522,#523,#524,#525,#526,#527,
    #528,#529,#530,#531,#532,#533,#534,#535),.UNSPECIFIED.,.F.,.F.,(8,6,
    8),(0.,0.386354944955,1.),.UNSPECIFIED.);
#522 = CARTESIAN_POINT('',(14.55675508463,5.106572520642E-15,
    -116.6408494491));
#523 = CARTESIAN_POINT('',(14.556755084631,0.231999702191,
    -116.6408494491));
#524 = CARTESIAN_POINT('',(14.543798621658,0.464045449704,-116.669248933
    ));
#525 = CARTESIAN_POINT('',(14.51787691615,0.693175568743,-116.7260752508
    ));
#526 = CARTESIAN_POINT('',(14.479727897383,0.917443494841,-116.808757761
    ));
#527 = CARTESIAN_POINT('',(14.43027280428,1.135625195662,-116.9134917865
    ));
#528 = CARTESIAN_POINT('',(14.370507156798,1.347024765609,
    -117.0365000175));
#529 = CARTESIAN_POINT('',(14.191427724518,1.875994184446,
    -117.3934728057));
#530 = CARTESIAN_POINT('',(14.05778358855,2.182812224529,-117.6501109662
    ));
#531 = CARTESIAN_POINT('',(13.903058269515,2.473514865245,-117.93264512)
  );
#532 = CARTESIAN_POINT('',(13.728944194687,2.749320855121,
    -118.2324569207));
#533 = CARTESIAN_POINT('',(13.536831081976,3.01142329564,-118.5435546976
    ));
#534 = CARTESIAN_POINT('',(13.32744019322,3.261151244967,-118.8620356557
    ));
#535 = CARTESIAN_POINT('',(13.10043892231,3.5000006,-119.1857770516));
#536 = PCURVE('',#32,#537);
#537 = DEFINITIONAL_REPRESENTATION('',(#538),#553);
#538 = B_SPLINE_CURVE_WITH_KNOTS('',7,(#539,#540,#541,#542,#543,#544,
    #545,#546,#547,#548,#549,#550,#551,#552),.UNSPECIFIED.,.F.,.F.,(8,6,
    8),(0.,0.386354944955,1.),.UNSPECIFIED.);
#539 = CARTESIAN_POINT('',(0.,0.922360818009));
#540 = CARTESIAN_POINT('',(4.674099695798E-03,0.922360818009));
#541 = CARTESIAN_POINT('',(9.349126668437E-03,0.922554961233));
#542 = CARTESIAN_POINT('',(1.397724041997E-02,0.92294343466));
#543 = CARTESIAN_POINT('',(1.853106947929E-02,0.923508663874));
#544 = CARTESIAN_POINT('',(2.299430445257E-02,0.924224637437));
#545 = CARTESIAN_POINT('',(2.735834840081E-02,0.925065531326));
#546 = CARTESIAN_POINT('',(3.839312035898E-02,0.927505811531));
#547 = CARTESIAN_POINT('',(4.490951136151E-02,0.929260188323));
#548 = CARTESIAN_POINT('',(5.122016815324E-02,0.931191571887));
#549 = CARTESIAN_POINT('',(5.735658167831E-02,0.933241041503));
#550 = CARTESIAN_POINT('',(6.334662821966E-02,0.935367635757));
#551 = CARTESIAN_POINT('',(6.922047049082E-02,0.937544674086));
#552 = CARTESIAN_POINT('',(7.501650016493E-02,0.939757644738));
#553 = ( GEOMETRIC_REPRESENTATION_CONTEXT(2) 
PARAMETRIC_REPRESENTATION_CONTEXT() REPRESENTATION_CONTEXT('2D SPACE',''
  ) );
#554 = PCURVE('',#420,#555);
#555 = DEFINITIONAL_REPRESENTATION('',(#556),#571);
#556 = B_SPLINE_CURVE_WITH_KNOTS('',7,(#557,#558,#559,#560,#561,#562,
    #563,#564,#565,#566,#567,#568,#569,#570),.UNSPECIFIED.,.F.,.F.,(8,6,
    8),(0.,0.386354944955,1.),.UNSPECIFIED.);
#557 = CARTESIAN_POINT('',(-5.855184150691,-3.5));
#558 = CARTESIAN_POINT('',(-5.855184150691,-3.268000297809));
#559 = CARTESIAN_POINT('',(-5.853233191106,-3.035954550296));
#560 = CARTESIAN_POINT('',(-5.849329472893,-2.806824431257));
#561 = CARTESIAN_POINT('',(-5.843638361075,-2.582556505159));
#562 = CARTESIAN_POINT('',(-5.836400020668,-2.364374804338));
#563 = CARTESIAN_POINT('',(-5.827853283142,-2.152975234391));
#564 = CARTESIAN_POINT('',(-5.802892453316,-1.624005815554));
#565 = CARTESIAN_POINT('',(-5.784810089827,-1.317187775471));
#566 = CARTESIAN_POINT('',(-5.764684437234,-1.026485134755));
#567 = CARTESIAN_POINT('',(-5.743028767408,-0.750679144879));
#568 = CARTESIAN_POINT('',(-5.720190665271,-0.48857670436));
#569 = CARTESIAN_POINT('',(-5.696379513432,-0.238848755033));
#570 = CARTESIAN_POINT('',(-5.671667257775,5.999999999062E-07));
#571 = ( GEOMETRIC_REPRESENTATION_CONTEXT(2) 
PARAMETRIC_REPRESENTATION_CONTEXT() REPRESENTATION_CONTEXT('2D SPACE',''
  ) );
#572 = ORIENTED_EDGE('',*,*,#573,.F.);
#573 = EDGE_CURVE('',#574,#518,#576,.T.);
#574 = VERTEX_POINT('',#575);
#575 = CARTESIAN_POINT('',(16.,3.5,-4.634379810484));
#576 = SURFACE_CURVE('',#577,(#608,#642),.PCURVE_S1.);
#577 = B_SPLINE_CURVE_WITH_KNOTS('',8,(#578,#579,#580,#581,#582,#583,
    #584,#585,#586,#587,#588,#589,#590,#591,#592,#593,#594,#595,#596,
    #597,#598,#599,#600,#601,#602,#603,#604,#605,#606,#607),
  .UNSPECIFIED.,.F.,.F.,(9,7,7,7,9),(0.,0.490624962688,0.73418695557,
    0.978795675464,1.),.UNSPECIFIED.);
#578 = CARTESIAN_POINT('',(16.,3.5,-4.634379810484));
#579 = CARTESIAN_POINT('',(14.737968059233,3.5,-11.99853266761));
#580 = CARTESIAN_POINT('',(13.628819168813,3.5,-19.38919777396));
#581 = CARTESIAN_POINT('',(12.67840702567,3.5,-26.80310193195));
#582 = CARTESIAN_POINT('',(11.890489257995,3.5,-34.23661350198));
#583 = CARTESIAN_POINT('',(11.267591515923,3.5,-41.68584183085));
#584 = CARTESIAN_POINT('',(10.81091060848,3.5,-49.14663721318));
#585 = CARTESIAN_POINT('',(10.520383589162,3.5,-56.61460547603));
#586 = CARTESIAN_POINT('',(10.330943861574,3.5,-67.79360580037));
#587 = CARTESIAN_POINT('',(10.308497161777,3.5,-71.50288187688));
#588 = CARTESIAN_POINT('',(10.326179924044,3.5,-75.21231874783));
#589 = CARTESIAN_POINT('',(10.383595358652,3.5,-78.92140037888));
#590 = CARTESIAN_POINT('',(10.480186719598,3.5,-82.62964686676));
#591 = CARTESIAN_POINT('',(10.615208949768,3.5,-86.33661529293));
#592 = CARTESIAN_POINT('',(10.787652806588,3.5,-90.04190184088));
#593 = CARTESIAN_POINT('',(11.205382557992,3.5,-97.46430686432));
#594 = CARTESIAN_POINT('',(11.450984769956,3.5,-101.1815428741));
#595 = CARTESIAN_POINT('',(11.731414514999,3.5,-104.896396296));
#596 = CARTESIAN_POINT('',(12.044724996837,3.5,-108.6085779171));
#597 = CARTESIAN_POINT('',(12.388426429503,3.5,-112.3179725594));
#598 = CARTESIAN_POINT('',(12.758871414787,3.5,-116.0247023442));
#599 = CARTESIAN_POINT('',(13.151121209518,3.5,-119.7291399246));
#600 = CARTESIAN_POINT('',(13.590974714922,3.5,-123.7532070442));
#601 = CARTESIAN_POINT('',(13.626156550426,3.5,-124.0742029246));
#602 = CARTESIAN_POINT('',(13.661426397776,3.5,-124.3951891492));
#603 = CARTESIAN_POINT('',(13.696777954772,3.5,-124.716166382));
#604 = CARTESIAN_POINT('',(13.732204634885,3.5,-125.0371353247));
#605 = CARTESIAN_POINT('',(13.767699567262,3.5,-125.358096717));
#606 = CARTESIAN_POINT('',(13.803255596725,3.5,-125.6790513368));
#607 = CARTESIAN_POINT('',(13.838865283767,3.5,-126.));
#608 = PCURVE('',#32,#609);
#609 = DEFINITIONAL_REPRESENTATION('',(#610),#641);
#610 = B_SPLINE_CURVE_WITH_KNOTS('',8,(#611,#612,#613,#614,#615,#616,
    #617,#618,#619,#620,#621,#622,#623,#624,#625,#626,#627,#628,#629,
    #630,#631,#632,#633,#634,#635,#636,#637,#638,#639,#640),
  .UNSPECIFIED.,.F.,.F.,(9,7,7,7,9),(0.,0.490624962688,0.73418695557,
    0.978795675464,1.),.UNSPECIFIED.);
#611 = CARTESIAN_POINT('',(5.275138487367E-02,0.155329038676));
#612 = CARTESIAN_POINT('',(5.187196726919E-02,0.205847815492));
#613 = CARTESIAN_POINT('',(5.130039409528E-02,0.256535152028));
#614 = CARTESIAN_POINT('',(5.100067837358E-02,0.307368438318));
#615 = CARTESIAN_POINT('',(5.095811549805E-02,0.358322638156));
#616 = CARTESIAN_POINT('',(5.117068300068E-02,0.409370977045));
#617 = CARTESIAN_POINT('',(5.165022101393E-02,0.460484946039));
#618 = CARTESIAN_POINT('',(5.242273880057E-02,0.511634405598));
#619 = CARTESIAN_POINT('',(5.409803757132E-02,0.588180992325));
#620 = CARTESIAN_POINT('',(5.473934089172E-02,0.613576364907));
#621 = CARTESIAN_POINT('',(5.54728135064E-02,0.638969479313));
#622 = CARTESIAN_POINT('',(5.63067727042E-02,0.664356804169));
#623 = CARTESIAN_POINT('',(5.725177320725E-02,0.689735058012));
#624 = CARTESIAN_POINT('',(5.832116316981E-02,0.715101214851));
#625 = CARTESIAN_POINT('',(5.953227750273E-02,0.740452518345));
#626 = CARTESIAN_POINT('',(6.229145066617E-02,0.791229388694));
#627 = CARTESIAN_POINT('',(6.384099730342E-02,0.816655730837));
#628 = CARTESIAN_POINT('',(6.558157148647E-02,0.842062412951));
#629 = CARTESIAN_POINT('',(6.754420297329E-02,0.867447466449));
#630 = CARTESIAN_POINT('',(6.976838837079E-02,0.892810114456));
#631 = CARTESIAN_POINT('',(7.230963354443E-02,0.918151202607));
#632 = CARTESIAN_POINT('',(7.524269423202E-02,0.943473288319));
#633 = CARTESIAN_POINT('',(7.899596641645E-02,0.970976619152));
#634 = CARTESIAN_POINT('',(7.929928485905E-02,0.973170507806));
#635 = CARTESIAN_POINT('',(7.960660103919E-02,0.975364305446));
#636 = CARTESIAN_POINT('',(7.991800218246E-02,0.977558016613));
#637 = CARTESIAN_POINT('',(8.023357902107E-02,0.979751646107));
#638 = CARTESIAN_POINT('',(8.055342579385E-02,0.981945198986));
#639 = CARTESIAN_POINT('',(8.087764024626E-02,0.984138680569));
#640 = CARTESIAN_POINT('',(8.120632363036E-02,0.986332096434));
#641 = ( GEOMETRIC_REPRESENTATION_CONTEXT(2) 
PARAMETRIC_REPRESENTATION_CONTEXT() REPRESENTATION_CONTEXT('2D SPACE',''
  ) );
#642 = PCURVE('',#643,#648);
#643 = PLANE('',#644);
#644 = AXIS2_PLACEMENT_3D('',#645,#646,#647);
#645 = CARTESIAN_POINT('',(-1.025580099405E-15,3.5,1.398015239264E-15));
#646 = DIRECTION('',(0.,-1.,0.));
#647 = DIRECTION('',(1.,0.,0.));
#648 = DEFINITIONAL_REPRESENTATION('',(#649),#680);
#649 = B_SPLINE_CURVE_WITH_KNOTS('',8,(#650,#651,#652,#653,#654,#655,
    #656,#657,#658,#659,#660,#661,#662,#663,#664,#665,#666,#667,#668,
    #669,#670,#671,#672,#673,#674,#675,#676,#677,#678,#679),
  .UNSPECIFIED.,.F.,.F.,(9,7,7,7,9),(0.,0.490624962688,0.73418695557,
    0.978795675464,1.),.UNSPECIFIED.);
#650 = CARTESIAN_POINT('',(16.,-4.634379810484));
#651 = CARTESIAN_POINT('',(14.737968059233,-11.99853266761));
#652 = CARTESIAN_POINT('',(13.628819168813,-19.38919777396));
#653 = CARTESIAN_POINT('',(12.67840702567,-26.80310193195));
#654 = CARTESIAN_POINT('',(11.890489257995,-34.23661350198));
#655 = CARTESIAN_POINT('',(11.267591515923,-41.68584183085));
#656 = CARTESIAN_POINT('',(10.81091060848,-49.14663721318));
#657 = CARTESIAN_POINT('',(10.520383589162,-56.61460547603));
#658 = CARTESIAN_POINT('',(10.330943861575,-67.79360580037));
#659 = CARTESIAN_POINT('',(10.308497161777,-71.50288187688));
#660 = CARTESIAN_POINT('',(10.326179924044,-75.21231874783));
#661 = CARTESIAN_POINT('',(10.383595358652,-78.92140037888));
#662 = CARTESIAN_POINT('',(10.480186719598,-82.62964686676));
#663 = CARTESIAN_POINT('',(10.615208949768,-86.33661529293));
#664 = CARTESIAN_POINT('',(10.787652806588,-90.04190184088));
#665 = CARTESIAN_POINT('',(11.205382557992,-97.46430686432));
#666 = CARTESIAN_POINT('',(11.450984769956,-101.1815428741));
#667 = CARTESIAN_POINT('',(11.731414514999,-104.896396296));
#668 = CARTESIAN_POINT('',(12.044724996837,-108.6085779171));
#669 = CARTESIAN_POINT('',(12.388426429503,-112.3179725594));
#670 = CARTESIAN_POINT('',(12.758871414787,-116.0247023442));
#671 = CARTESIAN_POINT('',(13.151121209518,-119.7291399246));
#672 = CARTESIAN_POINT('',(13.590974714922,-123.7532070442));
#673 = CARTESIAN_POINT('',(13.626156550426,-124.0742029246));
#674 = CARTESIAN_POINT('',(13.661426397776,-124.3951891492));
#675 = CARTESIAN_POINT('',(13.696777954772,-124.716166382));
#676 = CARTESIAN_POINT('',(13.732204634885,-125.0371353247));
#677 = CARTESIAN_POINT('',(13.767699567262,-125.358096717));
#678 = CARTESIAN_POINT('',(13.803255596725,-125.6790513368));
#679 = CARTESIAN_POINT('',(13.838865283767,-126.));
#680 = ( GEOMETRIC_REPRESENTATION_CONTEXT(2) 
PARAMETRIC_REPRESENTATION_CONTEXT() REPRESENTATION_CONTEXT('2D SPACE',''
  ) );
#681 = ORIENTED_EDGE('',*,*,#682,.T.);
#682 = EDGE_CURVE('',#574,#24,#683,.T.);
#683 = SURFACE_CURVE('',#684,(#722,#763),.PCURVE_S1.);
#684 = B_SPLINE_CURVE_WITH_KNOTS('',8,(#685,#686,#687,#688,#689,#690,
    #691,#692,#693,#694,#695,#696,#697,#698,#699,#700,#701,#702,#703,
    #704,#705,#706,#707,#708,#709,#710,#711,#712,#713,#714,#715,#716,
    #717,#718,#719,#720,#721),.UNSPECIFIED.,.F.,.F.,(9,7,7,7,7,9),(0.,
    0.237653534327,0.48664713484,0.629145398633,0.826213764848,1.),
  .UNSPECIFIED.);
#685 = CARTESIAN_POINT('',(16.,3.5,-4.634379810484));
#686 = CARTESIAN_POINT('',(16.,3.436084519613,-4.883726138996));
#687 = CARTESIAN_POINT('',(16.,3.370794064967,-5.132717586226));
#688 = CARTESIAN_POINT('',(16.,3.304042006159,-5.381325521199));
#689 = CARTESIAN_POINT('',(16.,3.235729768921,-5.629513777184));
#690 = CARTESIAN_POINT('',(16.,3.165745281645,-5.877238228853));
#691 = CARTESIAN_POINT('',(16.,3.093958689358,-6.124445586783));
#692 = CARTESIAN_POINT('',(16.,3.020215334633,-6.371071409266));
#693 = CARTESIAN_POINT('',(16.,2.864815480309,-6.874739960398));
#694 = CARTESIAN_POINT('',(16.,2.782956375601,-7.131695502139));
#695 = CARTESIAN_POINT('',(16.,2.698524401114,-7.387833504858));
#696 = CARTESIAN_POINT('',(16.,2.611261212209,-7.643045925222));
#697 = CARTESIAN_POINT('',(16.,2.520852853595,-7.897178946473));
#698 = CARTESIAN_POINT('',(16.,2.426917986032,-8.150028865364));
#699 = CARTESIAN_POINT('',(16.,2.328967419819,-8.401327653406));
#700 = CARTESIAN_POINT('',(16.,2.167538218557,-8.79342099045));
#701 = CARTESIAN_POINT('',(16.,2.107227582604,-8.935484063681));
#702 = CARTESIAN_POINT('',(16.,2.045254840766,-9.076843393592));
#703 = CARTESIAN_POINT('',(16.,1.981471032876,-9.217412840138));
#704 = CARTESIAN_POINT('',(16.,1.915687968933,-9.357069747246));
#705 = CARTESIAN_POINT('',(16.,1.847678229096,-9.495654942816));
#706 = CARTESIAN_POINT('',(16.,1.77717516369,-9.632972738723));
#707 = CARTESIAN_POINT('',(16.,1.602499316426,-9.956621073475));
#708 = CARTESIAN_POINT('',(16.,1.500831024394,-10.13212820705));
#709 = CARTESIAN_POINT('',(16.,1.398900867312,-10.29515445185));
#710 = CARTESIAN_POINT('',(16.,1.296740645372,-10.44555743747));
#711 = CARTESIAN_POINT('',(16.,1.1943822112,-10.58321124784));
#712 = CARTESIAN_POINT('',(16.,1.091858572303,-10.70800736632));
#713 = CARTESIAN_POINT('',(16.,0.989204993517,-10.81985562069));
#714 = CARTESIAN_POINT('',(16.,0.795853734455,-11.00583868005));
#715 = CARTESIAN_POINT('',(16.,0.699960168776,-11.0878857907));
#716 = CARTESIAN_POINT('',(16.,0.597902137267,-11.16359283409));
#717 = CARTESIAN_POINT('',(16.,0.489214343463,-11.23061675932));
#718 = CARTESIAN_POINT('',(16.,0.373898115244,-11.28567934096));
#719 = CARTESIAN_POINT('',(16.,0.252582416431,-11.32499945606));
#720 = CARTESIAN_POINT('',(16.,0.126756372968,-11.34491463749));
#721 = CARTESIAN_POINT('',(16.,1.15463194561E-14,-11.34491463748));
#722 = PCURVE('',#32,#723);
#723 = DEFINITIONAL_REPRESENTATION('',(#724),#762);
#724 = B_SPLINE_CURVE_WITH_KNOTS('',8,(#725,#726,#727,#728,#729,#730,
    #731,#732,#733,#734,#735,#736,#737,#738,#739,#740,#741,#742,#743,
    #744,#745,#746,#747,#748,#749,#750,#751,#752,#753,#754,#755,#756,
    #757,#758,#759,#760,#761),.UNSPECIFIED.,.F.,.F.,(9,7,7,7,7,9),(0.,
    0.237653534327,0.48664713484,0.629145398633,0.826213764848,1.),
  .UNSPECIFIED.);
#725 = CARTESIAN_POINT('',(5.275138487367E-02,0.155329038676));
#726 = CARTESIAN_POINT('',(5.172138718853E-02,0.157039577792));
#727 = CARTESIAN_POINT('',(5.067413377342E-02,0.158747667122));
#728 = CARTESIAN_POINT('',(4.96083746276E-02,0.160453110332));
#729 = CARTESIAN_POINT('',(4.852268926129E-02,0.1621556594));
#730 = CARTESIAN_POINT('',(4.741546401089E-02,0.163855011722));
#731 = CARTESIAN_POINT('',(4.628482973897E-02,0.165550801846));
#732 = CARTESIAN_POINT('',(4.512855991917E-02,0.167242587838));
#733 = CARTESIAN_POINT('',(4.270277150044E-02,0.170697586626));
#734 = CARTESIAN_POINT('',(4.143059217649E-02,0.172460199898));
#735 = CARTESIAN_POINT('',(4.012415196849E-02,0.174217188987));
#736 = CARTESIAN_POINT('',(3.877972924851E-02,0.175967812939));
#737 = CARTESIAN_POINT('',(3.739280489447E-02,0.177711016859));
#738 = CARTESIAN_POINT('',(3.595788989318E-02,0.179445403717));
#739 = CARTESIAN_POINT('',(3.446793573531E-02,0.181169135333));
#740 = CARTESIAN_POINT('',(3.202274995994E-02,0.183858593971));
#741 = CARTESIAN_POINT('',(3.111128409556E-02,0.184833032369));
#742 = CARTESIAN_POINT('',(3.017678804225E-02,0.1858026387));
#743 = CARTESIAN_POINT('',(2.921711177389E-02,0.186766822198));
#744 = CARTESIAN_POINT('',(2.822953736247E-02,0.187724741657));
#745 = CARTESIAN_POINT('',(2.7210778978E-02,0.188675305431));
#746 = CARTESIAN_POINT('',(2.615698288861E-02,0.189617171429));
#747 = CARTESIAN_POINT('',(2.355180685636E-02,0.191837072291));
#748 = CARTESIAN_POINT('',(2.203987893886E-02,0.193040865397));
#749 = CARTESIAN_POINT('',(2.05280646596E-02,0.194159045537));
#750 = CARTESIAN_POINT('',(1.901647209043E-02,0.195190638037));
#751 = CARTESIAN_POINT('',(1.750521264597E-02,0.196134780927));
#752 = CARTESIAN_POINT('',(1.599441730602E-02,0.196990731402));
#753 = CARTESIAN_POINT('',(1.4484252838E-02,0.197757872297));
#754 = CARTESIAN_POINT('',(1.164393728602E-02,0.199033482413));
#755 = CARTESIAN_POINT('',(1.023697194452E-02,0.199596220644));
#756 = CARTESIAN_POINT('',(8.74125840961E-03,0.200115472493));
#757 = CARTESIAN_POINT('',(7.1500755398E-03,0.200575168092));
#758 = CARTESIAN_POINT('',(5.46343444791E-03,0.200952823671));
#759 = CARTESIAN_POINT('',(3.690338899734E-03,0.201222506656));
#760 = CARTESIAN_POINT('',(1.851965757269E-03,0.201359097957));
#761 = CARTESIAN_POINT('',(0.,0.201359097957));
#762 = ( GEOMETRIC_REPRESENTATION_CONTEXT(2) 
PARAMETRIC_REPRESENTATION_CONTEXT() REPRESENTATION_CONTEXT('2D SPACE',''
  ) );
#763 = PCURVE('',#227,#764);
#764 = DEFINITIONAL_REPRESENTATION('',(#765),#803);
#765 = B_SPLINE_CURVE_WITH_KNOTS('',8,(#766,#767,#768,#769,#770,#771,
    #772,#773,#774,#775,#776,#777,#778,#779,#780,#781,#782,#783,#784,
    #785,#786,#787,#788,#789,#790,#791,#792,#793,#794,#795,#796,#797,
    #798,#799,#800,#801,#802),.UNSPECIFIED.,.F.,.F.,(9,7,7,7,7,9),(0.,
    0.237653534327,0.48664713484,0.629145398633,0.826213764848,1.),
  .UNSPECIFIED.);
#766 = CARTESIAN_POINT('',(105.36562018951,0.));
#767 = CARTESIAN_POINT('',(105.116273861,-6.391548038672E-02));
#768 = CARTESIAN_POINT('',(104.86728241377,-0.129205935033));
#769 = CARTESIAN_POINT('',(104.6186744788,-0.195957993841));
#770 = CARTESIAN_POINT('',(104.37048622281,-0.264270231079));
#771 = CARTESIAN_POINT('',(104.12276177114,-0.334254718355));
#772 = CARTESIAN_POINT('',(103.87555441321,-0.406041310642));
#773 = CARTESIAN_POINT('',(103.62892859073,-0.479784665367));
#774 = CARTESIAN_POINT('',(103.1252600396,-0.635184519691));
#775 = CARTESIAN_POINT('',(102.86830449786,-0.717043624399));
#776 = CARTESIAN_POINT('',(102.61216649514,-0.801475598886));
#777 = CARTESIAN_POINT('',(102.35695407477,-0.888738787791));
#778 = CARTESIAN_POINT('',(102.10282105352,-0.979147146405));
#779 = CARTESIAN_POINT('',(101.84997113463,-1.073082013968));
#780 = CARTESIAN_POINT('',(101.59867234659,-1.171032580181));
#781 = CARTESIAN_POINT('',(101.20657900955,-1.332461781443));
#782 = CARTESIAN_POINT('',(101.06451593631,-1.392772417396));
#783 = CARTESIAN_POINT('',(100.9231566064,-1.454745159234));
#784 = CARTESIAN_POINT('',(100.78258715986,-1.518528967124));
#785 = CARTESIAN_POINT('',(100.64293025275,-1.584312031067));
#786 = CARTESIAN_POINT('',(100.50434505718,-1.652321770904));
#787 = CARTESIAN_POINT('',(100.36702726127,-1.72282483631));
#788 = CARTESIAN_POINT('',(100.04337892652,-1.897500683574));
#789 = CARTESIAN_POINT('',(99.867871792948,-1.999168975606));
#790 = CARTESIAN_POINT('',(99.704845548147,-2.101099132688));
#791 = CARTESIAN_POINT('',(99.554442562528,-2.203259354628));
#792 = CARTESIAN_POINT('',(99.416788752153,-2.3056177888));
#793 = CARTESIAN_POINT('',(99.29199263368,-2.408141427697));
#794 = CARTESIAN_POINT('',(99.180144379301,-2.510795006483));
#795 = CARTESIAN_POINT('',(98.994161319945,-2.704146265545));
#796 = CARTESIAN_POINT('',(98.912114209291,-2.800039831224));
#797 = CARTESIAN_POINT('',(98.836407165902,-2.902097862733));
#798 = CARTESIAN_POINT('',(98.769383240678,-3.010785656537));
#799 = CARTESIAN_POINT('',(98.714320659039,-3.126101884756));
#800 = CARTESIAN_POINT('',(98.67500054394,-3.247417583569));
#801 = CARTESIAN_POINT('',(98.65508536251,-3.373243627032));
#802 = CARTESIAN_POINT('',(98.655085362511,-3.5));
#803 = ( GEOMETRIC_REPRESENTATION_CONTEXT(2) 
PARAMETRIC_REPRESENTATION_CONTEXT() REPRESENTATION_CONTEXT('2D SPACE',''
  ) );
#804 = FACE_BOUND('',#805,.F.);
#805 = EDGE_LOOP('',(#806));
#806 = ORIENTED_EDGE('',*,*,#807,.F.);
#807 = EDGE_CURVE('',#808,#808,#810,.T.);
#808 = VERTEX_POINT('',#809);
#809 = CARTESIAN_POINT('',(6.,9.596811899849,-3.600496465819E-15));
#810 = SURFACE_CURVE('',#811,(#884,#1001),.PCURVE_S1.);
#811 = B_SPLINE_CURVE_WITH_KNOTS('',8,(#812,#813,#814,#815,#816,#817,
    #818,#819,#820,#821,#822,#823,#824,#825,#826,#827,#828,#829,#830,
    #831,#832,#833,#834,#835,#836,#837,#838,#839,#840,#841,#842,#843,
    #844,#845,#846,#847,#848,#849,#850,#851,#852,#853,#854,#855,#856,
    #857,#858,#859,#860,#861,#862,#863,#864,#865,#866,#867,#868,#869,
    #870,#871,#872,#873,#874,#875,#876,#877,#878,#879,#880,#881,#882,
    #883),.UNSPECIFIED.,.T.,.F.,(9,7,7,7,7,7,7,7,7,7,9),(0.,1.,
    2.34828204631,3.461583674543,4.57486616792,5.436093909622,
    6.674530366544,7.581122982558,8.466814115724,9.77212141288,
    11.005270707076),.UNSPECIFIED.);
#812 = CARTESIAN_POINT('',(6.,9.596811899849,-3.858248442664E-15));
#813 = CARTESIAN_POINT('',(6.,9.603445047577,0.430545698883));
#814 = CARTESIAN_POINT('',(5.964691240928,9.618288417592,0.860867092989)
  );
#815 = CARTESIAN_POINT('',(5.894139799062,9.640865466403,1.287118509007)
  );
#816 = CARTESIAN_POINT('',(5.789007593403,9.670351209712,1.705786730958)
  );
#817 = CARTESIAN_POINT('',(5.65034105337,9.705691270601,2.113630749319)
  );
#818 = CARTESIAN_POINT('',(5.479483114648,9.745715775089,2.507645936074)
  );
#819 = CARTESIAN_POINT('',(5.278048163712,9.789233287486,2.885046002689)
  );
#820 = CARTESIAN_POINT('',(4.737594309775,9.896917730337,3.726224338426)
  );
#821 = CARTESIAN_POINT('',(4.374874415156,9.963041213223,4.174646494792)
  );
#822 = CARTESIAN_POINT('',(3.964090689636,10.03066193953,4.582268666885)
  );
#823 = CARTESIAN_POINT('',(3.510295516316,10.09711505248,4.943565356943)
  );
#824 = CARTESIAN_POINT('',(3.019160746914,10.160137626965,5.253563819466
    ));
#825 = CARTESIAN_POINT('',(2.497067622179,10.217971820594,5.507967583346
    ));
#826 = CARTESIAN_POINT('',(1.951132032073,10.269410091194,5.703190729081
    ));
#827 = CARTESIAN_POINT('',(0.925758337044,10.350486525966,5.947286749378
    ));
#828 = CARTESIAN_POINT('',(0.451085958726,10.382379675796,6.015789745626
    ));
#829 = CARTESIAN_POINT('',(-2.975255669578E-02,10.409116733146,
    6.04096534077));
#830 = CARTESIAN_POINT('',(-0.511996800319,10.43063551522,6.022164608937
    ));
#831 = CARTESIAN_POINT('',(-0.990901772092,10.447153799093,
    5.959372236523));
#832 = CARTESIAN_POINT('',(-1.461743571214,10.459131869815,
    5.853159190394));
#833 = CARTESIAN_POINT('',(-1.919834581904,10.467226708395,
    5.704739564194));
#834 = CARTESIAN_POINT('',(-2.801293420099,10.477229785236,
    5.327529032463));
#835 = CARTESIAN_POINT('',(-3.224953186157,10.479141156292,
    5.098614708173));
#836 = CARTESIAN_POINT('',(-3.62703123834,10.47874748712,4.831267240036)
  );
#837 = CARTESIAN_POINT('',(-4.003482848236,10.476966330209,
    4.527922527162));
#838 = CARTESIAN_POINT('',(-4.350648102339,10.474768698679,
    4.191460508248));
#839 = CARTESIAN_POINT('',(-4.665226622963,10.473098364005,
    3.825160619957));
#840 = CARTESIAN_POINT('',(-4.944313315156,10.472789459153,
    3.432727037796));
#841 = CARTESIAN_POINT('',(-5.372071753549,10.475792024655,
    2.697850519749));
#842 = CARTESIAN_POINT('',(-5.536027541435,10.478300081617,
    2.364097343961));
#843 = CARTESIAN_POINT('',(-5.676222717734,10.482304090584,
    2.019060872803));
#844 = CARTESIAN_POINT('',(-5.791761506822,10.488033938063,
    1.664748466161));
#845 = CARTESIAN_POINT('',(-5.881960523599,10.49563127629,1.303225400458
    ));
#846 = CARTESIAN_POINT('',(-5.946337293606,10.505136282096,0.93660845326
    ));
#847 = CARTESIAN_POINT('',(-5.984618912633,10.516481762851,
    0.567065815144));
#848 = CARTESIAN_POINT('',(-6.01424519824,10.548206946401,
    -0.335581482055));
#849 = CARTESIAN_POINT('',(-5.977694578295,10.570374656034,
    -0.869648330997));
#850 = CARTESIAN_POINT('',(-5.886945754273,10.595488182049,
    -1.398735086248));
#851 = CARTESIAN_POINT('',(-5.742865608569,10.622604449219,
    -1.916532974433));
#852 = CARTESIAN_POINT('',(-5.547099169259,10.650399757244,
    -2.417021981169));
#853 = CARTESIAN_POINT('',(-5.30198036063,10.677279554113,
    -2.894438949676));
#854 = CARTESIAN_POINT('',(-5.010594979164,10.701531784706,
    -3.343290635115));
#855 = CARTESIAN_POINT('',(-4.432750480648,10.736135859047,-4.0623553665
    ));
#856 = CARTESIAN_POINT('',(-4.165796819266,10.748476965575,
    -4.348328329606));
#857 = CARTESIAN_POINT('',(-3.877691454449,10.75788361244,-4.61429391928
    ));
#858 = CARTESIAN_POINT('',(-3.57022069739,10.763730409313,
    -4.858401057656));
#859 = CARTESIAN_POINT('',(-3.245361508657,10.765451273803,
    -5.078993067839));
#860 = CARTESIAN_POINT('',(-2.905282198166,10.762574702914,
    -5.274613176105));
#861 = CARTESIAN_POINT('',(-2.552362449866,10.754759835114,
    -5.444038979935));
#862 = CARTESIAN_POINT('',(-1.834474845468,10.729204791981,
    -5.725371899698));
#863 = CARTESIAN_POINT('',(-1.469845502753,10.711693143411,
    -5.838564702422));
#864 = CARTESIAN_POINT('',(-1.097817093666,10.689131985566,
    -5.925021919695));
#865 = CARTESIAN_POINT('',(-0.720846157434,10.66150110418,
    -5.984221888282));
#866 = CARTESIAN_POINT('',(-0.34135758749,10.628931326008,
    -6.015947632375));
#867 = CARTESIAN_POINT('',(3.82648911715E-02,10.591703768884,
    -6.020241805359));
#868 = CARTESIAN_POINT('',(0.415682032949,10.550243458272,
    -5.997392593003));
#869 = CARTESIAN_POINT('',(1.338186798209,10.438586893622,
    -5.875084292695));
#870 = CARTESIAN_POINT('',(1.87799370012,10.364082792422,-5.744457625545
    ));
#871 = CARTESIAN_POINT('',(2.401338888568,10.283296693102,
    -5.557745382942));
#872 = CARTESIAN_POINT('',(2.902135786439,10.198438364506,
    -5.317378382143));
#873 = CARTESIAN_POINT('',(3.374758015632,10.112116543633,
    -5.026300041816));
#874 = CARTESIAN_POINT('',(3.813950812589,10.027196807563,
    -4.687880121465));
#875 = CARTESIAN_POINT('',(4.214775237732,9.946604176557,-4.305932643014
    ));
#876 = CARTESIAN_POINT('',(4.910596094101,9.80355841931,-3.486918651299)
  );
#877 = CARTESIAN_POINT('',(5.210612028339,9.74026790688,-3.053603236879)
  );
#878 = CARTESIAN_POINT('',(5.467796621892,9.685641331988,-2.589224218212
    ));
#879 = CARTESIAN_POINT('',(5.67818635804,9.641876621756,-2.098822752334)
  );
#880 = CARTESIAN_POINT('',(5.838492479492,9.61067284638,-1.588030235367)
  );
#881 = CARTESIAN_POINT('',(5.94626253944,9.592933631275,-1.063138115617)
  );
#882 = CARTESIAN_POINT('',(6.,9.588628796403,-0.531150539105));
#883 = CARTESIAN_POINT('',(6.,9.596811899849,-3.552713678801E-15));
#884 = PCURVE('',#32,#885);
#885 = DEFINITIONAL_REPRESENTATION('',(#886),#1000);
#886 = B_SPLINE_CURVE_WITH_KNOTS('',3,(#887,#888,#889,#890,#891,#892,
    #893,#894,#895,#896,#897,#898,#899,#900,#901,#902,#903,#904,#905,
    #906,#907,#908,#909,#910,#911,#912,#913,#914,#915,#916,#917,#918,
    #919,#920,#921,#922,#923,#924,#925,#926,#927,#928,#929,#930,#931,
    #932,#933,#934,#935,#936,#937,#938,#939,#940,#941,#942,#943,#944,
    #945,#946,#947,#948,#949,#950,#951,#952,#953,#954,#955,#956,#957,
    #958,#959,#960,#961,#962,#963,#964,#965,#966,#967,#968,#969,#970,
    #971,#972,#973,#974,#975,#976,#977,#978,#979,#980,#981,#982,#983,
    #984,#985,#986,#987,#988,#989,#990,#991,#992,#993,#994,#995,#996,
    #997,#998,#999),.UNSPECIFIED.,.T.,.F.,(4,1,1,1,1,1,1,1,1,1,1,1,1,1,1
    ,1,1,1,1,1,1,1,1,1,1,1,1,1,1,1,1,1,1,1,1,1,1,1,1,1,1,1,1,1,1,1,1,1,1
    ,1,1,1,1,1,1,1,1,1,1,1,1,1,1,1,1,1,1,1,1,1,1,1,1,1,1,1,1,1,1,1,1,1,1
    ,1,1,1,1,1,1,1,1,1,1,1,1,1,1,1,1,1,1,1,1,1,1,1,1,1,1,1,4),(0.,
    0.100047915519,0.200095831038,0.300143746557,0.400191662075,
    0.500239577594,0.600287493113,0.700335408632,0.800383324151,
    0.90043123967,1.000479155189,1.100527070708,1.200574986226,
    1.300622901745,1.400670817264,1.500718732783,1.600766648302,
    1.700814563821,1.80086247934,1.900910394859,2.000958310377,
    2.101006225896,2.201054141415,2.301102056934,2.401149972453,
    2.501197887972,2.601245803491,2.70129371901,2.801341634528,
    2.901389550047,3.001437465566,3.101485381085,3.201533296604,
    3.301581212123,3.401629127642,3.501677043161,3.601724958679,
    3.701772874198,3.801820789717,3.901868705236,4.001916620755,
    4.101964536274,4.202012451793,4.302060367312,4.40210828283,
    4.502156198349,4.602204113868,4.702252029387,4.802299944906,
    4.902347860425,5.002395775944,5.102443691463,5.202491606981,
    5.3025395225,5.402587438019,5.502635353538,5.602683269057,
    5.702731184576,5.802779100095,5.902827015614,6.002874931132,
    6.102922846651,6.20297076217,6.303018677689,6.403066593208,
    6.503114508727,6.603162424246,6.703210339765,6.803258255283,
    6.903306170802,7.003354086321,7.10340200184,7.203449917359,
    7.303497832878,7.403545748397,7.503593663916,7.603641579434,
    7.703689494953,7.803737410472,7.903785325991,8.00383324151,
    8.103881157029,8.203929072548,8.303976988067,8.404024903585,
    8.504072819104,8.604120734623,8.704168650142,8.804216565661,
    8.90426448118,9.004312396699,9.104360312218,9.204408227736,
    9.304456143255,9.404504058774,9.504551974293,9.604599889812,
    9.704647805331,9.80469572085,9.904743636369,10.004791551887,
    10.104839467406,10.204887382925,10.304935298444,10.404983213963,
    10.505031129482,10.605079045001,10.70512696052,10.805174876038,
    10.905222791557,11.005270707076),.QUASI_UNIFORM_KNOTS.);
#887 = CARTESIAN_POINT('',(0.179011949855,0.123534452376));
#888 = CARTESIAN_POINT('',(0.179172153355,0.12274630884));
#889 = CARTESIAN_POINT('',(0.179548384465,0.121170413161));
#890 = CARTESIAN_POINT('',(0.180275718426,0.118816045818));
#891 = CARTESIAN_POINT('',(0.181161853387,0.116479589738));
#892 = CARTESIAN_POINT('',(0.182201557441,0.11416901419));
#893 = CARTESIAN_POINT('',(0.183389069405,0.111892008928));
#894 = CARTESIAN_POINT('',(0.184718098454,0.109655957665));
#895 = CARTESIAN_POINT('',(0.186181949956,0.107467960662));
#896 = CARTESIAN_POINT('',(0.187773585729,0.10533485777));
#897 = CARTESIAN_POINT('',(0.189485746612,0.103263185713));
#898 = CARTESIAN_POINT('',(0.191310822644,0.101259384285));
#899 = CARTESIAN_POINT('',(0.193241608166,9.932905999768E-02));
#900 = CARTESIAN_POINT('',(0.195271037135,9.747753297358E-02));
#901 = CARTESIAN_POINT('',(0.197391473184,9.571044970168E-02));
#902 = CARTESIAN_POINT('',(0.199595412333,9.403307482773E-02));
#903 = CARTESIAN_POINT('',(0.201875314502,9.245048782643E-02));
#904 = CARTESIAN_POINT('',(0.204223659921,9.096753188733E-02));
#905 = CARTESIAN_POINT('',(0.206632937482,8.958882452407E-02));
#906 = CARTESIAN_POINT('',(0.209095644124,8.831874731106E-02));
#907 = CARTESIAN_POINT('',(0.211604274696,8.716143690789E-02));
#908 = CARTESIAN_POINT('',(0.214151307611,8.612077112602E-02));
#909 = CARTESIAN_POINT('',(0.216729187069,8.520035117132E-02));
#910 = CARTESIAN_POINT('',(0.219330294147,8.440347859784E-02));
#911 = CARTESIAN_POINT('',(0.221946936726,8.373312703548E-02));
#912 = CARTESIAN_POINT('',(0.224571245143,8.319190375546E-02));
#913 = CARTESIAN_POINT('',(0.22719602702,8.278189866353E-02));
#914 = CARTESIAN_POINT('',(0.229813030099,8.250496509566E-02));
#915 = CARTESIAN_POINT('',(0.232414394243,8.236236649904E-02));
#916 = CARTESIAN_POINT('',(0.234992379902,8.235486964158E-02));
#917 = CARTESIAN_POINT('',(0.237539404985,8.248274422287E-02));
#918 = CARTESIAN_POINT('',(0.240048003018,8.274577822448E-02));
#919 = CARTESIAN_POINT('',(0.242510804738,8.314327855962E-02));
#920 = CARTESIAN_POINT('',(0.24492052463,8.36740693505E-02));
#921 = CARTESIAN_POINT('',(0.247269927213,8.433646887156E-02));
#922 = CARTESIAN_POINT('',(0.249551895082,8.512830859598E-02));
#923 = CARTESIAN_POINT('',(0.251759138644,8.604675948331E-02));
#924 = CARTESIAN_POINT('',(0.253885718775,8.708904454073E-02));
#925 = CARTESIAN_POINT('',(0.255924999074,8.825166500869E-02));
#926 = CARTESIAN_POINT('',(0.257870660708,8.953072481422E-02));
#927 = CARTESIAN_POINT('',(0.259716657625,9.092197166659E-02));
#928 = CARTESIAN_POINT('',(0.26145720792,9.242080786734E-02));
#929 = CARTESIAN_POINT('',(0.263086786801,9.402230311332E-02));
#930 = CARTESIAN_POINT('',(0.264600129361,9.572119905237E-02));
#931 = CARTESIAN_POINT('',(0.265992243108,9.751191431346E-02));
#932 = CARTESIAN_POINT('',(0.267258420411,9.938852539521E-02));
#933 = CARTESIAN_POINT('',(0.26839428812,0.10134481317));
#934 = CARTESIAN_POINT('',(0.269395752979,0.103374040586));
#935 = CARTESIAN_POINT('',(0.270259426734,0.105469836836));
#936 = CARTESIAN_POINT('',(0.270982091105,0.107625163842));
#937 = CARTESIAN_POINT('',(0.27156101696,0.109832753884));
#938 = CARTESIAN_POINT('',(0.271993993701,0.112085239438));
#939 = CARTESIAN_POINT('',(0.272279318523,0.114375127366));
#940 = CARTESIAN_POINT('',(0.27241580391,0.116694811215));
#941 = CARTESIAN_POINT('',(0.272402788476,0.119036573851));
#942 = CARTESIAN_POINT('',(0.272240150577,0.12139257774));
#943 = CARTESIAN_POINT('',(0.271928340587,0.123754901347));
#944 = CARTESIAN_POINT('',(0.271468250019,0.126116110958));
#945 = CARTESIAN_POINT('',(0.27086136665,0.128468204973));
#946 = CARTESIAN_POINT('',(0.270109666643,0.130803480599));
#947 = CARTESIAN_POINT('',(0.26921559298,0.133114343479));
#948 = CARTESIAN_POINT('',(0.268182022112,0.1353933527));
#949 = CARTESIAN_POINT('',(0.267012240341,0.137633204137));
#950 = CARTESIAN_POINT('',(0.26570992412,0.139826732372));
#951 = CARTESIAN_POINT('',(0.264279127808,0.14196690852));
#952 = CARTESIAN_POINT('',(0.262724272413,0.144046845584));
#953 = CARTESIAN_POINT('',(0.26105015961,0.146059788737));
#954 = CARTESIAN_POINT('',(0.259261922197,0.1479991705));
#955 = CARTESIAN_POINT('',(0.257365244002,0.149858434727));
#956 = CARTESIAN_POINT('',(0.255365464277,0.151631869924));
#957 = CARTESIAN_POINT('',(0.253268799547,0.153313400049));
#958 = CARTESIAN_POINT('',(0.251081810465,0.154897250735));
#959 = CARTESIAN_POINT('',(0.248811296972,0.156378013041));
#960 = CARTESIAN_POINT('',(0.246464330567,0.157750627123));
#961 = CARTESIAN_POINT('',(0.244048253065,0.159010398318));
#962 = CARTESIAN_POINT('',(0.241570715282,0.16015300709));
#963 = CARTESIAN_POINT('',(0.239039633189,0.161174554555));
#964 = CARTESIAN_POINT('',(0.236463478277,0.162071515232));
#965 = CARTESIAN_POINT('',(0.233850247239,0.162841104296));
#966 = CARTESIAN_POINT('',(0.231208649621,0.16348085953));
#967 = CARTESIAN_POINT('',(0.228547455401,0.163988922153));
#968 = CARTESIAN_POINT('',(0.225875312443,0.164364036419));
#969 = CARTESIAN_POINT('',(0.223200816498,0.164605496397));
#970 = CARTESIAN_POINT('',(0.220532511523,0.164713117913));
#971 = CARTESIAN_POINT('',(0.21787891676,0.164687216043));
#972 = CARTESIAN_POINT('',(0.215248514531,0.164528588669));
#973 = CARTESIAN_POINT('',(0.212649863889,0.164238523626));
#974 = CARTESIAN_POINT('',(0.210091204974,0.16381875256));
#975 = CARTESIAN_POINT('',(0.207580065168,0.163271260765));
#976 = CARTESIAN_POINT('',(0.205123968142,0.162598303402));
#977 = CARTESIAN_POINT('',(0.202730324666,0.16180237599));
#978 = CARTESIAN_POINT('',(0.200406483432,0.160886198521));
#979 = CARTESIAN_POINT('',(0.198159732706,0.15985270056));
#980 = CARTESIAN_POINT('',(0.195997308769,0.158705010599));
#981 = CARTESIAN_POINT('',(0.19392639555,0.157446447884));
#982 = CARTESIAN_POINT('',(0.191954121076,0.15608051921));
#983 = CARTESIAN_POINT('',(0.190087543266,0.154610911106));
#984 = CARTESIAN_POINT('',(0.188333649022,0.153041511865));
#985 = CARTESIAN_POINT('',(0.186699278432,0.151376333804));
#986 = CARTESIAN_POINT('',(0.18519130341,0.149619818395));
#987 = CARTESIAN_POINT('',(0.183815559156,0.147775381212));
#988 = CARTESIAN_POINT('',(0.182579348652,0.1458487006));
#989 = CARTESIAN_POINT('',(0.181489280382,0.1438457543));
#990 = CARTESIAN_POINT('',(0.180551342013,0.141772840501));
#991 = CARTESIAN_POINT('',(0.179770821016,0.1396365728));
#992 = CARTESIAN_POINT('',(0.179152254842,0.13744388625));
#993 = CARTESIAN_POINT('',(0.178699365696,0.135202043676));
#994 = CARTESIAN_POINT('',(0.17841498907,0.132918646478));
#995 = CARTESIAN_POINT('',(0.178301012004,0.130601643002));
#996 = CARTESIAN_POINT('',(0.178358251039,0.128259358139));
#997 = CARTESIAN_POINT('',(0.178586531929,0.125900457631));
#998 = CARTESIAN_POINT('',(0.178851500835,0.124322933723));
#999 = CARTESIAN_POINT('',(0.179011949855,0.123534452376));
#1000 = ( GEOMETRIC_REPRESENTATION_CONTEXT(2) 
PARAMETRIC_REPRESENTATION_CONTEXT() REPRESENTATION_CONTEXT('2D SPACE',''
  ) );
#1001 = PCURVE('',#1002,#1007);
#1002 = CYLINDRICAL_SURFACE('',#1003,6.);
#1003 = AXIS2_PLACEMENT_3D('',#1004,#1005,#1006);
#1004 = CARTESIAN_POINT('',(0.,20.,-4.440892098501E-15));
#1005 = DIRECTION('',(0.,-1.,2.22044604925E-16));
#1006 = DIRECTION('',(1.,0.,0.));
#1007 = DEFINITIONAL_REPRESENTATION('',(#1008),#1122);
#1008 = B_SPLINE_CURVE_WITH_KNOTS('',3,(#1009,#1010,#1011,#1012,#1013,
    #1014,#1015,#1016,#1017,#1018,#1019,#1020,#1021,#1022,#1023,#1024,
    #1025,#1026,#1027,#1028,#1029,#1030,#1031,#1032,#1033,#1034,#1035,
    #1036,#1037,#1038,#1039,#1040,#1041,#1042,#1043,#1044,#1045,#1046,
    #1047,#1048,#1049,#1050,#1051,#1052,#1053,#1054,#1055,#1056,#1057,
    #1058,#1059,#1060,#1061,#1062,#1063,#1064,#1065,#1066,#1067,#1068,
    #1069,#1070,#1071,#1072,#1073,#1074,#1075,#1076,#1077,#1078,#1079,
    #1080,#1081,#1082,#1083,#1084,#1085,#1086,#1087,#1088,#1089,#1090,
    #1091,#1092,#1093,#1094,#1095,#1096,#1097,#1098,#1099,#1100,#1101,
    #1102,#1103,#1104,#1105,#1106,#1107,#1108,#1109,#1110,#1111,#1112,
    #1113,#1114,#1115,#1116,#1117,#1118,#1119,#1120,#1121),
  .UNSPECIFIED.,.F.,.F.,(4,1,1,1,1,1,1,1,1,1,1,1,1,1,1,1,1,1,1,1,1,1,1,1
    ,1,1,1,1,1,1,1,1,1,1,1,1,1,1,1,1,1,1,1,1,1,1,1,1,1,1,1,1,1,1,1,1,1,1
    ,1,1,1,1,1,1,1,1,1,1,1,1,1,1,1,1,1,1,1,1,1,1,1,1,1,1,1,1,1,1,1,1,1,1
    ,1,1,1,1,1,1,1,1,1,1,1,1,1,1,1,1,1,1,4),(0.,0.100047915519,
    0.200095831038,0.300143746557,0.400191662075,0.500239577594,
    0.600287493113,0.700335408632,0.800383324151,0.90043123967,
    1.000479155189,1.100527070708,1.200574986226,1.300622901745,
    1.400670817264,1.500718732783,1.600766648302,1.700814563821,
    1.80086247934,1.900910394859,2.000958310377,2.101006225896,
    2.201054141415,2.301102056934,2.401149972453,2.501197887972,
    2.601245803491,2.70129371901,2.801341634528,2.901389550047,
    3.001437465566,3.101485381085,3.201533296604,3.301581212123,
    3.401629127642,3.501677043161,3.601724958679,3.701772874198,
    3.801820789717,3.901868705236,4.001916620755,4.101964536274,
    4.202012451793,4.302060367312,4.40210828283,4.502156198349,
    4.602204113868,4.702252029387,4.802299944906,4.902347860425,
    5.002395775944,5.102443691463,5.202491606981,5.3025395225,
    5.402587438019,5.502635353538,5.602683269057,5.702731184576,
    5.802779100095,5.902827015614,6.002874931132,6.102922846651,
    6.20297076217,6.303018677689,6.403066593208,6.503114508727,
    6.603162424246,6.703210339765,6.803258255283,6.903306170802,
    7.003354086321,7.10340200184,7.203449917359,7.303497832878,
    7.403545748397,7.503593663916,7.603641579434,7.703689494953,
    7.803737410472,7.903785325991,8.00383324151,8.103881157029,
    8.203929072548,8.303976988067,8.404024903585,8.504072819104,
    8.604120734623,8.704168650142,8.804216565661,8.90426448118,
    9.004312396699,9.104360312218,9.204408227736,9.304456143255,
    9.404504058774,9.504551974293,9.604599889812,9.704647805331,
    9.80469572085,9.904743636369,10.004791551887,10.104839467406,
    10.204887382925,10.304935298444,10.404983213963,10.505031129482,
    10.605079045001,10.70512696052,10.805174876038,10.905222791557,
    11.005270707076),.QUASI_UNIFORM_KNOTS.);
#1009 = CARTESIAN_POINT('',(0.,10.403188100151));
#1010 = CARTESIAN_POINT('',(1.914509160924E-02,10.401422508188));
#1011 = CARTESIAN_POINT('',(5.742612237616E-02,10.396341517376));
#1012 = CARTESIAN_POINT('',(0.114805575334,10.384313379538));
#1013 = CARTESIAN_POINT('',(0.172126026551,10.368103882803));
#1014 = CARTESIAN_POINT('',(0.229378521963,10.347999486971));
#1015 = CARTESIAN_POINT('',(0.28655771651,10.324317084497));
#1016 = CARTESIAN_POINT('',(0.343661727248,10.297402940186));
#1017 = CARTESIAN_POINT('',(0.400691241212,10.267624015575));
#1018 = CARTESIAN_POINT('',(0.457648523217,10.235362143215));
#1019 = CARTESIAN_POINT('',(0.514538385413,10.201006838864));
#1020 = CARTESIAN_POINT('',(0.571361996878,10.164953493773));
#1021 = CARTESIAN_POINT('',(0.628137812277,10.127584548799));
#1022 = CARTESIAN_POINT('',(0.684888278465,10.089272073455));
#1023 = CARTESIAN_POINT('',(0.741620326489,10.050388096075));
#1024 = CARTESIAN_POINT('',(0.79834562771,10.011287921276));
#1025 = CARTESIAN_POINT('',(0.855074750251,9.972310893801));
#1026 = CARTESIAN_POINT('',(0.911818368426,9.933777016397));
#1027 = CARTESIAN_POINT('',(0.96858661036,9.895985150512));
#1028 = CARTESIAN_POINT('',(1.025388905438,9.85921121157));
#1029 = CARTESIAN_POINT('',(1.082233678551,9.823706733479));
#1030 = CARTESIAN_POINT('',(1.139128030689,9.789697658373));
#1031 = CARTESIAN_POINT('',(1.196077385462,9.757383335274));
#1032 = CARTESIAN_POINT('',(1.253084909311,9.726935735188));
#1033 = CARTESIAN_POINT('',(1.310151327401,9.698498683067));
#1034 = CARTESIAN_POINT('',(1.367272627372,9.672187727582));
#1035 = CARTESIAN_POINT('',(1.424458572209,9.648082126007));
#1036 = CARTESIAN_POINT('',(1.481694803861,9.626241290198));
#1037 = CARTESIAN_POINT('',(1.538974154879,9.606689863867));
#1038 = CARTESIAN_POINT('',(1.596290513951,9.589422024131));
#1039 = CARTESIAN_POINT('',(1.653639470141,9.574402307777));
#1040 = CARTESIAN_POINT('',(1.711017259625,9.561567429077));
#1041 = CARTESIAN_POINT('',(1.768420179763,9.550827917213));
#1042 = CARTESIAN_POINT('',(1.825844065137,9.542069903369));
#1043 = CARTESIAN_POINT('',(1.883283047003,9.535157018275));
#1044 = CARTESIAN_POINT('',(1.940730878282,9.529932336194));
#1045 = CARTESIAN_POINT('',(1.9981722453,9.526220769688));
#1046 = CARTESIAN_POINT('',(2.055622821035,9.52382988832));
#1047 = CARTESIAN_POINT('',(2.113076583771,9.52255645183));
#1048 = CARTESIAN_POINT('',(2.170530426107,9.522186886446));
#1049 = CARTESIAN_POINT('',(2.227983161373,9.522500678291));
#1050 = CARTESIAN_POINT('',(2.285434901397,9.523273471511));
#1051 = CARTESIAN_POINT('',(2.342886463738,9.524280268083));
#1052 = CARTESIAN_POINT('',(2.400338810018,9.525298624174));
#1053 = CARTESIAN_POINT('',(2.457792629022,9.526111866589));
#1054 = CARTESIAN_POINT('',(2.515247370384,9.526512340267));
#1055 = CARTESIAN_POINT('',(2.572702151128,9.526304619504));
#1056 = CARTESIAN_POINT('',(2.630149309926,9.525308941168));
#1057 = CARTESIAN_POINT('',(2.687598434019,9.523363809343));
#1058 = CARTESIAN_POINT('',(2.745046050855,9.520329155219));
#1059 = CARTESIAN_POINT('',(2.802488332893,9.516089143863));
#1060 = CARTESIAN_POINT('',(2.859923516789,9.510554322924));
#1061 = CARTESIAN_POINT('',(2.917350413549,9.503663575657));
#1062 = CARTESIAN_POINT('',(2.974768014771,9.495385665344));
#1063 = CARTESIAN_POINT('',(3.032174902369,9.485720425602));
#1064 = CARTESIAN_POINT('',(3.089568378224,9.474699591512));
#1065 = CARTESIAN_POINT('',(3.146944691258,9.462387237382));
#1066 = CARTESIAN_POINT('',(3.204312203283,9.448875946692));
#1067 = CARTESIAN_POINT('',(3.261665163146,9.43429180305));
#1068 = CARTESIAN_POINT('',(3.319004115829,9.418788782187));
#1069 = CARTESIAN_POINT('',(3.376330701249,9.402547703977));
#1070 = CARTESIAN_POINT('',(3.433648260866,9.385773837097));
#1071 = CARTESIAN_POINT('',(3.490960993447,9.368694513844));
#1072 = CARTESIAN_POINT('',(3.54827358211,9.351556404088));
#1073 = CARTESIAN_POINT('',(3.605590694652,9.334622567199));
#1074 = CARTESIAN_POINT('',(3.662916650331,9.318169229882));
#1075 = CARTESIAN_POINT('',(3.720254501067,9.302482451649));
#1076 = CARTESIAN_POINT('',(3.777607071742,9.287854155329));
#1077 = CARTESIAN_POINT('',(3.834970377459,9.274579523566));
#1078 = CARTESIAN_POINT('',(3.892359313741,9.262947407303));
#1079 = CARTESIAN_POINT('',(3.949769991846,9.253245325156));
#1080 = CARTESIAN_POINT('',(4.007197575395,9.245749982303));
#1081 = CARTESIAN_POINT('',(4.06463804944,9.240723077657));
#1082 = CARTESIAN_POINT('',(4.122086803375,9.238407518381));
#1083 = CARTESIAN_POINT('',(4.179538213924,9.239023518248));
#1084 = CARTESIAN_POINT('',(4.236984433457,9.24276458055));
#1085 = CARTESIAN_POINT('',(4.29441606214,9.249793886233));
#1086 = CARTESIAN_POINT('',(4.351815480384,9.260239003846));
#1087 = CARTESIAN_POINT('',(4.409179222946,9.274193245353));
#1088 = CARTESIAN_POINT('',(4.466490882089,9.29170888571));
#1089 = CARTESIAN_POINT('',(4.523735348002,9.31279662545));
#1090 = CARTESIAN_POINT('',(4.580901913352,9.337426705406));
#1091 = CARTESIAN_POINT('',(4.637982129204,9.365528587342));
#1092 = CARTESIAN_POINT('',(4.694969307734,9.396991353163));
#1093 = CARTESIAN_POINT('',(4.751857529213,9.431664079593));
#1094 = CARTESIAN_POINT('',(4.808641523729,9.469357008139));
#1095 = CARTESIAN_POINT('',(4.865313763032,9.509840974117));
#1096 = CARTESIAN_POINT('',(4.921872563039,9.552855050153));
#1097 = CARTESIAN_POINT('',(4.97833103999,9.598117895557));
#1098 = CARTESIAN_POINT('',(5.034701937642,9.645320047806));
#1099 = CARTESIAN_POINT('',(5.091000080655,9.694127987973));
#1100 = CARTESIAN_POINT('',(5.147241353739,9.744186030773));
#1101 = CARTESIAN_POINT('',(5.203442695833,9.795119025261));
#1102 = CARTESIAN_POINT('',(5.259621883578,9.846535080144));
#1103 = CARTESIAN_POINT('',(5.315797433582,9.898028555504));
#1104 = CARTESIAN_POINT('',(5.371988450247,9.949183223424));
#1105 = CARTESIAN_POINT('',(5.428214709207,9.999575829441));
#1106 = CARTESIAN_POINT('',(5.484495927779,10.048779308327));
#1107 = CARTESIAN_POINT('',(5.540854079867,10.096368491887));
#1108 = CARTESIAN_POINT('',(5.597304344605,10.141917788235));
#1109 = CARTESIAN_POINT('',(5.653899173223,10.185038549798));
#1110 = CARTESIAN_POINT('',(5.710626603828,10.225304554533));
#1111 = CARTESIAN_POINT('',(5.767478320707,10.262318611121));
#1112 = CARTESIAN_POINT('',(5.824446719979,10.295715722604));
#1113 = CARTESIAN_POINT('',(5.881524603331,10.325169554746));
#1114 = CARTESIAN_POINT('',(5.938704222605,10.350397790536));
#1115 = CARTESIAN_POINT('',(5.995976500663,10.371167304608));
#1116 = CARTESIAN_POINT('',(6.053330116981,10.387298985385));
#1117 = CARTESIAN_POINT('',(6.110750605363,10.398671206412));
#1118 = CARTESIAN_POINT('',(6.168218893409,10.405225461927));
#1119 = CARTESIAN_POINT('',(6.225711073938,10.406960555922));
#1120 = CARTESIAN_POINT('',(6.264031953435,10.404964069132));
#1121 = CARTESIAN_POINT('',(6.28318530718,10.403188100151));
#1122 = ( GEOMETRIC_REPRESENTATION_CONTEXT(2) 
PARAMETRIC_REPRESENTATION_CONTEXT() REPRESENTATION_CONTEXT('2D SPACE',''
  ) );
#1123 = FACE_BOUND('',#1124,.F.);
#1124 = EDGE_LOOP('',(#1125));
#1125 = ORIENTED_EDGE('',*,*,#1126,.F.);
#1126 = EDGE_CURVE('',#1127,#1127,#1129,.T.);
#1127 = VERTEX_POINT('',#1128);
#1128 = CARTESIAN_POINT('',(6.,-9.596811899849,6.613441478649E-16));
#1129 = SURFACE_CURVE('',#1130,(#1199,#1294),.PCURVE_S1.);
#1130 = B_SPLINE_CURVE_WITH_KNOTS('',7,(#1131,#1132,#1133,#1134,#1135,
    #1136,#1137,#1138,#1139,#1140,#1141,#1142,#1143,#1144,#1145,#1146,
    #1147,#1148,#1149,#1150,#1151,#1152,#1153,#1154,#1155,#1156,#1157,
    #1158,#1159,#1160,#1161,#1162,#1163,#1164,#1165,#1166,#1167,#1168,
    #1169,#1170,#1171,#1172,#1173,#1174,#1175,#1176,#1177,#1178,#1179,
    #1180,#1181,#1182,#1183,#1184,#1185,#1186,#1187,#1188,#1189,#1190,
    #1191,#1192,#1193,#1194,#1195,#1196,#1197,#1198),.UNSPECIFIED.,.T.,
  .F.,(8,6,6,6,6,6,6,6,6,6,6,8),(0.,0.233392038302,0.552109613702,
    0.816994433006,1.,1.177592189101,1.434076775479,1.648766228046,
    1.943041136415,2.145453745361,2.408136055944,2.64317054663),
  .UNSPECIFIED.);
#1131 = CARTESIAN_POINT('',(6.,-9.596811899849,-1.7763568394E-15));
#1132 = CARTESIAN_POINT('',(6.,-9.589444220598,-0.478222819945));
#1133 = CARTESIAN_POINT('',(5.955530782017,-9.592412503692,
    -0.957017649945));
#1134 = CARTESIAN_POINT('',(5.866403459279,-9.606444342704,
    -1.430379279043));
#1135 = CARTESIAN_POINT('',(5.733690482834,-9.631590329035,
    -1.892845975684));
#1136 = CARTESIAN_POINT('',(5.559240274238,-9.667172153097,
    -2.339413418524));
#1137 = CARTESIAN_POINT('',(5.345601105559,-9.711916581884,
    -2.765497792191));
#1138 = CARTESIAN_POINT('',(4.75539708351,-9.835492394131,
    -3.715219611773));
#1139 = CARTESIAN_POINT('',(4.347706361976,-9.920829042529,
    -4.217758768592));
#1140 = CARTESIAN_POINT('',(3.880403652559,-10.01615442337,
    -4.665713399516));
#1141 = CARTESIAN_POINT('',(3.361668872071,-10.11645839266,
    -5.05205276926));
#1142 = CARTESIAN_POINT('',(2.800112597603,-10.21671497696,
    -5.370777936351));
#1143 = CARTESIAN_POINT('',(2.205003302131,-10.31248113794,
    -5.616885296712));
#1144 = CARTESIAN_POINT('',(1.072270347067,-10.47310861986,
    -5.927429982054));
#1145 = CARTESIAN_POINT('',(0.54172680069,-10.5404847509,-6.015582472038
    ));
#1146 = CARTESIAN_POINT('',(1.34099551337E-03,-10.6001677341,
    -6.04841294446));
#1147 = CARTESIAN_POINT('',(-0.541965554634,-10.65050089935,
    -6.024475662778));
#1148 = CARTESIAN_POINT('',(-1.080944649868,-10.69049329558,
    -5.943375131907));
#1149 = CARTESIAN_POINT('',(-1.608008452903,-10.71988011884,
    -5.805879927862));
#1150 = CARTESIAN_POINT('',(-2.46586969218,-10.75240842474,
    -5.482680757079));
#1151 = CARTESIAN_POINT('',(-2.807119875457,-10.76086022076,
    -5.324961814664));
#1152 = CARTESIAN_POINT('',(-3.136611077521,-10.76461976973,
    -5.142416107976));
#1153 = CARTESIAN_POINT('',(-3.452078541313,-10.76400142684,
    -4.936179861889));
#1154 = CARTESIAN_POINT('',(-3.751447786211,-10.75944875695,
    -4.707624380491));
#1155 = CARTESIAN_POINT('',(-4.032824663629,-10.75149623369,
    -4.458333817715));
#1156 = CARTESIAN_POINT('',(-4.548458873989,-10.73028408413,
    -3.929854050372));
#1157 = CARTESIAN_POINT('',(-4.783906339843,-10.71718661655,
    -3.651723572552));
#1158 = CARTESIAN_POINT('',(-4.999331147883,-10.70197184452,
    -3.357347988838));
#1159 = CARTESIAN_POINT('',(-5.193437267816,-10.685214505,
    -3.048456821882));
#1160 = CARTESIAN_POINT('',(-5.365118731994,-10.66749257756,
    -2.726873996142));
#1161 = CARTESIAN_POINT('',(-5.513448871508,-10.64935450697,
    -2.394512021362));
#1162 = CARTESIAN_POINT('',(-5.817138168125,-10.60520511552,
    -1.560713438115));
#1163 = CARTESIAN_POINT('',(-5.946414173346,-10.57926612583,
    -1.049575081418));
#1164 = CARTESIAN_POINT('',(-6.023180396837,-10.55496582044,
    -0.526209158581));
#1165 = CARTESIAN_POINT('',(-6.046179539868,-10.53353493626,
    3.008500645068E-03));
#1166 = CARTESIAN_POINT('',(-6.015016303014,-10.51575806328,
    0.531578325561));
#1167 = CARTESIAN_POINT('',(-5.930218859982,-10.50190162867,
    1.052890801697));
#1168 = CARTESIAN_POINT('',(-5.679218442029,-10.48326325874,
    1.984920318548));
#1169 = CARTESIAN_POINT('',(-5.528491359371,-10.47736745397,
    2.399971007544));
#1170 = CARTESIAN_POINT('',(-5.342403853827,-10.47394879641,
    2.801502363456));
#1171 = CARTESIAN_POINT('',(-5.122467940127,-10.47264753432,
    3.185911448848));
#1172 = CARTESIAN_POINT('',(-4.870606168245,-10.47290927797,
    3.549837389738));
#1173 = CARTESIAN_POINT('',(-4.589139138467,-10.47404778499,
    3.890163705971));
#1174 = CARTESIAN_POINT('',(-3.858309167366,-10.47707567721,
    4.634343171289));
#1175 = CARTESIAN_POINT('',(-3.385070464304,-10.47908803897,
    5.015298181435));
#1176 = CARTESIAN_POINT('',(-2.868397439983,-10.47946077895,
    5.339369287778));
#1177 = CARTESIAN_POINT('',(-2.316610235569,-10.47609264075,
    5.600867798725));
#1178 = CARTESIAN_POINT('',(-1.738748278976,-10.46708919625,
    5.795529846572));
#1179 = CARTESIAN_POINT('',(-1.144597047165,-10.45100531362,
    5.920517397146));
#1180 = CARTESIAN_POINT('',(-0.132405534098,-10.41078688308,
    6.012822514876));
#1181 = CARTESIAN_POINT('',(0.282898924915,-10.39072539722,
    6.017196809387));
#1182 = CARTESIAN_POINT('',(0.697583030577,-10.36676805252,
    5.988081313656));
#1183 = CARTESIAN_POINT('',(1.108339536155,-10.33884773794,
    5.925729414756));
#1184 = CARTESIAN_POINT('',(1.511979373492,-10.30707438019,5.83078605322
    ));
#1185 = CARTESIAN_POINT('',(1.905434010412,-10.27174565262,
    5.704255557839));
#1186 = CARTESIAN_POINT('',(2.779344711769,-10.18351864997,
    5.344176472955));
#1187 = CARTESIAN_POINT('',(3.250929342024,-10.12851033508,
    5.089936171125));
#1188 = CARTESIAN_POINT('',(3.694300258849,-10.06936209876,
    4.787777483609));
#1189 = CARTESIAN_POINT('',(4.104053904688,-10.00758463581,
    4.441445776191));
#1190 = CARTESIAN_POINT('',(4.475398523735,-9.945115187184,
    4.055193370753));
#1191 = CARTESIAN_POINT('',(4.804099060296,-9.884241847176,
    3.633746763946));
#1192 = CARTESIAN_POINT('',(5.339175406469,-9.776459708174,
    2.778516760835));
#1193 = CARTESIAN_POINT('',(5.554878597423,-9.728736490555,
    2.350550705839));
#1194 = CARTESIAN_POINT('',(5.730845899284,-9.685925426923,
    1.902380210807));
#1195 = CARTESIAN_POINT('',(5.864777730059,-9.649823654055,
    1.438295410301));
#1196 = CARTESIAN_POINT('',(5.954893171521,-9.622141110315,
    0.962994184388));
#1197 = CARTESIAN_POINT('',(6.,-9.604232214789,0.481639307977));
#1198 = CARTESIAN_POINT('',(6.,-9.596811899849,-1.7763568394E-15));
#1199 = PCURVE('',#32,#1200);
#1200 = DEFINITIONAL_REPRESENTATION('',(#1201),#1293);
#1201 = B_SPLINE_CURVE_WITH_KNOTS('',3,(#1202,#1203,#1204,#1205,#1206,
    #1207,#1208,#1209,#1210,#1211,#1212,#1213,#1214,#1215,#1216,#1217,
    #1218,#1219,#1220,#1221,#1222,#1223,#1224,#1225,#1226,#1227,#1228,
    #1229,#1230,#1231,#1232,#1233,#1234,#1235,#1236,#1237,#1238,#1239,
    #1240,#1241,#1242,#1243,#1244,#1245,#1246,#1247,#1248,#1249,#1250,
    #1251,#1252,#1253,#1254,#1255,#1256,#1257,#1258,#1259,#1260,#1261,
    #1262,#1263,#1264,#1265,#1266,#1267,#1268,#1269,#1270,#1271,#1272,
    #1273,#1274,#1275,#1276,#1277,#1278,#1279,#1280,#1281,#1282,#1283,
    #1284,#1285,#1286,#1287,#1288,#1289,#1290,#1291,#1292),
  .UNSPECIFIED.,.T.,.F.,(4,1,1,1,1,1,1,1,1,1,1,1,1,1,1,1,1,1,1,1,1,1,1,1
    ,1,1,1,1,1,1,1,1,1,1,1,1,1,1,1,1,1,1,1,1,1,1,1,1,1,1,1,1,1,1,1,1,1,1
    ,1,1,1,1,1,1,1,1,1,1,1,1,1,1,1,1,1,1,1,1,1,1,1,1,1,1,1,1,1,1,4),(0.,
    3.003602893898E-02,6.007205787796E-02,9.010808681694E-02,
    0.120144115756,0.150180144695,0.180216173634,0.210252202573,
    0.240288231512,0.270324260451,0.30036028939,0.330396318329,
    0.360432347268,0.390468376207,0.420504405146,0.450540434085,
    0.480576463024,0.510612491963,0.540648520902,0.570684549841,
    0.60072057878,0.630756607719,0.660792636658,0.690828665597,
    0.720864694535,0.750900723474,0.780936752413,0.810972781352,
    0.841008810291,0.87104483923,0.901080868169,0.931116897108,
    0.961152926047,0.991188954986,1.021224983925,1.051261012864,
    1.081297041803,1.111333070742,1.141369099681,1.17140512862,
    1.201441157559,1.231477186498,1.261513215437,1.291549244376,
    1.321585273315,1.351621302254,1.381657331193,1.411693360132,
    1.441729389071,1.47176541801,1.501801446949,1.531837475888,
    1.561873504827,1.591909533766,1.621945562705,1.651981591644,
    1.682017620583,1.712053649522,1.742089678461,1.7721257074,
    1.802161736339,1.832197765278,1.862233794217,1.892269823156,
    1.922305852095,1.952341881034,1.982377909973,2.012413938912,
    2.042449967851,2.07248599679,2.102522025728,2.132558054667,
    2.162594083606,2.192630112545,2.222666141484,2.252702170423,
    2.282738199362,2.312774228301,2.34281025724,2.372846286179,
    2.402882315118,2.432918344057,2.462954372996,2.492990401935,
    2.523026430874,2.553062459813,2.583098488752,2.613134517691,
    2.64317054663),.QUASI_UNIFORM_KNOTS.);
#1202 = CARTESIAN_POINT('',(0.820988050145,0.123534452376));
#1203 = CARTESIAN_POINT('',(0.821188664085,0.124519792479));
#1204 = CARTESIAN_POINT('',(0.821502220807,0.126491113836));
#1205 = CARTESIAN_POINT('',(0.821707788695,0.12943288396));
#1206 = CARTESIAN_POINT('',(0.82164572849,0.132342001361));
#1207 = CARTESIAN_POINT('',(0.821317054426,0.135202094321));
#1208 = CARTESIAN_POINT('',(0.820725071874,0.137997455187));
#1209 = CARTESIAN_POINT('',(0.819875591143,0.140713095619));
#1210 = CARTESIAN_POINT('',(0.818776623595,0.143334795154));
#1211 = CARTESIAN_POINT('',(0.817438454965,0.145848773919));
#1212 = CARTESIAN_POINT('',(0.81587277685,0.148243035117));
#1213 = CARTESIAN_POINT('',(0.814091505331,0.150507745396));
#1214 = CARTESIAN_POINT('',(0.81210737542,0.152633445813));
#1215 = CARTESIAN_POINT('',(0.80993356044,0.154611420903));
#1216 = CARTESIAN_POINT('',(0.807583586485,0.15643352131));
#1217 = CARTESIAN_POINT('',(0.805071204297,0.158092151091));
#1218 = CARTESIAN_POINT('',(0.802410305538,0.159580227971));
#1219 = CARTESIAN_POINT('',(0.799614867367,0.160891163698));
#1220 = CARTESIAN_POINT('',(0.796698892263,0.162018859057));
#1221 = CARTESIAN_POINT('',(0.793676477455,0.162957679584));
#1222 = CARTESIAN_POINT('',(0.790561492859,0.163702544706));
#1223 = CARTESIAN_POINT('',(0.787368354784,0.164248718771));
#1224 = CARTESIAN_POINT('',(0.784113410684,0.164591960019));
#1225 = CARTESIAN_POINT('',(0.780812705761,0.164729165961));
#1226 = CARTESIAN_POINT('',(0.777482494986,0.164658257548));
#1227 = CARTESIAN_POINT('',(0.774139151263,0.16437826237));
#1228 = CARTESIAN_POINT('',(0.770799255443,0.163889379379));
#1229 = CARTESIAN_POINT('',(0.767479616861,0.163193082645));
#1230 = CARTESIAN_POINT('',(0.764197427305,0.162292279555));
#1231 = CARTESIAN_POINT('',(0.760969971672,0.161191432244));
#1232 = CARTESIAN_POINT('',(0.757812970185,0.159895902845));
#1233 = CARTESIAN_POINT('',(0.754742710073,0.158412617476));
#1234 = CARTESIAN_POINT('',(0.751774396289,0.156749469256));
#1235 = CARTESIAN_POINT('',(0.748922652922,0.154915372461));
#1236 = CARTESIAN_POINT('',(0.746201460869,0.152920187428));
#1237 = CARTESIAN_POINT('',(0.743624194302,0.150774738123));
#1238 = CARTESIAN_POINT('',(0.741202888176,0.148490076022));
#1239 = CARTESIAN_POINT('',(0.738949168032,0.146078122877));
#1240 = CARTESIAN_POINT('',(0.736873725809,0.143551213109));
#1241 = CARTESIAN_POINT('',(0.734986460576,0.140922138268));
#1242 = CARTESIAN_POINT('',(0.733296494253,0.138204196799));
#1243 = CARTESIAN_POINT('',(0.731811960055,0.135410888203));
#1244 = CARTESIAN_POINT('',(0.73054008724,0.132555917185));
#1245 = CARTESIAN_POINT('',(0.72948746999,0.12965409058));
#1246 = CARTESIAN_POINT('',(0.728659396558,0.126720122502));
#1247 = CARTESIAN_POINT('',(0.728060025474,0.123768924499));
#1248 = CARTESIAN_POINT('',(0.727692322351,0.120815515717));
#1249 = CARTESIAN_POINT('',(0.727558029906,0.11787506216));
#1250 = CARTESIAN_POINT('',(0.727657623012,0.114962778088));
#1251 = CARTESIAN_POINT('',(0.727990177286,0.112094248196));
#1252 = CARTESIAN_POINT('',(0.728553517558,0.109284029695));
#1253 = CARTESIAN_POINT('',(0.729344179535,0.106546881499));
#1254 = CARTESIAN_POINT('',(0.730357435806,0.103897135277));
#1255 = CARTESIAN_POINT('',(0.731587460306,0.101348501085));
#1256 = CARTESIAN_POINT('',(0.73302737073,9.891415414632E-02));
#1257 = CARTESIAN_POINT('',(0.734669364232,9.660663235397E-02));
#1258 = CARTESIAN_POINT('',(0.73650444446,9.443813177313E-02));
#1259 = CARTESIAN_POINT('',(0.738523548787,9.241928915736E-02));
#1260 = CARTESIAN_POINT('',(0.740716451206,9.056065646579E-02));
#1261 = CARTESIAN_POINT('',(0.743071928387,8.887213372791E-02));
#1262 = CARTESIAN_POINT('',(0.745578387103,8.736247017115E-02));
#1263 = CARTESIAN_POINT('',(0.748223758672,8.603944878085E-02));
#1264 = CARTESIAN_POINT('',(0.750995551122,8.490986047087E-02));
#1265 = CARTESIAN_POINT('',(0.753880834137,8.397950514406E-02));
#1266 = CARTESIAN_POINT('',(0.756866165911,8.325315644325E-02));
#1267 = CARTESIAN_POINT('',(0.759937651099,8.273449774475E-02));
#1268 = CARTESIAN_POINT('',(0.763080365177,8.242605438821E-02));
#1269 = CARTESIAN_POINT('',(0.766280395245,8.232898113926E-02));
#1270 = CARTESIAN_POINT('',(0.769522767132,8.244335962637E-02));
#1271 = CARTESIAN_POINT('',(0.772792432686,8.276800902965E-02));
#1272 = CARTESIAN_POINT('',(0.776074394565,8.330059142854E-02));
#1273 = CARTESIAN_POINT('',(0.77935357738,8.403765749036E-02));
#1274 = CARTESIAN_POINT('',(0.782614813238,8.497469431237E-02));
#1275 = CARTESIAN_POINT('',(0.785842620385,8.610605356305E-02));
#1276 = CARTESIAN_POINT('',(0.789022284094,8.742540966859E-02));
#1277 = CARTESIAN_POINT('',(0.792138926646,8.892560532134E-02));
#1278 = CARTESIAN_POINT('',(0.79517784821,9.059883738694E-02));
#1279 = CARTESIAN_POINT('',(0.798124405707,9.243670615903E-02));
#1280 = CARTESIAN_POINT('',(0.800963982685,9.44302628702E-02));
#1281 = CARTESIAN_POINT('',(0.803681953506,9.657002973579E-02));
#1282 = CARTESIAN_POINT('',(0.806263709142,9.884604223188E-02));
#1283 = CARTESIAN_POINT('',(0.808694578836,0.101247748457));
#1284 = CARTESIAN_POINT('',(0.810960249763,0.103764384407));
#1285 = CARTESIAN_POINT('',(0.813046492913,0.106384747706));
#1286 = CARTESIAN_POINT('',(0.81493860713,0.109096124004));
#1287 = CARTESIAN_POINT('',(0.816622679108,0.111885392611));
#1288 = CARTESIAN_POINT('',(0.818085491668,0.114738723492));
#1289 = CARTESIAN_POINT('',(0.819314907616,0.1176415899));
#1290 = CARTESIAN_POINT('',(0.820299893801,0.120578810192));
#1291 = CARTESIAN_POINT('',(0.820787823654,0.122549004611));
#1292 = CARTESIAN_POINT('',(0.820988050145,0.123534452376));
#1293 = ( GEOMETRIC_REPRESENTATION_CONTEXT(2) 
PARAMETRIC_REPRESENTATION_CONTEXT() REPRESENTATION_CONTEXT('2D SPACE',''
  ) );
#1294 = PCURVE('',#1295,#1300);
#1295 = CYLINDRICAL_SURFACE('',#1296,6.);
#1296 = AXIS2_PLACEMENT_3D('',#1297,#1298,#1299);
#1297 = CARTESIAN_POINT('',(0.,20.,-4.440892098501E-15));
#1298 = DIRECTION('',(0.,-1.,2.22044604925E-16));
#1299 = DIRECTION('',(1.,0.,0.));
#1300 = DEFINITIONAL_REPRESENTATION('',(#1301),#1393);
#1301 = B_SPLINE_CURVE_WITH_KNOTS('',3,(#1302,#1303,#1304,#1305,#1306,
    #1307,#1308,#1309,#1310,#1311,#1312,#1313,#1314,#1315,#1316,#1317,
    #1318,#1319,#1320,#1321,#1322,#1323,#1324,#1325,#1326,#1327,#1328,
    #1329,#1330,#1331,#1332,#1333,#1334,#1335,#1336,#1337,#1338,#1339,
    #1340,#1341,#1342,#1343,#1344,#1345,#1346,#1347,#1348,#1349,#1350,
    #1351,#1352,#1353,#1354,#1355,#1356,#1357,#1358,#1359,#1360,#1361,
    #1362,#1363,#1364,#1365,#1366,#1367,#1368,#1369,#1370,#1371,#1372,
    #1373,#1374,#1375,#1376,#1377,#1378,#1379,#1380,#1381,#1382,#1383,
    #1384,#1385,#1386,#1387,#1388,#1389,#1390,#1391,#1392),
  .UNSPECIFIED.,.F.,.F.,(4,1,1,1,1,1,1,1,1,1,1,1,1,1,1,1,1,1,1,1,1,1,1,1
    ,1,1,1,1,1,1,1,1,1,1,1,1,1,1,1,1,1,1,1,1,1,1,1,1,1,1,1,1,1,1,1,1,1,1
    ,1,1,1,1,1,1,1,1,1,1,1,1,1,1,1,1,1,1,1,1,1,1,1,1,1,1,1,1,1,1,4),(0.,
    3.003602893898E-02,6.007205787796E-02,9.010808681694E-02,
    0.120144115756,0.150180144695,0.180216173634,0.210252202573,
    0.240288231512,0.270324260451,0.30036028939,0.330396318329,
    0.360432347268,0.390468376207,0.420504405146,0.450540434085,
    0.480576463024,0.510612491963,0.540648520902,0.570684549841,
    0.60072057878,0.630756607719,0.660792636658,0.690828665597,
    0.720864694535,0.750900723474,0.780936752413,0.810972781352,
    0.841008810291,0.87104483923,0.901080868169,0.931116897108,
    0.961152926047,0.991188954986,1.021224983925,1.051261012864,
    1.081297041803,1.111333070742,1.141369099681,1.17140512862,
    1.201441157559,1.231477186498,1.261513215437,1.291549244376,
    1.321585273315,1.351621302254,1.381657331193,1.411693360132,
    1.441729389071,1.47176541801,1.501801446949,1.531837475888,
    1.561873504827,1.591909533766,1.621945562705,1.651981591644,
    1.682017620583,1.712053649522,1.742089678461,1.7721257074,
    1.802161736339,1.832197765278,1.862233794217,1.892269823156,
    1.922305852095,1.952341881034,1.982377909973,2.012413938912,
    2.042449967851,2.07248599679,2.102522025728,2.132558054667,
    2.162594083606,2.192630112545,2.222666141484,2.252702170423,
    2.282738199362,2.312774228301,2.34281025724,2.372846286179,
    2.402882315118,2.432918344057,2.462954372996,2.492990401935,
    2.523026430874,2.553062459813,2.583098488752,2.613134517691,
    2.64317054663),.QUASI_UNIFORM_KNOTS.);
#1302 = CARTESIAN_POINT('',(6.28318530718,29.596811899849));
#1303 = CARTESIAN_POINT('',(6.259250167697,29.594586320342));
#1304 = CARTESIAN_POINT('',(6.211362888068,29.592581757179));
#1305 = CARTESIAN_POINT('',(6.139530922285,29.596988234404));
#1306 = CARTESIAN_POINT('',(6.067752823822,29.608943350855));
#1307 = CARTESIAN_POINT('',(5.99606615329,29.628366183833));
#1308 = CARTESIAN_POINT('',(5.924502290994,29.655039445978));
#1309 = CARTESIAN_POINT('',(5.853088560168,29.688597084253));
#1310 = CARTESIAN_POINT('',(5.781849336383,29.728542266981));
#1311 = CARTESIAN_POINT('',(5.710818385572,29.774253157667));
#1312 = CARTESIAN_POINT('',(5.640004130648,29.825024022284));
#1313 = CARTESIAN_POINT('',(5.569372327184,29.880110336513));
#1314 = CARTESIAN_POINT('',(5.498894471884,29.938717079363));
#1315 = CARTESIAN_POINT('',(5.428536773848,30.000022369791));
#1316 = CARTESIAN_POINT('',(5.358264316993,30.063190282936));
#1317 = CARTESIAN_POINT('',(5.288040817884,30.127384951748));
#1318 = CARTESIAN_POINT('',(5.21782927386,30.191782796086));
#1319 = CARTESIAN_POINT('',(5.147592380761,30.255583589269));
#1320 = CARTESIAN_POINT('',(5.07729230184,30.318020864101));
#1321 = CARTESIAN_POINT('',(5.006892873514,30.378369124311));
#1322 = CARTESIAN_POINT('',(4.936352490619,30.435957679639));
#1323 = CARTESIAN_POINT('',(4.865641677039,30.490162696183));
#1324 = CARTESIAN_POINT('',(4.794771066033,30.540398682189));
#1325 = CARTESIAN_POINT('',(4.723741523128,30.586168857674));
#1326 = CARTESIAN_POINT('',(4.652557046518,30.627060989084));
#1327 = CARTESIAN_POINT('',(4.581223535028,30.662754358858));
#1328 = CARTESIAN_POINT('',(4.509751687287,30.693022524477));
#1329 = CARTESIAN_POINT('',(4.438158577363,30.717736335318));
#1330 = CARTESIAN_POINT('',(4.36647258832,30.736864916362));
#1331 = CARTESIAN_POINT('',(4.294729808416,30.750479551184));
#1332 = CARTESIAN_POINT('',(4.22293866073,30.758753460008));
#1333 = CARTESIAN_POINT('',(4.151128703711,30.761944946319));
#1334 = CARTESIAN_POINT('',(4.079315560274,30.76039561537));
#1335 = CARTESIAN_POINT('',(4.007512973221,30.75451650815));
#1336 = CARTESIAN_POINT('',(3.935732694811,30.744777153429));
#1337 = CARTESIAN_POINT('',(3.863987558545,30.731694256881));
#1338 = CARTESIAN_POINT('',(3.792271398488,30.715814322895));
#1339 = CARTESIAN_POINT('',(3.720584830963,30.69770480067));
#1340 = CARTESIAN_POINT('',(3.648922132125,30.677939517285));
#1341 = CARTESIAN_POINT('',(3.577275720534,30.657087017358));
#1342 = CARTESIAN_POINT('',(3.505639033397,30.63569984015));
#1343 = CARTESIAN_POINT('',(3.434000059756,30.614301446088));
#1344 = CARTESIAN_POINT('',(3.362343634768,30.593376567379));
#1345 = CARTESIAN_POINT('',(3.290674606686,30.57336850038));
#1346 = CARTESIAN_POINT('',(3.21898897336,30.554661513629));
#1347 = CARTESIAN_POINT('',(3.147283336557,30.537576195594));
#1348 = CARTESIAN_POINT('',(3.075554283075,30.522363390915));
#1349 = CARTESIAN_POINT('',(3.003801107698,30.509200457755));
#1350 = CARTESIAN_POINT('',(2.932025210752,30.498188536846));
#1351 = CARTESIAN_POINT('',(2.860240534599,30.489352337209));
#1352 = CARTESIAN_POINT('',(2.788440915702,30.482637264881));
#1353 = CARTESIAN_POINT('',(2.7166324963,30.47791759064));
#1354 = CARTESIAN_POINT('',(2.64482057826,30.474998710727));
#1355 = CARTESIAN_POINT('',(2.573006146075,30.473624208504));
#1356 = CARTESIAN_POINT('',(2.501189934525,30.473483850539));
#1357 = CARTESIAN_POINT('',(2.429370898139,30.474222218572));
#1358 = CARTESIAN_POINT('',(2.357558914283,30.475447775997));
#1359 = CARTESIAN_POINT('',(2.285735578885,30.47674348886));
#1360 = CARTESIAN_POINT('',(2.213902860032,30.477675603514));
#1361 = CARTESIAN_POINT('',(2.142071747355,30.477803832502));
#1362 = CARTESIAN_POINT('',(2.070244898495,30.476691828236));
#1363 = CARTESIAN_POINT('',(1.998423898993,30.473916486831));
#1364 = CARTESIAN_POINT('',(1.92660967767,30.469076937346));
#1365 = CARTESIAN_POINT('',(1.854804380408,30.461803090868));
#1366 = CARTESIAN_POINT('',(1.783013834457,30.451764281458));
#1367 = CARTESIAN_POINT('',(1.711246762207,30.438676881427));
#1368 = CARTESIAN_POINT('',(1.639528003606,30.422315713978));
#1369 = CARTESIAN_POINT('',(1.567852969216,30.402509819649));
#1370 = CARTESIAN_POINT('',(1.496236359328,30.379157132162));
#1371 = CARTESIAN_POINT('',(1.424689669761,30.35222513817));
#1372 = CARTESIAN_POINT('',(1.35321954869,30.321751999554));
#1373 = CARTESIAN_POINT('',(1.281831170374,30.287849335801));
#1374 = CARTESIAN_POINT('',(1.210528934221,30.250703257525));
#1375 = CARTESIAN_POINT('',(1.13932187687,30.210577813882));
#1376 = CARTESIAN_POINT('',(1.068200240975,30.167800035349));
#1377 = CARTESIAN_POINT('',(0.997155763857,30.122767584279));
#1378 = CARTESIAN_POINT('',(0.926174123335,30.075941475045));
#1379 = CARTESIAN_POINT('',(0.855237452163,30.027843230655));
#1380 = CARTESIAN_POINT('',(0.784325010284,29.979050561233));
#1381 = CARTESIAN_POINT('',(0.71341432795,29.930192404871));
#1382 = CARTESIAN_POINT('',(0.642481140226,29.881942088901));
#1383 = CARTESIAN_POINT('',(0.571503121718,29.835011651177));
#1384 = CARTESIAN_POINT('',(0.500449570545,29.790135317218));
#1385 = CARTESIAN_POINT('',(0.429289813293,29.748065161277));
#1386 = CARTESIAN_POINT('',(0.358020600194,29.709572487057));
#1387 = CARTESIAN_POINT('',(0.286634836759,29.675410276299));
#1388 = CARTESIAN_POINT('',(0.215131267525,29.646301650099));
#1389 = CARTESIAN_POINT('',(0.143514704416,29.622914738779));
#1390 = CARTESIAN_POINT('',(7.179714152742E-02,29.605856152854));
#1391 = CARTESIAN_POINT('',(2.393763923226E-02,29.599015001602));
#1392 = CARTESIAN_POINT('',(-8.881784197001E-16,29.596811899849));
#1393 = ( GEOMETRIC_REPRESENTATION_CONTEXT(2) 
PARAMETRIC_REPRESENTATION_CONTEXT() REPRESENTATION_CONTEXT('2D SPACE',''
  ) );
#1394 = FACE_BOUND('',#1395,.F.);
#1395 = EDGE_LOOP('',(#1396));
#1396 = ORIENTED_EDGE('',*,*,#1397,.F.);
#1397 = EDGE_CURVE('',#1398,#1398,#1400,.T.);
#1398 = VERTEX_POINT('',#1399);
#1399 = CARTESIAN_POINT('',(6.,7.04723230236,-110.));
#1400 = SURFACE_CURVE('',#1401,(#1488,#1605),.PCURVE_S1.);
#1401 = B_SPLINE_CURVE_WITH_KNOTS('',8,(#1402,#1403,#1404,#1405,#1406,
    #1407,#1408,#1409,#1410,#1411,#1412,#1413,#1414,#1415,#1416,#1417,
    #1418,#1419,#1420,#1421,#1422,#1423,#1424,#1425,#1426,#1427,#1428,
    #1429,#1430,#1431,#1432,#1433,#1434,#1435,#1436,#1437,#1438,#1439,
    #1440,#1441,#1442,#1443,#1444,#1445,#1446,#1447,#1448,#1449,#1450,
    #1451,#1452,#1453,#1454,#1455,#1456,#1457,#1458,#1459,#1460,#1461,
    #1462,#1463,#1464,#1465,#1466,#1467,#1468,#1469,#1470,#1471,#1472,
    #1473,#1474,#1475,#1476,#1477,#1478,#1479,#1480,#1481,#1482,#1483,
    #1484,#1485,#1486,#1487),.UNSPECIFIED.,.T.,.F.,(9,7,7,7,7,7,7,7,7,7,
    7,7,9),(0.,0.329842693778,0.648654065679,1.,1.325008404093,
    1.517256186686,1.798835422268,2.271849320712,2.798599088562,
    3.186800674758,3.507058705364,3.943039536884,4.336276206386),
  .UNSPECIFIED.);
#1402 = CARTESIAN_POINT('',(6.,7.04723230236,-110.));
#1403 = CARTESIAN_POINT('',(6.,7.053148710144,-109.637831226));
#1404 = CARTESIAN_POINT('',(5.975015859712,7.066861037104,
    -109.2757862188));
#1405 = CARTESIAN_POINT('',(5.925078087926,7.088624597629,
    -108.9165025907));
#1406 = CARTESIAN_POINT('',(5.850651104743,7.118393273191,
    -108.5623644002));
#1407 = CARTESIAN_POINT('',(5.752489548212,7.155820323434,
    -108.2155291879));
#1408 = CARTESIAN_POINT('',(5.631563688426,7.200303294737,
    -107.8779513052));
#1409 = CARTESIAN_POINT('',(5.489027389222,7.251049862485,-107.551399918
    ));
#1410 = CARTESIAN_POINT('',(5.168822287497,7.36135708668,-106.934039342)
  );
#1411 = CARTESIAN_POINT('',(4.992432340329,7.42058522214,-106.6422939649
    ));
#1412 = CARTESIAN_POINT('',(4.798072743291,7.484047731489,
    -106.3634325415));
#1413 = CARTESIAN_POINT('',(4.586802587092,7.55089025427,-106.0984919162
    ));
#1414 = CARTESIAN_POINT('',(4.359678952713,7.620232165737,-105.848386348
    ));
#1415 = CARTESIAN_POINT('',(4.117738903087,7.691203795583,
    -105.6139404865));
#1416 = CARTESIAN_POINT('',(3.861984039778,7.762970887473,
    -105.3959161448));
#1417 = CARTESIAN_POINT('',(3.297339020663,7.913846360944,
    -104.9736495452));
#1418 = CARTESIAN_POINT('',(2.985735799948,7.992944186888,-104.773119376
    ));
#1419 = CARTESIAN_POINT('',(2.659868075382,8.070979128515,
    -104.5944171005));
#1420 = CARTESIAN_POINT('',(2.321141633953,8.146917510378,
    -104.4385744282));
#1421 = CARTESIAN_POINT('',(1.971094177024,8.219777346734,
    -104.3066224891));
#1422 = CARTESIAN_POINT('',(1.61142108114,8.288650754628,-104.199554362)
  );
#1423 = CARTESIAN_POINT('',(1.244002480783,8.352726937204,
    -104.1182803168));
#1424 = CARTESIAN_POINT('',(0.525849649762,8.465518146002,-104.012919309
    ));
#1425 = CARTESIAN_POINT('',(0.175867347957,8.515034364693,
    -103.9849927407));
#1426 = CARTESIAN_POINT('',(-0.177149767643,8.559290414854,
    -103.9804042717));
#1427 = CARTESIAN_POINT('',(-0.531270779751,8.597830322117,
    -103.9995820425));
#1428 = CARTESIAN_POINT('',(-0.884485503912,8.630330311335,
    -104.0427494348));
#1429 = CARTESIAN_POINT('',(-1.234707050898,8.656608515754,
    -104.1099005509));
#1430 = CARTESIAN_POINT('',(-1.579778964669,8.676633073794,
    -104.2007485086));
#1431 = CARTESIAN_POINT('',(-2.117246720006,8.698748052264,
    -104.382019103));
#1432 = CARTESIAN_POINT('',(-2.314461285866,8.704824277333,
    -104.4574673739));
#1433 = CARTESIAN_POINT('',(-2.508688990529,8.708782702299,
    -104.5408665248));
#1434 = CARTESIAN_POINT('',(-2.699507551661,8.710667949314,
    -104.6320618354));
#1435 = CARTESIAN_POINT('',(-2.886513543271,8.710541969899,
    -104.7308702719));
#1436 = CARTESIAN_POINT('',(-3.069321891428,8.708482165791,
    -104.8370820551));
#1437 = CARTESIAN_POINT('',(-3.247565369973,8.704579509792,
    -104.9504622291));
#1438 = CARTESIAN_POINT('',(-3.6747631895,8.690671773024,-105.2469371816
    ));
#1439 = CARTESIAN_POINT('',(-3.918103997319,8.678673240804,
    -105.4379554286));
#1440 = CARTESIAN_POINT('',(-4.149832104144,8.663262740452,
    -105.6430052434));
#1441 = CARTESIAN_POINT('',(-4.368993138744,8.644812666365,
    -105.8612128981));
#1442 = CARTESIAN_POINT('',(-4.574742633732,8.623729085996,
    -106.0916514385));
#1443 = CARTESIAN_POINT('',(-4.766331533986,8.60043663439,
    -106.3333535528));
#1444 = CARTESIAN_POINT('',(-4.943097353946,8.575365354066,
    -106.585318536));
#1445 = CARTESIAN_POINT('',(-5.375529407858,8.504547692816,
    -107.2852842536));
#1446 = CARTESIAN_POINT('',(-5.60319396376,8.456323132039,
    -107.7502000597));
#1447 = CARTESIAN_POINT('',(-5.784688651217,8.406271959331,
    -108.236404674));
#1448 = CARTESIAN_POINT('',(-5.917900025963,8.356346385589,
    -108.7388339652));
#1449 = CARTESIAN_POINT('',(-6.001283688921,8.308296855589,
    -109.2522297491));
#1450 = CARTESIAN_POINT('',(-6.033849453227,8.263526494897,
    -109.7711204923));
#1451 = CARTESIAN_POINT('',(-6.01526473821,8.222983606084,
    -110.2897880554));
#1452 = CARTESIAN_POINT('',(-5.869132332537,8.147199086157,
    -111.3729076697));
#1453 = CARTESIAN_POINT('',(-5.729380331479,8.113048724491,
    -111.936358506));
#1454 = CARTESIAN_POINT('',(-5.527586187615,8.08536896041,
    -112.4837307815));
#1455 = CARTESIAN_POINT('',(-5.266100833357,8.063993476958,
    -113.0069370159));
#1456 = CARTESIAN_POINT('',(-4.948346361529,8.047937181633,
    -113.4984244015));
#1457 = CARTESIAN_POINT('',(-4.578874603694,8.035636525992,
    -113.9512493702));
#1458 = CARTESIAN_POINT('',(-4.163280994405,8.025221813528,
    -114.3590758552));
#1459 = CARTESIAN_POINT('',(-3.37363542413,8.007151329661,
    -114.9799834591));
#1460 = CARTESIAN_POINT('',(-3.017144827237,7.999484772584,
    -115.2162804885));
#1461 = CARTESIAN_POINT('',(-2.641875760137,7.991064418819,
    -115.4232973959));
#1462 = CARTESIAN_POINT('',(-2.250691266128,7.981129419316,
    -115.5993063498));
#1463 = CARTESIAN_POINT('',(-1.846610596902,7.968966089865,
    -115.7429281696));
#1464 = CARTESIAN_POINT('',(-1.432796086754,7.95395626787,
    -115.8531204987));
#1465 = CARTESIAN_POINT('',(-1.012557632211,7.935620315533,
    -115.9292120537));
#1466 = CARTESIAN_POINT('',(-0.240257945575,7.89553366232,
    -116.0054430461));
#1467 = CARTESIAN_POINT('',(0.110955298649,7.874937743482,-116.016554072
    ));
#1468 = CARTESIAN_POINT('',(0.462317987524,7.851694928266,
    -116.0041734046));
#1469 = CARTESIAN_POINT('',(0.8119377728,7.825709385202,-115.9683796126)
  );
#1470 = CARTESIAN_POINT('',(1.157975985491,7.796970237047,-115.90943734)
  );
#1471 = CARTESIAN_POINT('',(1.49864810535,7.765558719377,-115.8277777453
    ));
#1472 = CARTESIAN_POINT('',(1.832225640354,7.731653796738,
    -115.7239944972));
#1473 = CARTESIAN_POINT('',(2.599222176837,7.646367870548,
    -115.4284980671));
#1474 = CARTESIAN_POINT('',(3.025205637617,7.593094254916,
    -115.2185462271));
#1475 = CARTESIAN_POINT('',(3.430957316306,7.536401562065,
    -114.9708535965));
#1476 = CARTESIAN_POINT('',(3.812859838337,7.477288668947,
    -114.6876761191));
#1477 = CARTESIAN_POINT('',(4.16763430043,7.417063769002,-114.3715563803
    ));
#1478 = CARTESIAN_POINT('',(4.492298838967,7.357339610804,
    -114.0252692179));
#1479 = CARTESIAN_POINT('',(4.784145752663,7.299987980814,
    -113.6518094417));
#1480 = CARTESIAN_POINT('',(5.272140360547,7.199233752239,
    -112.8959581505));
#1481 = CARTESIAN_POINT('',(5.47497323395,7.154992294258,-112.5178646672
    ));
#1482 = CARTESIAN_POINT('',(5.647237001558,7.11579607623,-112.1226698521
    ));
#1483 = CARTESIAN_POINT('',(5.787171343823,7.083234923469,
    -111.7131950279));
#1484 = CARTESIAN_POINT('',(5.893298132294,7.058898886455,
    -111.2925536746));
#1485 = CARTESIAN_POINT('',(5.964468758313,7.044204531059,
    -110.8641825897));
#1486 = CARTESIAN_POINT('',(6.,7.040176771697,-110.431899386));
#1487 = CARTESIAN_POINT('',(6.,7.04723230236,-110.));
#1488 = PCURVE('',#32,#1489);
#1489 = DEFINITIONAL_REPRESENTATION('',(#1490),#1604);
#1490 = B_SPLINE_CURVE_WITH_KNOTS('',3,(#1491,#1492,#1493,#1494,#1495,
    #1496,#1497,#1498,#1499,#1500,#1501,#1502,#1503,#1504,#1505,#1506,
    #1507,#1508,#1509,#1510,#1511,#1512,#1513,#1514,#1515,#1516,#1517,
    #1518,#1519,#1520,#1521,#1522,#1523,#1524,#1525,#1526,#1527,#1528,
    #1529,#1530,#1531,#1532,#1533,#1534,#1535,#1536,#1537,#1538,#1539,
    #1540,#1541,#1542,#1543,#1544,#1545,#1546,#1547,#1548,#1549,#1550,
    #1551,#1552,#1553,#1554,#1555,#1556,#1557,#1558,#1559,#1560,#1561,
    #1562,#1563,#1564,#1565,#1566,#1567,#1568,#1569,#1570,#1571,#1572,
    #1573,#1574,#1575,#1576,#1577,#1578,#1579,#1580,#1581,#1582,#1583,
    #1584,#1585,#1586,#1587,#1588,#1589,#1590,#1591,#1592,#1593,#1594,
    #1595,#1596,#1597,#1598,#1599,#1600,#1601,#1602,#1603),
  .UNSPECIFIED.,.T.,.F.,(4,1,1,1,1,1,1,1,1,1,1,1,1,1,1,1,1,1,1,1,1,1,1,1
    ,1,1,1,1,1,1,1,1,1,1,1,1,1,1,1,1,1,1,1,1,1,1,1,1,1,1,1,1,1,1,1,1,1,1
    ,1,1,1,1,1,1,1,1,1,1,1,1,1,1,1,1,1,1,1,1,1,1,1,1,1,1,1,1,1,1,1,1,1,1
    ,1,1,1,1,1,1,1,1,1,1,1,1,1,1,1,1,1,1,4),(0.,3.942069278533E-02,
    7.884138557066E-02,0.118262078356,0.157682771141,0.197103463927,
    0.236524156712,0.275944849497,0.315365542283,0.354786235068,
    0.394206927853,0.433627620639,0.473048313424,0.512469006209,
    0.551889698995,0.59131039178,0.630731084565,0.670151777351,
    0.709572470136,0.748993162921,0.788413855707,0.827834548492,
    0.867255241277,0.906675934063,0.946096626848,0.985517319633,
    1.024938012419,1.064358705204,1.103779397989,1.143200090775,
    1.18262078356,1.222041476345,1.261462169131,1.300882861916,
    1.340303554701,1.379724247487,1.419144940272,1.458565633057,
    1.497986325843,1.537407018628,1.576827711413,1.616248404199,
    1.655669096984,1.695089789769,1.734510482555,1.77393117534,
    1.813351868125,1.852772560911,1.892193253696,1.931613946481,
    1.971034639267,2.010455332052,2.049876024837,2.089296717622,
    2.128717410408,2.168138103193,2.207558795978,2.246979488764,
    2.286400181549,2.325820874334,2.36524156712,2.404662259905,
    2.44408295269,2.483503645476,2.522924338261,2.562345031046,
    2.601765723832,2.641186416617,2.680607109402,2.720027802188,
    2.759448494973,2.798869187758,2.838289880544,2.877710573329,
    2.917131266114,2.9565519589,2.995972651685,3.03539334447,
    3.074814037256,3.114234730041,3.153655422826,3.193076115612,
    3.232496808397,3.271917501182,3.311338193968,3.350758886753,
    3.390179579538,3.429600272324,3.469020965109,3.508441657894,
    3.54786235068,3.587283043465,3.62670373625,3.666124429036,
    3.705545121821,3.744965814606,3.784386507392,3.823807200177,
    3.863227892962,3.902648585748,3.942069278533,3.981489971318,
    4.020910664104,4.060331356889,4.099752049674,4.13917274246,
    4.178593435245,4.21801412803,4.257434820816,4.296855513601,
    4.336276206386),.QUASI_UNIFORM_KNOTS.);
#1491 = CARTESIAN_POINT('',(0.159187657581,0.876958263803));
#1492 = CARTESIAN_POINT('',(0.159019646448,0.876168996239));
#1493 = CARTESIAN_POINT('',(0.15876034184,0.874590855847));
#1494 = CARTESIAN_POINT('',(0.158600820244,0.872234266635));
#1495 = CARTESIAN_POINT('',(0.158670829486,0.869897948776));
#1496 = CARTESIAN_POINT('',(0.158967618969,0.8675908074));
#1497 = CARTESIAN_POINT('',(0.159486843313,0.865321293695));
#1498 = CARTESIAN_POINT('',(0.16022249585,0.863097355016));
#1499 = CARTESIAN_POINT('',(0.1611671736,0.860926487871));
#1500 = CARTESIAN_POINT('',(0.162312293189,0.858815707548));
#1501 = CARTESIAN_POINT('',(0.163648116882,0.856771734685));
#1502 = CARTESIAN_POINT('',(0.165165239231,0.854799370168));
#1503 = CARTESIAN_POINT('',(0.166853900918,0.852903400654));
#1504 = CARTESIAN_POINT('',(0.168704325511,0.85108820894));
#1505 = CARTESIAN_POINT('',(0.170706829658,0.849357883257));
#1506 = CARTESIAN_POINT('',(0.17285193932,0.847716243212));
#1507 = CARTESIAN_POINT('',(0.175130490159,0.846166881351));
#1508 = CARTESIAN_POINT('',(0.177533688606,0.844713207291));
#1509 = CARTESIAN_POINT('',(0.180053251983,0.84335844761));
#1510 = CARTESIAN_POINT('',(0.18268087553,0.842105963517));
#1511 = CARTESIAN_POINT('',(0.185408689367,0.840958982816));
#1512 = CARTESIAN_POINT('',(0.188228842294,0.839920798884));
#1513 = CARTESIAN_POINT('',(0.191133527194,0.83899469452));
#1514 = CARTESIAN_POINT('',(0.194114933666,0.838183913573));
#1515 = CARTESIAN_POINT('',(0.197165210831,0.837491620137));
#1516 = CARTESIAN_POINT('',(0.200276436411,0.836920856895));
#1517 = CARTESIAN_POINT('',(0.203440517556,0.836474506368));
#1518 = CARTESIAN_POINT('',(0.206649318156,0.836155218331));
#1519 = CARTESIAN_POINT('',(0.209894227764,0.83596540913));
#1520 = CARTESIAN_POINT('',(0.213165516273,0.835907124676));
#1521 = CARTESIAN_POINT('',(0.216453638946,0.83598185361));
#1522 = CARTESIAN_POINT('',(0.219748901153,0.836190543565));
#1523 = CARTESIAN_POINT('',(0.223041497963,0.836533558025));
#1524 = CARTESIAN_POINT('',(0.226321426064,0.837010627592));
#1525 = CARTESIAN_POINT('',(0.229578517755,0.837620811441));
#1526 = CARTESIAN_POINT('',(0.232802103038,0.838362352083));
#1527 = CARTESIAN_POINT('',(0.235982388717,0.839232964915));
#1528 = CARTESIAN_POINT('',(0.239109383349,0.840229656307));
#1529 = CARTESIAN_POINT('',(0.242173404131,0.841348846973));
#1530 = CARTESIAN_POINT('',(0.245165082865,0.84258642225));
#1531 = CARTESIAN_POINT('',(0.248075247727,0.843937726598));
#1532 = CARTESIAN_POINT('',(0.250895266009,0.845397762755));
#1533 = CARTESIAN_POINT('',(0.253616827357,0.846961169004));
#1534 = CARTESIAN_POINT('',(0.256232045489,0.848622334432));
#1535 = CARTESIAN_POINT('',(0.258733387771,0.850375427396));
#1536 = CARTESIAN_POINT('',(0.2611136321,0.852214418983));
#1537 = CARTESIAN_POINT('',(0.263365859575,0.854133128614));
#1538 = CARTESIAN_POINT('',(0.265483355205,0.856125149265));
#1539 = CARTESIAN_POINT('',(0.267460024867,0.858184305117));
#1540 = CARTESIAN_POINT('',(0.269289714245,0.860304045592));
#1541 = CARTESIAN_POINT('',(0.270966538449,0.862477695962));
#1542 = CARTESIAN_POINT('',(0.272484897238,0.864698471568));
#1543 = CARTESIAN_POINT('',(0.273839495483,0.866959472842));
#1544 = CARTESIAN_POINT('',(0.275025372022,0.869253684014));
#1545 = CARTESIAN_POINT('',(0.276037935745,0.871573970094));
#1546 = CARTESIAN_POINT('',(0.276873009032,0.873913071742));
#1547 = CARTESIAN_POINT('',(0.277526877477,0.876263605848));
#1548 = CARTESIAN_POINT('',(0.277996348081,0.878618041785));
#1549 = CARTESIAN_POINT('',(0.278278806217,0.880968766583));
#1550 = CARTESIAN_POINT('',(0.278372305835,0.883307817027));
#1551 = CARTESIAN_POINT('',(0.278275563843,0.885628258646));
#1552 = CARTESIAN_POINT('',(0.277987971832,0.887921735471));
#1553 = CARTESIAN_POINT('',(0.27750984091,0.890180215636));
#1554 = CARTESIAN_POINT('',(0.276842295563,0.89239588407));
#1555 = CARTESIAN_POINT('',(0.27598724176,0.894561158529));
#1556 = CARTESIAN_POINT('',(0.274947323402,0.896668678048));
#1557 = CARTESIAN_POINT('',(0.273725888847,0.898711303392));
#1558 = CARTESIAN_POINT('',(0.272326960401,0.900682118912));
#1559 = CARTESIAN_POINT('',(0.270755211717,0.902574436736));
#1560 = CARTESIAN_POINT('',(0.269015943019,0.904381809636));
#1561 = CARTESIAN_POINT('',(0.267115096062,0.906098027082));
#1562 = CARTESIAN_POINT('',(0.265059161817,0.907717192297));
#1563 = CARTESIAN_POINT('',(0.262855541222,0.909233518099));
#1564 = CARTESIAN_POINT('',(0.260511282375,0.910642197624));
#1565 = CARTESIAN_POINT('',(0.258033415602,0.911938846538));
#1566 = CARTESIAN_POINT('',(0.255430219434,0.913118919749));
#1567 = CARTESIAN_POINT('',(0.252709956322,0.914178494198));
#1568 = CARTESIAN_POINT('',(0.249881186651,0.915114043024));
#1569 = CARTESIAN_POINT('',(0.246952674949,0.915922488648));
#1570 = CARTESIAN_POINT('',(0.243933413136,0.916601190259));
#1571 = CARTESIAN_POINT('',(0.240832648899,0.917147956395));
#1572 = CARTESIAN_POINT('',(0.23765984281,0.917561064537));
#1573 = CARTESIAN_POINT('',(0.234424971878,0.917839269577));
#1574 = CARTESIAN_POINT('',(0.231137528194,0.917981895656));
#1575 = CARTESIAN_POINT('',(0.227807482064,0.917988717719));
#1576 = CARTESIAN_POINT('',(0.224445030471,0.917860034269));
#1577 = CARTESIAN_POINT('',(0.221060274855,0.917596648823));
#1578 = CARTESIAN_POINT('',(0.217663347391,0.917199839993));
#1579 = CARTESIAN_POINT('',(0.21426442451,0.916671345219));
#1580 = CARTESIAN_POINT('',(0.210873753189,0.916013346019));
#1581 = CARTESIAN_POINT('',(0.207501745403,0.915228478283));
#1582 = CARTESIAN_POINT('',(0.204158788758,0.914319785473));
#1583 = CARTESIAN_POINT('',(0.20085486902,0.913290551075));
#1584 = CARTESIAN_POINT('',(0.197600068248,0.912144367663));
#1585 = CARTESIAN_POINT('',(0.19440443299,0.910885071917));
#1586 = CARTESIAN_POINT('',(0.191278057143,0.9095167341));
#1587 = CARTESIAN_POINT('',(0.188231097963,0.908043637578));
#1588 = CARTESIAN_POINT('',(0.18527380136,0.906470266599));
#1589 = CARTESIAN_POINT('',(0.182416509346,0.904801292339));
#1590 = CARTESIAN_POINT('',(0.179669677502,0.903041577443));
#1591 = CARTESIAN_POINT('',(0.17704381335,0.901196126537));
#1592 = CARTESIAN_POINT('',(0.17454965943,0.899270251055));
#1593 = CARTESIAN_POINT('',(0.172197410527,0.897268945971));
#1594 = CARTESIAN_POINT('',(0.169997886847,0.895197800349));
#1595 = CARTESIAN_POINT('',(0.167962455619,0.893063308494));
#1596 = CARTESIAN_POINT('',(0.166102013777,0.890872148709));
#1597 = CARTESIAN_POINT('',(0.1644270805,0.888631393266));
#1598 = CARTESIAN_POINT('',(0.162947560529,0.886348474231));
#1599 = CARTESIAN_POINT('',(0.161672585217,0.884031213385));
#1600 = CARTESIAN_POINT('',(0.160610235351,0.881687859676));
#1601 = CARTESIAN_POINT('',(0.159767522738,0.879327054457));
#1602 = CARTESIAN_POINT('',(0.159355390327,0.877747753095));
#1603 = CARTESIAN_POINT('',(0.159187657581,0.876958263803));
#1604 = ( GEOMETRIC_REPRESENTATION_CONTEXT(2) 
PARAMETRIC_REPRESENTATION_CONTEXT() REPRESENTATION_CONTEXT('2D SPACE',''
  ) );
#1605 = PCURVE('',#1606,#1611);
#1606 = CYLINDRICAL_SURFACE('',#1607,6.);
#1607 = AXIS2_PLACEMENT_3D('',#1608,#1609,#1610);
#1608 = CARTESIAN_POINT('',(0.,20.,-110.));
#1609 = DIRECTION('',(0.,-1.,2.22044604925E-16));
#1610 = DIRECTION('',(1.,0.,0.));
#1611 = DEFINITIONAL_REPRESENTATION('',(#1612),#1726);
#1612 = B_SPLINE_CURVE_WITH_KNOTS('',3,(#1613,#1614,#1615,#1616,#1617,
    #1618,#1619,#1620,#1621,#1622,#1623,#1624,#1625,#1626,#1627,#1628,
    #1629,#1630,#1631,#1632,#1633,#1634,#1635,#1636,#1637,#1638,#1639,
    #1640,#1641,#1642,#1643,#1644,#1645,#1646,#1647,#1648,#1649,#1650,
    #1651,#1652,#1653,#1654,#1655,#1656,#1657,#1658,#1659,#1660,#1661,
    #1662,#1663,#1664,#1665,#1666,#1667,#1668,#1669,#1670,#1671,#1672,
    #1673,#1674,#1675,#1676,#1677,#1678,#1679,#1680,#1681,#1682,#1683,
    #1684,#1685,#1686,#1687,#1688,#1689,#1690,#1691,#1692,#1693,#1694,
    #1695,#1696,#1697,#1698,#1699,#1700,#1701,#1702,#1703,#1704,#1705,
    #1706,#1707,#1708,#1709,#1710,#1711,#1712,#1713,#1714,#1715,#1716,
    #1717,#1718,#1719,#1720,#1721,#1722,#1723,#1724,#1725),
  .UNSPECIFIED.,.F.,.F.,(4,1,1,1,1,1,1,1,1,1,1,1,1,1,1,1,1,1,1,1,1,1,1,1
    ,1,1,1,1,1,1,1,1,1,1,1,1,1,1,1,1,1,1,1,1,1,1,1,1,1,1,1,1,1,1,1,1,1,1
    ,1,1,1,1,1,1,1,1,1,1,1,1,1,1,1,1,1,1,1,1,1,1,1,1,1,1,1,1,1,1,1,1,1,1
    ,1,1,1,1,1,1,1,1,1,1,1,1,1,1,1,1,1,1,4),(0.,3.942069278533E-02,
    7.884138557066E-02,0.118262078356,0.157682771141,0.197103463927,
    0.236524156712,0.275944849497,0.315365542283,0.354786235068,
    0.394206927853,0.433627620639,0.473048313424,0.512469006209,
    0.551889698995,0.59131039178,0.630731084565,0.670151777351,
    0.709572470136,0.748993162921,0.788413855707,0.827834548492,
    0.867255241277,0.906675934063,0.946096626848,0.985517319633,
    1.024938012419,1.064358705204,1.103779397989,1.143200090775,
    1.18262078356,1.222041476345,1.261462169131,1.300882861916,
    1.340303554701,1.379724247487,1.419144940272,1.458565633057,
    1.497986325843,1.537407018628,1.576827711413,1.616248404199,
    1.655669096984,1.695089789769,1.734510482555,1.77393117534,
    1.813351868125,1.852772560911,1.892193253696,1.931613946481,
    1.971034639267,2.010455332052,2.049876024837,2.089296717622,
    2.128717410408,2.168138103193,2.207558795978,2.246979488764,
    2.286400181549,2.325820874334,2.36524156712,2.404662259905,
    2.44408295269,2.483503645476,2.522924338261,2.562345031046,
    2.601765723832,2.641186416617,2.680607109402,2.720027802188,
    2.759448494973,2.798869187758,2.838289880544,2.877710573329,
    2.917131266114,2.9565519589,2.995972651685,3.03539334447,
    3.074814037256,3.114234730041,3.153655422826,3.193076115612,
    3.232496808397,3.271917501182,3.311338193968,3.350758886753,
    3.390179579538,3.429600272324,3.469020965109,3.508441657894,
    3.54786235068,3.587283043465,3.62670373625,3.666124429036,
    3.705545121821,3.744965814606,3.784386507392,3.823807200177,
    3.863227892962,3.902648585748,3.942069278533,3.981489971318,
    4.020910664104,4.060331356889,4.099752049674,4.13917274246,
    4.178593435245,4.21801412803,4.257434820816,4.296855513601,
    4.336276206386),.QUASI_UNIFORM_KNOTS.);
#1613 = CARTESIAN_POINT('',(0.,12.95276769764));
#1614 = CARTESIAN_POINT('',(1.923826552155E-02,12.95089054901));
#1615 = CARTESIAN_POINT('',(5.770584973562E-02,12.945025594555));
#1616 = CARTESIAN_POINT('',(0.115338876579,12.929912447221));
#1617 = CARTESIAN_POINT('',(0.172858437068,12.908460975504));
#1618 = CARTESIAN_POINT('',(0.230232041928,12.880784596999));
#1619 = CARTESIAN_POINT('',(0.287432790645,12.847079366904));
#1620 = CARTESIAN_POINT('',(0.344439138187,12.807629490298));
#1621 = CARTESIAN_POINT('',(0.401232748319,12.762795821208));
#1622 = CARTESIAN_POINT('',(0.457798667275,12.713005776193));
#1623 = CARTESIAN_POINT('',(0.514119146554,12.658748817487));
#1624 = CARTESIAN_POINT('',(0.570219589661,12.600516056075));
#1625 = CARTESIAN_POINT('',(0.626119159514,12.538830668371));
#1626 = CARTESIAN_POINT('',(0.68184168965,12.474230332653));
#1627 = CARTESIAN_POINT('',(0.737413712998,12.407260508195));
#1628 = CARTESIAN_POINT('',(0.792864689408,12.338467367913));
#1629 = CARTESIAN_POINT('',(0.848227018925,12.268391824289));
#1630 = CARTESIAN_POINT('',(0.903535862792,12.197565044456));
#1631 = CARTESIAN_POINT('',(0.958831045586,12.126502431146));
#1632 = CARTESIAN_POINT('',(1.014145114518,12.05571632308));
#1633 = CARTESIAN_POINT('',(1.069514049283,11.985700028483));
#1634 = CARTESIAN_POINT('',(1.124968818481,11.916936557973));
#1635 = CARTESIAN_POINT('',(1.180537100041,11.849894093365));
#1636 = CARTESIAN_POINT('',(1.236243172534,11.785023638957));
#1637 = CARTESIAN_POINT('',(1.292108029589,11.722756166744));
#1638 = CARTESIAN_POINT('',(1.348149519623,11.663499607572));
#1639 = CARTESIAN_POINT('',(1.404381242409,11.607636813184));
#1640 = CARTESIAN_POINT('',(1.460815387508,11.55551948168));
#1641 = CARTESIAN_POINT('',(1.517455619685,11.50747169453));
#1642 = CARTESIAN_POINT('',(1.574286508508,11.463791490746));
#1643 = CARTESIAN_POINT('',(1.631296380377,11.424725849546));
#1644 = CARTESIAN_POINT('',(1.688471201998,11.390473970441));
#1645 = CARTESIAN_POINT('',(1.745795113873,11.361184230561));
#1646 = CARTESIAN_POINT('',(1.803248614487,11.336953037355));
#1647 = CARTESIAN_POINT('',(1.860808782773,11.317823043535));
#1648 = CARTESIAN_POINT('',(1.918442555127,11.303782638663));
#1649 = CARTESIAN_POINT('',(1.976130703817,11.294760299683));
#1650 = CARTESIAN_POINT('',(2.033848396498,11.290633488654));
#1651 = CARTESIAN_POINT('',(2.091573765304,11.291228798552));
#1652 = CARTESIAN_POINT('',(2.149287731291,11.29632680118));
#1653 = CARTESIAN_POINT('',(2.206971421774,11.305666311741));
#1654 = CARTESIAN_POINT('',(2.26461266404,11.318950524655));
#1655 = CARTESIAN_POINT('',(2.322201833502,11.335852611948));
#1656 = CARTESIAN_POINT('',(2.379734030576,11.356022001439));
#1657 = CARTESIAN_POINT('',(2.437207851859,11.379089944039));
#1658 = CARTESIAN_POINT('',(2.494624541596,11.404674694854));
#1659 = CARTESIAN_POINT('',(2.551988022118,11.432386859622));
#1660 = CARTESIAN_POINT('',(2.609301897334,11.461832694331));
#1661 = CARTESIAN_POINT('',(2.666581346295,11.492625319939));
#1662 = CARTESIAN_POINT('',(2.723834876776,11.524379841342));
#1663 = CARTESIAN_POINT('',(2.78107164697,11.556720986297));
#1664 = CARTESIAN_POINT('',(2.838301338684,11.589287228763));
#1665 = CARTESIAN_POINT('',(2.895533709437,11.621734509506));
#1666 = CARTESIAN_POINT('',(2.952778257966,11.653739882923));
#1667 = CARTESIAN_POINT('',(3.010043880662,11.685004955798));
#1668 = CARTESIAN_POINT('',(3.067338476268,11.715259084445));
#1669 = CARTESIAN_POINT('',(3.124668667868,11.74426235696));
#1670 = CARTESIAN_POINT('',(3.182038863649,11.771808045509));
#1671 = CARTESIAN_POINT('',(3.239452441578,11.797725520461));
#1672 = CARTESIAN_POINT('',(3.296904528617,11.821879732501));
#1673 = CARTESIAN_POINT('',(3.354415510965,11.844185611025));
#1674 = CARTESIAN_POINT('',(3.411970121722,11.864583879273));
#1675 = CARTESIAN_POINT('',(3.469558994322,11.883060109504));
#1676 = CARTESIAN_POINT('',(3.527175396355,11.899641527779));
#1677 = CARTESIAN_POINT('',(3.584814950181,11.914395068552));
#1678 = CARTESIAN_POINT('',(3.64247474853,11.927424508284));
#1679 = CARTESIAN_POINT('',(3.700152756764,11.938867342187));
#1680 = CARTESIAN_POINT('',(3.757847227338,11.948891302591));
#1681 = CARTESIAN_POINT('',(3.815556086225,11.957690605596));
#1682 = CARTESIAN_POINT('',(3.873276512936,11.965481986169));
#1683 = CARTESIAN_POINT('',(3.931003663451,11.972500460289));
#1684 = CARTESIAN_POINT('',(3.98873229846,11.978995225975));
#1685 = CARTESIAN_POINT('',(4.046447062228,11.985224304315));
#1686 = CARTESIAN_POINT('',(4.104154360389,11.991453252219));
#1687 = CARTESIAN_POINT('',(4.161866762248,11.997949694846));
#1688 = CARTESIAN_POINT('',(4.219574338611,12.004976052673));
#1689 = CARTESIAN_POINT('',(4.277275289508,12.012789004657));
#1690 = CARTESIAN_POINT('',(4.334966817551,12.021635036798));
#1691 = CARTESIAN_POINT('',(4.392646720979,12.031747181022));
#1692 = CARTESIAN_POINT('',(4.450312262107,12.043341617404));
#1693 = CARTESIAN_POINT('',(4.507959354699,12.056614342771));
#1694 = CARTESIAN_POINT('',(4.565583070813,12.071738420502));
#1695 = CARTESIAN_POINT('',(4.62317215688,12.088859549205));
#1696 = CARTESIAN_POINT('',(4.680726557543,12.10809878269));
#1697 = CARTESIAN_POINT('',(4.738239779827,12.129545503198));
#1698 = CARTESIAN_POINT('',(4.795703543822,12.153256293537));
#1699 = CARTESIAN_POINT('',(4.853113064013,12.179255426071));
#1700 = CARTESIAN_POINT('',(4.910464668491,12.207532983302));
#1701 = CARTESIAN_POINT('',(4.967755505613,12.238043699002));
#1702 = CARTESIAN_POINT('',(5.024983078252,12.270705934479));
#1703 = CARTESIAN_POINT('',(5.082143635983,12.305400042693));
#1704 = CARTESIAN_POINT('',(5.139235307493,12.341969702885));
#1705 = CARTESIAN_POINT('',(5.196264672516,12.380226813213));
#1706 = CARTESIAN_POINT('',(5.253238566962,12.419946926691));
#1707 = CARTESIAN_POINT('',(5.31016656669,12.460871279204));
#1708 = CARTESIAN_POINT('',(5.367059827062,12.502706745041));
#1709 = CARTESIAN_POINT('',(5.423931020733,12.545126653086));
#1710 = CARTESIAN_POINT('',(5.480794039141,12.58777175236));
#1711 = CARTESIAN_POINT('',(5.537663927757,12.630251709717));
#1712 = CARTESIAN_POINT('',(5.594556392052,12.672146790516));
#1713 = CARTESIAN_POINT('',(5.651488954604,12.71301120693));
#1714 = CARTESIAN_POINT('',(5.70847602453,12.752373015109));
#1715 = CARTESIAN_POINT('',(5.765546700399,12.789750022465));
#1716 = CARTESIAN_POINT('',(5.822717572159,12.824634867245));
#1717 = CARTESIAN_POINT('',(5.879986982247,12.856501159673));
#1718 = CARTESIAN_POINT('',(5.937355675598,12.884825925928));
#1719 = CARTESIAN_POINT('',(5.994820554614,12.909095398069));
#1720 = CARTESIAN_POINT('',(6.052375415207,12.928817190788));
#1721 = CARTESIAN_POINT('',(6.110009707882,12.943531300354));
#1722 = CARTESIAN_POINT('',(6.167707118987,12.952826033078));
#1723 = CARTESIAN_POINT('',(6.225445424614,12.956340865113));
#1724 = CARTESIAN_POINT('',(6.263941519129,12.954660945296));
#1725 = CARTESIAN_POINT('',(6.28318530718,12.95276769764));
#1726 = ( GEOMETRIC_REPRESENTATION_CONTEXT(2) 
PARAMETRIC_REPRESENTATION_CONTEXT() REPRESENTATION_CONTEXT('2D SPACE',''
  ) );
#1727 = FACE_BOUND('',#1728,.F.);
#1728 = EDGE_LOOP('',(#1729));
#1729 = ORIENTED_EDGE('',*,*,#1730,.F.);
#1730 = EDGE_CURVE('',#1731,#1731,#1733,.T.);
#1731 = VERTEX_POINT('',#1732);
#1732 = CARTESIAN_POINT('',(6.,-7.04723230236,-110.));
#1733 = SURFACE_CURVE('',#1734,(#1814,#1931),.PCURVE_S1.);
#1734 = B_SPLINE_CURVE_WITH_KNOTS('',8,(#1735,#1736,#1737,#1738,#1739,
    #1740,#1741,#1742,#1743,#1744,#1745,#1746,#1747,#1748,#1749,#1750,
    #1751,#1752,#1753,#1754,#1755,#1756,#1757,#1758,#1759,#1760,#1761,
    #1762,#1763,#1764,#1765,#1766,#1767,#1768,#1769,#1770,#1771,#1772,
    #1773,#1774,#1775,#1776,#1777,#1778,#1779,#1780,#1781,#1782,#1783,
    #1784,#1785,#1786,#1787,#1788,#1789,#1790,#1791,#1792,#1793,#1794,
    #1795,#1796,#1797,#1798,#1799,#1800,#1801,#1802,#1803,#1804,#1805,
    #1806,#1807,#1808,#1809,#1810,#1811,#1812,#1813),.UNSPECIFIED.,.T.,
  .F.,(9,7,7,7,7,7,7,7,7,7,7,9),(0.,0.174247814672,0.28645443526,
    0.409920294024,0.525266306425,0.661015048694,0.803007449401,
    0.92638144346,1.,1.080942648839,1.207709227057,1.336193885927),
  .UNSPECIFIED.);
#1735 = CARTESIAN_POINT('',(6.,-7.04723230236,-110.));
#1736 = CARTESIAN_POINT('',(6.,-7.037077774206,-110.6216023548));
#1737 = CARTESIAN_POINT('',(5.926401173322,-7.04988889744,
    -111.2435346216));
#1738 = CARTESIAN_POINT('',(5.779073730419,-7.084357497409,
    -111.8531556311));
#1739 = CARTESIAN_POINT('',(5.561177648733,-7.13662335577,
    -112.4400866259));
#1740 = CARTESIAN_POINT('',(5.276945880311,-7.201610267383,
    -112.9952925078));
#1741 = CARTESIAN_POINT('',(4.93173179297,-7.274423782422,-113.510843795
    ));
#1742 = CARTESIAN_POINT('',(4.531616887683,-7.350759935756,
    -113.9797697935));
#1743 = CARTESIAN_POINT('',(3.794893609865,-7.476296933483,
    -114.6641096032));
#1744 = CARTESIAN_POINT('',(3.486175455456,-7.525519954311,
    -114.9105461149));
#1745 = CARTESIAN_POINT('',(3.15907452224,-7.573861590083,
    -115.1337123471));
#1746 = CARTESIAN_POINT('',(2.815494800752,-7.620523818423,
    -115.3320962897));
#1747 = CARTESIAN_POINT('',(2.457495857238,-7.66485631703,
    -115.5043215245));
#1748 = CARTESIAN_POINT('',(2.087305689232,-7.706364362396,
    -115.6491704489));
#1749 = CARTESIAN_POINT('',(1.707340203411,-7.744709408856,
    -115.7656282333));
#1750 = CARTESIAN_POINT('',(0.894274252286,-7.818206611424,
    -115.9490287341));
#1751 = CARTESIAN_POINT('',(0.459507998828,-7.852666736975,
    -116.0098668177));
#1752 = CARTESIAN_POINT('',(1.956972502333E-02,-7.882814379413,
    -116.0343915691));
#1753 = CARTESIAN_POINT('',(-0.421887782044,-7.90863769924,
    -116.0220684989));
#1754 = CARTESIAN_POINT('',(-0.861202319641,-7.930353160844,
    -115.9728130473));
#1755 = CARTESIAN_POINT('',(-1.294711444071,-7.948372761915,
    -115.8869668586));
#1756 = CARTESIAN_POINT('',(-1.718766618311,-7.963266694136,
    -115.7653361029));
#1757 = CARTESIAN_POINT('',(-2.513709191383,-7.98735707859,
    -115.4635099818));
#1758 = CARTESIAN_POINT('',(-2.886415691811,-7.996868107848,
    -115.2876330095));
#1759 = CARTESIAN_POINT('',(-3.244992953391,-8.004813249994,
    -115.0827068707));
#1760 = CARTESIAN_POINT('',(-3.586782117547,-8.011839937965,
    -114.8500943554));
#1761 = CARTESIAN_POINT('',(-3.909315122183,-8.018645562638,
    -114.5914253445));
#1762 = CARTESIAN_POINT('',(-4.210307857723,-8.025933498734,
    -114.3085775373));
#1763 = CARTESIAN_POINT('',(-4.48767570465,-8.034363904547,
    -114.0036876637));
#1764 = CARTESIAN_POINT('',(-5.036023234879,-8.056427463162,
    -113.2973011887));
#1765 = CARTESIAN_POINT('',(-5.297365560968,-8.070723846185,
    -112.8880353142));
#1766 = CARTESIAN_POINT('',(-5.52041049422,-8.088304943341,
    -112.4554579218));
#1767 = CARTESIAN_POINT('',(-5.702767306797,-8.109908702313,
    -112.0039108434));
#1768 = CARTESIAN_POINT('',(-5.842683078999,-8.135979244293,
    -111.5379187054));
#1769 = CARTESIAN_POINT('',(-5.938979356815,-8.166583014509,
    -111.0621512351));
#1770 = CARTESIAN_POINT('',(-5.991083642163,-8.201373798008,
    -110.5814249182));
#1771 = CARTESIAN_POINT('',(-6.00759655088,-8.279633572434,
    -109.5979143987));
#1772 = CARTESIAN_POINT('',(-5.967865625171,-8.323447398066,
    -109.0948889245));
#1773 = CARTESIAN_POINT('',(-5.880073345934,-8.370266689094,
    -108.5970153529));
#1774 = CARTESIAN_POINT('',(-5.745036907362,-8.418883605957,
    -108.1093947666));
#1775 = CARTESIAN_POINT('',(-5.564107063969,-8.467747740329,
    -107.6369062761));
#1776 = CARTESIAN_POINT('',(-5.339108988127,-8.515074265388,
    -107.1842420137));
#1777 = CARTESIAN_POINT('',(-5.072376870877,-8.558975103171,
    -106.7559167445));
#1778 = CARTESIAN_POINT('',(-4.501409170572,-8.631149870981,
    -106.0089625152));
#1779 = CARTESIAN_POINT('',(-4.206542211738,-8.660735169472,
    -105.6831376623));
#1780 = CARTESIAN_POINT('',(-3.884310283747,-8.685106437925,
    -105.3818319978));
#1781 = CARTESIAN_POINT('',(-3.537135737025,-8.703058282332,
    -105.1078256262));
#1782 = CARTESIAN_POINT('',(-3.167803045491,-8.713501824908,
    -104.8636101108));
#1783 = CARTESIAN_POINT('',(-2.779470148176,-8.715537253151,
    -104.6513724103));
#1784 = CARTESIAN_POINT('',(-2.375726533178,-8.708538257422,
    -104.4729081717));
#1785 = CARTESIAN_POINT('',(-1.713083239547,-8.682555742808,
    -104.2437857763));
#1786 = CARTESIAN_POINT('',(-1.46137607657,-8.669541481162,
    -104.1705900472));
#1787 = CARTESIAN_POINT('',(-1.20645828928,-8.65316865964,
    -104.1100810884));
#1788 = CARTESIAN_POINT('',(-0.949181607617,-8.633427584257,
    -104.0624181125));
#1789 = CARTESIAN_POINT('',(-0.690388090139,-8.610352855391,
    -104.0276764476));
#1790 = CARTESIAN_POINT('',(-0.430908200875,-8.58402278883,
    -104.0058564299));
#1791 = CARTESIAN_POINT('',(-0.171559833474,-8.55455855533,
    -103.9968876615));
#1792 = CARTESIAN_POINT('',(0.370971868546,-8.486460608471,
    -104.0047417861));
#1793 = CARTESIAN_POINT('',(0.653990822968,-8.447202334966,
    -104.0242200388));
#1794 = CARTESIAN_POINT('',(0.93487519178,-8.404558711925,
    -104.0588812165));
#1795 = CARTESIAN_POINT('',(1.21267210767,-8.358790530749,
    -104.1084538795));
#1796 = CARTESIAN_POINT('',(1.486502757473,-8.31020126727,
    -104.1726027229));
#1797 = CARTESIAN_POINT('',(1.755556401731,-8.259129906787,
    -104.2509494699));
#1798 = CARTESIAN_POINT('',(2.019084881195,-8.205944207346,
    -104.3430892589));
#1799 = CARTESIAN_POINT('',(2.679382373744,-8.065038596501,
    -104.613849845));
#1800 = CARTESIAN_POINT('',(3.06697898898,-7.974844047725,
    -104.8118404945));
#1801 = CARTESIAN_POINT('',(3.436839596341,-7.881894967476,
    -105.0410449214));
#1802 = CARTESIAN_POINT('',(3.786687925164,-7.78779204073,
    -105.2998930181));
#1803 = CARTESIAN_POINT('',(4.114315485812,-7.694275915967,
    -105.5867602133));
#1804 = CARTESIAN_POINT('',(4.417565376878,-7.603182776258,
    -105.8999529487));
#1805 = CARTESIAN_POINT('',(4.694303707545,-7.516371990392,
    -106.237693542));
#1806 = CARTESIAN_POINT('',(5.193815748038,-7.353785336709,
    -106.9634000167));
#1807 = CARTESIAN_POINT('',(5.415989370002,-7.278115220532,
    -107.3522493286));
#1808 = CARTESIAN_POINT('',(5.606083982555,-7.210650095252,
    -107.762022706));
#1809 = CARTESIAN_POINT('',(5.761543954687,-7.153288807629,
    -108.1896670048));
#1810 = CARTESIAN_POINT('',(5.880137586655,-7.107619880714,
    -108.6316674123));
#1811 = CARTESIAN_POINT('',(5.9600277156,-7.074672381464,-109.0839752515
    ));
#1812 = CARTESIAN_POINT('',(6.,-7.054715773563,-109.5419045324));
#1813 = CARTESIAN_POINT('',(6.,-7.04723230236,-110.));
#1814 = PCURVE('',#32,#1815);
#1815 = DEFINITIONAL_REPRESENTATION('',(#1816),#1930);
#1816 = B_SPLINE_CURVE_WITH_KNOTS('',3,(#1817,#1818,#1819,#1820,#1821,
    #1822,#1823,#1824,#1825,#1826,#1827,#1828,#1829,#1830,#1831,#1832,
    #1833,#1834,#1835,#1836,#1837,#1838,#1839,#1840,#1841,#1842,#1843,
    #1844,#1845,#1846,#1847,#1848,#1849,#1850,#1851,#1852,#1853,#1854,
    #1855,#1856,#1857,#1858,#1859,#1860,#1861,#1862,#1863,#1864,#1865,
    #1866,#1867,#1868,#1869,#1870,#1871,#1872,#1873,#1874,#1875,#1876,
    #1877,#1878,#1879,#1880,#1881,#1882,#1883,#1884,#1885,#1886,#1887,
    #1888,#1889,#1890,#1891,#1892,#1893,#1894,#1895,#1896,#1897,#1898,
    #1899,#1900,#1901,#1902,#1903,#1904,#1905,#1906,#1907,#1908,#1909,
    #1910,#1911,#1912,#1913,#1914,#1915,#1916,#1917,#1918,#1919,#1920,
    #1921,#1922,#1923,#1924,#1925,#1926,#1927,#1928,#1929),
  .UNSPECIFIED.,.T.,.F.,(4,1,1,1,1,1,1,1,1,1,1,1,1,1,1,1,1,1,1,1,1,1,1,1
    ,1,1,1,1,1,1,1,1,1,1,1,1,1,1,1,1,1,1,1,1,1,1,1,1,1,1,1,1,1,1,1,1,1,1
    ,1,1,1,1,1,1,1,1,1,1,1,1,1,1,1,1,1,1,1,1,1,1,1,1,1,1,1,1,1,1,1,1,1,1
    ,1,1,1,1,1,1,1,1,1,1,1,1,1,1,1,1,1,1,4),(0.,1.214721714479E-02,
    2.429443428959E-02,3.644165143438E-02,4.858886857918E-02,
    6.073608572397E-02,7.288330286877E-02,8.503052001356E-02,
    9.717773715836E-02,0.109324954303,0.121472171448,0.133619388593,
    0.145766605738,0.157913822882,0.170061040027,0.182208257172,
    0.194355474317,0.206502691462,0.218649908606,0.230797125751,
    0.242944342896,0.255091560041,0.267238777185,0.27938599433,
    0.291533211475,0.30368042862,0.315827645765,0.327974862909,
    0.340122080054,0.352269297199,0.364416514344,0.376563731489,
    0.388710948633,0.400858165778,0.413005382923,0.425152600068,
    0.437299817213,0.449447034357,0.461594251502,0.473741468647,
    0.485888685792,0.498035902937,0.510183120081,0.522330337226,
    0.534477554371,0.546624771516,0.558771988661,0.570919205805,
    0.58306642295,0.595213640095,0.60736085724,0.619508074385,
    0.631655291529,0.643802508674,0.655949725819,0.668096942964,
    0.680244160109,0.692391377253,0.704538594398,0.716685811543,
    0.728833028688,0.740980245832,0.753127462977,0.765274680122,
    0.777421897267,0.789569114412,0.801716331556,0.813863548701,
    0.826010765846,0.838157982991,0.850305200136,0.86245241728,
    0.874599634425,0.88674685157,0.898894068715,0.91104128586,
    0.923188503004,0.935335720149,0.947482937294,0.959630154439,
    0.971777371584,0.983924588728,0.996071805873,1.008219023018,
    1.020366240163,1.032513457308,1.044660674452,1.056807891597,
    1.068955108742,1.081102325887,1.093249543032,1.105396760176,
    1.117543977321,1.129691194466,1.141838411611,1.153985628756,
    1.1661328459,1.178280063045,1.19042728019,1.202574497335,
    1.214721714479,1.226868931624,1.239016148769,1.251163365914,
    1.263310583059,1.275457800203,1.287605017348,1.299752234493,
    1.311899451638,1.324046668783,1.336193885927),
  .QUASI_UNIFORM_KNOTS.);
#1817 = CARTESIAN_POINT('',(0.840812342419,0.876958263803));
#1818 = CARTESIAN_POINT('',(0.840644460799,0.877748427458));
#1819 = CARTESIAN_POINT('',(0.840231985046,0.879328778621));
#1820 = CARTESIAN_POINT('',(0.839388740158,0.881690429492));
#1821 = CARTESIAN_POINT('',(0.838325990205,0.884034058319));
#1822 = CARTESIAN_POINT('',(0.837050791697,0.886351214526));
#1823 = CARTESIAN_POINT('',(0.835571201809,0.888633842333));
#1824 = CARTESIAN_POINT('',(0.833896255066,0.890874309751));
#1825 = CARTESIAN_POINT('',(0.832035701158,0.893065357538));
#1826 = CARTESIAN_POINT('',(0.829999837218,0.895200076782));
#1827 = CARTESIAN_POINT('',(0.82779934462,0.897271885057));
#1828 = CARTESIAN_POINT('',(0.825445153686,0.899274508158));
#1829 = CARTESIAN_POINT('',(0.82294832838,0.901201965431));
#1830 = CARTESIAN_POINT('',(0.820319973841,0.903048556214));
#1831 = CARTESIAN_POINT('',(0.817571157484,0.90480885653));
#1832 = CARTESIAN_POINT('',(0.814712872297,0.906477689681));
#1833 = CARTESIAN_POINT('',(0.81175593262,0.908050205313));
#1834 = CARTESIAN_POINT('',(0.808708920845,0.909522724044));
#1835 = CARTESIAN_POINT('',(0.805582499545,0.910890498012));
#1836 = CARTESIAN_POINT('',(0.802386822041,0.912149251955));
#1837 = CARTESIAN_POINT('',(0.799132083122,0.913294873341));
#1838 = CARTESIAN_POINT('',(0.795828399278,0.914323514628));
#1839 = CARTESIAN_POINT('',(0.792485873033,0.915231591265));
#1840 = CARTESIAN_POINT('',(0.789114630672,0.916015812075));
#1841 = CARTESIAN_POINT('',(0.785724816865,0.916673211932));
#1842 = CARTESIAN_POINT('',(0.782326818374,0.917201170645));
#1843 = CARTESIAN_POINT('',(0.778930210245,0.917597572702));
#1844 = CARTESIAN_POINT('',(0.775545717688,0.917860568101));
#1845 = CARTESIAN_POINT('',(0.772183685424,0.917988872113));
#1846 = CARTESIAN_POINT('',(0.768854278675,0.917981702334));
#1847 = CARTESIAN_POINT('',(0.765567481645,0.917838775933));
#1848 = CARTESIAN_POINT('',(0.762333145754,0.917560301294));
#1849 = CARTESIAN_POINT('',(0.759161009697,0.917146978596));
#1850 = CARTESIAN_POINT('',(0.756060747736,0.916600016889));
#1851 = CARTESIAN_POINT('',(0.753041895793,0.915921122812));
#1852 = CARTESIAN_POINT('',(0.750114198373,0.915112632646));
#1853 = CARTESIAN_POINT('',(0.747286179856,0.914177093716));
#1854 = CARTESIAN_POINT('',(0.744566641471,0.913117586391));
#1855 = CARTESIAN_POINT('',(0.741964216045,0.911937675134));
#1856 = CARTESIAN_POINT('',(0.739487144008,0.910641301083));
#1857 = CARTESIAN_POINT('',(0.737143347922,0.909232792054));
#1858 = CARTESIAN_POINT('',(0.734940409666,0.90771684712));
#1859 = CARTESIAN_POINT('',(0.732885563043,0.906098540008));
#1860 = CARTESIAN_POINT('',(0.730985649746,0.904383307039));
#1861 = CARTESIAN_POINT('',(0.729247137982,0.902577012428));
#1862 = CARTESIAN_POINT('',(0.727675863109,0.900685753851));
#1863 = CARTESIAN_POINT('',(0.726276893559,0.89871554343));
#1864 = CARTESIAN_POINT('',(0.725055302214,0.896673468687));
#1865 = CARTESIAN_POINT('',(0.724015181131,0.894566579081));
#1866 = CARTESIAN_POINT('',(0.723159900696,0.892402129856));
#1867 = CARTESIAN_POINT('',(0.722492054853,0.890187499095));
#1868 = CARTESIAN_POINT('',(0.722013482687,0.887930196293));
#1869 = CARTESIAN_POINT('',(0.721725262565,0.885637851089));
#1870 = CARTESIAN_POINT('',(0.72162770924,0.883318207751));
#1871 = CARTESIAN_POINT('',(0.721720360494,0.880979132901));
#1872 = CARTESIAN_POINT('',(0.722001979854,0.878628579488));
#1873 = CARTESIAN_POINT('',(0.722470484509,0.876274725993));
#1874 = CARTESIAN_POINT('',(0.723123323927,0.873924669737));
#1875 = CARTESIAN_POINT('',(0.72395729616,0.871586035544));
#1876 = CARTESIAN_POINT('',(0.724968681336,0.869266201667));
#1877 = CARTESIAN_POINT('',(0.726153296744,0.866972430811));
#1878 = CARTESIAN_POINT('',(0.727506551437,0.864711844244));
#1879 = CARTESIAN_POINT('',(0.729023493013,0.86249143649));
#1880 = CARTESIAN_POINT('',(0.730698846567,0.860318078443));
#1881 = CARTESIAN_POINT('',(0.732527049614,0.858198519063));
#1882 = CARTESIAN_POINT('',(0.73450226455,0.85613939629));
#1883 = CARTESIAN_POINT('',(0.736618435639,0.854147203574));
#1884 = CARTESIAN_POINT('',(0.738869138398,0.852228414939));
#1885 = CARTESIAN_POINT('',(0.741248160669,0.850389009709));
#1886 = CARTESIAN_POINT('',(0.743748945784,0.848635014866));
#1887 = CARTESIAN_POINT('',(0.746363786177,0.846972879888));
#1888 = CARTESIAN_POINT('',(0.749084970503,0.845408545637));
#1889 = CARTESIAN_POINT('',(0.751904476482,0.843947678287));
#1890 = CARTESIAN_POINT('',(0.754814031183,0.842595589992));
#1891 = CARTESIAN_POINT('',(0.757805057951,0.841357234281));
#1892 = CARTESIAN_POINT('',(0.760868634543,0.840237171878));
#1893 = CARTESIAN_POINT('',(0.763995439714,0.839239528251));
#1894 = CARTESIAN_POINT('',(0.767175649125,0.838367954212));
#1895 = CARTESIAN_POINT('',(0.770398953987,0.837625515182));
#1896 = CARTESIAN_POINT('',(0.773655691555,0.83701443814));
#1897 = CARTESIAN_POINT('',(0.776935379622,0.836536446818));
#1898 = CARTESIAN_POINT('',(0.780227920231,0.836192486631));
#1899 = CARTESIAN_POINT('',(0.783523262708,0.835982848788));
#1900 = CARTESIAN_POINT('',(0.786811447155,0.835907186695));
#1901 = CARTESIAN_POINT('',(0.790082486163,0.835964531911));
#1902 = CARTESIAN_POINT('',(0.793327184951,0.836153369397));
#1903 = CARTESIAN_POINT('',(0.7965364085,0.836471730001));
#1904 = CARTESIAN_POINT('',(0.799701423127,0.836917260116));
#1905 = CARTESIAN_POINT('',(0.80281376551,0.837487302043));
#1906 = CARTESIAN_POINT('',(0.805865160054,0.838178943816));
#1907 = CARTESIAN_POINT('',(0.808847653231,0.838989137531));
#1908 = CARTESIAN_POINT('',(0.811752875357,0.839914531468));
#1909 = CARTESIAN_POINT('',(0.814573268666,0.840951884836));
#1910 = CARTESIAN_POINT('',(0.817301499847,0.842098072369));
#1911 = CARTESIAN_POINT('',(0.819929819228,0.843349875967));
#1912 = CARTESIAN_POINT('',(0.82245023011,0.844704033846));
#1913 = CARTESIAN_POINT('',(0.824854446382,0.846157220347));
#1914 = CARTESIAN_POINT('',(0.82713391463,0.847706045279));
#1915 = CARTESIAN_POINT('',(0.829279822321,0.849347044136));
#1916 = CARTESIAN_POINT('',(0.831283133788,0.851076684868));
#1917 = CARTESIAN_POINT('',(0.833134569202,0.852891317145));
#1918 = CARTESIAN_POINT('',(0.834824826974,0.854787334639));
#1919 = CARTESIAN_POINT('',(0.836344472954,0.856761188222));
#1920 = CARTESIAN_POINT('',(0.837682615946,0.858807074197));
#1921 = CARTESIAN_POINT('',(0.838829268547,0.860919117063));
#1922 = CARTESIAN_POINT('',(0.839775072963,0.863090916024));
#1923 = CARTESIAN_POINT('',(0.840511604295,0.86531563825));
#1924 = CARTESIAN_POINT('',(0.841031546483,0.86758595975));
#1925 = CARTESIAN_POINT('',(0.841328897519,0.869894050093));
#1926 = CARTESIAN_POINT('',(0.841399273558,0.872231515418));
#1927 = CARTESIAN_POINT('',(0.841239865313,0.874589446049));
#1928 = CARTESIAN_POINT('',(0.840980455889,0.87616852826));
#1929 = CARTESIAN_POINT('',(0.840812342419,0.876958263803));
#1930 = ( GEOMETRIC_REPRESENTATION_CONTEXT(2) 
PARAMETRIC_REPRESENTATION_CONTEXT() REPRESENTATION_CONTEXT('2D SPACE',''
  ) );
#1931 = PCURVE('',#1932,#1937);
#1932 = CYLINDRICAL_SURFACE('',#1933,6.);
#1933 = AXIS2_PLACEMENT_3D('',#1934,#1935,#1936);
#1934 = CARTESIAN_POINT('',(0.,20.,-110.));
#1935 = DIRECTION('',(0.,-1.,2.22044604925E-16));
#1936 = DIRECTION('',(1.,0.,0.));
#1937 = DEFINITIONAL_REPRESENTATION('',(#1938),#2052);
#1938 = B_SPLINE_CURVE_WITH_KNOTS('',3,(#1939,#1940,#1941,#1942,#1943,
    #1944,#1945,#1946,#1947,#1948,#1949,#1950,#1951,#1952,#1953,#1954,
    #1955,#1956,#1957,#1958,#1959,#1960,#1961,#1962,#1963,#1964,#1965,
    #1966,#1967,#1968,#1969,#1970,#1971,#1972,#1973,#1974,#1975,#1976,
    #1977,#1978,#1979,#1980,#1981,#1982,#1983,#1984,#1985,#1986,#1987,
    #1988,#1989,#1990,#1991,#1992,#1993,#1994,#1995,#1996,#1997,#1998,
    #1999,#2000,#2001,#2002,#2003,#2004,#2005,#2006,#2007,#2008,#2009,
    #2010,#2011,#2012,#2013,#2014,#2015,#2016,#2017,#2018,#2019,#2020,
    #2021,#2022,#2023,#2024,#2025,#2026,#2027,#2028,#2029,#2030,#2031,
    #2032,#2033,#2034,#2035,#2036,#2037,#2038,#2039,#2040,#2041,#2042,
    #2043,#2044,#2045,#2046,#2047,#2048,#2049,#2050,#2051),
  .UNSPECIFIED.,.F.,.F.,(4,1,1,1,1,1,1,1,1,1,1,1,1,1,1,1,1,1,1,1,1,1,1,1
    ,1,1,1,1,1,1,1,1,1,1,1,1,1,1,1,1,1,1,1,1,1,1,1,1,1,1,1,1,1,1,1,1,1,1
    ,1,1,1,1,1,1,1,1,1,1,1,1,1,1,1,1,1,1,1,1,1,1,1,1,1,1,1,1,1,1,1,1,1,1
    ,1,1,1,1,1,1,1,1,1,1,1,1,1,1,1,1,1,1,4),(0.,1.214721714479E-02,
    2.429443428959E-02,3.644165143438E-02,4.858886857918E-02,
    6.073608572397E-02,7.288330286877E-02,8.503052001356E-02,
    9.717773715836E-02,0.109324954303,0.121472171448,0.133619388593,
    0.145766605738,0.157913822882,0.170061040027,0.182208257172,
    0.194355474317,0.206502691462,0.218649908606,0.230797125751,
    0.242944342896,0.255091560041,0.267238777185,0.27938599433,
    0.291533211475,0.30368042862,0.315827645765,0.327974862909,
    0.340122080054,0.352269297199,0.364416514344,0.376563731489,
    0.388710948633,0.400858165778,0.413005382923,0.425152600068,
    0.437299817213,0.449447034357,0.461594251502,0.473741468647,
    0.485888685792,0.498035902937,0.510183120081,0.522330337226,
    0.534477554371,0.546624771516,0.558771988661,0.570919205805,
    0.58306642295,0.595213640095,0.60736085724,0.619508074385,
    0.631655291529,0.643802508674,0.655949725819,0.668096942964,
    0.680244160109,0.692391377253,0.704538594398,0.716685811543,
    0.728833028688,0.740980245832,0.753127462977,0.765274680122,
    0.777421897267,0.789569114412,0.801716331556,0.813863548701,
    0.826010765846,0.838157982991,0.850305200136,0.86245241728,
    0.874599634425,0.88674685157,0.898894068715,0.91104128586,
    0.923188503004,0.935335720149,0.947482937294,0.959630154439,
    0.971777371584,0.983924588728,0.996071805873,1.008219023018,
    1.020366240163,1.032513457308,1.044660674452,1.056807891597,
    1.068955108742,1.081102325887,1.093249543032,1.105396760176,
    1.117543977321,1.129691194466,1.141838411611,1.153985628756,
    1.1661328459,1.178280063045,1.19042728019,1.202574497335,
    1.214721714479,1.226868931624,1.239016148769,1.251163365914,
    1.263310583059,1.275457800203,1.287605017348,1.299752234493,
    1.311899451638,1.324046668783,1.336193885927),
  .QUASI_UNIFORM_KNOTS.);
#1939 = CARTESIAN_POINT('',(6.28318530718,27.04723230236));
#1940 = CARTESIAN_POINT('',(6.263925104042,27.045337619178));
#1941 = CARTESIAN_POINT('',(6.225403375838,27.043658447018));
#1942 = CARTESIAN_POINT('',(6.16764412787,27.04718059017));
#1943 = CARTESIAN_POINT('',(6.109939353462,27.056483346802));
#1944 = CARTESIAN_POINT('',(6.052306814995,27.07120355242));
#1945 = CARTESIAN_POINT('',(5.994758277975,27.090928705148));
#1946 = CARTESIAN_POINT('',(5.937299675785,27.115199913702));
#1947 = CARTESIAN_POINT('',(5.879932723777,27.143527341068));
#1948 = CARTESIAN_POINT('',(5.822655779045,27.175401035853));
#1949 = CARTESIAN_POINT('',(5.765464623393,27.210301585273));
#1950 = CARTESIAN_POINT('',(5.708353057137,27.247709300259));
#1951 = CARTESIAN_POINT('',(5.651313367474,27.28711224457));
#1952 = CARTESIAN_POINT('',(5.594336744997,27.328012987066));
#1953 = CARTESIAN_POINT('',(5.537413461104,27.369934335384));
#1954 = CARTESIAN_POINT('',(5.480533638446,27.412423475106));
#1955 = CARTESIAN_POINT('',(5.423685645798,27.455057145419));
#1956 = CARTESIAN_POINT('',(5.366820027059,27.4974711028));
#1957 = CARTESIAN_POINT('',(5.309931481062,27.539299829467));
#1958 = CARTESIAN_POINT('',(5.253007237477,27.580216992077));
#1959 = CARTESIAN_POINT('',(5.196038031306,27.619928308508));
#1960 = CARTESIAN_POINT('',(5.139015482658,27.658174493546));
#1961 = CARTESIAN_POINT('',(5.081933109791,27.694731236191));
#1962 = CARTESIAN_POINT('',(5.024786720702,27.729409546371));
#1963 = CARTESIAN_POINT('',(4.967574139294,27.762056167202));
#1964 = CARTESIAN_POINT('',(4.91029884529,27.792551930397));
#1965 = CARTESIAN_POINT('',(4.852952122488,27.820820616093));
#1966 = CARTESIAN_POINT('',(4.795546092995,27.846811758494));
#1967 = CARTESIAN_POINT('',(4.73808808221,27.870513971974));
#1968 = CARTESIAN_POINT('',(4.680584113444,27.891951439169));
#1969 = CARTESIAN_POINT('',(4.62303895095,27.911182351399));
#1970 = CARTESIAN_POINT('',(4.565457007885,27.928296714233));
#1971 = CARTESIAN_POINT('',(4.507842824653,27.943414238925));
#1972 = CARTESIAN_POINT('',(4.450202254472,27.956682024055));
#1973 = CARTESIAN_POINT('',(4.392541387157,27.968272489242));
#1974 = CARTESIAN_POINT('',(4.334874226977,27.978380009177));
#1975 = CARTESIAN_POINT('',(4.277194825762,27.987222502739));
#1976 = CARTESIAN_POINT('',(4.219506132321,27.995032629791));
#1977 = CARTESIAN_POINT('',(4.161812719014,28.002056527358));
#1978 = CARTESIAN_POINT('',(4.104116481631,28.008550832001));
#1979 = CARTESIAN_POINT('',(4.046418676692,28.014778736708));
#1980 = CARTESIAN_POINT('',(3.988720128354,28.021006129424));
#1981 = CARTESIAN_POINT('',(3.93102203934,28.027497508178));
#1982 = CARTESIAN_POINT('',(3.873326082974,28.034511845868));
#1983 = CARTESIAN_POINT('',(3.815636887722,28.04229801747));
#1984 = CARTESIAN_POINT('',(3.757956038724,28.051091165597));
#1985 = CARTESIAN_POINT('',(3.700274703799,28.061110123803));
#1986 = CARTESIAN_POINT('',(3.642607941818,28.072547402391));
#1987 = CARTESIAN_POINT('',(3.584961282472,28.085569877133));
#1988 = CARTESIAN_POINT('',(3.527339792079,28.100314046877));
#1989 = CARTESIAN_POINT('',(3.469746607,28.11688312023));
#1990 = CARTESIAN_POINT('',(3.412184170807,28.135344172859));
#1991 = CARTESIAN_POINT('',(3.354654702209,28.155725873178));
#1992 = CARTESIAN_POINT('',(3.29716077791,28.178016737617));
#1993 = CARTESIAN_POINT('',(3.239706198181,28.202163766805));
#1994 = CARTESIAN_POINT('',(3.182295803863,28.228072289871));
#1995 = CARTESIAN_POINT('',(3.124939608136,28.255604050591));
#1996 = CARTESIAN_POINT('',(3.067621779138,28.284594362105));
#1997 = CARTESIAN_POINT('',(3.010340331848,28.314835723987));
#1998 = CARTESIAN_POINT('',(2.953088658339,28.34608843647));
#1999 = CARTESIAN_POINT('',(2.895859092281,28.378082047799));
#2000 = CARTESIAN_POINT('',(2.838642566371,28.410518623804));
#2001 = CARTESIAN_POINT('',(2.781429220326,28.443075842004));
#2002 = CARTESIAN_POINT('',(2.724208717255,28.475410399635));
#2003 = CARTESIAN_POINT('',(2.666970520649,28.507161624102));
#2004 = CARTESIAN_POINT('',(2.60970450808,28.537955090816));
#2005 = CARTESIAN_POINT('',(2.552400303112,28.567406988467));
#2006 = CARTESIAN_POINT('',(2.495051550362,28.59512631494));
#2007 = CARTESIAN_POINT('',(2.437641962788,28.62072567935));
#2008 = CARTESIAN_POINT('',(2.380161008953,28.64381709665));
#2009 = CARTESIAN_POINT('',(2.322619772678,28.664012448472));
#2010 = CARTESIAN_POINT('',(2.265023415321,28.680941500274));
#2011 = CARTESIAN_POINT('',(2.207379334608,28.694253233928));
#2012 = CARTESIAN_POINT('',(2.149695974272,28.703621649224));
#2013 = CARTESIAN_POINT('',(2.091984193568,28.708750535408));
#2014 = CARTESIAN_POINT('',(2.034258124554,28.709378757178));
#2015 = CARTESIAN_POINT('',(1.976536190935,28.705285753275));
#2016 = CARTESIAN_POINT('',(1.918843024259,28.696297287683));
#2017 = CARTESIAN_POINT('',(1.861209066461,28.682291972272));
#2018 = CARTESIAN_POINT('',(1.803651050044,28.663198483919));
#2019 = CARTESIAN_POINT('',(1.746198735059,28.639003890202));
#2020 = CARTESIAN_POINT('',(1.688873874711,28.609749524112));
#2021 = CARTESIAN_POINT('',(1.631696827958,28.575531383238));
#2022 = CARTESIAN_POINT('',(1.57468613236,28.536499013772));
#2023 = CARTESIAN_POINT('',(1.517860909352,28.492855884048));
#2024 = CARTESIAN_POINT('',(1.461226862197,28.444845189983));
#2025 = CARTESIAN_POINT('',(1.404788987081,28.392754461204));
#2026 = CARTESIAN_POINT('',(1.348545491417,28.336907028336));
#2027 = CARTESIAN_POINT('',(1.292489728925,28.277658975763));
#2028 = CARTESIAN_POINT('',(1.236611273719,28.215396461314));
#2029 = CARTESIAN_POINT('',(1.180892721252,28.150528042338));
#2030 = CARTESIAN_POINT('',(1.12532312036,28.083497222833));
#2031 = CARTESIAN_POINT('',(1.069874146349,28.014751349606));
#2032 = CARTESIAN_POINT('',(1.014509084578,27.944747268161));
#2033 = CARTESIAN_POINT('',(0.959194564687,27.87396439069));
#2034 = CARTESIAN_POINT('',(0.90389694302,27.802898784112));
#2035 = CARTESIAN_POINT('',(0.848582864671,27.732061801551));
#2036 = CARTESIAN_POINT('',(0.793218719901,27.661976905524));
#2037 = CARTESIAN_POINT('',(0.73777054724,27.593176566339));
#2038 = CARTESIAN_POINT('',(0.682203386834,27.526198053472));
#2039 = CARTESIAN_POINT('',(0.626482432653,27.461580965267));
#2040 = CARTESIAN_POINT('',(0.570567491156,27.399856297905));
#2041 = CARTESIAN_POINT('',(0.514413545904,27.341544658978));
#2042 = CARTESIAN_POINT('',(0.458032663324,27.287208843535));
#2043 = CARTESIAN_POINT('',(0.401427548547,27.237366075103));
#2044 = CARTESIAN_POINT('',(0.344605619066,27.192493186585));
#2045 = CARTESIAN_POINT('',(0.287576336212,27.153011962912));
#2046 = CARTESIAN_POINT('',(0.230353231457,27.119279580876));
#2047 = CARTESIAN_POINT('',(0.172954759606,27.091579276498));
#2048 = CARTESIAN_POINT('',(0.115406277461,27.070107800806));
#2049 = CARTESIAN_POINT('',(5.774021673736E-02,27.054980308068));
#2050 = CARTESIAN_POINT('',(1.924966626847E-02,27.049110474162));
#2051 = CARTESIAN_POINT('',(8.881784197001E-16,27.04723230236));
#2052 = ( GEOMETRIC_REPRESENTATION_CONTEXT(2) 
PARAMETRIC_REPRESENTATION_CONTEXT() REPRESENTATION_CONTEXT('2D SPACE',''
  ) );
#2053 = ADVANCED_FACE('',(#2054),#1932,.F.);
#2054 = FACE_BOUND('',#2055,.F.);
#2055 = EDGE_LOOP('',(#2056,#2057,#2080,#2102));
#2056 = ORIENTED_EDGE('',*,*,#1730,.T.);
#2057 = ORIENTED_EDGE('',*,*,#2058,.F.);
#2058 = EDGE_CURVE('',#2059,#1731,#2061,.T.);
#2059 = VERTEX_POINT('',#2060);
#2060 = CARTESIAN_POINT('',(6.,-3.5,-110.));
#2061 = SEAM_CURVE('',#2062,(#2066,#2073),.PCURVE_S1.);
#2062 = LINE('',#2063,#2064);
#2063 = CARTESIAN_POINT('',(6.,20.,-110.));
#2064 = VECTOR('',#2065,1.);
#2065 = DIRECTION('',(0.,-1.,2.22044604925E-16));
#2066 = PCURVE('',#1932,#2067);
#2067 = DEFINITIONAL_REPRESENTATION('',(#2068),#2072);
#2068 = LINE('',#2069,#2070);
#2069 = CARTESIAN_POINT('',(0.,-0.));
#2070 = VECTOR('',#2071,1.);
#2071 = DIRECTION('',(0.,1.));
#2072 = ( GEOMETRIC_REPRESENTATION_CONTEXT(2) 
PARAMETRIC_REPRESENTATION_CONTEXT() REPRESENTATION_CONTEXT('2D SPACE',''
  ) );
#2073 = PCURVE('',#1932,#2074);
#2074 = DEFINITIONAL_REPRESENTATION('',(#2075),#2079);
#2075 = LINE('',#2076,#2077);
#2076 = CARTESIAN_POINT('',(6.28318530718,-0.));
#2077 = VECTOR('',#2078,1.);
#2078 = DIRECTION('',(0.,1.));
#2079 = ( GEOMETRIC_REPRESENTATION_CONTEXT(2) 
PARAMETRIC_REPRESENTATION_CONTEXT() REPRESENTATION_CONTEXT('2D SPACE',''
  ) );
#2080 = ORIENTED_EDGE('',*,*,#2081,.T.);
#2081 = EDGE_CURVE('',#2059,#2059,#2082,.T.);
#2082 = SURFACE_CURVE('',#2083,(#2088,#2095),.PCURVE_S1.);
#2083 = CIRCLE('',#2084,6.);
#2084 = AXIS2_PLACEMENT_3D('',#2085,#2086,#2087);
#2085 = CARTESIAN_POINT('',(0.,-3.5,-110.));
#2086 = DIRECTION('',(0.,-1.,2.22044604925E-16));
#2087 = DIRECTION('',(1.,0.,0.));
#2088 = PCURVE('',#1932,#2089);
#2089 = DEFINITIONAL_REPRESENTATION('',(#2090),#2094);
#2090 = LINE('',#2091,#2092);
#2091 = CARTESIAN_POINT('',(0.,23.5));
#2092 = VECTOR('',#2093,1.);
#2093 = DIRECTION('',(1.,0.));
#2094 = ( GEOMETRIC_REPRESENTATION_CONTEXT(2) 
PARAMETRIC_REPRESENTATION_CONTEXT() REPRESENTATION_CONTEXT('2D SPACE',''
  ) );
#2095 = PCURVE('',#343,#2096);
#2096 = DEFINITIONAL_REPRESENTATION('',(#2097),#2101);
#2097 = CIRCLE('',#2098,6.);
#2098 = AXIS2_PLACEMENT_2D('',#2099,#2100);
#2099 = CARTESIAN_POINT('',(1.025580099405E-15,-110.));
#2100 = DIRECTION('',(1.,0.));
#2101 = ( GEOMETRIC_REPRESENTATION_CONTEXT(2) 
PARAMETRIC_REPRESENTATION_CONTEXT() REPRESENTATION_CONTEXT('2D SPACE',''
  ) );
#2102 = ORIENTED_EDGE('',*,*,#2058,.T.);
#2103 = ADVANCED_FACE('',(#2104),#1606,.F.);
#2104 = FACE_BOUND('',#2105,.F.);
#2105 = EDGE_LOOP('',(#2106,#2130,#2151,#2152));
#2106 = ORIENTED_EDGE('',*,*,#2107,.F.);
#2107 = EDGE_CURVE('',#2108,#2108,#2110,.T.);
#2108 = VERTEX_POINT('',#2109);
#2109 = CARTESIAN_POINT('',(6.,3.5,-110.));
#2110 = SURFACE_CURVE('',#2111,(#2116,#2123),.PCURVE_S1.);
#2111 = CIRCLE('',#2112,6.);
#2112 = AXIS2_PLACEMENT_3D('',#2113,#2114,#2115);
#2113 = CARTESIAN_POINT('',(0.,3.5,-110.));
#2114 = DIRECTION('',(0.,-1.,2.22044604925E-16));
#2115 = DIRECTION('',(1.,0.,0.));
#2116 = PCURVE('',#1606,#2117);
#2117 = DEFINITIONAL_REPRESENTATION('',(#2118),#2122);
#2118 = LINE('',#2119,#2120);
#2119 = CARTESIAN_POINT('',(0.,16.5));
#2120 = VECTOR('',#2121,1.);
#2121 = DIRECTION('',(1.,0.));
#2122 = ( GEOMETRIC_REPRESENTATION_CONTEXT(2) 
PARAMETRIC_REPRESENTATION_CONTEXT() REPRESENTATION_CONTEXT('2D SPACE',''
  ) );
#2123 = PCURVE('',#643,#2124);
#2124 = DEFINITIONAL_REPRESENTATION('',(#2125),#2129);
#2125 = CIRCLE('',#2126,6.);
#2126 = AXIS2_PLACEMENT_2D('',#2127,#2128);
#2127 = CARTESIAN_POINT('',(1.025580099405E-15,-110.));
#2128 = DIRECTION('',(1.,0.));
#2129 = ( GEOMETRIC_REPRESENTATION_CONTEXT(2) 
PARAMETRIC_REPRESENTATION_CONTEXT() REPRESENTATION_CONTEXT('2D SPACE',''
  ) );
#2130 = ORIENTED_EDGE('',*,*,#2131,.F.);
#2131 = EDGE_CURVE('',#1398,#2108,#2132,.T.);
#2132 = SEAM_CURVE('',#2133,(#2137,#2144),.PCURVE_S1.);
#2133 = LINE('',#2134,#2135);
#2134 = CARTESIAN_POINT('',(6.,20.,-110.));
#2135 = VECTOR('',#2136,1.);
#2136 = DIRECTION('',(0.,-1.,2.22044604925E-16));
#2137 = PCURVE('',#1606,#2138);
#2138 = DEFINITIONAL_REPRESENTATION('',(#2139),#2143);
#2139 = LINE('',#2140,#2141);
#2140 = CARTESIAN_POINT('',(0.,-0.));
#2141 = VECTOR('',#2142,1.);
#2142 = DIRECTION('',(0.,1.));
#2143 = ( GEOMETRIC_REPRESENTATION_CONTEXT(2) 
PARAMETRIC_REPRESENTATION_CONTEXT() REPRESENTATION_CONTEXT('2D SPACE',''
  ) );
#2144 = PCURVE('',#1606,#2145);
#2145 = DEFINITIONAL_REPRESENTATION('',(#2146),#2150);
#2146 = LINE('',#2147,#2148);
#2147 = CARTESIAN_POINT('',(6.28318530718,-0.));
#2148 = VECTOR('',#2149,1.);
#2149 = DIRECTION('',(0.,1.));
#2150 = ( GEOMETRIC_REPRESENTATION_CONTEXT(2) 
PARAMETRIC_REPRESENTATION_CONTEXT() REPRESENTATION_CONTEXT('2D SPACE',''
  ) );
#2151 = ORIENTED_EDGE('',*,*,#1397,.T.);
#2152 = ORIENTED_EDGE('',*,*,#2131,.T.);
#2153 = ADVANCED_FACE('',(#2154),#1295,.F.);
#2154 = FACE_BOUND('',#2155,.F.);
#2155 = EDGE_LOOP('',(#2156,#2157,#2180,#2202));
#2156 = ORIENTED_EDGE('',*,*,#1126,.T.);
#2157 = ORIENTED_EDGE('',*,*,#2158,.F.);
#2158 = EDGE_CURVE('',#2159,#1127,#2161,.T.);
#2159 = VERTEX_POINT('',#2160);
#2160 = CARTESIAN_POINT('',(6.,-3.5,-6.924200417392E-16));
#2161 = SEAM_CURVE('',#2162,(#2166,#2173),.PCURVE_S1.);
#2162 = LINE('',#2163,#2164);
#2163 = CARTESIAN_POINT('',(6.,20.,-5.910468257477E-15));
#2164 = VECTOR('',#2165,1.);
#2165 = DIRECTION('',(0.,-1.,2.22044604925E-16));
#2166 = PCURVE('',#1295,#2167);
#2167 = DEFINITIONAL_REPRESENTATION('',(#2168),#2172);
#2168 = LINE('',#2169,#2170);
#2169 = CARTESIAN_POINT('',(0.,-0.));
#2170 = VECTOR('',#2171,1.);
#2171 = DIRECTION('',(0.,1.));
#2172 = ( GEOMETRIC_REPRESENTATION_CONTEXT(2) 
PARAMETRIC_REPRESENTATION_CONTEXT() REPRESENTATION_CONTEXT('2D SPACE',''
  ) );
#2173 = PCURVE('',#1295,#2174);
#2174 = DEFINITIONAL_REPRESENTATION('',(#2175),#2179);
#2175 = LINE('',#2176,#2177);
#2176 = CARTESIAN_POINT('',(6.28318530718,-0.));
#2177 = VECTOR('',#2178,1.);
#2178 = DIRECTION('',(0.,1.));
#2179 = ( GEOMETRIC_REPRESENTATION_CONTEXT(2) 
PARAMETRIC_REPRESENTATION_CONTEXT() REPRESENTATION_CONTEXT('2D SPACE',''
  ) );
#2180 = ORIENTED_EDGE('',*,*,#2181,.T.);
#2181 = EDGE_CURVE('',#2159,#2159,#2182,.T.);
#2182 = SURFACE_CURVE('',#2183,(#2188,#2195),.PCURVE_S1.);
#2183 = CIRCLE('',#2184,6.);
#2184 = AXIS2_PLACEMENT_3D('',#2185,#2186,#2187);
#2185 = CARTESIAN_POINT('',(0.,-3.5,7.771561172376E-16));
#2186 = DIRECTION('',(0.,-1.,2.22044604925E-16));
#2187 = DIRECTION('',(1.,0.,0.));
#2188 = PCURVE('',#1295,#2189);
#2189 = DEFINITIONAL_REPRESENTATION('',(#2190),#2194);
#2190 = LINE('',#2191,#2192);
#2191 = CARTESIAN_POINT('',(0.,23.5));
#2192 = VECTOR('',#2193,1.);
#2193 = DIRECTION('',(1.,0.));
#2194 = ( GEOMETRIC_REPRESENTATION_CONTEXT(2) 
PARAMETRIC_REPRESENTATION_CONTEXT() REPRESENTATION_CONTEXT('2D SPACE',''
  ) );
#2195 = PCURVE('',#343,#2196);
#2196 = DEFINITIONAL_REPRESENTATION('',(#2197),#2201);
#2197 = CIRCLE('',#2198,6.);
#2198 = AXIS2_PLACEMENT_2D('',#2199,#2200);
#2199 = CARTESIAN_POINT('',(1.025580099405E-15,-6.208591220263E-16));
#2200 = DIRECTION('',(1.,0.));
#2201 = ( GEOMETRIC_REPRESENTATION_CONTEXT(2) 
PARAMETRIC_REPRESENTATION_CONTEXT() REPRESENTATION_CONTEXT('2D SPACE',''
  ) );
#2202 = ORIENTED_EDGE('',*,*,#2158,.T.);
#2203 = ADVANCED_FACE('',(#2204),#1002,.F.);
#2204 = FACE_BOUND('',#2205,.F.);
#2205 = EDGE_LOOP('',(#2206,#2230,#2251,#2252));
#2206 = ORIENTED_EDGE('',*,*,#2207,.F.);
#2207 = EDGE_CURVE('',#2208,#2208,#2210,.T.);
#2208 = VERTEX_POINT('',#2209);
#2209 = CARTESIAN_POINT('',(6.,3.5,-2.246732276214E-15));
#2210 = SURFACE_CURVE('',#2211,(#2216,#2223),.PCURVE_S1.);
#2211 = CIRCLE('',#2212,6.);
#2212 = AXIS2_PLACEMENT_3D('',#2213,#2214,#2215);
#2213 = CARTESIAN_POINT('',(0.,3.5,-7.771561172376E-16));
#2214 = DIRECTION('',(0.,-1.,2.22044604925E-16));
#2215 = DIRECTION('',(1.,0.,0.));
#2216 = PCURVE('',#1002,#2217);
#2217 = DEFINITIONAL_REPRESENTATION('',(#2218),#2222);
#2218 = LINE('',#2219,#2220);
#2219 = CARTESIAN_POINT('',(0.,16.5));
#2220 = VECTOR('',#2221,1.);
#2221 = DIRECTION('',(1.,0.));
#2222 = ( GEOMETRIC_REPRESENTATION_CONTEXT(2) 
PARAMETRIC_REPRESENTATION_CONTEXT() REPRESENTATION_CONTEXT('2D SPACE',''
  ) );
#2223 = PCURVE('',#643,#2224);
#2224 = DEFINITIONAL_REPRESENTATION('',(#2225),#2229);
#2225 = CIRCLE('',#2226,6.);
#2226 = AXIS2_PLACEMENT_2D('',#2227,#2228);
#2227 = CARTESIAN_POINT('',(1.025580099405E-15,-2.175171356501E-15));
#2228 = DIRECTION('',(1.,0.));
#2229 = ( GEOMETRIC_REPRESENTATION_CONTEXT(2) 
PARAMETRIC_REPRESENTATION_CONTEXT() REPRESENTATION_CONTEXT('2D SPACE',''
  ) );
#2230 = ORIENTED_EDGE('',*,*,#2231,.F.);
#2231 = EDGE_CURVE('',#808,#2208,#2232,.T.);
#2232 = SEAM_CURVE('',#2233,(#2237,#2244),.PCURVE_S1.);
#2233 = LINE('',#2234,#2235);
#2234 = CARTESIAN_POINT('',(6.,20.,-5.910468257477E-15));
#2235 = VECTOR('',#2236,1.);
#2236 = DIRECTION('',(0.,-1.,2.22044604925E-16));
#2237 = PCURVE('',#1002,#2238);
#2238 = DEFINITIONAL_REPRESENTATION('',(#2239),#2243);
#2239 = LINE('',#2240,#2241);
#2240 = CARTESIAN_POINT('',(0.,-0.));
#2241 = VECTOR('',#2242,1.);
#2242 = DIRECTION('',(0.,1.));
#2243 = ( GEOMETRIC_REPRESENTATION_CONTEXT(2) 
PARAMETRIC_REPRESENTATION_CONTEXT() REPRESENTATION_CONTEXT('2D SPACE',''
  ) );
#2244 = PCURVE('',#1002,#2245);
#2245 = DEFINITIONAL_REPRESENTATION('',(#2246),#2250);
#2246 = LINE('',#2247,#2248);
#2247 = CARTESIAN_POINT('',(6.28318530718,-0.));
#2248 = VECTOR('',#2249,1.);
#2249 = DIRECTION('',(0.,1.));
#2250 = ( GEOMETRIC_REPRESENTATION_CONTEXT(2) 
PARAMETRIC_REPRESENTATION_CONTEXT() REPRESENTATION_CONTEXT('2D SPACE',''
  ) );
#2251 = ORIENTED_EDGE('',*,*,#807,.T.);
#2252 = ORIENTED_EDGE('',*,*,#2231,.T.);
#2253 = ADVANCED_FACE('',(#2254,#2359,#2362),#643,.T.);
#2254 = FACE_BOUND('',#2255,.T.);
#2255 = EDGE_LOOP('',(#2256,#2279,#2308,#2336,#2358));
#2256 = ORIENTED_EDGE('',*,*,#2257,.T.);
#2257 = EDGE_CURVE('',#574,#2258,#2260,.T.);
#2258 = VERTEX_POINT('',#2259);
#2259 = CARTESIAN_POINT('',(16.,3.5,0.));
#2260 = SURFACE_CURVE('',#2261,(#2265,#2272),.PCURVE_S1.);
#2261 = LINE('',#2262,#2263);
#2262 = CARTESIAN_POINT('',(16.,3.5,-55.));
#2263 = VECTOR('',#2264,1.);
#2264 = DIRECTION('',(0.,0.,1.));
#2265 = PCURVE('',#643,#2266);
#2266 = DEFINITIONAL_REPRESENTATION('',(#2267),#2271);
#2267 = LINE('',#2268,#2269);
#2268 = CARTESIAN_POINT('',(16.,-55.));
#2269 = VECTOR('',#2270,1.);
#2270 = DIRECTION('',(0.,1.));
#2271 = ( GEOMETRIC_REPRESENTATION_CONTEXT(2) 
PARAMETRIC_REPRESENTATION_CONTEXT() REPRESENTATION_CONTEXT('2D SPACE',''
  ) );
#2272 = PCURVE('',#227,#2273);
#2273 = DEFINITIONAL_REPRESENTATION('',(#2274),#2278);
#2274 = LINE('',#2275,#2276);
#2275 = CARTESIAN_POINT('',(55.,0.));
#2276 = VECTOR('',#2277,1.);
#2277 = DIRECTION('',(1.,0.));
#2278 = ( GEOMETRIC_REPRESENTATION_CONTEXT(2) 
PARAMETRIC_REPRESENTATION_CONTEXT() REPRESENTATION_CONTEXT('2D SPACE',''
  ) );
#2279 = ORIENTED_EDGE('',*,*,#2280,.T.);
#2280 = EDGE_CURVE('',#2258,#2281,#2283,.T.);
#2281 = VERTEX_POINT('',#2282);
#2282 = CARTESIAN_POINT('',(-16.,3.5,0.));
#2283 = SURFACE_CURVE('',#2284,(#2289,#2296),.PCURVE_S1.);
#2284 = CIRCLE('',#2285,16.);
#2285 = AXIS2_PLACEMENT_3D('',#2286,#2287,#2288);
#2286 = CARTESIAN_POINT('',(0.,3.5,0.));
#2287 = DIRECTION('',(0.,-1.,0.));
#2288 = DIRECTION('',(1.,0.,0.));
#2289 = PCURVE('',#643,#2290);
#2290 = DEFINITIONAL_REPRESENTATION('',(#2291),#2295);
#2291 = CIRCLE('',#2292,16.);
#2292 = AXIS2_PLACEMENT_2D('',#2293,#2294);
#2293 = CARTESIAN_POINT('',(1.025580099405E-15,-1.398015239264E-15));
#2294 = DIRECTION('',(1.,0.));
#2295 = ( GEOMETRIC_REPRESENTATION_CONTEXT(2) 
PARAMETRIC_REPRESENTATION_CONTEXT() REPRESENTATION_CONTEXT('2D SPACE',''
  ) );
#2296 = PCURVE('',#2297,#2302);
#2297 = CYLINDRICAL_SURFACE('',#2298,16.);
#2298 = AXIS2_PLACEMENT_3D('',#2299,#2300,#2301);
#2299 = CARTESIAN_POINT('',(0.,3.5,0.));
#2300 = DIRECTION('',(-0.,1.,-0.));
#2301 = DIRECTION('',(1.,0.,0.));
#2302 = DEFINITIONAL_REPRESENTATION('',(#2303),#2307);
#2303 = LINE('',#2304,#2305);
#2304 = CARTESIAN_POINT('',(-0.,0.));
#2305 = VECTOR('',#2306,1.);
#2306 = DIRECTION('',(-1.,0.));
#2307 = ( GEOMETRIC_REPRESENTATION_CONTEXT(2) 
PARAMETRIC_REPRESENTATION_CONTEXT() REPRESENTATION_CONTEXT('2D SPACE',''
  ) );
#2308 = ORIENTED_EDGE('',*,*,#2309,.F.);
#2309 = EDGE_CURVE('',#2310,#2281,#2312,.T.);
#2310 = VERTEX_POINT('',#2311);
#2311 = CARTESIAN_POINT('',(-16.,3.5,-110.));
#2312 = SURFACE_CURVE('',#2313,(#2317,#2324),.PCURVE_S1.);
#2313 = LINE('',#2314,#2315);
#2314 = CARTESIAN_POINT('',(-16.,3.5,-55.));
#2315 = VECTOR('',#2316,1.);
#2316 = DIRECTION('',(0.,0.,1.));
#2317 = PCURVE('',#643,#2318);
#2318 = DEFINITIONAL_REPRESENTATION('',(#2319),#2323);
#2319 = LINE('',#2320,#2321);
#2320 = CARTESIAN_POINT('',(-16.,-55.));
#2321 = VECTOR('',#2322,1.);
#2322 = DIRECTION('',(0.,1.));
#2323 = ( GEOMETRIC_REPRESENTATION_CONTEXT(2) 
PARAMETRIC_REPRESENTATION_CONTEXT() REPRESENTATION_CONTEXT('2D SPACE',''
  ) );
#2324 = PCURVE('',#2325,#2330);
#2325 = PLANE('',#2326);
#2326 = AXIS2_PLACEMENT_3D('',#2327,#2328,#2329);
#2327 = CARTESIAN_POINT('',(-16.,3.5,-110.));
#2328 = DIRECTION('',(-1.,0.,0.));
#2329 = DIRECTION('',(0.,0.,1.));
#2330 = DEFINITIONAL_REPRESENTATION('',(#2331),#2335);
#2331 = LINE('',#2332,#2333);
#2332 = CARTESIAN_POINT('',(55.,0.));
#2333 = VECTOR('',#2334,1.);
#2334 = DIRECTION('',(1.,0.));
#2335 = ( GEOMETRIC_REPRESENTATION_CONTEXT(2) 
PARAMETRIC_REPRESENTATION_CONTEXT() REPRESENTATION_CONTEXT('2D SPACE',''
  ) );
#2336 = ORIENTED_EDGE('',*,*,#2337,.T.);
#2337 = EDGE_CURVE('',#2310,#518,#2338,.T.);
#2338 = SURFACE_CURVE('',#2339,(#2344,#2351),.PCURVE_S1.);
#2339 = CIRCLE('',#2340,16.);
#2340 = AXIS2_PLACEMENT_3D('',#2341,#2342,#2343);
#2341 = CARTESIAN_POINT('',(0.,3.5,-110.));
#2342 = DIRECTION('',(0.,-1.,0.));
#2343 = DIRECTION('',(1.,0.,0.));
#2344 = PCURVE('',#643,#2345);
#2345 = DEFINITIONAL_REPRESENTATION('',(#2346),#2350);
#2346 = CIRCLE('',#2347,16.);
#2347 = AXIS2_PLACEMENT_2D('',#2348,#2349);
#2348 = CARTESIAN_POINT('',(1.025580099405E-15,-110.));
#2349 = DIRECTION('',(1.,0.));
#2350 = ( GEOMETRIC_REPRESENTATION_CONTEXT(2) 
PARAMETRIC_REPRESENTATION_CONTEXT() REPRESENTATION_CONTEXT('2D SPACE',''
  ) );
#2351 = PCURVE('',#420,#2352);
#2352 = DEFINITIONAL_REPRESENTATION('',(#2353),#2357);
#2353 = LINE('',#2354,#2355);
#2354 = CARTESIAN_POINT('',(-0.,0.));
#2355 = VECTOR('',#2356,1.);
#2356 = DIRECTION('',(-1.,0.));
#2357 = ( GEOMETRIC_REPRESENTATION_CONTEXT(2) 
PARAMETRIC_REPRESENTATION_CONTEXT() REPRESENTATION_CONTEXT('2D SPACE',''
  ) );
#2358 = ORIENTED_EDGE('',*,*,#573,.F.);
#2359 = FACE_BOUND('',#2360,.T.);
#2360 = EDGE_LOOP('',(#2361));
#2361 = ORIENTED_EDGE('',*,*,#2107,.F.);
#2362 = FACE_BOUND('',#2363,.T.);
#2363 = EDGE_LOOP('',(#2364));
#2364 = ORIENTED_EDGE('',*,*,#2207,.F.);
#2365 = ADVANCED_FACE('',(#2366),#2325,.F.);
#2366 = FACE_BOUND('',#2367,.F.);
#2367 = EDGE_LOOP('',(#2368,#2391,#2414,#2435));
#2368 = ORIENTED_EDGE('',*,*,#2369,.T.);
#2369 = EDGE_CURVE('',#2310,#2370,#2372,.T.);
#2370 = VERTEX_POINT('',#2371);
#2371 = CARTESIAN_POINT('',(-16.,-3.5,-110.));
#2372 = SURFACE_CURVE('',#2373,(#2377,#2384),.PCURVE_S1.);
#2373 = LINE('',#2374,#2375);
#2374 = CARTESIAN_POINT('',(-16.,3.5,-110.));
#2375 = VECTOR('',#2376,1.);
#2376 = DIRECTION('',(0.,-1.,0.));
#2377 = PCURVE('',#2325,#2378);
#2378 = DEFINITIONAL_REPRESENTATION('',(#2379),#2383);
#2379 = LINE('',#2380,#2381);
#2380 = CARTESIAN_POINT('',(0.,0.));
#2381 = VECTOR('',#2382,1.);
#2382 = DIRECTION('',(0.,-1.));
#2383 = ( GEOMETRIC_REPRESENTATION_CONTEXT(2) 
PARAMETRIC_REPRESENTATION_CONTEXT() REPRESENTATION_CONTEXT('2D SPACE',''
  ) );
#2384 = PCURVE('',#420,#2385);
#2385 = DEFINITIONAL_REPRESENTATION('',(#2386),#2390);
#2386 = LINE('',#2387,#2388);
#2387 = CARTESIAN_POINT('',(-3.14159265359,0.));
#2388 = VECTOR('',#2389,1.);
#2389 = DIRECTION('',(-0.,-1.));
#2390 = ( GEOMETRIC_REPRESENTATION_CONTEXT(2) 
PARAMETRIC_REPRESENTATION_CONTEXT() REPRESENTATION_CONTEXT('2D SPACE',''
  ) );
#2391 = ORIENTED_EDGE('',*,*,#2392,.T.);
#2392 = EDGE_CURVE('',#2370,#2393,#2395,.T.);
#2393 = VERTEX_POINT('',#2394);
#2394 = CARTESIAN_POINT('',(-16.,-3.5,0.));
#2395 = SURFACE_CURVE('',#2396,(#2400,#2407),.PCURVE_S1.);
#2396 = LINE('',#2397,#2398);
#2397 = CARTESIAN_POINT('',(-16.,-3.5,-55.));
#2398 = VECTOR('',#2399,1.);
#2399 = DIRECTION('',(0.,0.,1.));
#2400 = PCURVE('',#2325,#2401);
#2401 = DEFINITIONAL_REPRESENTATION('',(#2402),#2406);
#2402 = LINE('',#2403,#2404);
#2403 = CARTESIAN_POINT('',(55.,-7.));
#2404 = VECTOR('',#2405,1.);
#2405 = DIRECTION('',(1.,0.));
#2406 = ( GEOMETRIC_REPRESENTATION_CONTEXT(2) 
PARAMETRIC_REPRESENTATION_CONTEXT() REPRESENTATION_CONTEXT('2D SPACE',''
  ) );
#2407 = PCURVE('',#343,#2408);
#2408 = DEFINITIONAL_REPRESENTATION('',(#2409),#2413);
#2409 = LINE('',#2410,#2411);
#2410 = CARTESIAN_POINT('',(-16.,-55.));
#2411 = VECTOR('',#2412,1.);
#2412 = DIRECTION('',(0.,1.));
#2413 = ( GEOMETRIC_REPRESENTATION_CONTEXT(2) 
PARAMETRIC_REPRESENTATION_CONTEXT() REPRESENTATION_CONTEXT('2D SPACE',''
  ) );
#2414 = ORIENTED_EDGE('',*,*,#2415,.F.);
#2415 = EDGE_CURVE('',#2281,#2393,#2416,.T.);
#2416 = SURFACE_CURVE('',#2417,(#2421,#2428),.PCURVE_S1.);
#2417 = LINE('',#2418,#2419);
#2418 = CARTESIAN_POINT('',(-16.,3.5,0.));
#2419 = VECTOR('',#2420,1.);
#2420 = DIRECTION('',(0.,-1.,0.));
#2421 = PCURVE('',#2325,#2422);
#2422 = DEFINITIONAL_REPRESENTATION('',(#2423),#2427);
#2423 = LINE('',#2424,#2425);
#2424 = CARTESIAN_POINT('',(110.,0.));
#2425 = VECTOR('',#2426,1.);
#2426 = DIRECTION('',(0.,-1.));
#2427 = ( GEOMETRIC_REPRESENTATION_CONTEXT(2) 
PARAMETRIC_REPRESENTATION_CONTEXT() REPRESENTATION_CONTEXT('2D SPACE',''
  ) );
#2428 = PCURVE('',#2297,#2429);
#2429 = DEFINITIONAL_REPRESENTATION('',(#2430),#2434);
#2430 = LINE('',#2431,#2432);
#2431 = CARTESIAN_POINT('',(-3.14159265359,0.));
#2432 = VECTOR('',#2433,1.);
#2433 = DIRECTION('',(-0.,-1.));
#2434 = ( GEOMETRIC_REPRESENTATION_CONTEXT(2) 
PARAMETRIC_REPRESENTATION_CONTEXT() REPRESENTATION_CONTEXT('2D SPACE',''
  ) );
#2435 = ORIENTED_EDGE('',*,*,#2309,.F.);
#2436 = ADVANCED_FACE('',(#2437),#2297,.F.);
#2437 = FACE_BOUND('',#2438,.T.);
#2438 = EDGE_LOOP('',(#2439,#2462,#2484,#2485));
#2439 = ORIENTED_EDGE('',*,*,#2440,.T.);
#2440 = EDGE_CURVE('',#2258,#2441,#2443,.T.);
#2441 = VERTEX_POINT('',#2442);
#2442 = CARTESIAN_POINT('',(16.,-3.5,0.));
#2443 = SURFACE_CURVE('',#2444,(#2448,#2455),.PCURVE_S1.);
#2444 = LINE('',#2445,#2446);
#2445 = CARTESIAN_POINT('',(16.,3.5,0.));
#2446 = VECTOR('',#2447,1.);
#2447 = DIRECTION('',(0.,-1.,0.));
#2448 = PCURVE('',#2297,#2449);
#2449 = DEFINITIONAL_REPRESENTATION('',(#2450),#2454);
#2450 = LINE('',#2451,#2452);
#2451 = CARTESIAN_POINT('',(-0.,0.));
#2452 = VECTOR('',#2453,1.);
#2453 = DIRECTION('',(-0.,-1.));
#2454 = ( GEOMETRIC_REPRESENTATION_CONTEXT(2) 
PARAMETRIC_REPRESENTATION_CONTEXT() REPRESENTATION_CONTEXT('2D SPACE',''
  ) );
#2455 = PCURVE('',#227,#2456);
#2456 = DEFINITIONAL_REPRESENTATION('',(#2457),#2461);
#2457 = LINE('',#2458,#2459);
#2458 = CARTESIAN_POINT('',(110.,0.));
#2459 = VECTOR('',#2460,1.);
#2460 = DIRECTION('',(0.,-1.));
#2461 = ( GEOMETRIC_REPRESENTATION_CONTEXT(2) 
PARAMETRIC_REPRESENTATION_CONTEXT() REPRESENTATION_CONTEXT('2D SPACE',''
  ) );
#2462 = ORIENTED_EDGE('',*,*,#2463,.T.);
#2463 = EDGE_CURVE('',#2441,#2393,#2464,.T.);
#2464 = SURFACE_CURVE('',#2465,(#2470,#2477),.PCURVE_S1.);
#2465 = CIRCLE('',#2466,16.);
#2466 = AXIS2_PLACEMENT_3D('',#2467,#2468,#2469);
#2467 = CARTESIAN_POINT('',(0.,-3.5,0.));
#2468 = DIRECTION('',(0.,-1.,0.));
#2469 = DIRECTION('',(1.,0.,0.));
#2470 = PCURVE('',#2297,#2471);
#2471 = DEFINITIONAL_REPRESENTATION('',(#2472),#2476);
#2472 = LINE('',#2473,#2474);
#2473 = CARTESIAN_POINT('',(-0.,-7.));
#2474 = VECTOR('',#2475,1.);
#2475 = DIRECTION('',(-1.,0.));
#2476 = ( GEOMETRIC_REPRESENTATION_CONTEXT(2) 
PARAMETRIC_REPRESENTATION_CONTEXT() REPRESENTATION_CONTEXT('2D SPACE',''
  ) );
#2477 = PCURVE('',#343,#2478);
#2478 = DEFINITIONAL_REPRESENTATION('',(#2479),#2483);
#2479 = CIRCLE('',#2480,16.);
#2480 = AXIS2_PLACEMENT_2D('',#2481,#2482);
#2481 = CARTESIAN_POINT('',(1.025580099405E-15,-1.398015239264E-15));
#2482 = DIRECTION('',(1.,0.));
#2483 = ( GEOMETRIC_REPRESENTATION_CONTEXT(2) 
PARAMETRIC_REPRESENTATION_CONTEXT() REPRESENTATION_CONTEXT('2D SPACE',''
  ) );
#2484 = ORIENTED_EDGE('',*,*,#2415,.F.);
#2485 = ORIENTED_EDGE('',*,*,#2280,.F.);
#2486 = ADVANCED_FACE('',(#2487),#492,.T.);
#2487 = FACE_BOUND('',#2488,.F.);
#2488 = EDGE_LOOP('',(#2489));
#2489 = ORIENTED_EDGE('',*,*,#466,.T.);
#2490 = ADVANCED_FACE('',(#2491),#420,.F.);
#2491 = FACE_BOUND('',#2492,.T.);
#2492 = EDGE_LOOP('',(#2493,#2494,#2495,#2517,#2518));
#2493 = ORIENTED_EDGE('',*,*,#2337,.F.);
#2494 = ORIENTED_EDGE('',*,*,#2369,.T.);
#2495 = ORIENTED_EDGE('',*,*,#2496,.T.);
#2496 = EDGE_CURVE('',#2370,#274,#2497,.T.);
#2497 = SURFACE_CURVE('',#2498,(#2503,#2510),.PCURVE_S1.);
#2498 = CIRCLE('',#2499,16.);
#2499 = AXIS2_PLACEMENT_3D('',#2500,#2501,#2502);
#2500 = CARTESIAN_POINT('',(0.,-3.5,-110.));
#2501 = DIRECTION('',(0.,-1.,0.));
#2502 = DIRECTION('',(1.,0.,0.));
#2503 = PCURVE('',#420,#2504);
#2504 = DEFINITIONAL_REPRESENTATION('',(#2505),#2509);
#2505 = LINE('',#2506,#2507);
#2506 = CARTESIAN_POINT('',(-0.,-7.));
#2507 = VECTOR('',#2508,1.);
#2508 = DIRECTION('',(-1.,0.));
#2509 = ( GEOMETRIC_REPRESENTATION_CONTEXT(2) 
PARAMETRIC_REPRESENTATION_CONTEXT() REPRESENTATION_CONTEXT('2D SPACE',''
  ) );
#2510 = PCURVE('',#343,#2511);
#2511 = DEFINITIONAL_REPRESENTATION('',(#2512),#2516);
#2512 = CIRCLE('',#2513,16.);
#2513 = AXIS2_PLACEMENT_2D('',#2514,#2515);
#2514 = CARTESIAN_POINT('',(1.025580099405E-15,-110.));
#2515 = DIRECTION('',(1.,0.));
#2516 = ( GEOMETRIC_REPRESENTATION_CONTEXT(2) 
PARAMETRIC_REPRESENTATION_CONTEXT() REPRESENTATION_CONTEXT('2D SPACE',''
  ) );
#2517 = ORIENTED_EDGE('',*,*,#382,.T.);
#2518 = ORIENTED_EDGE('',*,*,#517,.T.);
#2519 = ADVANCED_FACE('',(#2520,#2547,#2550),#343,.F.);
#2520 = FACE_BOUND('',#2521,.F.);
#2521 = EDGE_LOOP('',(#2522,#2543,#2544,#2545,#2546));
#2522 = ORIENTED_EDGE('',*,*,#2523,.T.);
#2523 = EDGE_CURVE('',#144,#2441,#2524,.T.);
#2524 = SURFACE_CURVE('',#2525,(#2529,#2536),.PCURVE_S1.);
#2525 = LINE('',#2526,#2527);
#2526 = CARTESIAN_POINT('',(16.,-3.5,-55.));
#2527 = VECTOR('',#2528,1.);
#2528 = DIRECTION('',(0.,0.,1.));
#2529 = PCURVE('',#343,#2530);
#2530 = DEFINITIONAL_REPRESENTATION('',(#2531),#2535);
#2531 = LINE('',#2532,#2533);
#2532 = CARTESIAN_POINT('',(16.,-55.));
#2533 = VECTOR('',#2534,1.);
#2534 = DIRECTION('',(0.,1.));
#2535 = ( GEOMETRIC_REPRESENTATION_CONTEXT(2) 
PARAMETRIC_REPRESENTATION_CONTEXT() REPRESENTATION_CONTEXT('2D SPACE',''
  ) );
#2536 = PCURVE('',#227,#2537);
#2537 = DEFINITIONAL_REPRESENTATION('',(#2538),#2542);
#2538 = LINE('',#2539,#2540);
#2539 = CARTESIAN_POINT('',(55.,-7.));
#2540 = VECTOR('',#2541,1.);
#2541 = DIRECTION('',(1.,0.));
#2542 = ( GEOMETRIC_REPRESENTATION_CONTEXT(2) 
PARAMETRIC_REPRESENTATION_CONTEXT() REPRESENTATION_CONTEXT('2D SPACE',''
  ) );
#2543 = ORIENTED_EDGE('',*,*,#2463,.T.);
#2544 = ORIENTED_EDGE('',*,*,#2392,.F.);
#2545 = ORIENTED_EDGE('',*,*,#2496,.T.);
#2546 = ORIENTED_EDGE('',*,*,#273,.F.);
#2547 = FACE_BOUND('',#2548,.F.);
#2548 = EDGE_LOOP('',(#2549));
#2549 = ORIENTED_EDGE('',*,*,#2081,.F.);
#2550 = FACE_BOUND('',#2551,.F.);
#2551 = EDGE_LOOP('',(#2552));
#2552 = ORIENTED_EDGE('',*,*,#2181,.F.);
#2553 = ADVANCED_FACE('',(#2554),#227,.T.);
#2554 = FACE_BOUND('',#2555,.T.);
#2555 = EDGE_LOOP('',(#2556,#2557,#2558,#2559,#2560));
#2556 = ORIENTED_EDGE('',*,*,#2257,.F.);
#2557 = ORIENTED_EDGE('',*,*,#682,.T.);
#2558 = ORIENTED_EDGE('',*,*,#143,.F.);
#2559 = ORIENTED_EDGE('',*,*,#2523,.T.);
#2560 = ORIENTED_EDGE('',*,*,#2440,.F.);
#2561 = ADVANCED_FACE('',(#2562),#118,.T.);
#2562 = FACE_BOUND('',#2563,.F.);
#2563 = EDGE_LOOP('',(#2564));
#2564 = ORIENTED_EDGE('',*,*,#92,.F.);
#2565 = ( GEOMETRIC_REPRESENTATION_CONTEXT(3) 
GLOBAL_UNCERTAINTY_ASSIGNED_CONTEXT((#2569)) 
GLOBAL_UNIT_ASSIGNED_CONTEXT((#2566,#2567,#2568)) REPRESENTATION_CONTEXT
('Context #1','3D Context with UNIT and UNCERTAINTY') );
#2566 = ( LENGTH_UNIT() NAMED_UNIT(*) SI_UNIT(.MILLI.,.METRE.) );
#2567 = ( NAMED_UNIT(*) PLANE_ANGLE_UNIT() SI_UNIT($,.RADIAN.) );
#2568 = ( NAMED_UNIT(*) SI_UNIT($,.STERADIAN.) SOLID_ANGLE_UNIT() );
#2569 = UNCERTAINTY_MEASURE_WITH_UNIT(LENGTH_MEASURE(2.E-06),#2566,
  'distance_accuracy_value','confusion accuracy');
#2570 = PRODUCT_RELATED_PRODUCT_CATEGORY('part',$,(#7));
ENDSEC;
END-ISO-10303-21;
