  0
SECTION
  2
HEADER
  9
$ACADVER
  1
AC1027
  9
$ACADMAINTVER
 70
105
  9
$DWGCODEPAGE
  3
ANSI_1252
  9
$LASTSAVEDBY
  1
ezdxf
  9
$REQUIREDVERSIONS
160
0
  9
$INSBASE
 10
0.0
 20
0.0
 30
0.0
  9
$EXTMIN
 10
1e+20
 20
1e+20
 30
1e+20
  9
$EXTMAX
 10
-1e+20
 20
-1e+20
 30
-1e+20
  9
$LIMMIN
 10
0.0
 20
0.0
  9
$LIMMAX
 10
420.0
 20
297.0
  9
$ORTHOMODE
 70
0
  9
$REGENMODE
 70
1
  9
$FILLMODE
 70
1
  9
$QTEXTMODE
 70
0
  9
$MIRRTEXT
 70
1
  9
$LTSCALE
 40
1.0
  9
$ATTMODE
 70
1
  9
$TEXTSIZE
 40
2.5
  9
$TRACEWID
 40
1.0
  9
$TEXTSTYLE
  7
Standard
  9
$CLAYER
  8
0
  9
$CELTYPE
  6
ByLayer
  9
$CECOLOR
 62
256
  9
$CELTSCALE
 40
1.0
  9
$DISPSILH
 70
0
  9
$DIMSCALE
 40
1.0
  9
$DIMASZ
 40
2.5
  9
$DIMEXO
 40
0.625
  9
$DIMDLI
 40
3.75
  9
$DIMRND
 40
0.0
  9
$DIMDLE
 40
0.0
  9
$DIMEXE
 40
1.25
  9
$DIMTP
 40
0.0
  9
$DIMTM
 40
0.0
  9
$DIMTXT
 40
2.5
  9
$DIMCEN
 40
2.5
  9
$DIMTSZ
 40
0.0
  9
$DIMTOL
 70
0
  9
$DIMLIM
 70
0
  9
$DIMTIH
 70
0
  9
$DIMTOH
 70
0
  9
$DIMSE1
 70
0
  9
$DIMSE2
 70
0
  9
$DIMTAD
 70
1
  9
$DIMZIN
 70
8
  9
$DIMBLK
  1

  9
$DIMASO
 70
1
  9
$DIMSHO
 70
1
  9
$DIMPOST
  1

  9
$DIMAPOST
  1

  9
$DIMALT
 70
0
  9
$DIMALTD
 70
3
  9
$DIMALTF
 40
0.03937007874
  9
$DIMLFAC
 40
1.0
  9
$DIMTOFL
 70
1
  9
$DIMTVP
 40
0.0
  9
$DIMTIX
 70
0
  9
$DIMSOXD
 70
0
  9
$DIMSAH
 70
0
  9
$DIMBLK1
  1

  9
$DIMBLK2
  1

  9
$DIMSTYLE
  2
ISO-25
  9
$DIMCLRD
 70
0
  9
$DIMCLRE
 70
0
  9
$DIMCLRT
 70
0
  9
$DIMTFAC
 40
1.0
  9
$DIMGAP
 40
0.625
  9
$DIMJUST
 70
0
  9
$DIMSD1
 70
0
  9
$DIMSD2
 70
0
  9
$DIMTOLJ
 70
0
  9
$DIMTZIN
 70
8
  9
$DIMALTZ
 70
0
  9
$DIMALTTZ
 70
0
  9
$DIMUPT
 70
0
  9
$DIMDEC
 70
2
  9
$DIMTDEC
 70
2
  9
$DIMALTU
 70
2
  9
$DIMALTTD
 70
3
  9
$DIMTXSTY
  7
Standard
  9
$DIMAUNIT
 70
0
  9
$DIMADEC
 70
0
  9
$DIMALTRND
 40
0.0
  9
$DIMAZIN
 70
0
  9
$DIMDSEP
 70
44
  9
$DIMATFIT
 70
3
  9
$DIMFRAC
 70
0
  9
$DIMLDRBLK
  1

  9
$DIMLUNIT
 70
2
  9
$DIMLWD
 70
-2
  9
$DIMLWE
 70
-2
  9
$DIMTMOVE
 70
0
  9
$DIMFXL
 40
1.0
  9
$DIMFXLON
 70
0
  9
$DIMJOGANG
 40
0.785398163397
  9
$DIMTFILL
 70
0
  9
$DIMTFILLCLR
 70
0
  9
$DIMARCSYM
 70
0
  9
$DIMLTYPE
  6

  9
$DIMLTEX1
  6

  9
$DIMLTEX2
  6

  9
$DIMTXTDIRECTION
 70
0
  9
$LUNITS
 70
2
  9
$LUPREC
 70
4
  9
$SKETCHINC
 40
1.0
  9
$FILLETRAD
 40
10.0
  9
$AUNITS
 70
0
  9
$AUPREC
 70
2
  9
$MENU
  1
.
  9
$ELEVATION
 40
0.0
  9
$PELEVATION
 40
0.0
  9
$THICKNESS
 40
0.0
  9
$LIMCHECK
 70
0
  9
$CHAMFERA
 40
0.0
  9
$CHAMFERB
 40
0.0
  9
$CHAMFERC
 40
0.0
  9
$CHAMFERD
 40
0.0
  9
$SKPOLY
 70
0
  9
$TDCREATE
 40
2461319.609340278
  9
$TDUCREATE
 40
2458532.153996898
  9
$TDUPDATE
 40
2461319.6094560185
  9
$TDUUPDATE
 40
2458532.1544311
  9
$TDINDWG
 40
0.0
  9
$TDUSRTIMER
 40
0.0
  9
$USRTIMER
 70
1
  9
$ANGBASE
 50
0.0
  9
$ANGDIR
 70
0
  9
$PDMODE
 70
0
  9
$PDSIZE
 40
0.0
  9
$PLINEWID
 40
0.0
  9
$SPLFRAME
 70
0
  9
$SPLINETYPE
 70
6
  9
$SPLINESEGS
 70
8
  9
$HANDSEED
  5
656
  9
$SURFTAB1
 70
6
  9
$SURFTAB2
 70
6
  9
$SURFTYPE
 70
6
  9
$SURFU
 70
6
  9
$SURFV
 70
6
  9
$UCSBASE
  2

  9
$UCSNAME
  2

  9
$UCSORG
 10
0.0
 20
0.0
 30
0.0
  9
$UCSXDIR
 10
1.0
 20
0.0
 30
0.0
  9
$UCSYDIR
 10
0.0
 20
1.0
 30
0.0
  9
$UCSORTHOREF
  2

  9
$UCSORTHOVIEW
 70
0
  9
$UCSORGTOP
 10
0.0
 20
0.0
 30
0.0
  9
$UCSORGBOTTOM
 10
0.0
 20
0.0
 30
0.0
  9
$UCSORGLEFT
 10
0.0
 20
0.0
 30
0.0
  9
$UCSORGRIGHT
 10
0.0
 20
0.0
 30
0.0
  9
$UCSORGFRONT
 10
0.0
 20
0.0
 30
0.0
  9
$UCSORGBACK
 10
0.0
 20
0.0
 30
0.0
  9
$PUCSBASE
  2

  9
$PUCSNAME
  2

  9
$PUCSORG
 10
0.0
 20
0.0
 30
0.0
  9
$PUCSXDIR
 10
1.0
 20
0.0
 30
0.0
  9
$PUCSYDIR
 10
0.0
 20
1.0
 30
0.0
  9
$PUCSORTHOREF
  2

  9
$PUCSORTHOVIEW
 70
0
  9
$PUCSORGTOP
 10
0.0
 20
0.0
 30
0.0
  9
$PUCSORGBOTTOM
 10
0.0
 20
0.0
 30
0.0
  9
$PUCSORGLEFT
 10
0.0
 20
0.0
 30
0.0
  9
$PUCSORGRIGHT
 10
0.0
 20
0.0
 30
0.0
  9
$PUCSORGFRONT
 10
0.0
 20
0.0
 30
0.0
  9
$PUCSORGBACK
 10
0.0
 20
0.0
 30
0.0
  9
$USERI1
 70
0
  9
$USERI2
 70
0
  9
$USERI3
 70
0
  9
$USERI4
 70
0
  9
$USERI5
 70
0
  9
$USERR1
 40
0.0
  9
$USERR2
 40
0.0
  9
$USERR3
 40
0.0
  9
$USERR4
 40
0.0
  9
$USERR5
 40
0.0
  9
$WORLDVIEW
 70
1
  9
$SHADEDGE
 70
3
  9
$SHADEDIF
 70
70
  9
$TILEMODE
 70
1
  9
$MAXACTVP
 70
64
  9
$PINSBASE
 10
0.0
 20
0.0
 30
0.0
  9
$PLIMCHECK
 70
0
  9
$PEXTMIN
 10
1e+20
 20
1e+20
 30
1e+20
  9
$PEXTMAX
 10
-1e+20
 20
-1e+20
 30
-1e+20
  9
$PLIMMIN
 10
0.0
 20
0.0
  9
$PLIMMAX
 10
420.0
 20
297.0
  9
$UNITMODE
 70
0
  9
$VISRETAIN
 70
1
  9
$PLINEGEN
 70
0
  9
$PSLTSCALE
 70
1
  9
$TREEDEPTH
 70
3020
  9
$CMLSTYLE
  2
Standard
  9
$CMLJUST
 70
0
  9
$CMLSCALE
 40
20.0
  9
$PROXYGRAPHICS
 70
1
  9
$MEASUREMENT
 70
1
  9
$CELWEIGHT
370
-1
  9
$ENDCAPS
280
0
  9
$JOINSTYLE
280
0
  9
$LWDISPLAY
290
0
  9
$INSUNITS
 70
4
  9
$HYPERLINKBASE
  1

  9
$STYLESHEET
  1

  9
$XEDIT
290
1
  9
$CEPSNTYPE
380
0
  9
$PSTYLEMODE
290
1
  9
$FINGERPRINTGUID
  2
{0DB0C8C5-9CDA-4E85-935B-6B6B9DE32B12}
  9
$VERSIONGUID
  2
{6F5CC9BE-67F5-47BF-B4F9-4CBBD6B58123}
  9
$EXTNAMES
290
1
  9
$PSVPSCALE
 40
0.0
  9
$OLESTARTUP
290
0
  9
$SORTENTS
280
127
  9
$INDEXCTL
280
0
  9
$HIDETEXT
280
1
  9
$XCLIPFRAME
280
1
  9
$HALOGAP
280
0
  9
$OBSCOLOR
 70
257
  9
$OBSLTYPE
280
0
  9
$INTERSECTIONDISPLAY
280
0
  9
$INTERSECTIONCOLOR
 70
257
  9
$DIMASSOC
280
2
  9
$PROJECTNAME
  1

  9
$CAMERADISPLAY
290
0
  9
$LENSLENGTH
 40
50.0
  9
$CAMERAHEIGHT
 40
0.0
  9
$STEPSPERSEC
 40
24.0
  9
$STEPSIZE
 40
100.0
  9
$3DDWFPREC
 40
2.0
  9
$PSOLWIDTH
 40
0.005
  9
$PSOLHEIGHT
 40
0.08
  9
$LOFTANG1
 40
1.570796326795
  9
$LOFTANG2
 40
1.570796326795
  9
$LOFTMAG1
 40
0.0
  9
$LOFTMAG2
 40
0.0
  9
$LOFTPARAM
 70
7
  9
$LOFTNORMALS
280
1
  9
$LATITUDE
 40
37.795
  9
$LONGITUDE
 40
-122.394
  9
$NORTHDIRECTION
 40
0.0
  9
$TIMEZONE
 70
-8000
  9
$LIGHTGLYPHDISPLAY
280
1
  9
$TILEMODELIGHTSYNCH
280
1
  9
$CMATERIAL
347
20
  9
$SOLIDHIST
280
0
  9
$SHOWHIST
280
1
  9
$DWFFRAME
280
2
  9
$DGNFRAME
280
2
  9
$REALWORLDSCALE
290
1
  9
$INTERFERECOLOR
 62
256
  9
$CSHADOW
280
0
  9
$SHADOWPLANELOCATION
 40
0.0
  0
ENDSEC
  0
SECTION
  2
CLASSES
  0
CLASS
  1
ACDBDICTIONARYWDFLT
  2
AcDbDictionaryWithDefault
  3
ObjectDBX Classes
 90
0
 91
0
280
0
281
0
  0
CLASS
  1
SUN
  2
AcDbSun
  3
SCENEOE
 90
1153
 91
0
280
0
281
0
  0
CLASS
  1
VISUALSTYLE
  2
AcDbVisualStyle
  3
ObjectDBX Classes
 90
4095
 91
0
280
0
281
0
  0
CLASS
  1
MATERIAL
  2
AcDbMaterial
  3
ObjectDBX Classes
 90
1153
 91
0
280
0
281
0
  0
CLASS
  1
SCALE
  2
AcDbScale
  3
ObjectDBX Classes
 90
1153
 91
0
280
0
281
0
  0
CLASS
  1
TABLESTYLE
  2
AcDbTableStyle
  3
ObjectDBX Classes
 90
4095
 91
0
280
0
281
0
  0
CLASS
  1
MLEADERSTYLE
  2
AcDbMLeaderStyle
  3
ACDB_MLEADERSTYLE_CLASS
 90
4095
 91
0
280
0
281
0
  0
CLASS
  1
DICTIONARYVAR
  2
AcDbDictionaryVar
  3
ObjectDBX Classes
 90
0
 91
0
280
0
281
0
  0
CLASS
  1
CELLSTYLEMAP
  2
AcDbCellStyleMap
  3
ObjectDBX Classes
 90
1152
 91
0
280
0
281
0
  0
CLASS
  1
MENTALRAYRENDERSETTINGS
  2
AcDbMentalRayRenderSettings
  3
SCENEOE
 90
1024
 91
0
280
0
281
0
  0
CLASS
  1
ACDBDETAILVIEWSTYLE
  2
AcDbDetailViewStyle
  3
ObjectDBX Classes
 90
1025
 91
0
280
0
281
0
  0
CLASS
  1
ACDBSECTIONVIEWSTYLE
  2
AcDbSectionViewStyle
  3
ObjectDBX Classes
 90
1025
 91
0
280
0
281
0
  0
CLASS
  1
RASTERVARIABLES
  2
AcDbRasterVariables
  3
ISM
 90
0
 91
0
280
0
281
0
  0
CLASS
  1
LAYOUT
  2
AcDbLayout
  3
ObjectDBX Classes
 90
0
 91
0
280
0
281
0
  0
CLASS
  1
ACDBPLACEHOLDER
  2
AcDbPlaceHolder
  3
ObjectDBX Classes
 90
0
 91
0
280
0
281
0
  0
ENDSEC
  0
SECTION
  2
TABLES
  0
TABLE
  2
VPORT
  5
8
330
0
100
AcDbSymbolTable
 70
1
  0
VPORT
  5
652
330
8
100
AcDbSymbolTableRecord
100
AcDbViewportTableRecord
  2
*Active
 70
0
 10
0.0
 20
0.0
 11
1.0
 21
1.0
 12
-2.31395779896852
 22
-55.00000000000004
 13
0.0
 23
0.0
 14
0.5
 24
0.5
 15
0.5
 25
0.5
 16
0.0
 26
0.0
 36
1.0
 17
0.0
 27
0.0
 37
0.0
 40
146.00000000000014
 41
1.34
 42
50.0
 43
0.0
 44
0.0
 50
0.0
 51
0.0
 71
0
 72
1000
 73
1
 74
3
 75
0
 76
0
 77
0
 78
0
281
0
 65
1
110
0.0
120
0.0
130
0.0
111
1.0
121
0.0
131
0.0
112
0.0
122
1.0
132
0.0
 79
0
146
0.0
  0
ENDTAB
  0
TABLE
  2
LTYPE
  5
2
330
0
100
AcDbSymbolTable
 70
4
  0
LTYPE
  5
24
330
2
100
AcDbSymbolTableRecord
100
AcDbLinetypeTableRecord
  2
ByBlock
 70
0
  3

 72
65
 73
0
 40
0.0
  0
LTYPE
  5
25
330
2
100
AcDbSymbolTableRecord
100
AcDbLinetypeTableRecord
  2
ByLayer
 70
0
  3

 72
65
 73
0
 40
0.0
  0
LTYPE
  5
26
330
2
100
AcDbSymbolTableRecord
100
AcDbLinetypeTableRecord
  2
Continuous
 70
0
  3

 72
65
 73
0
 40
0.0
  0
LTYPE
  5
30
330
2
100
AcDbSymbolTableRecord
100
AcDbLinetypeTableRecord
  2
ACAD_ISO02W100
 70
0
  3
ISO dash __ __ __ __ __ __ __ __ __ __ __ __ __
 72
65
 73
2
 40
15.0
 49
12.0
 74
0
 49
-3.0
 74
0
  0
ENDTAB
  0
TABLE
  2
LAYER
  5
1
330
0
100
AcDbSymbolTable
 70
4
  0
LAYER
  5
27
330
1
100
AcDbSymbolTableRecord
100
AcDbLayerTableRecord
  2
0
 70
0
 62
7
  6
Continuous
370
-3
390
13
347
21
  0
LAYER
  5
28
330
1
100
AcDbSymbolTableRecord
100
AcDbLayerTableRecord
  2
Defpoints
 70
0
 62
7
  6
Continuous
290
0
370
-3
390
13
347
21
  0
LAYER
  5
2F
330
1
100
AcDbSymbolTableRecord
100
AcDbLayerTableRecord
  2
VISIBLE
 70
0
 62
7
  6
Continuous
370
25
390
13
347
21
  0
LAYER
  5
31
330
1
100
AcDbSymbolTableRecord
100
AcDbLayerTableRecord
  2
HIDDEN
 70
0
 62
7
  6
ACAD_ISO02W100
370
13
390
13
347
21
  0
ENDTAB
  0
TABLE
  2
STYLE
  5
5
330
0
100
AcDbSymbolTable
 70
1
  0
STYLE
  5
29
330
5
100
AcDbSymbolTableRecord
100
AcDbTextStyleTableRecord
  2
Standard
 70
0
 40
0.0
 41
1.0
 50
0.0
 71
0
 42
2.5
  3
txt
  4

  0
ENDTAB
  0
TABLE
  2
VIEW
  5
7
330
0
100
AcDbSymbolTable
 70
0
  0
ENDTAB
  0
TABLE
  2
UCS
  5
6
330
0
100
AcDbSymbolTable
 70
0
  0
ENDTAB
  0
TABLE
  2
APPID
  5
3
330
0
100
AcDbSymbolTable
 70
3
  0
APPID
  5
2A
330
3
100
AcDbSymbolTableRecord
100
AcDbRegAppTableRecord
  2
ACAD
 70
0
  0
APPID
  5
653
330
3
100
AcDbSymbolTableRecord
100
AcDbRegAppTableRecord
  2
HATCHBACKGROUNDCOLOR
 70
0
  0
APPID
  5
654
330
3
100
AcDbSymbolTableRecord
100
AcDbRegAppTableRecord
  2
EZDXF
 70
0
  0
ENDTAB
  0
TABLE
  2
DIMSTYLE
  5
4
330
0
100
AcDbSymbolTable
 70
1
100
AcDbDimStyleTable
  0
DIMSTYLE
105
2B
330
4
100
AcDbSymbolTableRecord
100
AcDbDimStyleTableRecord
  2
Standard
 70
0
 40
1.0
 41
2.5
 42
0.625
 43
3.75
 44
1.25
 45
0.0
 46
0.0
 47
0.0
 48
0.0
 49
2.5
140
2.5
141
2.5
142
0.0
143
0.03937007874
144
1.0
145
0.0
146
1.0
147
0.625
148
0.0
 69
0
 70
0
 71
0
 72
0
 73
0
 74
0
 75
0
 76
0
 77
1
 78
8
 79
3
170
0
171
3
172
1
173
0
174
0
175
0
176
0
177
0
178
0
179
2
271
2
272
2
273
2
274
3
275
0
276
0
277
2
278
44
279
0
280
0
281
0
282
0
283
0
284
8
285
0
286
0
288
0
289
3
290
0
371
-2
372
-2
  0
ENDTAB
  0
TABLE
  2
BLOCK_RECORD
  5
9
330
0
100
AcDbSymbolTable
 70
2
  0
BLOCK_RECORD
  5
17
330
9
100
AcDbSymbolTableRecord
100
AcDbBlockTableRecord
  2
*Model_Space
340
1A
 70
0
280
1
281
0
  0
BLOCK_RECORD
  5
1B
330
9
100
AcDbSymbolTableRecord
100
AcDbBlockTableRecord
  2
*Paper_Space
340
1E
 70
0
280
1
281
0
  0
ENDTAB
  0
ENDSEC
  0
SECTION
  2
BLOCKS
  0
BLOCK
  5
18
330
17
100
AcDbEntity
  8
0
100
AcDbBlockBegin
  2
*Model_Space
 70
0
 10
0.0
 20
0.0
 30
0.0
  3
*Model_Space
  1

  0
ENDBLK
  5
19
330
17
100
AcDbEntity
  8
0
100
AcDbBlockEnd
  0
BLOCK
  5
1C
330
1B
100
AcDbEntity
  8
0
100
AcDbBlockBegin
  2
*Paper_Space
 70
0
 10
0.0
 20
0.0
 30
0.0
  3
*Paper_Space
  1

  0
ENDBLK
  5
1D
330
1B
100
AcDbEntity
  8
0
100
AcDbBlockEnd
  0
ENDSEC
  0
SECTION
  2
ENTITIES
  0
SPLINE
  5
32
330
17
100
AcDbEntity
  8
VISIBLE
100
AcDbSpline
 70
0
 71
2
 72
6
 73
3
 74
0
 40
0.0
 40
0.0
 40
0.0
 40
0.20135909795657247
 40
0.20135909795657247
 40
0.20135909795657247
 10
21.90079999999999
 20
18.0
 30
0.0
 10
18.350299173585302
 20
3.3342888065276886
 30
0.0
 10
16.0
 20
-11.344914637489383
 30
0.0
  0
SPLINE
  5
33
330
17
100
AcDbEntity
  8
VISIBLE
100
AcDbSpline
 70
0
 71
3
 72
29
 73
25
 74
0
 40
0.0
 40
0.0
 40
0.0
 40
0.0
 40
0.1250000000000001
 40
0.1250000000000001
 40
0.1250000000000001
 40
0.2500000000000001
 40
0.2500000000000001
 40
0.2500000000000001
 40
0.3750000000000001
 40
0.3750000000000001
 40
0.3750000000000001
 40
0.5000000000000001
 40
0.5000000000000001
 40
0.5000000000000001
 40
0.6250000000000001
 40
0.6250000000000001
 40
0.6250000000000001
 40
0.7500000000000001
 40
0.7500000000000001
 40
0.7500000000000001
 40
0.8750000000000001
 40
0.8750000000000001
 40
0.8750000000000001
 40
1.0
 40
1.0
 40
1.0
 40
1.0
 10
-21.90079999709781
 20
18.0
 30
0.0
 10
-21.902325411207368
 20
18.000000000000018
 30
0.0
 10
-21.332287776114395
 20
17.999999999999986
 30
0.0
 10
-20.23370086685942
 20
18.0
 30
0.0
 10
-19.137932555588698
 20
18.0
 30
0.0
 10
-17.51460270643956
 20
17.999999999999996
 30
0.0
 10
-15.486204195228286
 20
18.0
 30
0.0
 10
-13.459962945591508
 20
18.0
 30
0.0
 10
-11.030478135086314
 20
17.999999999999996
 30
0.0
 10
-8.381073312552285
 20
18.0
 30
0.0
 10
-5.7328359912746985
 20
18.0
 30
0.0
 10
-2.8670632671199203
 20
17.999999999999996
 30
0.0
 10
-1.5317240809054056e-09
 20
18.0
 30
0.0
 10
2.8670632639275007
 20
18.0
 30
0.0
 10
5.732835991005976
 20
17.999999999999996
 30
0.0
 10
8.38107331477044
 20
18.0
 30
0.0
 10
11.030478139924593
 20
18.0
 30
0.0
 10
13.459962950650873
 20
17.999999999999996
 30
0.0
 10
15.486204195697791
 20
18.0
 30
0.0
 10
17.51460270252885
 20
18.0
 30
0.0
 10
19.13793254521589
 20
17.999999999999996
 30
0.0
 10
20.23370086326073
 20
18.0
 30
0.0
 10
21.332287781409455
 20
18.0
 30
0.0
 10
21.9023254232915
 20
17.999999999999996
 30
0.0
 10
21.90079999999998
 20
18.0
 30
0.0
  0
SPLINE
  5
34
330
17
100
AcDbEntity
  8
VISIBLE
100
AcDbSpline
 70
0
 71
3
 72
17
 73
13
 74
0
 40
0.0
 40
0.0
 40
0.0
 40
0.0
 40
0.4866471348398394
 40
0.4866471348398394
 40
0.4866471348398394
 40
0.6291453986323846
 40
0.6291453986323846
 40
0.6291453986323846
 40
0.8262137648482111
 40
0.8262137648482111
 40
0.8262137648482111
 40
1.0
 40
1.0
 40
1.0
 40
1.0
 10
16.0
 20
-4.634379810483765
 30
0.0
 10
15.999999999999991
 20
-5.994398218686382
 30
0.0
 10
16.0
 20
-7.348451252152801
 30
0.0
 10
16.0
 20
-8.650703797916293
 30
0.0
 10
16.0
 20
-9.032415596005283
 30
0.0
 10
16.0
 20
-9.405111306970515
 30
0.0
 10
15.999999999999996
 20
-9.768790930811964
 30
0.0
 10
16.000000000000014
 20
-10.270843507063853
 30
0.0
 10
15.999999999999995
 20
-10.654141572899027
 30
0.0
 10
16.0
 20
-10.918685128317517
 30
0.0
 10
15.999999999999991
 20
-11.149232693739219
 30
0.0
 10
16.0
 20
-11.345801651070383
 30
0.0
 10
16.0
 20
-11.344914637490106
 30
0.0
  0
SPLINE
  5
35
330
17
100
AcDbEntity
  8
VISIBLE
100
AcDbSpline
 70
0
 71
3
 72
17
 73
13
 74
0
 40
0.0
 40
0.0
 40
0.0
 40
0.0
 40
0.2453124813446007
 40
0.2453124813446007
 40
0.2453124813446007
 40
0.4906249626892014
 40
0.4906249626892014
 40
0.4906249626892014
 40
0.7341869555689227
 40
0.7341869555689227
 40
0.7341869555689227
 40
0.9437407017854901
 40
0.9437407017854901
 40
0.9437407017854901
 40
0.9437407017854901
 10
15.999999999999998
 20
-4.634379810483736
 30
0.0
 10
14.316787298846773
 20
-14.453156584609376
 30
0.0
 10
12.993227204179806
 20
-24.334335375664768
 30
0.0
 10
12.055012510418104
 20
-34.252233210244185
 30
0.0
 10
11.115847356515665
 20
-44.16995760424392
 30
0.0
 10
10.562067359131383
 20
-54.124374061614915
 30
0.0
 10
10.393789322443514
 20
-64.08504141219404
 30
0.0
 10
10.225198577499672
 20
-73.97473268602229
 30
0.0
 10
10.43907290931907
 20
-83.87001940536062
 30
0.0
 10
10.996069837894794
 20
-93.74514685741097
 30
0.0
 10
11.471709986636133
 20
-102.24216627723716
 30
0.0
 10
12.209255434172126
 20
-110.72283709466785
 30
0.0
 10
13.100439504036713
 20
-119.18577623720354
 30
0.0
  0
SPLINE
  5
36
330
17
100
AcDbEntity
  8
VISIBLE
100
AcDbSpline
 70
0
 71
3
 72
14
 73
10
 74
0
 40
0.0
 40
0.0
 40
0.0
 40
0.0
 40
0.30926946708639447
 40
0.30926946708639447
 40
0.30926946708639447
 40
0.6185389341727888
 40
0.6185389341727888
 40
0.6185389341727888
 40
1.0
 40
1.0
 40
1.0
 40
1.0
 10
13.10043949254702
 20
-119.18577623840874
 30
0.0
 10
13.367682537403521
 20
-118.80234897253122
 30
0.0
 10
13.603105577015608
 20
-118.43557967182502
 30
0.0
 10
13.806708611383277
 20
-118.08546833628992
 30
0.0
 10
14.009660631991352
 20
-117.73916197630355
 30
0.0
 10
14.179427711021823
 20
-117.4181461032265
 30
0.0
 10
14.307419870607687
 20
-117.16224382761014
 30
0.0
 10
14.465489473573001
 20
-116.84584102362396
 30
0.0
 10
14.55737653707438
 20
-116.63837589226378
 30
0.0
 10
14.55675508463056
 20
-116.64084944913566
 30
0.0
  0
SPLINE
  5
37
330
17
100
AcDbEntity
  8
VISIBLE
100
AcDbSpline
 70
0
 71
2
 72
6
 73
3
 74
0
 40
0.0
 40
0.0
 40
0.0
 40
1.0
 40
1.0
 40
1.0
 10
14.556755084630456
 20
-116.64084944913566
 30
0.0
 10
15.30756136460062
 20
-122.31942178725348
 30
0.0
 10
16.2368
 20
-128.0
 30
0.0
  0
SPLINE
  5
38
330
17
100
AcDbEntity
  8
VISIBLE
100
AcDbSpline
 70
0
 71
3
 72
29
 73
25
 74
0
 40
0.0
 40
0.0
 40
0.0
 40
0.0
 40
0.12500000000000006
 40
0.12500000000000006
 40
0.12500000000000006
 40
0.25
 40
0.25
 40
0.25
 40
0.37499999999999994
 40
0.37499999999999994
 40
0.37499999999999994
 40
0.4999999999999999
 40
0.4999999999999999
 40
0.4999999999999999
 40
0.625
 40
0.625
 40
0.625
 40
0.75
 40
0.75
 40
0.75
 40
0.875
 40
0.875
 40
0.875
 40
1.0
 40
1.0
 40
1.0
 40
1.0
 10
-16.236799997848372
 20
-128.0
 30
0.0
 10
-16.237930908308915
 20
-128.0000000000001
 30
0.0
 10
-15.815316799533093
 20
-127.99999999999994
 30
0.0
 10
-15.000847194395783
 20
-128.0
 30
0.0
 10
-14.188467239488194
 20
-128.00000000000006
 30
0.0
 10
-12.98496407546383
 20
-127.99999999999993
 30
0.0
 10
-11.481151386117538
 20
-128.0
 30
0.0
 10
-9.978938045869585
 20
-128.00000000000006
 30
0.0
 10
-8.177768272564034
 20
-127.99999999999993
 30
0.0
 10
-6.213554352409464
 20
-128.0
 30
0.0
 10
-4.250205993531294
 20
-128.00000000000006
 30
0.0
 10
-2.125581387692365
 20
-127.99999999999993
 30
0.0
 10
-1.1356022051333573e-09
 20
-128.0
 30
0.0
 10
2.125581385325516
 20
-127.9999999999999
 30
0.0
 10
4.250205993331943
 20
-128.00000000000006
 30
0.0
 10
6.213554354053951
 20
-128.0
 30
0.0
 10
8.17776827615092
 20
-128.0
 30
0.0
 10
9.978938049620451
 20
-128.00000000000003
 30
0.0
 10
11.481151386465593
 20
-128.0
 30
0.0
 10
12.98496407256447
 20
-128.0
 30
0.0
 10
14.18846723179763
 20
-128.00000000000003
 30
0.0
 10
15.00084719172784
 20
-128.0
 30
0.0
 10
15.815316803458511
 20
-128.0
 30
0.0
 10
16.23793091726873
 20
-128.00000000000003
 30
0.0
 10
16.236799999999988
 20
-128.0
 30
0.0
  0
SPLINE
  5
39
330
17
100
AcDbEntity
  8
VISIBLE
100
AcDbSpline
 70
0
 71
3
 72
8
 73
4
 74
0
 40
0.0
 40
0.0
 40
0.0
 40
0.0
 40
1.0
 40
1.0
 40
1.0
 40
1.0
 10
14.480486276239654
 20
-116.80555043709967
 30
0.0
 10
14.407403285033366
 20
-116.96113240366448
 30
0.0
 10
14.285267446519153
 20
-117.21430127477967
 30
0.0
 10
14.127936806447327
 20
-117.51008665397858
 30
0.0
  0
SPLINE
  5
3A
330
17
100
AcDbEntity
  8
VISIBLE
100
AcDbSpline
 70
0
 71
2
 72
6
 73
3
 74
0
 40
0.0
 40
0.0
 40
0.0
 40
1.0
 40
1.0
 40
1.0
 10
13.919082762661501
 20
-117.89044581502249
 30
0.0
 10
13.66716478598369
 20
-118.33765676540631
 30
0.0
 10
13.339223713569988
 20
-118.83544630982317
 30
0.0
  0
SPLINE
  5
3B
330
17
100
AcDbEntity
  8
VISIBLE
100
AcDbSpline
 70
0
 71
1
 72
4
 73
2
 74
0
 40
0.0
 40
0.0
 40
1.0
 40
1.0
 10
13.325266055646683
 20
-118.85648267895505
 30
0.0
 10
13.304196455783863
 20
-118.88810203072501
 30
0.0
  0
SPLINE
  5
3C
330
17
100
AcDbEntity
  8
VISIBLE
100
AcDbSpline
 70
0
 71
2
 72
6
 73
3
 74
0
 40
0.0
 40
0.0
 40
0.0
 40
1.0
 40
1.0
 40
1.0
 10
13.297145278917174
 20
-118.89864756640738
 30
0.0
 10
13.217241973645839
 20
-119.01807536370596
 30
0.0
 10
13.133127392638974
 20
-119.13898052593956
 30
0.0
  0
SPLINE
  5
3D
330
17
100
AcDbEntity
  8
VISIBLE
100
AcDbSpline
 70
0
 71
1
 72
4
 73
2
 74
0
 40
0.0
 40
0.0
 40
0.000446595577305676
 40
0.000446595577305676
 10
6.0
 20
-3.858241851006916e-15
 30
0.0
 10
5.999999802817397
 20
0.0015382371677703471
 30
0.0
  0
SPLINE
  5
3E
330
17
100
AcDbEntity
  8
VISIBLE
100
AcDbSpline
 70
0
 71
1
 72
4
 73
2
 74
0
 40
0.0
 40
0.0
 40
1.0
 40
1.0
 10
5.999999802572516
 20
0.0015391920450130345
 30
0.0
 10
5.99999968752646
 20
0.0019364024740631826
 30
0.0
  0
SPLINE
  5
3F
330
17
100
AcDbEntity
  8
VISIBLE
100
AcDbSpline
 70
0
 71
1
 72
4
 73
2
 74
0
 40
0.0
 40
0.0
 40
1.0
 40
1.0
 10
5.999999687321004
 20
0.0019370389766315693
 30
0.0
 10
5.999998993347969
 20
0.003475591199604791
 30
0.0
  0
SPLINE
  5
40
330
17
100
AcDbEntity
  8
VISIBLE
100
AcDbSpline
 70
0
 71
1
 72
4
 73
2
 74
0
 40
0.0
 40
0.0
 40
1.0
 40
1.0
 10
5.9999959734076
 20
0.006951168282036601
 30
0.0
 10
5.999995500079587
 20
0.007348376133024739
 30
0.0
  0
SPLINE
  5
41
330
17
100
AcDbEntity
  8
VISIBLE
100
AcDbSpline
 70
0
 71
1
 72
4
 73
2
 74
0
 40
0.0
 40
0.0
 40
1.0
 40
1.0
 10
5.999995498910149
 20
0.007349330919231661
 30
0.0
 10
5.999993417563189
 20
0.008887554613699437
 30
0.0
  0
SPLINE
  5
42
330
17
100
AcDbEntity
  8
VISIBLE
100
AcDbSpline
 70
0
 71
1
 72
4
 73
2
 74
0
 40
0.0
 40
0.0
 40
1.0
 40
1.0
 10
5.999978026595928
 20
0.016238180643989363
 30
0.0
 10
5.999973670529181
 20
0.017775003409742206
 30
0.0
  0
SPLINE
  5
43
330
17
100
AcDbEntity
  8
VISIBLE
100
AcDbSpline
 70
0
 71
1
 72
4
 73
2
 74
0
 40
0.0
 40
0.0
 40
1.0
 40
1.0
 10
5.999973623228637
 20
0.01779096249288216
 30
0.0
 10
5.999851567206704
 20
0.04220379293623483
 30
0.0
  0
SPLINE
  5
44
330
17
100
AcDbEntity
  8
VISIBLE
100
AcDbSpline
 70
0
 71
1
 72
4
 73
2
 74
0
 40
0.0
 40
0.0
 40
1.0
 40
1.0
 10
5.999851460512096
 20
0.042218958233492185
 30
0.0
 10
5.999803790848235
 20
0.04852274399319949
 30
0.0
  0
SPLINE
  5
45
330
17
100
AcDbEntity
  8
VISIBLE
100
AcDbSpline
 70
0
 71
1
 72
4
 73
2
 74
0
 40
0.0
 40
0.0
 40
1.0
 40
1.0
 10
5.9998037092536745
 20
0.0485328319987513
 30
0.0
 10
5.999556581277618
 20
0.07294380028854436
 30
0.0
  0
SPLINE
  5
46
330
17
100
AcDbEntity
  8
VISIBLE
100
AcDbSpline
 70
0
 71
1
 72
4
 73
2
 74
0
 40
0.0
 40
0.0
 40
1.0
 40
1.0
 10
5.9991041223085855
 20
0.10368064474668362
 30
0.0
 10
5.998632659619632
 20
0.12808645923697584
 30
0.0
  0
SPLINE
  5
47
330
17
100
AcDbEntity
  8
VISIBLE
100
AcDbSpline
 70
0
 71
1
 72
4
 73
2
 74
0
 40
0.0
 40
0.0
 40
1.0
 40
1.0
 10
5.998632443661874
 20
0.12809657268577793
 30
0.0
 10
5.998494563025611
 20
0.13439828172244747
 30
0.0
  0
SPLINE
  5
48
330
17
100
AcDbEntity
  8
VISIBLE
100
AcDbSpline
 70
0
 71
1
 72
4
 73
2
 74
0
 40
0.0
 40
0.0
 40
1.0
 40
1.0
 10
5.99849422387849
 20
0.1344134177133714
 30
0.0
 10
5.997897763696807
 20
0.15881535398777485
 30
0.0
  0
SPLINE
  5
49
330
17
100
AcDbEntity
  8
VISIBLE
100
AcDbSpline
 70
0
 71
1
 72
4
 73
2
 74
0
 40
0.0
 40
0.0
 40
1.0
 40
1.0
 10
5.996900825913219
 20
0.19282208902850323
 30
0.0
 10
5.996851251965293
 20
0.19435774884013607
 30
0.0
  0
SPLINE
  5
4A
330
17
100
AcDbEntity
  8
VISIBLE
100
AcDbSpline
 70
0
 71
1
 72
4
 73
2
 74
0
 40
0.0
 40
0.0
 40
1.0
 40
1.0
 10
5.990012370598526
 20
0.3460514609832145
 30
0.0
 10
5.989923488214684
 20
0.3475865631798841
 30
0.0
  0
SPLINE
  5
4B
330
17
100
AcDbEntity
  8
VISIBLE
100
AcDbSpline
 70
0
 71
1
 72
4
 73
2
 74
0
 40
0.0
 40
0.0
 40
1.0
 40
1.0
 10
5.963298965280538
 20
0.6626201323183976
 30
0.0
 10
5.960557967744878
 20
0.6868396618633699
 30
0.0
  0
SPLINE
  5
4C
330
17
100
AcDbEntity
  8
VISIBLE
100
AcDbSpline
 70
0
 71
1
 72
4
 73
2
 74
0
 40
0.0
 40
0.0
 40
1.0
 40
1.0
 10
5.960556138248987
 20
0.6868555384868511
 30
0.0
 10
5.960380304816511
 20
0.6883797143243258
 30
0.0
  0
SPLINE
  5
4D
330
17
100
AcDbEntity
  8
VISIBLE
100
AcDbSpline
 70
0
 71
1
 72
4
 73
2
 74
0
 40
0.0
 40
0.0
 40
1.0
 40
1.0
 10
5.959533917231452
 20
0.6956691052975432
 30
0.0
 10
5.959355674015223
 20
0.6971943534162546
 30
0.0
  0
SPLINE
  5
4E
330
17
100
AcDbEntity
  8
VISIBLE
100
AcDbSpline
 70
0
 71
1
 72
4
 73
2
 74
0
 40
0.0
 40
0.0
 40
1.0
 40
1.0
 10
5.958480996479295
 20
0.7046305670623404
 30
0.0
 10
5.95692242852116
 20
0.7176874052507408
 30
0.0
  0
SPLINE
  5
4F
330
17
100
AcDbEntity
  8
VISIBLE
100
AcDbSpline
 70
0
 71
1
 72
4
 73
2
 74
0
 40
0.0
 40
0.0
 40
1.0
 40
1.0
 10
5.956921015894302
 20
0.7176991301926601
 30
0.0
 10
5.955335312255585
 20
0.7307402815210582
 30
0.0
  0
SPLINE
  5
50
330
17
100
AcDbEntity
  8
VISIBLE
100
AcDbSpline
 70
0
 71
1
 72
4
 73
2
 74
0
 40
0.0
 40
0.0
 40
1.0
 40
1.0
 10
5.95533243522579
 20
0.7307637281639119
 30
0.0
 10
5.926329260575288
 20
0.9373481896651117
 30
0.0
  0
SPLINE
  5
51
330
17
100
AcDbEntity
  8
VISIBLE
100
AcDbSpline
 70
0
 71
1
 72
4
 73
2
 74
0
 40
0.0
 40
0.0
 40
1.0
 40
1.0
 10
5.926325564395373
 20
0.9373715582502591
 30
0.0
 10
5.924260427238195
 20
0.9503360065190198
 30
0.0
  0
SPLINE
  5
52
330
17
100
AcDbEntity
  8
VISIBLE
100
AcDbSpline
 70
0
 71
1
 72
4
 73
2
 74
0
 40
0.0
 40
0.0
 40
1.0
 40
1.0
 10
5.9242585532234315
 20
0.9503476887893304
 30
0.0
 10
5.9221632226217125
 20
0.9633186911532808
 30
0.0
  0
SPLINE
  5
53
330
17
100
AcDbEntity
  8
VISIBLE
100
AcDbSpline
 70
0
 71
1
 72
4
 73
2
 74
0
 40
0.0
 40
0.0
 40
1.0
 40
1.0
 10
5.859261260712067
 20
1.2919200827792827
 30
0.0
 10
5.858931447478758
 20
1.293414981522227
 30
0.0
  0
SPLINE
  5
54
330
17
100
AcDbEntity
  8
VISIBLE
100
AcDbSpline
 70
0
 71
1
 72
4
 73
2
 74
0
 40
0.0
 40
0.0
 40
1.0
 40
1.0
 10
5.853029657164184
 20
1.3198650829820122
 30
0.0
 10
5.852692605403297
 20
1.3213588727841608
 30
0.0
  0
SPLINE
  5
55
330
17
100
AcDbEntity
  8
VISIBLE
100
AcDbSpline
 70
0
 71
1
 72
4
 73
2
 74
0
 40
0.0
 40
0.0
 40
1.0
 40
1.0
 10
5.851500462788033
 20
1.3266281826040216
 30
0.0
 10
5.846075194821468
 20
1.3503350707631365
 30
0.0
  0
SPLINE
  5
56
330
17
100
AcDbEntity
  8
VISIBLE
100
AcDbSpline
 70
0
 71
1
 72
4
 73
2
 74
0
 40
0.0
 40
0.0
 40
1.0
 40
1.0
 10
5.82622517549988
 20
1.4335620477806592
 30
0.0
 10
5.8247220977002545
 20
1.4396570501076207
 30
0.0
  0
SPLINE
  5
57
330
17
100
AcDbEntity
  8
VISIBLE
100
AcDbSpline
 70
0
 71
1
 72
4
 73
2
 74
0
 40
0.0
 40
0.0
 40
1.0
 40
1.0
 10
5.824718477234294
 20
1.4396716981035111
 30
0.0
 10
5.818837802314066
 20
1.463258882158779
 30
0.0
  0
SPLINE
  5
58
330
17
100
AcDbEntity
  8
VISIBLE
100
AcDbSpline
 70
0
 71
1
 72
4
 73
2
 74
0
 40
0.0
 40
0.0
 40
1.0
 40
1.0
 10
5.818833921130665
 20
1.4632743160964856
 30
0.0
 10
5.818460551735768
 20
1.4647582507187855
 30
0.0
  0
SPLINE
  5
59
330
17
100
AcDbEntity
  8
VISIBLE
100
AcDbSpline
 70
0
 71
1
 72
4
 73
2
 74
0
 40
0.0
 40
0.0
 40
1.0
 40
1.0
 10
5.817046649597753
 20
1.470363288091524
 30
0.0
 10
5.816671482697057
 20
1.471846725806001
 30
0.0
  0
SPLINE
  5
5A
330
17
100
AcDbEntity
  8
VISIBLE
100
AcDbSpline
 70
0
 71
1
 72
4
 73
2
 74
0
 40
0.0
 40
0.0
 40
1.0
 40
1.0
 10
5.813062360931249
 20
1.4860369791935977
 30
0.0
 10
5.8123030201504475
 20
1.4890042029116763
 30
0.0
  0
SPLINE
  5
5B
330
17
100
AcDbEntity
  8
VISIBLE
100
AcDbSpline
 70
0
 71
1
 72
4
 73
2
 74
0
 40
0.0
 40
0.0
 40
1.0
 40
1.0
 10
5.810482601172007
 20
1.4960921939685852
 30
0.0
 10
5.810100911469641
 20
1.497573807633108
 30
0.0
  0
SPLINE
  5
5C
330
17
100
AcDbEntity
  8
VISIBLE
100
AcDbSpline
 70
0
 71
1
 72
4
 73
2
 74
0
 40
0.0
 40
0.0
 40
1.0
 40
1.0
 10
5.8100969386862324
 20
1.4975892206582078
 30
0.0
 10
5.803983117883327
 20
1.5211113927081588
 30
0.0
  0
SPLINE
  5
5D
330
17
100
AcDbEntity
  8
VISIBLE
100
AcDbSpline
 70
0
 71
1
 72
4
 73
2
 74
0
 40
0.0
 40
0.0
 40
1.0
 40
1.0
 10
5.803979293845455
 20
1.5211259837071913
 30
0.0
 10
5.802385157408381
 20
1.5271955947514644
 30
0.0
  0
SPLINE
  5
5E
330
17
100
AcDbEntity
  8
VISIBLE
100
AcDbSpline
 70
0
 71
1
 72
4
 73
2
 74
0
 40
0.0
 40
0.0
 40
1.0
 40
1.0
 10
5.780033331770998
 20
1.6097249958195174
 30
0.0
 10
5.773468457985285
 20
1.6331141540869414
 30
0.0
  0
SPLINE
  5
5F
330
17
100
AcDbEntity
  8
VISIBLE
100
AcDbSpline
 70
0
 71
1
 72
4
 73
2
 74
0
 40
0.0
 40
0.0
 40
1.0
 40
1.0
 10
5.772522825469829
 20
1.636453514389458
 30
0.0
 10
5.771997339064074
 20
1.6383060132373872
 30
0.0
  0
SPLINE
  5
60
330
17
100
AcDbEntity
  8
VISIBLE
100
AcDbSpline
 70
0
 71
1
 72
4
 73
2
 74
0
 40
0.0
 40
0.0
 40
1.0
 40
1.0
 10
5.76456930369248
 20
1.664253771773612
 30
0.0
 10
5.763719450362754
 20
1.667194641131384
 30
0.0
  0
SPLINE
  5
61
330
17
100
AcDbEntity
  8
VISIBLE
100
AcDbSpline
 70
0
 71
1
 72
4
 73
2
 74
0
 40
0.0
 40
0.0
 40
1.0
 40
1.0
 10
5.759637700196308
 20
1.681241635386638
 30
0.0
 10
5.758780013249016
 20
1.6841771383038076
 30
0.0
  0
SPLINE
  5
62
330
17
100
AcDbEntity
  8
VISIBLE
100
AcDbSpline
 70
0
 71
1
 72
4
 73
2
 74
0
 40
0.0
 40
0.0
 40
1.0
 40
1.0
 10
5.758771059659977
 20
1.6842077533978475
 30
0.0
 10
5.7449466690564455
 20
1.7307766027092915
 30
0.0
  0
SPLINE
  5
63
330
17
100
AcDbEntity
  8
VISIBLE
100
AcDbSpline
 70
0
 71
1
 72
4
 73
2
 74
0
 40
0.0
 40
0.0
 40
1.0
 40
1.0
 10
5.744937980335473
 20
1.7308054428190927
 30
0.0
 10
5.741307337235577
 20
1.7428109307341004
 30
0.0
  0
SPLINE
  5
64
330
17
100
AcDbEntity
  8
VISIBLE
100
AcDbSpline
 70
0
 71
1
 72
4
 73
2
 74
0
 40
0.0
 40
0.0
 40
1.0
 40
1.0
 10
5.69333444584254
 20
1.8936585813143167
 30
0.0
 10
5.68936609261624
 20
1.9055480589679725
 30
0.0
  0
SPLINE
  5
65
330
17
100
AcDbEntity
  8
VISIBLE
100
AcDbSpline
 70
0
 71
1
 72
4
 73
2
 74
0
 40
0.0
 40
0.0
 40
1.0
 40
1.0
 10
5.689356511966297
 20
1.9055766635350724
 30
0.0
 10
5.673756211165012
 20
1.951535401199074
 30
0.0
  0
SPLINE
  5
66
330
17
100
AcDbEntity
  8
VISIBLE
100
AcDbSpline
 70
0
 71
1
 72
4
 73
2
 74
0
 40
0.0
 40
0.0
 40
1.0
 40
1.0
 10
5.673746059182818
 20
1.9515649161098818
 30
0.0
 10
5.672751644587082
 20
1.9544535672051622
 30
0.0
  0
SPLINE
  5
67
330
17
100
AcDbEntity
  8
VISIBLE
100
AcDbSpline
 70
0
 71
1
 72
4
 73
2
 74
0
 40
0.0
 40
0.0
 40
1.0
 40
1.0
 10
5.667975396944832
 20
1.9682618918977903
 30
0.0
 10
5.665966500282257
 20
1.9740373847800008
 30
0.0
  0
SPLINE
  5
68
330
17
100
AcDbEntity
  8
VISIBLE
100
AcDbSpline
 70
0
 71
1
 72
4
 73
2
 74
0
 40
0.0
 40
0.0
 40
1.0
 40
1.0
 10
5.656282410041519
 20
2.001616669835174
 30
0.0
 10
5.655262786536894
 20
2.0044956502902678
 30
0.0
  0
SPLINE
  5
69
330
17
100
AcDbEntity
  8
VISIBLE
100
AcDbSpline
 70
0
 71
1
 72
4
 73
2
 74
0
 40
0.0
 40
0.0
 40
1.0
 40
1.0
 10
5.650360312052598
 20
2.0182736060867867
 30
0.0
 10
5.63385729436342
 20
2.0638924436343586
 30
0.0
  0
SPLINE
  5
6A
330
17
100
AcDbEntity
  8
VISIBLE
100
AcDbSpline
 70
0
 71
1
 72
4
 73
2
 74
0
 40
0.0
 40
0.0
 40
1.0
 40
1.0
 10
5.633846960780902
 20
2.06392065125073
 30
0.0
 10
5.629526048792213
 20
2.0756773605203476
 30
0.0
  0
SPLINE
  5
6B
330
17
100
AcDbEntity
  8
VISIBLE
100
AcDbSpline
 70
0
 71
1
 72
4
 73
2
 74
0
 40
0.0
 40
0.0
 40
1.0
 40
1.0
 10
5.629519075900481
 20
2.075696271878501
 30
0.0
 10
5.612556447104366
 20
2.121134175965423
 30
0.0
  0
SPLINE
  5
6C
330
17
100
AcDbEntity
  8
VISIBLE
100
AcDbSpline
 70
0
 71
2
 72
6
 73
3
 74
0
 40
0.0
 40
0.0
 40
0.0
 40
1.0
 40
1.0
 40
1.0
 10
5.612552941989657
 20
2.1211434505354645
 30
0.0
 10
5.567604286510311
 20
2.2400732615173298
 30
0.0
 10
5.5177082668030355
 20
2.356882604758849
 30
0.0
  0
SPLINE
  5
6D
330
17
100
AcDbEntity
  8
VISIBLE
100
AcDbSpline
 70
0
 71
1
 72
4
 73
2
 74
0
 40
0.0
 40
0.0
 40
1.0
 40
1.0
 10
5.391999287446398
 20
2.631794764598536
 30
0.0
 10
5.386260991961871
 20
2.643518964560056
 30
0.0
  0
SPLINE
  5
6E
330
17
100
AcDbEntity
  8
VISIBLE
100
AcDbSpline
 70
0
 71
2
 72
6
 73
3
 74
0
 40
0.0
 40
0.0
 40
0.0
 40
1.0
 40
1.0
 40
1.0
 10
5.380487042227787
 20
2.655251243963674
 30
0.0
 10
5.286583361508133
 20
2.8455160557899557
 30
0.0
 10
5.17964003781489
 20
3.0284202045782003
 30
0.0
  0
SPLINE
  5
6F
330
17
100
AcDbEntity
  8
VISIBLE
100
AcDbSpline
 70
0
 71
1
 72
4
 73
2
 74
0
 40
0.0
 40
0.0
 40
1.0
 40
1.0
 10
4.358873527032255
 20
4.123132492609443
 30
0.0
 10
4.358871375565332
 20
4.1231347670857765
 30
0.0
  0
SPLINE
  5
70
330
17
100
AcDbEntity
  8
VISIBLE
100
AcDbSpline
 70
0
 71
1
 72
4
 73
2
 74
0
 40
0.0
 40
0.0
 40
1.0
 40
1.0
 10
4.357873481409943
 20
4.124189459306486
 30
0.0
 10
4.357872046788568
 20
4.124190975215564
 30
0.0
  0
SPLINE
  5
71
330
17
100
AcDbEntity
  8
VISIBLE
100
AcDbSpline
 70
0
 71
1
 72
4
 73
2
 74
0
 40
0.0
 40
0.0
 40
1.0
 40
1.0
 10
4.356873179835025
 20
4.1252461830807405
 30
0.0
 10
4.3568724623688855
 20
4.125246940831499
 30
0.0
  0
SPLINE
  5
72
330
17
100
AcDbEntity
  8
VISIBLE
100
AcDbSpline
 70
0
 71
1
 72
4
 73
2
 74
0
 40
0.0
 40
0.0
 40
1.0
 40
1.0
 10
4.3558726223617334
 20
4.126302663875446
 30
0.0
 10
4.355868116562554
 20
4.1263074203529335
 30
0.0
  0
SPLINE
  5
73
330
17
100
AcDbEntity
  8
VISIBLE
100
AcDbSpline
 70
0
 71
1
 72
4
 73
2
 74
0
 40
0.0
 40
0.0
 40
1.0
 40
1.0
 10
4.354609101974594
 20
4.127636072268778
 30
0.0
 10
4.354608196332068
 20
4.127637027711128
 30
0.0
  0
SPLINE
  5
74
330
17
100
AcDbEntity
  8
VISIBLE
100
AcDbSpline
 70
0
 71
1
 72
4
 73
2
 74
0
 40
0.0
 40
0.0
 40
1.0
 40
1.0
 10
4.353349682554468
 20
4.128964339570789
 30
0.0
 10
4.353347870841857
 20
4.12896624973866
 30
0.0
  0
SPLINE
  5
75
330
17
100
AcDbEntity
  8
VISIBLE
100
AcDbSpline
 70
0
 71
1
 72
4
 73
2
 74
0
 40
0.0
 40
0.0
 40
1.0
 40
1.0
 10
4.352089858412861
 20
4.130292222143067
 30
0.0
 10
4.352087140121983
 20
4.130295086404887
 30
0.0
  0
SPLINE
  5
76
330
17
100
AcDbEntity
  8
VISIBLE
100
AcDbSpline
 70
0
 71
1
 72
4
 73
2
 74
0
 40
0.0
 40
0.0
 40
1.0
 40
1.0
 10
4.328237638120844
 20
4.155280847703295
 30
0.0
 10
4.328234908680131
 20
4.155283690750654
 30
0.0
  0
SPLINE
  5
77
330
17
100
AcDbEntity
  8
VISIBLE
100
AcDbSpline
 70
0
 71
1
 72
4
 73
2
 74
0
 40
0.0
 40
0.0
 40
1.0
 40
1.0
 10
4.326968883837949
 20
4.156602008084574
 30
0.0
 10
4.326967063704547
 20
4.156603902819054
 30
0.0
  0
SPLINE
  5
78
330
17
100
AcDbEntity
  8
VISIBLE
100
AcDbSpline
 70
0
 71
1
 72
4
 73
2
 74
0
 40
0.0
 40
0.0
 40
1.0
 40
1.0
 10
4.325699726644621
 20
4.157922780692475
 30
0.0
 10
4.325698816324672
 20
4.157923727744668
 30
0.0
  0
SPLINE
  5
79
330
17
100
AcDbEntity
  8
VISIBLE
100
AcDbSpline
 70
0
 71
1
 72
4
 73
2
 74
0
 40
0.0
 40
0.0
 40
1.0
 40
1.0
 10
4.324430166651821
 20
4.1592431654122075
 30
0.0
 10
4.324424527819476
 20
4.1592490281864185
 30
0.0
  0
SPLINE
  5
7A
330
17
100
AcDbEntity
  8
VISIBLE
100
AcDbSpline
 70
0
 71
1
 72
4
 73
2
 74
0
 40
0.0
 40
0.0
 40
1.0
 40
1.0
 10
4.323416458980318
 20
4.160296876123251
 30
0.0
 10
4.323415734172152
 20
4.160297629350026
 30
0.0
  0
SPLINE
  5
7B
330
17
100
AcDbEntity
  8
VISIBLE
100
AcDbSpline
 70
0
 71
1
 72
4
 73
2
 74
0
 40
0.0
 40
0.0
 40
1.0
 40
1.0
 10
4.322408136409377
 20
4.161344479558512
 30
0.0
 10
4.3224066865368815
 20
4.161345985547385
 30
0.0
  0
SPLINE
  5
7C
330
17
100
AcDbEntity
  8
VISIBLE
100
AcDbSpline
 70
0
 71
1
 72
4
 73
2
 74
0
 40
0.0
 40
0.0
 40
1.0
 40
1.0
 10
4.321399560162492
 20
4.162391838434447
 30
0.0
 10
4.321397384888632
 20
4.162394096804858
 30
0.0
  0
SPLINE
  5
7D
330
17
100
AcDbEntity
  8
VISIBLE
100
AcDbSpline
 70
0
 71
1
 72
4
 73
2
 74
0
 40
0.0
 40
0.0
 40
1.0
 40
1.0
 10
4.302317357352804
 20
4.182112544133761
 30
0.0
 10
4.302315174386214
 20
4.182114789843328
 30
0.0
  0
SPLINE
  5
7E
330
17
100
AcDbEntity
  8
VISIBLE
100
AcDbSpline
 70
0
 71
1
 72
4
 73
2
 74
0
 40
0.0
 40
0.0
 40
1.0
 40
1.0
 10
4.30130302356924
 20
4.183155779387128
 30
0.0
 10
4.301301567930519
 20
4.183157276137759
 30
0.0
  0
SPLINE
  5
7F
330
17
100
AcDbEntity
  8
VISIBLE
100
AcDbSpline
 70
0
 71
1
 72
4
 73
2
 74
0
 40
0.0
 40
0.0
 40
1.0
 40
1.0
 10
4.300288436950673
 20
4.184198768488498
 30
0.0
 10
4.3002877089671045
 20
4.184199516669679
 30
0.0
  0
SPLINE
  5
80
330
17
100
AcDbEntity
  8
VISIBLE
100
AcDbSpline
 70
0
 71
1
 72
4
 73
2
 74
0
 40
0.0
 40
0.0
 40
1.0
 40
1.0
 10
4.299273597552055
 20
4.185241511381573
 30
0.0
 10
4.299263423248377
 20
4.1852519628713445
 30
0.0
  0
SPLINE
  5
81
330
17
100
AcDbEntity
  8
VISIBLE
100
AcDbSpline
 70
0
 71
1
 72
4
 73
2
 74
0
 40
0.0
 40
0.0
 40
1.0
 40
1.0
 10
4.298477636079134
 20
4.186059004282386
 30
0.0
 10
4.298477071395144
 20
4.18605958413116
 30
0.0
  0
SPLINE
  5
82
330
17
100
AcDbEntity
  8
VISIBLE
100
AcDbSpline
 70
0
 71
1
 72
4
 73
2
 74
0
 40
0.0
 40
0.0
 40
1.0
 40
1.0
 10
4.293530817496858
 20
4.191132674404692
 30
0.0
 10
4.293530252329855
 20
4.191133253379832
 30
0.0
  0
SPLINE
  5
83
330
17
100
AcDbEntity
  8
VISIBLE
100
AcDbSpline
 70
0
 71
1
 72
4
 73
2
 74
0
 40
0.0
 40
0.0
 40
1.0
 40
1.0
 10
4.292743361484187
 20
4.191939218035188
 30
0.0
 10
4.292727461625522
 20
4.1919555001782065
 30
0.0
  0
SPLINE
  5
84
330
17
100
AcDbEntity
  8
VISIBLE
100
AcDbSpline
 70
0
 71
1
 72
4
 73
2
 74
0
 40
0.0
 40
0.0
 40
1.0
 40
1.0
 10
4.291711472497154
 20
4.1929956608752175
 30
0.0
 10
4.291710742147762
 20
4.1929964084191145
 30
0.0
  0
SPLINE
  5
85
330
17
100
AcDbEntity
  8
VISIBLE
100
AcDbSpline
 70
0
 71
1
 72
4
 73
2
 74
0
 40
0.0
 40
0.0
 40
1.0
 40
1.0
 10
4.290695231392014
 20
4.194035575267171
 30
0.0
 10
4.290693770418052
 20
4.194037069911585
 30
0.0
  0
SPLINE
  5
86
330
17
100
AcDbEntity
  8
VISIBLE
100
AcDbSpline
 70
0
 71
1
 72
4
 73
2
 74
0
 40
0.0
 40
0.0
 40
1.0
 40
1.0
 10
4.289678738366298
 20
4.195075243296657
 30
0.0
 10
4.289676546424335
 20
4.19507748466812
 30
0.0
  0
SPLINE
  5
87
330
17
100
AcDbEntity
  8
VISIBLE
100
AcDbSpline
 70
0
 71
1
 72
4
 73
2
 74
0
 40
0.0
 40
0.0
 40
1.0
 40
1.0
 10
4.270447453458455
 20
4.214650462733264
 30
0.0
 10
4.270445253110771
 20
4.214652692209793
 30
0.0
  0
SPLINE
  5
88
330
17
100
AcDbEntity
  8
VISIBLE
100
AcDbSpline
 70
0
 71
1
 72
4
 73
2
 74
0
 40
0.0
 40
0.0
 40
1.0
 40
1.0
 10
4.269425232074164
 20
4.215685965952462
 30
0.0
 10
4.269423764838278
 20
4.215687451891361
 30
0.0
  0
SPLINE
  5
89
330
17
100
AcDbEntity
  8
VISIBLE
100
AcDbSpline
 70
0
 71
1
 72
4
 73
2
 74
0
 40
0.0
 40
0.0
 40
1.0
 40
1.0
 10
4.268402759608287
 20
4.216721221233609
 30
0.0
 10
4.2684020258208815
 20
4.216721964014429
 30
0.0
  0
SPLINE
  5
8A
330
17
100
AcDbEntity
  8
VISIBLE
100
AcDbSpline
 70
0
 71
1
 72
4
 73
2
 74
0
 40
0.0
 40
0.0
 40
1.0
 40
1.0
 10
4.267380036115032
 20
4.2177562285218215
 30
0.0
 10
4.265033585036424
 20
4.220128966567355
 30
0.0
  0
SPLINE
  5
8B
330
17
100
AcDbEntity
  8
VISIBLE
100
AcDbSpline
 70
0
 71
1
 72
4
 73
2
 74
0
 40
0.0
 40
0.0
 40
1.0
 40
1.0
 10
4.264145735812473
 20
4.221026074277896
 30
0.0
 10
4.26414374761363
 20
4.221028082786136
 30
0.0
  0
SPLINE
  5
8C
330
17
100
AcDbEntity
  8
VISIBLE
100
AcDbSpline
 70
0
 71
1
 72
4
 73
2
 74
0
 40
0.0
 40
0.0
 40
1.0
 40
1.0
 10
4.263316377546918
 20
4.221863740216195
 30
0.0
 10
4.26331505092446
 20
4.2218650798637665
 30
0.0
  0
SPLINE
  5
8D
330
17
100
AcDbEntity
  8
VISIBLE
100
AcDbSpline
 70
0
 71
1
 72
4
 73
2
 74
0
 40
0.0
 40
0.0
 40
1.0
 40
1.0
 10
4.2601094345207144
 20
4.225099712674566
 30
0.0
 10
4.260108771759574
 20
4.225100380927329
 30
0.0
  0
SPLINE
  5
8E
330
17
100
AcDbEntity
  8
VISIBLE
100
AcDbSpline
 70
0
 71
1
 72
4
 73
2
 74
0
 40
0.0
 40
0.0
 40
1.0
 40
1.0
 10
4.256069906083432
 20
4.229168822692282
 30
0.0
 10
4.256069241133787
 20
4.229169491871467
 30
0.0
  0
SPLINE
  5
8F
330
17
100
AcDbEntity
  8
VISIBLE
100
AcDbSpline
 70
0
 71
1
 72
4
 73
2
 74
0
 40
0.0
 40
0.0
 40
1.0
 40
1.0
 10
4.252858082015177
 20
4.232398623792529
 30
0.0
 10
4.252856753187164
 20
4.232399959043697
 30
0.0
  0
SPLINE
  5
90
330
17
100
AcDbEntity
  8
VISIBLE
100
AcDbSpline
 70
0
 71
1
 72
4
 73
2
 74
0
 40
0.0
 40
0.0
 40
1.0
 40
1.0
 10
4.252027154052058
 20
4.233233404583839
 30
0.0
 10
4.252025159177679
 20
4.233235408313675
 30
0.0
  0
SPLINE
  5
91
330
17
100
AcDbEntity
  8
VISIBLE
100
AcDbSpline
 70
0
 71
1
 72
4
 73
2
 74
0
 40
0.0
 40
0.0
 40
1.0
 40
1.0
 10
4.248810914476532
 20
4.236461470337828
 30
0.0
 10
4.2487949535746585
 20
4.236477477706112
 30
0.0
  0
SPLINE
  5
92
330
17
100
AcDbEntity
  8
VISIBLE
100
AcDbSpline
 70
0
 71
1
 72
4
 73
2
 74
0
 40
0.0
 40
0.0
 40
1.0
 40
1.0
 10
4.245575484459689
 20
4.239703855524205
 30
0.0
 10
4.2455734840063855
 20
4.239705858747033
 30
0.0
  0
SPLINE
  5
93
330
17
100
AcDbEntity
  8
VISIBLE
100
AcDbSpline
 70
0
 71
1
 72
4
 73
2
 74
0
 40
0.0
 40
0.0
 40
1.0
 40
1.0
 10
4.244741738590443
 20
4.240538591912899
 30
0.0
 10
4.244740407135774
 20
4.240539924686872
 30
0.0
  0
SPLINE
  5
94
330
17
100
AcDbEntity
  8
VISIBLE
100
AcDbSpline
 70
0
 71
1
 72
4
 73
2
 74
0
 40
0.0
 40
0.0
 40
1.0
 40
1.0
 10
4.241517852111336
 20
4.243763222332811
 30
0.0
 10
4.241517182013741
 20
4.243763892075757
 30
0.0
  0
SPLINE
  5
95
330
17
100
AcDbEntity
  8
VISIBLE
100
AcDbSpline
 70
0
 71
1
 72
4
 73
2
 74
0
 40
0.0
 40
0.0
 40
1.0
 40
1.0
 10
4.237456999493725
 20
4.247818046323243
 30
0.0
 10
4.237456336875374
 20
4.247818707325273
 30
0.0
  0
SPLINE
  5
96
330
17
100
AcDbEntity
  8
VISIBLE
100
AcDbSpline
 70
0
 71
1
 72
4
 73
2
 74
0
 40
0.0
 40
0.0
 40
1.0
 40
1.0
 10
4.23422825225761
 20
4.251036471873409
 30
0.0
 10
4.234226909084251
 20
4.251037809735568
 30
0.0
  0
SPLINE
  5
97
330
17
100
AcDbEntity
  8
VISIBLE
100
AcDbSpline
 70
0
 71
1
 72
4
 73
2
 74
0
 40
0.0
 40
0.0
 40
1.0
 40
1.0
 10
4.233392939934849
 20
4.251868317995483
 30
0.0
 10
4.233390942282296
 20
4.251870306966841
 30
0.0
  0
SPLINE
  5
98
330
17
100
AcDbEntity
  8
VISIBLE
100
AcDbSpline
 70
0
 71
2
 72
6
 73
3
 74
0
 40
0.0
 40
0.0
 40
0.0
 40
1.0
 40
1.0
 40
1.0
 10
4.230159770266893
 20
4.255084992767576
 30
0.0
 10
4.0676914902306756
 20
4.41659825977817
 30
0.0
 10
3.893345776661187
 20
4.56528845530438
 30
0.0
  0
SPLINE
  5
99
330
17
100
AcDbEntity
  8
VISIBLE
100
AcDbSpline
 70
0
 71
1
 72
4
 73
2
 74
0
 40
0.0
 40
0.0
 40
1.0
 40
1.0
 10
3.173754398948769
 20
5.091884031540438
 30
0.0
 10
3.173744872649295
 20
5.0918899692387996
 30
0.0
  0
SPLINE
  5
9A
330
17
100
AcDbEntity
  8
VISIBLE
100
AcDbSpline
 70
0
 71
1
 72
4
 73
2
 74
0
 40
0.0
 40
0.0
 40
1.0
 40
1.0
 10
3.164252089530703
 20
5.097794492589696
 30
0.0
 10
3.164249378443052
 20
5.097796175387934
 30
0.0
  0
SPLINE
  5
9B
330
17
100
AcDbEntity
  8
VISIBLE
100
AcDbSpline
 70
0
 71
1
 72
4
 73
2
 74
0
 40
0.0
 40
0.0
 40
1.0
 40
1.0
 10
3.154742668119807
 20
5.10368481315611
 30
0.0
 10
3.154738538949216
 20
5.103687365519588
 30
0.0
  0
SPLINE
  5
9C
330
17
100
AcDbEntity
  8
VISIBLE
100
AcDbSpline
 70
0
 71
1
 72
4
 73
2
 74
0
 40
0.0
 40
0.0
 40
1.0
 40
1.0
 10
3.1452247724811926
 20
5.10955586171943
 30
0.0
 10
3.1452137781236527
 20
5.109562629360875
 30
0.0
  0
SPLINE
  5
9D
330
17
100
AcDbEntity
  8
VISIBLE
100
AcDbSpline
 70
0
 71
1
 72
4
 73
2
 74
0
 40
0.0
 40
0.0
 40
1.0
 40
1.0
 10
3.135695722372476
 20
5.115409300297271
 30
0.0
 10
3.1356778379558663
 20
5.115420263226104
 30
0.0
  0
SPLINE
  5
9E
330
17
100
AcDbEntity
  8
VISIBLE
100
AcDbSpline
 70
0
 71
1
 72
4
 73
2
 74
0
 40
0.0
 40
0.0
 40
1.0
 40
1.0
 10
2.9538048108612474
 20
5.222550824195094
 30
0.0
 10
2.952565766254682
 20
5.223251417266123
 30
0.0
  0
SPLINE
  5
9F
330
17
100
AcDbEntity
  8
VISIBLE
100
AcDbSpline
 70
0
 71
1
 72
4
 73
2
 74
0
 40
0.0
 40
0.0
 40
1.0
 40
1.0
 10
2.9440533587363644
 20
5.228054111560796
 30
0.0
 10
2.942820171940478
 20
5.228748359615858
 30
0.0
  0
SPLINE
  5
A0
330
17
100
AcDbEntity
  8
VISIBLE
100
AcDbSpline
 70
0
 71
1
 72
4
 73
2
 74
0
 40
0.0
 40
0.0
 40
1.0
 40
1.0
 10
2.9342913833328694
 20
5.233539342622465
 30
0.0
 10
2.9342841653845957
 20
5.233543389506999
 30
0.0
  0
SPLINE
  5
A1
330
17
100
AcDbEntity
  8
VISIBLE
100
AcDbSpline
 70
0
 71
1
 72
4
 73
2
 74
0
 40
0.0
 40
0.0
 40
1.0
 40
1.0
 10
2.92451891615635
 20
5.239006497682854
 30
0.0
 10
2.9211400843906716
 20
5.240891201057317
 30
0.0
  0
SPLINE
  5
A2
330
17
100
AcDbEntity
  8
VISIBLE
100
AcDbSpline
 70
0
 71
1
 72
4
 73
2
 74
0
 40
0.0
 40
0.0
 40
1.0
 40
1.0
 10
2.920677335899007
 20
5.241149098580619
 30
0.0
 10
2.920674641872962
 20
5.241150599849904
 30
0.0
  0
SPLINE
  5
A3
330
17
100
AcDbEntity
  8
VISIBLE
100
AcDbSpline
 70
0
 71
1
 72
4
 73
2
 74
0
 40
0.0
 40
0.0
 40
1.0
 40
1.0
 10
2.916911146842698
 20
5.243246068580172
 30
0.0
 10
2.9136144638655272
 20
5.245078715372461
 30
0.0
  0
SPLINE
  5
A4
330
17
100
AcDbEntity
  8
VISIBLE
100
AcDbSpline
 70
0
 71
1
 72
4
 73
2
 74
0
 40
0.0
 40
0.0
 40
1.0
 40
1.0
 10
2.913143412655736
 20
5.245340354241596
 30
0.0
 10
2.9131353220914065
 20
5.245344847549952
 30
0.0
  0
SPLINE
  5
A5
330
17
100
AcDbEntity
  8
VISIBLE
100
AcDbSpline
 70
0
 71
1
 72
4
 73
2
 74
0
 40
0.0
 40
0.0
 40
1.0
 40
1.0
 10
2.8417482114631616
 20
5.284360612588928
 30
0.0
 10
2.8417399970635993
 20
5.284365030003622
 30
0.0
  0
SPLINE
  5
A6
330
17
100
AcDbEntity
  8
VISIBLE
100
AcDbSpline
 70
0
 71
1
 72
4
 73
2
 74
0
 40
0.0
 40
0.0
 40
1.0
 40
1.0
 10
2.8379474127192537
 20
5.286402790584738
 30
0.0
 10
2.8362549771192245
 20
5.287311007177516
 30
0.0
  0
SPLINE
  5
A7
330
17
100
AcDbEntity
  8
VISIBLE
100
AcDbSpline
 70
0
 71
1
 72
4
 73
2
 74
0
 40
0.0
 40
0.0
 40
1.0
 40
1.0
 10
2.8341451041084715
 20
5.288442257503927
 30
0.0
 10
2.8341423627182953
 20
5.288443726649753
 30
0.0
  0
SPLINE
  5
A8
330
17
100
AcDbEntity
  8
VISIBLE
100
AcDbSpline
 70
0
 71
1
 72
4
 73
2
 74
0
 40
0.0
 40
0.0
 40
1.0
 40
1.0
 10
2.830341287152738
 20
5.290479012412161
 30
0.0
 10
2.830288732442611
 20
5.290507128201365
 30
0.0
  0
SPLINE
  5
A9
330
17
100
AcDbEntity
  8
VISIBLE
100
AcDbSpline
 70
0
 71
1
 72
4
 73
2
 74
0
 40
0.0
 40
0.0
 40
1.0
 40
1.0
 10
2.826485121121723
 20
5.292540207033332
 30
0.0
 10
2.8264823968529833
 20
5.292541661930256
 30
0.0
  0
SPLINE
  5
AA
330
17
100
AcDbEntity
  8
VISIBLE
100
AcDbSpline
 70
0
 71
1
 72
4
 73
2
 74
0
 40
0.0
 40
0.0
 40
1.0
 40
1.0
 10
2.8226800077428154
 20
5.294570573458071
 30
0.0
 10
2.822674556663425
 20
5.29457347957365
 30
0.0
  0
SPLINE
  5
AB
330
17
100
AcDbEntity
  8
VISIBLE
100
AcDbSpline
 70
0
 71
1
 72
4
 73
2
 74
0
 40
0.0
 40
0.0
 40
1.0
 40
1.0
 10
2.8188733941562854
 20
5.296598226372764
 30
0.0
 10
2.818865213285755
 20
5.296602580260837
 30
0.0
  0
SPLINE
  5
AC
330
17
100
AcDbEntity
  8
VISIBLE
100
AcDbSpline
 70
0
 71
1
 72
4
 73
2
 74
0
 40
0.0
 40
0.0
 40
1.0
 40
1.0
 10
2.7467528796580263
 20
5.334355501053307
 30
0.0
 10
2.746744590606421
 20
5.334359769222819
 30
0.0
  0
SPLINE
  5
AD
330
17
100
AcDbEntity
  8
VISIBLE
100
AcDbSpline
 70
0
 71
1
 72
4
 73
2
 74
0
 40
0.0
 40
0.0
 40
1.0
 40
1.0
 10
2.7429140746114875
 20
5.336330422057735
 30
0.0
 10
2.741203151166294
 20
5.3372095029485465
 30
0.0
  0
SPLINE
  5
AE
330
17
100
AcDbEntity
  8
VISIBLE
100
AcDbSpline
 70
0
 71
1
 72
4
 73
2
 74
0
 40
0.0
 40
0.0
 40
1.0
 40
1.0
 10
2.7390738054733816
 20
5.338302603150819
 30
0.0
 10
2.7390710396013347
 20
5.338304022314103
 30
0.0
  0
SPLINE
  5
AF
330
17
100
AcDbEntity
  8
VISIBLE
100
AcDbSpline
 70
0
 71
1
 72
4
 73
2
 74
0
 40
0.0
 40
0.0
 40
1.0
 40
1.0
 10
2.735232073946955
 20
5.34027204333719
 30
0.0
 10
2.7352038863624593
 20
5.340286480632736
 30
0.0
  0
SPLINE
  5
B0
330
17
100
AcDbEntity
  8
VISIBLE
100
AcDbSpline
 70
0
 71
1
 72
4
 73
2
 74
0
 40
0.0
 40
0.0
 40
1.0
 40
1.0
 10
2.7275192565690576
 20
5.344215443016277
 30
0.0
 10
2.7275137532449074
 20
5.344218251736115
 30
0.0
  0
SPLINE
  5
B1
330
17
100
AcDbEntity
  8
VISIBLE
100
AcDbSpline
 70
0
 71
1
 72
4
 73
2
 74
0
 40
0.0
 40
0.0
 40
1.0
 40
1.0
 10
2.7198288079328057
 20
5.348133436350075
 30
0.0
 10
2.719817790855882
 20
5.348139039143646
 30
0.0
  0
SPLINE
  5
B2
330
17
100
AcDbEntity
  8
VISIBLE
100
AcDbSpline
 70
0
 71
1
 72
4
 73
2
 74
0
 40
0.0
 40
0.0
 40
1.0
 40
1.0
 10
2.7121325554846014
 20
5.352040452023392
 30
0.0
 10
2.712116014076257
 20
5.352048834307084
 30
0.0
  0
SPLINE
  5
B3
330
17
100
AcDbEntity
  8
VISIBLE
100
AcDbSpline
 70
0
 71
1
 72
4
 73
2
 74
0
 40
0.0
 40
0.0
 40
1.0
 40
1.0
 10
1.7457460189270888
 20
5.7404155585835035
 30
0.0
 10
1.7457277503501114
 20
5.740421114298535
 30
0.0
  0
SPLINE
  5
B4
330
17
100
AcDbEntity
  8
VISIBLE
100
AcDbSpline
 70
0
 71
1
 72
4
 73
2
 74
0
 40
0.0
 40
0.0
 40
1.0
 40
1.0
 10
1.7200774973750725
 20
5.748159127119337
 30
0.0
 10
1.7199978009609582
 20
5.748182974849701
 30
0.0
  0
SPLINE
  5
B5
330
17
100
AcDbEntity
  8
VISIBLE
100
AcDbSpline
 70
0
 71
1
 72
4
 73
2
 74
0
 40
0.0
 40
0.0
 40
1.0
 40
1.0
 10
1.7158520691728434
 20
5.749421851320698
 30
0.0
 10
1.7150843902545851
 20
5.749650900885098
 30
0.0
  0
SPLINE
  5
B6
330
17
100
AcDbEntity
  8
VISIBLE
100
AcDbSpline
 70
0
 71
1
 72
4
 73
2
 74
0
 40
0.0
 40
0.0
 40
1.0
 40
1.0
 10
1.711705392359355
 20
5.750657753473844
 30
0.0
 10
1.7116993958592226
 20
5.750659538351778
 30
0.0
  0
SPLINE
  5
B7
330
17
100
AcDbEntity
  8
VISIBLE
100
AcDbSpline
 70
0
 71
1
 72
4
 73
2
 74
0
 40
0.0
 40
0.0
 40
1.0
 40
1.0
 10
1.7075577726786548
 20
5.75189068054185
 30
0.0
 10
1.7075487787870753
 20
5.751893350541414
 30
0.0
  0
SPLINE
  5
B8
330
17
100
AcDbEntity
  8
VISIBLE
100
AcDbSpline
 70
0
 71
1
 72
4
 73
2
 74
0
 40
0.0
 40
0.0
 40
1.0
 40
1.0
 10
1.6291063487385677
 20
5.774600632044887
 30
0.0
 10
1.6290974229858917
 20
5.7746031501338315
 30
0.0
  0
SPLINE
  5
B9
330
17
100
AcDbEntity
  8
VISIBLE
100
AcDbSpline
 70
0
 71
1
 72
4
 73
2
 74
0
 40
0.0
 40
0.0
 40
1.0
 40
1.0
 10
1.6249374638365226
 20
5.775775116325802
 30
0.0
 10
1.6249315134071813
 20
5.775776790396682
 30
0.0
  0
SPLINE
  5
BA
330
17
100
AcDbEntity
  8
VISIBLE
100
AcDbSpline
 70
0
 71
1
 72
4
 73
2
 74
0
 40
0.0
 40
0.0
 40
1.0
 40
1.0
 10
1.620767681608171
 20
5.776946605141893
 30
0.0
 10
1.6207647062982988
 20
5.776947439887625
 30
0.0
  0
SPLINE
  5
BB
330
17
100
AcDbEntity
  8
VISIBLE
100
AcDbSpline
 70
0
 71
1
 72
4
 73
2
 74
0
 40
0.0
 40
0.0
 40
1.0
 40
1.0
 10
1.6165970038448538
 20
5.778115097871213
 30
0.0
 10
1.6165428409412224
 20
5.778130251257592
 30
0.0
  0
SPLINE
  5
BC
330
17
100
AcDbEntity
  8
VISIBLE
100
AcDbSpline
 70
0
 71
1
 72
4
 73
2
 74
0
 40
0.0
 40
0.0
 40
1.0
 40
1.0
 10
1.6123731893367461
 20
5.779295169491592
 30
0.0
 10
1.6116023727804247
 20
5.7795101652287055
 30
0.0
  0
SPLINE
  5
BD
330
17
100
AcDbEntity
  8
VISIBLE
100
AcDbSpline
 70
0
 71
1
 72
4
 73
2
 74
0
 40
0.0
 40
0.0
 40
1.0
 40
1.0
 10
1.6082026463452859
 20
5.780457093242333
 30
0.0
 10
1.608196624370543
 20
5.780458768635221
 30
0.0
  0
SPLINE
  5
BE
330
17
100
AcDbEntity
  8
VISIBLE
100
AcDbSpline
 70
0
 71
1
 72
4
 73
2
 74
0
 40
0.0
 40
0.0
 40
1.0
 40
1.0
 10
1.6040312141579254
 20
5.781616021778278
 30
0.0
 10
1.6040221816742062
 20
5.781618527711338
 30
0.0
  0
SPLINE
  5
BF
330
17
100
AcDbEntity
  8
VISIBLE
100
AcDbSpline
 70
0
 71
1
 72
4
 73
2
 74
0
 40
0.0
 40
0.0
 40
1.0
 40
1.0
 10
1.5251405046871693
 20
5.802925677407951
 30
0.0
 10
1.5251315137474615
 20
5.802928040423601
 30
0.0
  0
SPLINE
  5
C0
330
17
100
AcDbEntity
  8
VISIBLE
100
AcDbSpline
 70
0
 71
1
 72
4
 73
2
 74
0
 40
0.0
 40
0.0
 40
1.0
 40
1.0
 10
1.5209488596410519
 20
5.804025718751701
 30
0.0
 10
1.5209428652581414
 20
5.8040272895806115
 30
0.0
  0
SPLINE
  5
C1
330
17
100
AcDbEntity
  8
VISIBLE
100
AcDbSpline
 70
0
 71
1
 72
4
 73
2
 74
0
 40
0.0
 40
0.0
 40
1.0
 40
1.0
 10
1.5167563710813128
 20
5.805122745418656
 30
0.0
 10
1.5167533736046637
 20
5.805123528595443
 30
0.0
  0
SPLINE
  5
C2
330
17
100
AcDbEntity
  8
VISIBLE
100
AcDbSpline
 70
0
 71
1
 72
4
 73
2
 74
0
 40
0.0
 40
0.0
 40
1.0
 40
1.0
 10
1.512563041006283
 20
5.806216756769664
 30
0.0
 10
1.5125355883424816
 20
5.806223908325889
 30
0.0
  0
SPLINE
  5
C3
330
17
100
AcDbEntity
  8
VISIBLE
100
AcDbSpline
 70
0
 71
1
 72
4
 73
2
 74
0
 40
0.0
 40
0.0
 40
1.0
 40
1.0
 10
1.5083433262790316
 20
5.807314387107293
 30
0.0
 10
1.5075696563585315
 20
5.807515278675392
 30
0.0
  0
SPLINE
  5
C4
330
17
100
AcDbEntity
  8
VISIBLE
100
AcDbSpline
 70
0
 71
1
 72
4
 73
2
 74
0
 40
0.0
 40
0.0
 40
1.0
 40
1.0
 10
1.5041502272950202
 20
5.808401852091087
 30
0.0
 10
1.5041441924035825
 20
5.808403414890094
 30
0.0
  0
SPLINE
  5
C5
330
17
100
AcDbEntity
  8
VISIBLE
100
AcDbSpline
 70
0
 71
1
 72
4
 73
2
 74
0
 40
0.0
 40
0.0
 40
1.0
 40
1.0
 10
1.4999562936153499
 20
5.809486302582929
 30
0.0
 10
1.4993476081020658
 20
5.809643425622557
 30
0.0
  0
SPLINE
  5
C6
330
17
100
AcDbEntity
  8
VISIBLE
100
AcDbSpline
 70
0
 71
1
 72
4
 73
2
 74
0
 40
0.0
 40
0.0
 40
1.0
 40
1.0
 10
1.4206512150414237
 20
5.829386770775162
 30
0.0
 10
1.4189136611408046
 20
5.8298099472033265
 30
0.0
  0
SPLINE
  5
C7
330
17
100
AcDbEntity
  8
VISIBLE
100
AcDbSpline
 70
0
 71
1
 72
4
 73
2
 74
0
 40
0.0
 40
0.0
 40
1.0
 40
1.0
 10
1.4164381339589518
 20
5.83041190750812
 30
0.0
 10
1.4164320848285339
 20
5.8304133770783775
 30
0.0
  0
SPLINE
  5
C8
330
17
100
AcDbEntity
  8
VISIBLE
100
AcDbSpline
 70
0
 71
1
 72
4
 73
2
 74
0
 40
0.0
 40
0.0
 40
1.0
 40
1.0
 10
1.412224263552596
 20
5.831434011320123
 30
0.0
 10
1.4122212371570182
 20
5.831434744234965
 30
0.0
  0
SPLINE
  5
C9
330
17
100
AcDbEntity
  8
VISIBLE
100
AcDbSpline
 70
0
 71
1
 72
4
 73
2
 74
0
 40
0.0
 40
0.0
 40
1.0
 40
1.0
 10
1.4080096037893335
 20
5.832453082102534
 30
0.0
 10
1.4078305441423642
 20
5.8324963058953845
 30
0.0
  0
SPLINE
  5
CA
330
17
100
AcDbEntity
  8
VISIBLE
100
AcDbSpline
 70
0
 71
1
 72
4
 73
2
 74
0
 40
0.0
 40
0.0
 40
1.0
 40
1.0
 10
1.395696895733448
 20
5.835411739985165
 30
0.0
 10
1.395695165042374
 20
5.835412153926583
 30
0.0
  0
SPLINE
  5
CB
330
17
100
AcDbEntity
  8
VISIBLE
100
AcDbSpline
 70
0
 71
1
 72
4
 73
2
 74
0
 40
0.0
 40
0.0
 40
1.0
 40
1.0
 10
1.3835567879173538
 20
5.838302031773251
 30
0.0
 10
1.3835533393902162
 20
5.838302849001719
 30
0.0
  0
SPLINE
  5
CC
330
17
100
AcDbEntity
  8
VISIBLE
100
AcDbSpline
 70
0
 71
1
 72
4
 73
2
 74
0
 40
0.0
 40
0.0
 40
1.0
 40
1.0
 10
1.3789461431626489
 20
5.8393927366649505
 30
0.0
 10
1.3789418399753313
 20
5.839393752841381
 30
0.0
  0
SPLINE
  5
CD
330
17
100
AcDbEntity
  8
VISIBLE
100
AcDbSpline
 70
0
 71
1
 72
4
 73
2
 74
0
 40
0.0
 40
0.0
 40
1.0
 40
1.0
 10
0.9573272870535795
 20
5.923134653162869
 30
0.0
 10
0.9458275784641107
 20
5.924981843874885
 30
0.0
  0
SPLINE
  5
CE
330
17
100
AcDbEntity
  8
VISIBLE
100
AcDbSpline
 70
0
 71
1
 72
4
 73
2
 74
0
 40
0.0
 40
0.0
 40
1.0
 40
1.0
 10
0.9052462498453144
 20
5.931317636764656
 30
0.0
 10
0.9052437875437758
 20
5.931318012564286
 30
0.0
  0
SPLINE
  5
CF
330
17
100
AcDbEntity
  8
VISIBLE
100
AcDbSpline
 70
0
 71
1
 72
4
 73
2
 74
0
 40
0.0
 40
0.0
 40
1.0
 40
1.0
 10
0.8937352467843744
 20
5.933063036746383
 30
0.0
 10
0.8937305411652166
 20
5.933063745582295
 30
0.0
  0
SPLINE
  5
D0
330
17
100
AcDbEntity
  8
VISIBLE
100
AcDbSpline
 70
0
 71
1
 72
4
 73
2
 74
0
 40
0.0
 40
0.0
 40
1.0
 40
1.0
 10
0.8907581394230695
 20
5.933510733846693
 30
0.0
 10
0.8907509453890476
 20
5.933511813834742
 30
0.0
  0
SPLINE
  5
D1
330
17
100
AcDbEntity
  8
VISIBLE
100
AcDbSpline
 70
0
 71
1
 72
4
 73
2
 74
0
 40
0.0
 40
0.0
 40
1.0
 40
1.0
 10
0.8792377560642177
 20
5.93522877985269
 30
0.0
 10
0.8790668079902542
 20
5.935254101393906
 30
0.0
  0
SPLINE
  5
D2
330
17
100
AcDbEntity
  8
VISIBLE
100
AcDbSpline
 70
0
 71
1
 72
4
 73
2
 74
0
 40
0.0
 40
0.0
 40
1.0
 40
1.0
 10
0.8757321322274129
 20
5.935747041141983
 30
0.0
 10
0.8752430146563633
 20
5.935819182686995
 30
0.0
  0
SPLINE
  5
D3
330
17
100
AcDbEntity
  8
VISIBLE
100
AcDbSpline
 70
0
 71
1
 72
4
 73
2
 74
0
 40
0.0
 40
0.0
 40
1.0
 40
1.0
 10
0.8723971507059929
 20
5.9362381116460075
 30
0.0
 10
0.8723923372524207
 20
5.936238819035664
 30
0.0
  0
SPLINE
  5
D4
330
17
100
AcDbEntity
  8
VISIBLE
100
AcDbSpline
 70
0
 71
1
 72
4
 73
2
 74
0
 40
0.0
 40
0.0
 40
1.0
 40
1.0
 10
0.8690618645246609
 20
5.9367273126936375
 30
0.0
 10
0.8690546446339876
 20
5.936728369590462
 30
0.0
  0
SPLINE
  5
D5
330
17
100
AcDbEntity
  8
VISIBLE
100
AcDbSpline
 70
0
 71
1
 72
4
 73
2
 74
0
 40
0.0
 40
0.0
 40
1.0
 40
1.0
 10
0.8060598009447595
 20
5.945609083342966
 30
0.0
 10
0.8060526265977159
 20
5.9456100559818665
 30
0.0
  0
SPLINE
  5
D6
330
17
100
AcDbEntity
  8
VISIBLE
100
AcDbSpline
 70
0
 71
1
 72
4
 73
2
 74
0
 40
0.0
 40
0.0
 40
1.0
 40
1.0
 10
0.8027162959043355
 20
5.946061412969108
 30
0.0
 10
0.8027115132023823
 20
5.94606205863078
 30
0.0
  0
SPLINE
  5
D7
330
17
100
AcDbEntity
  8
VISIBLE
100
AcDbSpline
 70
0
 71
1
 72
4
 73
2
 74
0
 40
0.0
 40
0.0
 40
1.0
 40
1.0
 10
0.7993725092837225
 20
5.946511866113578
 30
0.0
 10
0.7993701180800379
 20
5.946512187555967
 30
0.0
  0
SPLINE
  5
D8
330
17
100
AcDbEntity
  8
VISIBLE
100
AcDbSpline
 70
0
 71
1
 72
4
 73
2
 74
0
 40
0.0
 40
0.0
 40
1.0
 40
1.0
 10
0.7960284423291764
 20
5.946960442560894
 30
0.0
 10
0.7959998106641313
 20
5.946964274975742
 30
0.0
  0
SPLINE
  5
D9
330
17
100
AcDbEntity
  8
VISIBLE
100
AcDbSpline
 70
0
 71
1
 72
4
 73
2
 74
0
 40
0.0
 40
0.0
 40
1.0
 40
1.0
 10
0.7926590164094448
 20
5.9474104847490725
 30
0.0
 10
0.7926566136906911
 20
5.947410804978388
 30
0.0
  0
SPLINE
  5
DA
330
17
100
AcDbEntity
  8
VISIBLE
100
AcDbSpline
 70
0
 71
1
 72
4
 73
2
 74
0
 40
0.0
 40
0.0
 40
1.0
 40
1.0
 10
0.7893179439260394
 20
5.9478548215143245
 30
0.0
 10
0.7893131385311147
 20
5.947855459219129
 30
0.0
  0
SPLINE
  5
DB
330
17
100
AcDbEntity
  8
VISIBLE
100
AcDbSpline
 70
0
 71
1
 72
4
 73
2
 74
0
 40
0.0
 40
0.0
 40
1.0
 40
1.0
 10
0.785976594311236
 20
5.948297285077322
 30
0.0
 10
0.7859693862394237
 20
5.948298237510164
 30
0.0
  0
SPLINE
  5
DC
330
17
100
AcDbEntity
  8
VISIBLE
100
AcDbSpline
 70
0
 71
1
 72
4
 73
2
 74
0
 40
0.0
 40
0.0
 40
1.0
 40
1.0
 10
0.7228652822541313
 20
5.9562963041799035
 30
0.0
 10
0.7228580708433134
 20
5.956297179364191
 30
0.0
  0
SPLINE
  5
DD
330
17
100
AcDbEntity
  8
VISIBLE
100
AcDbSpline
 70
0
 71
1
 72
4
 73
2
 74
0
 40
0.0
 40
0.0
 40
1.0
 40
1.0
 10
0.7195162489179192
 20
5.9567017930633686
 30
0.0
 10
0.7195114408625933
 20
5.956702373831979
 30
0.0
  0
SPLINE
  5
DE
330
17
100
AcDbEntity
  8
VISIBLE
100
AcDbSpline
 70
0
 71
1
 72
4
 73
2
 74
0
 40
0.0
 40
0.0
 40
1.0
 40
1.0
 10
0.7161669607987002
 20
5.957105402179581
 30
0.0
 10
0.7161645566550037
 20
5.957105691207028
 30
0.0
  0
SPLINE
  5
DF
330
17
100
AcDbEntity
  8
VISIBLE
100
AcDbSpline
 70
0
 71
1
 72
4
 73
2
 74
0
 40
0.0
 40
0.0
 40
1.0
 40
1.0
 10
0.7128174193176663
 20
5.957507131310738
 30
0.0
 10
0.7075518711183811
 20
5.95813479619601
 30
0.0
  0
SPLINE
  5
E0
330
17
100
AcDbEntity
  8
VISIBLE
100
AcDbSpline
 70
0
 71
1
 72
4
 73
2
 74
0
 40
0.0
 40
0.0
 40
1.0
 40
1.0
 10
0.698731142255653
 20
5.959175673083463
 30
0.0
 10
0.6987212770718703
 20
5.959176829798556
 30
0.0
  0
SPLINE
  5
E1
330
17
100
AcDbEntity
  8
VISIBLE
100
AcDbSpline
 70
0
 71
1
 72
4
 73
2
 74
0
 40
0.0
 40
0.0
 40
1.0
 40
1.0
 10
0.6846982038616096
 20
5.960804333340025
 30
0.0
 10
0.6846784609593142
 20
5.960806601112097
 30
0.0
  0
SPLINE
  5
E2
330
17
100
AcDbEntity
  8
VISIBLE
100
AcDbSpline
 70
0
 71
1
 72
4
 73
2
 74
0
 40
0.0
 40
0.0
 40
1.0
 40
1.0
 10
0.6706610016889987
 20
5.9624000008759115
 30
0.0
 10
0.6706313670680772
 20
5.962403334157779
 30
0.0
  0
SPLINE
  5
E3
330
17
100
AcDbEntity
  8
VISIBLE
100
AcDbSpline
 70
0
 71
1
 72
4
 73
2
 74
0
 40
0.0
 40
0.0
 40
1.0
 40
1.0
 10
0.40504565558496347
 20
5.986312574680218
 30
0.0
 10
0.405014385308991
 20
5.986314690407822
 30
0.0
  0
SPLINE
  5
E4
330
17
100
AcDbEntity
  8
VISIBLE
100
AcDbSpline
 70
0
 71
1
 72
4
 73
2
 74
0
 40
0.0
 40
0.0
 40
1.0
 40
1.0
 10
0.3909300651779758
 20
5.987250948158655
 30
0.0
 10
0.39090918085205895
 20
5.9872523117388585
 30
0.0
  0
SPLINE
  5
E5
330
17
100
AcDbEntity
  8
VISIBLE
100
AcDbSpline
 70
0
 71
1
 72
4
 73
2
 74
0
 40
0.0
 40
0.0
 40
1.0
 40
1.0
 10
0.376811858026338
 20
5.98815606526821
 30
0.0
 10
0.3679301063735214
 20
5.98870834810344
 30
0.0
  0
SPLINE
  5
E6
330
17
100
AcDbEntity
  8
VISIBLE
100
AcDbSpline
 70
0
 71
1
 72
4
 73
2
 74
0
 40
0.0
 40
0.0
 40
1.0
 40
1.0
 10
0.3626911140864314
 20
5.989027917738326
 30
0.0
 10
0.3626164710064005
 20
5.989032437603495
 30
0.0
  0
SPLINE
  5
E7
330
17
100
AcDbEntity
  8
VISIBLE
100
AcDbSpline
 70
0
 71
1
 72
4
 73
2
 74
0
 40
0.0
 40
0.0
 40
1.0
 40
1.0
 10
0.3592494883165931
 20
5.989235347687186
 30
0.0
 10
0.359247092873511
 20
5.989235491371507
 30
0.0
  0
SPLINE
  5
E8
330
17
100
AcDbEntity
  8
VISIBLE
100
AcDbSpline
 70
0
 71
1
 72
4
 73
2
 74
0
 40
0.0
 40
0.0
 40
1.0
 40
1.0
 10
0.35588236908489707
 20
5.989436366244432
 30
0.0
 10
0.35587757646500756
 20
5.989436651012152
 30
0.0
  0
SPLINE
  5
E9
330
17
100
AcDbEntity
  8
VISIBLE
100
AcDbSpline
 70
0
 71
1
 72
4
 73
2
 74
0
 40
0.0
 40
0.0
 40
1.0
 40
1.0
 10
0.3525151144065062
 20
5.989635493170942
 30
0.0
 10
0.352507922445088
 20
5.989635916443813
 30
0.0
  0
SPLINE
  5
EA
330
17
100
AcDbEntity
  8
VISIBLE
100
AcDbSpline
 70
0
 71
1
 72
4
 73
2
 74
0
 40
0.0
 40
0.0
 40
1.0
 40
1.0
 10
0.28894153451080445
 20
5.993038715520507
 30
0.0
 10
0.288934205892124
 20
5.9930390688496775
 30
0.0
  0
SPLINE
  5
EB
330
17
100
AcDbEntity
  8
VISIBLE
100
AcDbSpline
 70
0
 71
1
 72
4
 73
2
 74
0
 40
0.0
 40
0.0
 40
1.0
 40
1.0
 10
0.28556937439922875
 20
5.9932003460965095
 30
0.0
 10
0.28406854095018047
 20
5.993271670803066
 30
0.0
  0
SPLINE
  5
EC
330
17
100
AcDbEntity
  8
VISIBLE
100
AcDbSpline
 70
0
 71
1
 72
4
 73
2
 74
0
 40
0.0
 40
0.0
 40
1.0
 40
1.0
 10
0.28219709949476196
 20
5.993360080370854
 30
0.0
 10
0.2821946542834827
 20
5.993360195503014
 30
0.0
  0
SPLINE
  5
ED
330
17
100
AcDbEntity
  8
VISIBLE
100
AcDbSpline
 70
0
 71
1
 72
4
 73
2
 74
0
 40
0.0
 40
0.0
 40
1.0
 40
1.0
 10
0.27882471069228965
 20
5.993517918259773
 30
0.0
 10
0.27877524892294137
 20
5.9935202190681665
 30
0.0
  0
SPLINE
  5
EE
330
17
100
AcDbEntity
  8
VISIBLE
100
AcDbSpline
 70
0
 71
1
 72
4
 73
2
 74
0
 40
0.0
 40
0.0
 40
1.0
 40
1.0
 10
0.27540417822267255
 20
5.993676066839338
 30
0.0
 10
0.2754017805162819
 20
5.993676177011359
 30
0.0
  0
SPLINE
  5
EF
330
17
100
AcDbEntity
  8
VISIBLE
100
AcDbSpline
 70
0
 71
1
 72
4
 73
2
 74
0
 40
0.0
 40
0.0
 40
1.0
 40
1.0
 10
0.2720329981697006
 20
5.993830019547929
 30
0.0
 10
0.27202820087132806
 20
5.993830237273777
 30
0.0
  0
SPLINE
  5
F0
330
17
100
AcDbEntity
  8
VISIBLE
100
AcDbSpline
 70
0
 71
1
 72
4
 73
2
 74
0
 40
0.0
 40
0.0
 40
1.0
 40
1.0
 10
0.26866170985984283
 20
5.993982077106349
 30
0.0
 10
0.2686545107565542
 20
5.993982399779497
 30
0.0
  0
SPLINE
  5
F1
330
17
100
AcDbEntity
  8
VISIBLE
100
AcDbSpline
 70
0
 71
1
 72
4
 73
2
 74
0
 40
0.0
 40
0.0
 40
1.0
 40
1.0
 10
0.20501710384652252
 20
5.9964963292598545
 30
0.0
 10
0.2050097673582543
 20
5.996496580085867
 30
0.0
  0
SPLINE
  5
F2
330
17
100
AcDbEntity
  8
VISIBLE
100
AcDbSpline
 70
0
 71
1
 72
4
 73
2
 74
0
 40
0.0
 40
0.0
 40
1.0
 40
1.0
 10
0.20164144790520533
 20
5.996610789845213
 30
0.0
 10
0.20163655474149095
 20
5.9966109543801
 30
0.0
  0
SPLINE
  5
F3
330
17
100
AcDbEntity
  8
VISIBLE
100
AcDbSpline
 70
0
 71
1
 72
4
 73
2
 74
0
 40
0.0
 40
0.0
 40
1.0
 40
1.0
 10
0.19826570443741542
 20
5.996723350922874
 30
0.0
 10
0.1982632567394692
 20
5.996723431848913
 30
0.0
  0
SPLINE
  5
F4
330
17
100
AcDbEntity
  8
VISIBLE
100
AcDbSpline
 70
0
 71
1
 72
4
 73
2
 74
0
 40
0.0
 40
0.0
 40
1.0
 40
1.0
 10
0.194889874447661
 20
5.996834012419374
 30
0.0
 10
0.19486438691536337
 20
5.996834840678332
 30
0.0
  0
SPLINE
  5
F5
330
17
100
AcDbEntity
  8
VISIBLE
100
AcDbSpline
 70
0
 71
1
 72
4
 73
2
 74
0
 40
0.0
 40
0.0
 40
1.0
 40
1.0
 10
0.18811517828347557
 20
5.9970503510016755
 30
0.0
 10
0.1881104200013562
 20
5.997050500257167
 30
0.0
  0
SPLINE
  5
F6
330
17
100
AcDbEntity
  8
VISIBLE
100
AcDbSpline
 70
0
 71
1
 72
4
 73
2
 74
0
 40
0.0
 40
0.0
 40
1.0
 40
1.0
 10
0.1813656454629035
 20
5.997258267934164
 30
0.0
 10
0.18135612061141565
 20
5.997258555971317
 30
0.0
  0
SPLINE
  5
F7
330
17
100
AcDbEntity
  8
VISIBLE
100
AcDbSpline
 70
0
 71
1
 72
4
 73
2
 74
0
 40
0.0
 40
0.0
 40
1.0
 40
1.0
 10
0.17461579722539336
 20
5.99745859091588
 30
0.0
 10
0.17460149739129996
 20
5.997459007237396
 30
0.0
  0
SPLINE
  5
F8
330
17
100
AcDbEntity
  8
VISIBLE
100
AcDbSpline
 70
0
 71
1
 72
4
 73
2
 74
0
 40
0.0
 40
0.0
 40
1.0
 40
1.0
 10
-0.56202777352313
 20
5.973619047884492
 30
0.0
 10
-0.5620610203800123
 20
5.973615919762327
 30
0.0
  0
SPLINE
  5
F9
330
17
100
AcDbEntity
  8
VISIBLE
100
AcDbSpline
 70
0
 71
1
 72
4
 73
2
 74
0
 40
0.0
 40
0.0
 40
1.0
 40
1.0
 10
-0.6252788858874467
 20
5.96732989590261
 30
0.0
 10
-0.6253045545048239
 20
5.96732720619525
 30
0.0
  0
SPLINE
  5
FA
330
17
100
AcDbEntity
  8
VISIBLE
100
AcDbSpline
 70
0
 71
1
 72
4
 73
2
 74
0
 40
0.0
 40
0.0
 40
1.0
 40
1.0
 10
-0.6601886725316537
 20
5.9635686218808255
 30
0.0
 10
-0.6602501850801623
 20
5.963561811900703
 30
0.0
  0
SPLINE
  5
FB
330
17
100
AcDbEntity
  8
VISIBLE
100
AcDbSpline
 70
0
 71
1
 72
4
 73
2
 74
0
 40
0.0
 40
0.0
 40
1.0
 40
1.0
 10
-0.6636089485889098
 20
5.963188992201305
 30
0.0
 10
-0.6642307342938862
 20
5.963119764466436
 30
0.0
  0
SPLINE
  5
FC
330
17
100
AcDbEntity
  8
VISIBLE
100
AcDbSpline
 70
0
 71
1
 72
4
 73
2
 74
0
 40
0.0
 40
0.0
 40
1.0
 40
1.0
 10
-0.6669675171217525
 20
5.9628142790630925
 30
0.0
 10
-0.6669722503123835
 20
5.962813749632851
 30
0.0
  0
SPLINE
  5
FD
330
17
100
AcDbEntity
  8
VISIBLE
100
AcDbSpline
 70
0
 71
1
 72
4
 73
2
 74
0
 40
0.0
 40
0.0
 40
1.0
 40
1.0
 10
-0.6703258895894049
 20
5.962437672580999
 30
0.0
 10
-0.6703329955489394
 20
5.962436873690986
 30
0.0
  0
SPLINE
  5
FE
330
17
100
AcDbEntity
  8
VISIBLE
100
AcDbSpline
 70
0
 71
1
 72
4
 73
2
 74
0
 40
0.0
 40
0.0
 40
1.0
 40
1.0
 10
-0.7336696230580777
 20
5.954975124149586
 30
0.0
 10
-0.7336769724058392
 20
5.95497421868526
 30
0.0
  0
SPLINE
  5
FF
330
17
100
AcDbEntity
  8
VISIBLE
100
AcDbSpline
 70
0
 71
1
 72
4
 73
2
 74
0
 40
0.0
 40
0.0
 40
1.0
 40
1.0
 10
-0.7370263196252764
 20
5.954560609485842
 30
0.0
 10
-0.7385210021323994
 20
5.954375414645602
 30
0.0
  0
SPLINE
  5
100
330
17
100
AcDbEntity
  8
VISIBLE
100
AcDbSpline
 70
0
 71
1
 72
4
 73
2
 74
0
 40
0.0
 40
0.0
 40
1.0
 40
1.0
 10
-0.7403828003350297
 20
5.954144200443864
 30
0.0
 10
-0.7403852531068056
 20
5.954143895447547
 30
0.0
  0
SPLINE
  5
101
330
17
100
AcDbEntity
  8
VISIBLE
100
AcDbSpline
 70
0
 71
1
 72
4
 73
2
 74
0
 40
0.0
 40
0.0
 40
1.0
 40
1.0
 10
-0.7437390641726858
 20
5.953725897117963
 30
0.0
 10
-0.7437829283418786
 20
5.953720417447783
 30
0.0
  0
SPLINE
  5
102
330
17
100
AcDbEntity
  8
VISIBLE
100
AcDbSpline
 70
0
 71
1
 72
4
 73
2
 74
0
 40
0.0
 40
0.0
 40
1.0
 40
1.0
 10
-0.747137221170272
 20
5.953300414834942
 30
0.0
 10
-0.7471395986899989
 20
5.953300116456701
 30
0.0
  0
SPLINE
  5
103
330
17
100
AcDbEntity
  8
VISIBLE
100
AcDbSpline
 70
0
 71
1
 72
4
 73
2
 74
0
 40
0.0
 40
0.0
 40
1.0
 40
1.0
 10
-0.7504912918275994
 20
5.952878520544013
 30
0.0
 10
-0.7504960494003079
 20
5.9528779207457365
 30
0.0
  0
SPLINE
  5
104
330
17
100
AcDbEntity
  8
VISIBLE
100
AcDbSpline
 70
0
 71
1
 72
4
 73
2
 74
0
 40
0.0
 40
0.0
 40
1.0
 40
1.0
 10
-0.7538451392246277
 20
5.952454734686235
 30
0.0
 10
-0.7538522795976237
 20
5.952453830394065
 30
0.0
  0
SPLINE
  5
105
330
17
100
AcDbEntity
  8
VISIBLE
100
AcDbSpline
 70
0
 71
1
 72
4
 73
2
 74
0
 40
0.0
 40
0.0
 40
1.0
 40
1.0
 10
-0.8170984147194202
 20
5.944102127589574
 30
0.0
 10
-0.81710571041745
 20
5.944101124691812
 30
0.0
  0
SPLINE
  5
106
330
17
100
AcDbEntity
  8
VISIBLE
100
AcDbSpline
 70
0
 71
1
 72
4
 73
2
 74
0
 40
0.0
 40
0.0
 40
1.0
 40
1.0
 10
-0.8204500291514312
 20
5.943640439629435
 30
0.0
 10
-0.8204548946064008
 20
5.943639768008682
 30
0.0
  0
SPLINE
  5
107
330
17
100
AcDbEntity
  8
VISIBLE
100
AcDbSpline
 70
0
 71
1
 72
4
 73
2
 74
0
 40
0.0
 40
0.0
 40
1.0
 40
1.0
 10
-0.8238013992436319
 20
5.943176859553645
 30
0.0
 10
-0.8238038328043831
 20
5.94317652223026
 30
0.0
  0
SPLINE
  5
108
330
17
100
AcDbEntity
  8
VISIBLE
100
AcDbSpline
 70
0
 71
1
 72
4
 73
2
 74
0
 40
0.0
 40
0.0
 40
1.0
 40
1.0
 10
-0.8271525239228467
 20
5.942711387482111
 30
0.0
 10
-0.8271807423743808
 20
5.942707459753951
 30
0.0
  0
SPLINE
  5
109
330
17
100
AcDbEntity
  8
VISIBLE
100
AcDbSpline
 70
0
 71
1
 72
4
 73
2
 74
0
 40
0.0
 40
0.0
 40
1.0
 40
1.0
 10
-0.8305298090863218
 20
5.942240332771293
 30
0.0
 10
-0.8305321970462209
 20
5.94223999901274
 30
0.0
  0
SPLINE
  5
10A
330
17
100
AcDbEntity
  8
VISIBLE
100
AcDbSpline
 70
0
 71
1
 72
4
 73
2
 74
0
 40
0.0
 40
0.0
 40
1.0
 40
1.0
 10
-0.8338786264391704
 20
5.941771316366976
 30
0.0
 10
-0.833883403337397
 20
5.941770645967141
 30
0.0
  0
SPLINE
  5
10B
330
17
100
AcDbEntity
  8
VISIBLE
100
AcDbSpline
 70
0
 71
1
 72
4
 73
2
 74
0
 40
0.0
 40
0.0
 40
1.0
 40
1.0
 10
-0.8372271933438615
 20
5.941300410668605
 30
0.0
 10
-0.8372343607440895
 20
5.941299400659938
 30
0.0
  0
SPLINE
  5
10C
330
17
100
AcDbEntity
  8
VISIBLE
100
AcDbSpline
 70
0
 71
1
 72
4
 73
2
 74
0
 40
0.0
 40
0.0
 40
1.0
 40
1.0
 10
-0.900375749632371
 20
5.932058961225071
 30
0.0
 10
-0.9003829958401102
 20
5.932057861382212
 30
0.0
  0
SPLINE
  5
10D
330
17
100
AcDbEntity
  8
VISIBLE
100
AcDbSpline
 70
0
 71
1
 72
4
 73
2
 74
0
 40
0.0
 40
0.0
 40
1.0
 40
1.0
 10
-0.9037215278825634
 20
5.931550169527046
 30
0.0
 10
-0.9037263592154337
 20
5.931549433431293
 30
0.0
  0
SPLINE
  5
10E
330
17
100
AcDbEntity
  8
VISIBLE
100
AcDbSpline
 70
0
 71
1
 72
4
 73
2
 74
0
 40
0.0
 40
0.0
 40
1.0
 40
1.0
 10
-0.907067033495281
 20
5.931039488480893
 30
0.0
 10
-0.9070694494158197
 20
5.931039119000372
 30
0.0
  0
SPLINE
  5
10F
330
17
100
AcDbEntity
  8
VISIBLE
100
AcDbSpline
 70
0
 71
1
 72
4
 73
2
 74
0
 40
0.0
 40
0.0
 40
1.0
 40
1.0
 10
-0.9104122653529203
 20
5.930526918231451
 30
0.0
 10
-0.9104260794227785
 20
5.930524797578587
 30
0.0
  0
SPLINE
  5
110
330
17
100
AcDbEntity
  8
VISIBLE
100
AcDbSpline
 70
0
 71
1
 72
4
 73
2
 74
0
 40
0.0
 40
0.0
 40
1.0
 40
1.0
 10
-0.9137691956845759
 20
5.930010613936752
 30
0.0
 10
-0.913771591471578
 20
5.930010244764053
 30
0.0
  0
SPLINE
  5
111
330
17
100
AcDbEntity
  8
VISIBLE
100
AcDbSpline
 70
0
 71
1
 72
4
 73
2
 74
0
 40
0.0
 40
0.0
 40
1.0
 40
1.0
 10
-0.9171120354063891
 20
5.929494543592506
 30
0.0
 10
-0.9171168265454792
 20
5.929493802547805
 30
0.0
  0
SPLINE
  5
112
330
17
100
AcDbEntity
  8
VISIBLE
100
AcDbSpline
 70
0
 71
1
 72
4
 73
2
 74
0
 40
0.0
 40
0.0
 40
1.0
 40
1.0
 10
-0.9204545974994083
 20
5.9289765866899025
 30
0.0
 10
-0.9823795437505709
 20
5.919031215425129
 30
0.0
  0
SPLINE
  5
113
330
17
100
AcDbEntity
  8
VISIBLE
100
AcDbSpline
 70
0
 71
1
 72
4
 73
2
 74
0
 40
0.0
 40
0.0
 40
1.0
 40
1.0
 10
-0.9834847597185314
 20
5.918847677183296
 30
0.0
 10
-0.9834919612417916
 20
5.91884648056333
 30
0.0
  0
SPLINE
  5
114
330
17
100
AcDbEntity
  8
VISIBLE
100
AcDbSpline
 70
0
 71
1
 72
4
 73
2
 74
0
 40
0.0
 40
0.0
 40
1.0
 40
1.0
 10
-0.9868239787882482
 20
5.918291859702483
 30
0.0
 10
-0.9868287796460693
 20
5.918291059199381
 30
0.0
  0
SPLINE
  5
115
330
17
100
AcDbEntity
  8
VISIBLE
100
AcDbSpline
 70
0
 71
1
 72
4
 73
2
 74
0
 40
0.0
 40
0.0
 40
1.0
 40
1.0
 10
-0.9901628971029185
 20
5.917734156106847
 30
0.0
 10
-0.9901652977005145
 20
5.917733754435479
 30
0.0
  0
SPLINE
  5
116
330
17
100
AcDbEntity
  8
VISIBLE
100
AcDbSpline
 70
0
 71
1
 72
4
 73
2
 74
0
 40
0.0
 40
0.0
 40
1.0
 40
1.0
 10
-0.9935015143170735
 20
5.9171745664301625
 30
0.0
 10
-0.9936581304685871
 20
5.9171482682514664
 30
0.0
  0
SPLINE
  5
117
330
17
100
AcDbEntity
  8
VISIBLE
100
AcDbSpline
 70
0
 71
1
 72
4
 73
2
 74
0
 40
0.0
 40
0.0
 40
1.0
 40
1.0
 10
-1.0051771720331613
 20
5.9152023611338915
 30
0.0
 10
-1.005184312329134
 20
5.9152011477713184
 30
0.0
  0
SPLINE
  5
118
330
17
100
AcDbEntity
  8
VISIBLE
100
AcDbSpline
 70
0
 71
1
 72
4
 73
2
 74
0
 40
0.0
 40
0.0
 40
1.0
 40
1.0
 10
-1.0081582188734626
 20
5.914695015724213
 30
0.0
 10
-1.0081629955606684
 20
5.914694201537548
 30
0.0
  0
SPLINE
  5
119
330
17
100
AcDbEntity
  8
VISIBLE
100
AcDbSpline
 70
0
 71
1
 72
4
 73
2
 74
0
 40
0.0
 40
0.0
 40
1.0
 40
1.0
 10
-1.0196774253296392
 20
5.9127200240616915
 30
0.0
 10
-1.0196797914783042
 20
5.912719616007511
 30
0.0
  0
SPLINE
  5
11A
330
17
100
AcDbEntity
  8
VISIBLE
100
AcDbSpline
 70
0
 71
1
 72
4
 73
2
 74
0
 40
0.0
 40
0.0
 40
1.0
 40
1.0
 10
-1.0341693916782269
 20
5.910202519196317
 30
0.0
 10
-1.0341717912584645
 20
5.910202099316581
 30
0.0
  0
SPLINE
  5
11B
330
17
100
AcDbEntity
  8
VISIBLE
100
AcDbSpline
 70
0
 71
2
 72
6
 73
3
 74
0
 40
0.0
 40
0.0
 40
0.0
 40
1.0
 40
1.0
 40
1.0
 10
-1.8129570804540591
 20
5.71954424383097
 30
0.0
 10
-2.0836075777843
 20
5.633746243429465
 30
0.0
 10
-2.3449532066619816
 20
5.522788648447481
 30
0.0
  0
SPLINE
  5
11C
330
17
100
AcDbEntity
  8
VISIBLE
100
AcDbSpline
 70
0
 71
2
 72
6
 73
3
 74
0
 40
0.0
 40
0.0
 40
0.0
 40
1.0
 40
1.0
 40
1.0
 10
-2.9522506603186702
 20
5.223429504327994
 30
0.0
 10
-3.26222142312516
 20
5.0482134872717435
 30
0.0
 10
-3.5493115750494466
 20
4.837601428050737
 30
0.0
  0
SPLINE
  5
11D
330
17
100
AcDbEntity
  8
VISIBLE
100
AcDbSpline
 70
0
 71
1
 72
4
 73
2
 74
0
 40
0.0
 40
0.0
 40
1.0
 40
1.0
 10
-3.5505531808888016
 20
4.836690225932579
 30
0.0
 10
-3.5505540695306586
 20
4.836689573591584
 30
0.0
  0
SPLINE
  5
11E
330
17
100
AcDbEntity
  8
VISIBLE
100
AcDbSpline
 70
0
 71
1
 72
4
 73
2
 74
0
 40
0.0
 40
0.0
 40
1.0
 40
1.0
 10
-3.55179455269385
 20
4.835778705223283
 30
0.0
 10
-3.5517963310261687
 20
4.83577739906869
 30
0.0
  0
SPLINE
  5
11F
330
17
100
AcDbEntity
  8
VISIBLE
100
AcDbSpline
 70
0
 71
1
 72
4
 73
2
 74
0
 40
0.0
 40
0.0
 40
1.0
 40
1.0
 10
-3.553035690382935
 20
4.834866865982934
 30
0.0
 10
-3.5762828916907283
 20
4.8176966361173
 30
0.0
  0
SPLINE
  5
120
330
17
100
AcDbEntity
  8
VISIBLE
100
AcDbSpline
 70
0
 71
1
 72
4
 73
2
 74
0
 40
0.0
 40
0.0
 40
1.0
 40
1.0
 10
-3.576415473986268
 20
4.817598214495486
 30
0.0
 10
-3.5764181446102548
 20
4.817596231916647
 30
0.0
  0
SPLINE
  5
121
330
17
100
AcDbEntity
  8
VISIBLE
100
AcDbSpline
 70
0
 71
1
 72
4
 73
2
 74
0
 40
0.0
 40
0.0
 40
1.0
 40
1.0
 10
-3.5776528320975904
 20
4.816679396659584
 30
0.0
 10
-3.5776546123319006
 20
4.8166780743660595
 30
0.0
  0
SPLINE
  5
122
330
17
100
AcDbEntity
  8
VISIBLE
100
AcDbSpline
 70
0
 71
1
 72
4
 73
2
 74
0
 40
0.0
 40
0.0
 40
1.0
 40
1.0
 10
-3.578889954209152
 20
4.81576026097831
 30
0.0
 10
-3.5788908442369864
 20
4.815759599543204
 30
0.0
  0
SPLINE
  5
123
330
17
100
AcDbEntity
  8
VISIBLE
100
AcDbSpline
 70
0
 71
1
 72
4
 73
2
 74
0
 40
0.0
 40
0.0
 40
1.0
 40
1.0
 10
-3.5801268402442377
 20
4.814840807508601
 30
0.0
 10
-3.5801807592550308
 20
4.814800714969872
 30
0.0
  0
SPLINE
  5
124
330
17
100
AcDbEntity
  8
VISIBLE
100
AcDbSpline
 70
0
 71
1
 72
4
 73
2
 74
0
 40
0.0
 40
0.0
 40
1.0
 40
1.0
 10
-3.589900922342357
 20
4.807557752980362
 30
0.0
 10
-3.5899078619596714
 20
4.807552571018501
 30
0.0
  0
SPLINE
  5
125
330
17
100
AcDbEntity
  8
VISIBLE
100
AcDbSpline
 70
0
 71
1
 72
4
 73
2
 74
0
 40
0.0
 40
0.0
 40
1.0
 40
1.0
 10
-3.5996064262067735
 20
4.800295172508885
 30
0.0
 10
-3.5996202933297754
 20
4.800284773909762
 30
0.0
  0
SPLINE
  5
126
330
17
100
AcDbEntity
  8
VISIBLE
100
AcDbSpline
 70
0
 71
1
 72
4
 73
2
 74
0
 40
0.0
 40
0.0
 40
1.0
 40
1.0
 10
-3.6092972313272345
 20
4.793013003190769
 30
0.0
 10
-3.6093180130715155
 20
4.792997353776592
 30
0.0
  0
SPLINE
  5
127
330
17
100
AcDbEntity
  8
VISIBLE
100
AcDbSpline
 70
0
 71
1
 72
4
 73
2
 74
0
 40
0.0
 40
0.0
 40
1.0
 40
1.0
 10
-3.7893828471988975
 20
4.651943412426681
 30
0.0
 10
-3.789403017464654
 20
4.6519269820437
 30
0.0
  0
SPLINE
  5
128
330
17
100
AcDbEntity
  8
VISIBLE
100
AcDbSpline
 70
0
 71
1
 72
4
 73
2
 74
0
 40
0.0
 40
0.0
 40
1.0
 40
1.0
 10
-3.798780170908639
 20
4.644272717543686
 30
0.0
 10
-3.7987935860248783
 20
4.644261744622803
 30
0.0
  0
SPLINE
  5
129
330
17
100
AcDbEntity
  8
VISIBLE
100
AcDbSpline
 70
0
 71
1
 72
4
 73
2
 74
0
 40
0.0
 40
0.0
 40
1.0
 40
1.0
 10
-3.808161954494893
 20
4.636583049751675
 30
0.0
 10
-3.813297054033508
 20
4.6323606746122845
 30
0.0
  0
SPLINE
  5
12A
330
17
100
AcDbEntity
  8
VISIBLE
100
AcDbSpline
 70
0
 71
1
 72
4
 73
2
 74
0
 40
0.0
 40
0.0
 40
1.0
 40
1.0
 10
-3.817528158810812
 20
4.6288744412729885
 30
0.0
 10
-3.8175953887139356
 20
4.628818994556316
 30
0.0
  0
SPLINE
  5
12B
330
17
100
AcDbEntity
  8
VISIBLE
100
AcDbSpline
 70
0
 71
1
 72
4
 73
2
 74
0
 40
0.0
 40
0.0
 40
1.0
 40
1.0
 10
-3.818782757865712
 20
4.627839461667019
 30
0.0
 10
-3.8187836135742597
 20
4.627838755556478
 30
0.0
  0
SPLINE
  5
12C
330
17
100
AcDbEntity
  8
VISIBLE
100
AcDbSpline
 70
0
 71
1
 72
4
 73
2
 74
0
 40
0.0
 40
0.0
 40
1.0
 40
1.0
 10
-4.9758625907117136
 20
3.352728909822023
 30
0.0
 10
-4.975868122033969
 20
3.352720700643843
 30
0.0
  0
SPLINE
  5
12D
330
17
100
AcDbEntity
  8
VISIBLE
100
AcDbSpline
 70
0
 71
1
 72
4
 73
2
 74
0
 40
0.0
 40
0.0
 40
1.0
 40
1.0
 10
-4.9834891717853
 20
3.341382249660416
 30
0.0
 10
-4.9835387660167365
 20
3.341308281385494
 30
0.0
  0
SPLINE
  5
12E
330
17
100
AcDbEntity
  8
VISIBLE
100
AcDbSpline
 70
0
 71
1
 72
4
 73
2
 74
0
 40
0.0
 40
0.0
 40
1.0
 40
1.0
 10
-4.9843955792077566
 20
3.340029995917517
 30
0.0
 10
-4.984396193157604
 20
3.34002907970733
 30
0.0
  0
SPLINE
  5
12F
330
17
100
AcDbEntity
  8
VISIBLE
100
AcDbSpline
 70
0
 71
1
 72
4
 73
2
 74
0
 40
0.0
 40
0.0
 40
1.0
 40
1.0
 10
-4.9852520643051
 20
3.338751491055092
 30
0.0
 10
-4.9852532915862175
 20
3.338749658541307
 30
0.0
  0
SPLINE
  5
130
330
17
100
AcDbEntity
  8
VISIBLE
100
AcDbSpline
 70
0
 71
1
 72
4
 73
2
 74
0
 40
0.0
 40
0.0
 40
1.0
 40
1.0
 10
-4.98610822125134
 20
3.3374727668844812
 30
0.0
 10
-4.986203969948558
 20
3.3373297160755966
 30
0.0
  0
SPLINE
  5
131
330
17
100
AcDbEntity
  8
VISIBLE
100
AcDbSpline
 70
0
 71
1
 72
4
 73
2
 74
0
 40
0.0
 40
0.0
 40
1.0
 40
1.0
 10
-5.002204721165414
 20
3.3132985974172833
 30
0.0
 10
-5.002206557395512
 20
3.313295825193862
 30
0.0
  0
SPLINE
  5
132
330
17
100
AcDbEntity
  8
VISIBLE
100
AcDbSpline
 70
0
 71
1
 72
4
 73
2
 74
0
 40
0.0
 40
0.0
 40
1.0
 40
1.0
 10
-5.691232229164165
 20
-1.8999671727998826
 30
0.0
 10
-5.69122939839269
 20
-1.8999756521770594
 30
0.0
  0
SPLINE
  5
133
330
17
100
AcDbEntity
  8
VISIBLE
100
AcDbSpline
 70
0
 71
1
 72
4
 73
2
 74
0
 40
0.0
 40
0.0
 40
1.0
 40
1.0
 10
-5.689185988494555
 20
-1.9060856048478423
 30
0.0
 10
-5.689184571143232
 20
-1.9060898352798927
 30
0.0
  0
SPLINE
  5
134
330
17
100
AcDbEntity
  8
VISIBLE
100
AcDbSpline
 70
0
 71
1
 72
4
 73
2
 74
0
 40
0.0
 40
0.0
 40
1.0
 40
1.0
 10
-5.687133176881861
 20
-1.9122018131025174
 30
0.0
 10
-5.687126658352756
 20
-1.9122211999346992
 30
0.0
  0
SPLINE
  5
135
330
17
100
AcDbEntity
  8
VISIBLE
100
AcDbSpline
 70
0
 71
1
 72
4
 73
2
 74
0
 40
0.0
 40
0.0
 40
1.0
 40
1.0
 10
-5.686794762433468
 20
-1.913208006401304
 30
0.0
 10
-5.686794521980872
 20
-1.9132087211193949
 30
0.0
  0
SPLINE
  5
136
330
17
100
AcDbEntity
  8
VISIBLE
100
AcDbSpline
 70
0
 71
1
 72
4
 73
2
 74
0
 40
0.0
 40
0.0
 40
1.0
 40
1.0
 10
-5.686462695326464
 20
-1.9141947551484777
 30
0.0
 10
-5.686462214730602
 20
-1.9141961828451195
 30
0.0
  0
SPLINE
  5
137
330
17
100
AcDbEntity
  8
VISIBLE
100
AcDbSpline
 70
0
 71
1
 72
4
 73
2
 74
0
 40
0.0
 40
0.0
 40
1.0
 40
1.0
 10
-5.686130457041545
 20
-1.9151814461472645
 30
0.0
 10
-5.6861297360981
 20
-1.9151835866108389
 30
0.0
  0
SPLINE
  5
138
330
17
100
AcDbEntity
  8
VISIBLE
100
AcDbSpline
 70
0
 71
1
 72
4
 73
2
 74
0
 40
0.0
 40
0.0
 40
1.0
 40
1.0
 10
-5.679828082760643
 20
-1.9337922590275287
 30
0.0
 10
-5.679827364354569
 20
-1.933794369089163
 30
0.0
  0
SPLINE
  5
139
330
17
100
AcDbEntity
  8
VISIBLE
100
AcDbSpline
 70
0
 71
1
 72
4
 73
2
 74
0
 40
0.0
 40
0.0
 40
1.0
 40
1.0
 10
-5.679492204982883
 20
-1.934778500148213
 30
0.0
 10
-5.679491725950446
 20
-1.9347799063350688
 30
0.0
  0
SPLINE
  5
13A
330
17
100
AcDbEntity
  8
VISIBLE
100
AcDbSpline
 70
0
 71
1
 72
4
 73
2
 74
0
 40
0.0
 40
0.0
 40
1.0
 40
1.0
 10
-5.679156156137156
 20
-1.9357646823977426
 30
0.0
 10
-5.679155916574227
 20
-1.9357653852285708
 30
0.0
  0
SPLINE
  5
13B
330
17
100
AcDbEntity
  8
VISIBLE
100
AcDbSpline
 70
0
 71
1
 72
4
 73
2
 74
0
 40
0.0
 40
0.0
 40
1.0
 40
1.0
 10
-5.678819936235824
 20
-1.9367508057407532
 30
0.0
 10
-5.678815518441192
 20
-1.9367637592754088
 30
0.0
  0
SPLINE
  5
13C
330
17
100
AcDbEntity
  8
VISIBLE
100
AcDbSpline
 70
0
 71
1
 72
4
 73
2
 74
0
 40
0.0
 40
0.0
 40
1.0
 40
1.0
 10
-5.678479277043648
 20
-1.937749378077799
 30
0.0
 10
-5.678479033338041
 20
-1.9377500922450097
 30
0.0
  0
SPLINE
  5
13D
330
17
100
AcDbEntity
  8
VISIBLE
100
AcDbSpline
 70
0
 71
1
 72
4
 73
2
 74
0
 40
0.0
 40
0.0
 40
1.0
 40
1.0
 10
-5.678142864614533
 20
-1.9387349384101082
 30
0.0
 10
-5.678142377514241
 20
-1.9387363650229645
 30
0.0
  0
SPLINE
  5
13E
330
17
100
AcDbEntity
  8
VISIBLE
100
AcDbSpline
 70
0
 71
1
 72
4
 73
2
 74
0
 40
0.0
 40
0.0
 40
1.0
 40
1.0
 10
-5.6778062811637895
 20
-1.939720440243405
 30
0.0
 10
-5.677805550477347
 20
-1.939722579053613
 30
0.0
  0
SPLINE
  5
13F
330
17
100
AcDbEntity
  8
VISIBLE
100
AcDbSpline
 70
0
 71
1
 72
4
 73
2
 74
0
 40
0.0
 40
0.0
 40
1.0
 40
1.0
 10
-5.671421930318827
 20
-1.958308670380605
 30
0.0
 10
-5.671421202944165
 20
-1.958310776916039
 30
0.0
  0
SPLINE
  5
140
330
17
100
AcDbEntity
  8
VISIBLE
100
AcDbSpline
 70
0
 71
1
 72
4
 73
2
 74
0
 40
0.0
 40
0.0
 40
1.0
 40
1.0
 10
-5.67108170750489
 20
-1.9592937062747828
 30
0.0
 10
-5.671081222505568
 20
-1.9592951100816864
 30
0.0
  0
SPLINE
  5
141
330
17
100
AcDbEntity
  8
VISIBLE
100
AcDbSpline
 70
0
 71
1
 72
4
 73
2
 74
0
 40
0.0
 40
0.0
 40
1.0
 40
1.0
 10
-5.6707413137941955
 20
-1.9602786825177834
 30
0.0
 10
-5.670741071253701
 20
-1.9602793841447008
 30
0.0
  0
SPLINE
  5
142
330
17
100
AcDbEntity
  8
VISIBLE
100
AcDbSpline
 70
0
 71
1
 72
4
 73
2
 74
0
 40
0.0
 40
0.0
 40
1.0
 40
1.0
 10
-5.670400749198599
 20
-1.9612635990761866
 30
0.0
 10
-5.670398581047014
 20
-1.9612698676205378
 30
0.0
  0
SPLINE
  5
143
330
17
100
AcDbEntity
  8
VISIBLE
100
AcDbSpline
 70
0
 71
1
 72
4
 73
2
 74
0
 40
0.0
 40
0.0
 40
1.0
 40
1.0
 10
-5.670058003919857
 20
-1.962254263400554
 30
0.0
 10
-5.670057756975412
 20
-1.9622549769621354
 30
0.0
  0
SPLINE
  5
144
330
17
100
AcDbEntity
  8
VISIBLE
100
AcDbSpline
 70
0
 71
1
 72
4
 73
2
 74
0
 40
0.0
 40
0.0
 40
1.0
 40
1.0
 10
-5.669717255926177
 20
-1.9632385999621431
 30
0.0
 10
-5.66971676233484
 20
-1.9632400254243971
 30
0.0
  0
SPLINE
  5
145
330
17
100
AcDbEntity
  8
VISIBLE
100
AcDbSpline
 70
0
 71
1
 72
4
 73
2
 74
0
 40
0.0
 40
0.0
 40
1.0
 40
1.0
 10
-5.6693763370760015
 20
-1.9642228772763852
 30
0.0
 10
-5.669375596660777
 20
-1.964225014350836
 30
0.0
  0
SPLINE
  5
146
330
17
100
AcDbEntity
  8
VISIBLE
100
AcDbSpline
 70
0
 71
1
 72
4
 73
2
 74
0
 40
0.0
 40
0.0
 40
1.0
 40
1.0
 10
-5.662910195635256
 20
-1.982787857900521
 30
0.0
 10
-5.66290945932931
 20
-1.9827899608146633
 30
0.0
  0
SPLINE
  5
147
330
17
100
AcDbEntity
  8
VISIBLE
100
AcDbSpline
 70
0
 71
1
 72
4
 73
2
 74
0
 40
0.0
 40
0.0
 40
1.0
 40
1.0
 10
-5.662565637739957
 20
-1.983771653229249
 30
0.0
 10
-5.6625651467989995
 20
-1.9837730545925154
 30
0.0
  0
SPLINE
  5
148
330
17
100
AcDbEntity
  8
VISIBLE
100
AcDbSpline
 70
0
 71
1
 72
4
 73
2
 74
0
 40
0.0
 40
0.0
 40
1.0
 40
1.0
 10
-5.66222090912851
 20
-1.9847553881283875
 30
0.0
 10
-5.662220663623121
 20
-1.984756088519838
 30
0.0
  0
SPLINE
  5
149
330
17
100
AcDbEntity
  8
VISIBLE
100
AcDbSpline
 70
0
 71
1
 72
4
 73
2
 74
0
 40
0.0
 40
0.0
 40
1.0
 40
1.0
 10
-5.661876009811822
 20
-1.9857390625677527
 30
0.0
 10
-5.661875769648702
 20
-1.9857397473373564
 30
0.0
  0
SPLINE
  5
14A
330
17
100
AcDbEntity
  8
VISIBLE
100
AcDbSpline
 70
0
 71
1
 72
4
 73
2
 74
0
 40
0.0
 40
0.0
 40
1.0
 40
1.0
 10
-5.661530959076041
 20
-1.9867226215888112
 30
0.0
 10
-5.661530708918237
 20
-1.9867233344593822
 30
0.0
  0
SPLINE
  5
14B
330
17
100
AcDbEntity
  8
VISIBLE
100
AcDbSpline
 70
0
 71
1
 72
4
 73
2
 74
0
 40
0.0
 40
0.0
 40
1.0
 40
1.0
 10
-5.661185977902119
 20
-1.987705435907951
 30
0.0
 10
-5.661185477914056
 20
-1.9877068599241288
 30
0.0
  0
SPLINE
  5
14C
330
17
100
AcDbEntity
  8
VISIBLE
100
AcDbSpline
 70
0
 71
1
 72
4
 73
2
 74
0
 40
0.0
 40
0.0
 40
1.0
 40
1.0
 10
-5.660840826137106
 20
-1.9886881902659073
 30
0.0
 10
-5.660840076158044
 20
-1.988690325095416
 30
0.0
  0
SPLINE
  5
14D
330
17
100
AcDbEntity
  8
VISIBLE
100
AcDbSpline
 70
0
 71
3
 72
14
 73
10
 74
0
 40
0.0
 40
0.0
 40
0.0
 40
0.0
 40
0.22655353612884993
 40
0.22655353612884993
 40
0.22655353612884993
 40
0.5770417545506762
 40
0.5770417545506762
 40
0.5770417545506762
 40
1.0
 40
1.0
 40
1.0
 40
1.0
 10
-5.654294847041094
 20
-2.007224295551079
 30
0.0
 10
-5.4298863575946905
 20
-2.6400159306875164
 30
0.0
 10
-5.098157959134373
 20
-3.234663718844787
 30
0.0
 10
-4.676975401498215
 20
-3.758443972414743
 30
0.0
 10
-4.0267182835283295
 20
-4.569945774143173
 30
0.0
 10
-3.1586203237561095
 20
-5.2079944034890735
 30
0.0
 10
-2.1892326711282353
 20
-5.586345881850209
 30
0.0
 10
-1.0201341276061964
 20
-6.047540157084146
 30
0.0
 10
0.28681458384454245
 20
-6.121911669310203
 30
0.0
 10
1.4819381049118439
 20
-5.814108637388213
 30
0.0
  0
SPLINE
  5
14E
330
17
100
AcDbEntity
  8
VISIBLE
100
AcDbSpline
 70
0
 71
3
 72
8
 73
4
 74
0
 40
0.0
 40
0.0
 40
0.0
 40
0.0
 40
1.0
 40
1.0
 40
1.0
 40
1.0
 10
1.4819416217145953
 20
-5.814107741001748
 30
0.0
 10
2.9297980673882287
 20
-5.4480438764130055
 30
0.0
 10
4.213090744357999
 20
-4.532254219422012
 30
0.0
 10
5.0299177799425925
 20
-3.2710743065177765
 30
0.0
  0
SPLINE
  5
14F
330
17
100
AcDbEntity
  8
VISIBLE
100
AcDbSpline
 70
0
 71
1
 72
4
 73
2
 74
0
 40
0.0
 40
0.0
 40
1.0
 40
1.0
 10
5.106928362481545
 20
-3.149489271707808
 30
0.0
 10
5.106929013322302
 20
-3.149488216362745
 30
0.0
  0
SPLINE
  5
150
330
17
100
AcDbEntity
  8
VISIBLE
100
AcDbSpline
 70
0
 71
1
 72
4
 73
2
 74
0
 40
0.0
 40
0.0
 40
1.0
 40
1.0
 10
5.1096795152005505
 20
-3.1450238828286765
 30
0.0
 10
5.109679992717766
 20
-3.145023107012507
 30
0.0
  0
SPLINE
  5
151
330
17
100
AcDbEntity
  8
VISIBLE
100
AcDbSpline
 70
0
 71
1
 72
4
 73
2
 74
0
 40
0.0
 40
0.0
 40
1.0
 40
1.0
 10
5.116370294813363
 20
-3.134127466590165
 30
0.0
 10
5.11637230522671
 20
-3.1341241846474857
 30
0.0
  0
SPLINE
  5
152
330
17
100
AcDbEntity
  8
VISIBLE
100
AcDbSpline
 70
0
 71
1
 72
4
 73
2
 74
0
 40
0.0
 40
0.0
 40
1.0
 40
1.0
 10
5.121670683420761
 20
-3.125458267237513
 30
0.0
 10
5.121672035113414
 20
-3.125456052225343
 30
0.0
  0
SPLINE
  5
153
330
17
100
AcDbEntity
  8
VISIBLE
100
AcDbSpline
 70
0
 71
1
 72
4
 73
2
 74
0
 40
0.0
 40
0.0
 40
1.0
 40
1.0
 10
5.128321564676448
 20
-3.114533335507173
 30
0.0
 10
5.1283224011669555
 20
-3.1145319581600095
 30
0.0
  0
SPLINE
  5
154
330
17
100
AcDbEntity
  8
VISIBLE
100
AcDbSpline
 70
0
 71
1
 72
4
 73
2
 74
0
 40
0.0
 40
0.0
 40
1.0
 40
1.0
 10
5.133588491418152
 20
-3.1058443568246674
 30
0.0
 10
5.133590848580493
 20
-3.1058404607144356
 30
0.0
  0
SPLINE
  5
155
330
17
100
AcDbEntity
  8
VISIBLE
100
AcDbSpline
 70
0
 71
1
 72
4
 73
2
 74
0
 40
0.0
 40
0.0
 40
1.0
 40
1.0
 10
5.13494832634652
 20
-3.103595600852305
 30
0.0
 10
5.140041016511485
 20
-3.095154005198106
 30
0.0
  0
SPLINE
  5
156
330
17
100
AcDbEntity
  8
VISIBLE
100
AcDbSpline
 70
0
 71
1
 72
4
 73
2
 74
0
 40
0.0
 40
0.0
 40
1.0
 40
1.0
 10
5.140199486365237
 20
-3.0948908232227446
 30
0.0
 10
5.140201863561682
 20
-3.094886875014101
 30
0.0
  0
SPLINE
  5
157
330
17
100
AcDbEntity
  8
VISIBLE
100
AcDbSpline
 70
0
 71
1
 72
4
 73
2
 74
0
 40
0.0
 40
0.0
 40
1.0
 40
1.0
 10
5.146787690547455
 20
-3.083922248549457
 30
0.0
 10
5.14678968289774
 20
-3.0839189234943154
 30
0.0
  0
SPLINE
  5
158
330
17
100
AcDbEntity
  8
VISIBLE
100
AcDbSpline
 70
0
 71
1
 72
4
 73
2
 74
0
 40
0.0
 40
0.0
 40
1.0
 40
1.0
 10
5.1520049537145916
 20
-3.0751983550906
 30
0.0
 10
5.15200626551858
 20
-3.0751961573709137
 30
0.0
  0
SPLINE
  5
159
330
17
100
AcDbEntity
  8
VISIBLE
100
AcDbSpline
 70
0
 71
1
 72
4
 73
2
 74
0
 40
0.0
 40
0.0
 40
1.0
 40
1.0
 10
5.1585510159257275
 20
-3.0642048531260464
 30
0.0
 10
5.158551857727211
 20
-3.064203435963199
 30
0.0
  0
SPLINE
  5
15A
330
17
100
AcDbEntity
  8
VISIBLE
100
AcDbSpline
 70
0
 71
1
 72
4
 73
2
 74
0
 40
0.0
 40
0.0
 40
1.0
 40
1.0
 10
5.163734586900872
 20
-3.0554615169594754
 30
0.0
 10
5.163736893486141
 20
-3.0554576188235067
 30
0.0
  0
SPLINE
  5
15B
330
17
100
AcDbEntity
  8
VISIBLE
100
AcDbSpline
 70
0
 71
1
 72
4
 73
2
 74
0
 40
0.0
 40
0.0
 40
1.0
 40
1.0
 10
5.165072829766383
 20
-3.0531987535586547
 30
0.0
 10
5.165075901798894
 20
-3.053193556618914
 30
0.0
  0
SPLINE
  5
15C
330
17
100
AcDbEntity
  8
VISIBLE
100
AcDbSpline
 70
0
 71
1
 72
4
 73
2
 74
0
 40
0.0
 40
0.0
 40
1.0
 40
1.0
 10
5.170240449737044
 20
-3.044439793667218
 30
0.0
 10
5.170242646342306
 20
-3.0444360632644045
 30
0.0
  0
SPLINE
  5
15D
330
17
100
AcDbEntity
  8
VISIBLE
100
AcDbSpline
 70
0
 71
1
 72
4
 73
2
 74
0
 40
0.0
 40
0.0
 40
1.0
 40
1.0
 10
5.176723669906275
 20
-3.033402711591995
 30
0.0
 10
5.176725602733226
 20
-3.033399413078973
 30
0.0
  0
SPLINE
  5
15E
330
17
100
AcDbEntity
  8
VISIBLE
100
AcDbSpline
 70
0
 71
1
 72
4
 73
2
 74
0
 40
0.0
 40
0.0
 40
1.0
 40
1.0
 10
5.181857472540917
 20
-3.024624455950751
 30
0.0
 10
5.181858818010502
 20
-3.024622150859563
 30
0.0
  0
SPLINE
  5
15F
330
17
100
AcDbEntity
  8
VISIBLE
100
AcDbSpline
 70
0
 71
1
 72
4
 73
2
 74
0
 40
0.0
 40
0.0
 40
1.0
 40
1.0
 10
5.188298459504532
 20
-3.013562519754734
 30
0.0
 10
5.188299193086143
 20
-3.0135612567839574
 30
0.0
  0
SPLINE
  5
160
330
17
100
AcDbEntity
  8
VISIBLE
100
AcDbSpline
 70
0
 71
1
 72
4
 73
2
 74
0
 40
0.0
 40
0.0
 40
1.0
 40
1.0
 10
5.1933982675655495
 20
-3.0047652820107795
 30
0.0
 10
5.193400668025535
 20
-3.0047611330823263
 30
0.0
  0
SPLINE
  5
161
330
17
100
AcDbEntity
  8
VISIBLE
100
AcDbSpline
 70
0
 71
1
 72
4
 73
2
 74
0
 40
0.0
 40
0.0
 40
1.0
 40
1.0
 10
5.194714994943519
 20
-3.002488315862791
 30
0.0
 10
5.195253009257732
 20
-3.0015572850447634
 30
0.0
  0
SPLINE
  5
162
330
17
100
AcDbEntity
  8
VISIBLE
100
AcDbSpline
 70
0
 71
1
 72
4
 73
2
 74
0
 40
0.0
 40
0.0
 40
1.0
 40
1.0
 10
5.199798628566226
 20
-2.99367569856771
 30
0.0
 10
5.200299379005328
 20
-2.992805762922031
 30
0.0
  0
SPLINE
  5
163
330
17
100
AcDbEntity
  8
VISIBLE
100
AcDbSpline
 70
0
 71
1
 72
4
 73
2
 74
0
 40
0.0
 40
0.0
 40
1.0
 40
1.0
 10
5.201805933351009
 20
-2.990186448652727
 30
0.0
 10
5.201806818484657
 20
-2.9901849088507486
 30
0.0
  0
SPLINE
  5
164
330
17
100
AcDbEntity
  8
VISIBLE
100
AcDbSpline
 70
0
 71
1
 72
4
 73
2
 74
0
 40
0.0
 40
0.0
 40
1.0
 40
1.0
 10
5.202195625196492
 20
-2.989508428347852
 30
0.0
 10
5.202196292537597
 20
-2.989507267073371
 30
0.0
  0
SPLINE
  5
165
330
17
100
AcDbEntity
  8
VISIBLE
100
AcDbSpline
 70
0
 71
1
 72
4
 73
2
 74
0
 40
0.0
 40
0.0
 40
1.0
 40
1.0
 10
5.573346615697786
 20
-2.222117802653738
 30
0.0
 10
5.573348434569838
 20
-2.2221132406918773
 30
0.0
  0
SPLINE
  5
166
330
17
100
AcDbEntity
  8
VISIBLE
100
AcDbSpline
 70
0
 71
1
 72
4
 73
2
 74
0
 40
0.0
 40
0.0
 40
1.0
 40
1.0
 10
5.583810696551673
 20
-2.1956908092938487
 30
0.0
 10
5.583812322531301
 20
-2.195686674297926
 30
0.0
  0
SPLINE
  5
167
330
17
100
AcDbEntity
  8
VISIBLE
100
AcDbSpline
 70
0
 71
1
 72
4
 73
2
 74
0
 40
0.0
 40
0.0
 40
1.0
 40
1.0
 10
5.592035103771051
 20
-2.174659380405984
 30
0.0
 10
5.592038547006096
 20
-2.1746505262667792
 30
0.0
  0
SPLINE
  5
168
330
17
100
AcDbEntity
  8
VISIBLE
100
AcDbSpline
 70
0
 71
1
 72
4
 73
2
 74
0
 40
0.0
 40
0.0
 40
1.0
 40
1.0
 10
5.594149146328212
 20
-2.1692153767181033
 30
0.0
 10
5.594154166665399
 20
-2.1692024298192045
 30
0.0
  0
SPLINE
  5
169
330
17
100
AcDbEntity
  8
VISIBLE
100
AcDbSpline
 70
0
 71
1
 72
4
 73
2
 74
0
 40
0.0
 40
0.0
 40
1.0
 40
1.0
 10
5.6022783704487935
 20
-2.1481333942187804
 30
0.0
 10
5.602284170606076
 20
-2.148118267491561
 30
0.0
  0
SPLINE
  5
16A
330
17
100
AcDbEntity
  8
VISIBLE
100
AcDbSpline
 70
0
 71
1
 72
4
 73
2
 74
0
 40
0.0
 40
0.0
 40
1.0
 40
1.0
 10
5.6028271687568605
 20
-2.1467015945895493
 30
0.0
 10
5.602827505859665
 20
-2.146700714761046
 30
0.0
  0
SPLINE
  5
16B
330
17
100
AcDbEntity
  8
VISIBLE
100
AcDbSpline
 70
0
 71
1
 72
4
 73
2
 74
0
 40
0.0
 40
0.0
 40
1.0
 40
1.0
 10
5.6048749627317065
 20
-2.141349264044936
 30
0.0
 10
5.604875298719884
 20
-2.1413483846123933
 30
0.0
  0
SPLINE
  5
16C
330
17
100
AcDbEntity
  8
VISIBLE
100
AcDbSpline
 70
0
 71
1
 72
4
 73
2
 74
0
 40
0.0
 40
0.0
 40
1.0
 40
1.0
 10
5.605416604419694
 20
-2.1399310057087577
 30
0.0
 10
5.605419494884315
 20
-2.1399234343002993
 30
0.0
  0
SPLINE
  5
16D
330
17
100
AcDbEntity
  8
VISIBLE
100
AcDbSpline
 70
0
 71
1
 72
4
 73
2
 74
0
 40
0.0
 40
0.0
 40
1.0
 40
1.0
 10
5.605960943816582
 20
-2.1385045977304262
 30
0.0
 10
5.605961280070359
 20
-2.138503716261175
 30
0.0
  0
SPLINE
  5
16E
330
17
100
AcDbEntity
  8
VISIBLE
100
AcDbSpline
 70
0
 71
1
 72
4
 73
2
 74
0
 40
0.0
 40
0.0
 40
1.0
 40
1.0
 10
5.6080028784584
 20
-2.1331440956028915
 30
0.0
 10
5.608003212870859
 20
-2.1331432164374684
 30
0.0
  0
SPLINE
  5
16F
330
17
100
AcDbEntity
  8
VISIBLE
100
AcDbSpline
 70
0
 71
1
 72
4
 73
2
 74
0
 40
0.0
 40
0.0
 40
1.0
 40
1.0
 10
5.60854296571822
 20
-2.13172367320593
 30
0.0
 10
5.61037458078094
 20
-2.1268984648762324
 30
0.0
  0
SPLINE
  5
170
330
17
100
AcDbEntity
  8
VISIBLE
100
AcDbSpline
 70
0
 71
1
 72
4
 73
2
 74
0
 40
0.0
 40
0.0
 40
1.0
 40
1.0
 10
5.61317467547382
 20
-2.119497600417637
 30
0.0
 10
5.613178800161149
 20
-2.119486676763193
 30
0.0
  0
SPLINE
  5
171
330
17
100
AcDbEntity
  8
VISIBLE
100
AcDbSpline
 70
0
 71
1
 72
4
 73
2
 74
0
 40
0.0
 40
0.0
 40
1.0
 40
1.0
 10
5.61775700729385
 20
-2.107322049630917
 30
0.0
 10
5.686383082239876
 20
-1.9144313585836794
 30
0.0
  0
SPLINE
  5
172
330
17
100
AcDbEntity
  8
VISIBLE
100
AcDbSpline
 70
0
 71
1
 72
4
 73
2
 74
0
 40
0.0
 40
0.0
 40
1.0
 40
1.0
 10
5.686976916739164
 20
-1.9126666026612074
 30
0.0
 10
5.68698436064358
 20
-1.9126444693804925
 30
0.0
  0
SPLINE
  5
173
330
17
100
AcDbEntity
  8
VISIBLE
100
AcDbSpline
 70
0
 71
1
 72
4
 73
2
 74
0
 40
0.0
 40
0.0
 40
1.0
 40
1.0
 10
5.691118556977257
 20
-1.9003077522186271
 30
0.0
 10
5.693984651345948
 20
-1.891702611871184
 30
0.0
  0
SPLINE
  5
174
330
17
100
AcDbEntity
  8
VISIBLE
100
AcDbSpline
 70
0
 71
1
 72
4
 73
2
 74
0
 40
0.0
 40
0.0
 40
1.0
 40
1.0
 10
5.695233574750555
 20
-1.8879392230801915
 30
0.0
 10
5.695291004668205
 20
-1.887765968845851
 30
0.0
  0
SPLINE
  5
175
330
17
100
AcDbEntity
  8
VISIBLE
100
AcDbSpline
 70
0
 71
1
 72
4
 73
2
 74
0
 40
0.0
 40
0.0
 40
1.0
 40
1.0
 10
5.697078622762422
 20
-1.8823642437963084
 30
0.0
 10
5.6970797304771565
 20
-1.8823608912334837
 30
0.0
  0
SPLINE
  5
176
330
17
100
AcDbEntity
  8
VISIBLE
100
AcDbSpline
 70
0
 71
1
 72
4
 73
2
 74
0
 40
0.0
 40
0.0
 40
1.0
 40
1.0
 10
5.930234803488699
 20
-0.912313113536531
 30
0.0
 10
5.9302349574448
 20
-0.9123121127876024
 30
0.0
  0
SPLINE
  5
177
330
17
100
AcDbEntity
  8
VISIBLE
100
AcDbSpline
 70
0
 71
1
 72
4
 73
2
 74
0
 40
0.0
 40
0.0
 40
1.0
 40
1.0
 10
5.930449320448938
 20
-0.9109176138224764
 30
0.0
 10
5.93045292004299
 20
-0.9108941786716942
 30
0.0
  0
SPLINE
  5
178
330
17
100
AcDbEntity
  8
VISIBLE
100
AcDbSpline
 70
0
 71
1
 72
4
 73
2
 74
0
 40
0.0
 40
0.0
 40
1.0
 40
1.0
 10
5.930729138742251
 20
-0.9090940129520892
 30
0.0
 10
5.930729337843374
 20
-0.9090927140592391
 30
0.0
  0
SPLINE
  5
179
330
17
100
AcDbEntity
  8
VISIBLE
100
AcDbSpline
 70
0
 71
1
 72
4
 73
2
 74
0
 40
0.0
 40
0.0
 40
1.0
 40
1.0
 10
5.931004812006899
 20
-0.9072937569424544
 30
0.0
 10
5.931005209338446
 20
-0.9072911595711137
 30
0.0
  0
SPLINE
  5
17A
330
17
100
AcDbEntity
  8
VISIBLE
100
AcDbSpline
 70
0
 71
1
 72
4
 73
2
 74
0
 40
0.0
 40
0.0
 40
1.0
 40
1.0
 10
5.9312799398024145
 20
-0.9054934108285357
 30
0.0
 10
5.931280534505173
 20
-0.905489515321048
 30
0.0
  0
SPLINE
  5
17B
330
17
100
AcDbEntity
  8
VISIBLE
100
AcDbSpline
 70
0
 71
1
 72
4
 73
2
 74
0
 40
0.0
 40
0.0
 40
1.0
 40
1.0
 10
5.9363700506226476
 20
-0.8714990885294458
 30
0.0
 10
5.936370618578719
 20
-0.8714952197873511
 30
0.0
  0
SPLINE
  5
17C
330
17
100
AcDbEntity
  8
VISIBLE
100
AcDbSpline
 70
0
 71
1
 72
4
 73
2
 74
0
 40
0.0
 40
0.0
 40
1.0
 40
1.0
 10
5.936634520331445
 20
-0.8696957002888044
 30
0.0
 10
5.9366348981215005
 20
-0.8696931214500105
 30
0.0
  0
SPLINE
  5
17D
330
17
100
AcDbEntity
  8
VISIBLE
100
AcDbSpline
 70
0
 71
1
 72
4
 73
2
 74
0
 40
0.0
 40
0.0
 40
1.0
 40
1.0
 10
5.936898443019478
 20
-0.8678922261524872
 30
0.0
 10
5.936898631490751
 20
-0.8678909368959681
 30
0.0
  0
SPLINE
  5
17E
330
17
100
AcDbEntity
  8
VISIBLE
100
AcDbSpline
 70
0
 71
1
 72
4
 73
2
 74
0
 40
0.0
 40
0.0
 40
1.0
 40
1.0
 10
5.9371618186535
 20
-0.8660886663119429
 30
0.0
 10
5.937162550594003
 20
-0.8660836487398997
 30
0.0
  0
SPLINE
  5
17F
330
17
100
AcDbEntity
  8
VISIBLE
100
AcDbSpline
 70
0
 71
1
 72
4
 73
2
 74
0
 40
0.0
 40
0.0
 40
1.0
 40
1.0
 10
5.937493088808193
 20
-0.8638147133207494
 30
0.0
 10
5.937493327112399
 20
-0.8638130753177966
 30
0.0
  0
SPLINE
  5
180
330
17
100
AcDbEntity
  8
VISIBLE
100
AcDbSpline
 70
0
 71
1
 72
4
 73
2
 74
0
 40
0.0
 40
0.0
 40
1.0
 40
1.0
 10
5.9378227613105015
 20
-0.8615456422361074
 30
0.0
 10
5.937823236565523
 20
-0.8615423667443038
 30
0.0
  0
SPLINE
  5
181
330
17
100
AcDbEntity
  8
VISIBLE
100
AcDbSpline
 70
0
 71
1
 72
4
 73
2
 74
0
 40
0.0
 40
0.0
 40
1.0
 40
1.0
 10
5.938151568035662
 20
-0.8592764358587737
 30
0.0
 10
5.938152278891949
 20
-0.8592715233710944
 30
0.0
  0
SPLINE
  5
182
330
17
100
AcDbEntity
  8
VISIBLE
100
AcDbSpline
 70
0
 71
1
 72
4
 73
2
 74
0
 40
0.0
 40
0.0
 40
1.0
 40
1.0
 10
5.944194647403482
 20
-0.8164251509452911
 30
0.0
 10
5.944195316971778
 20
-0.8164202759647288
 30
0.0
  0
SPLINE
  5
183
330
17
100
AcDbEntity
  8
VISIBLE
100
AcDbSpline
 70
0
 71
1
 72
4
 73
2
 74
0
 40
0.0
 40
0.0
 40
1.0
 40
1.0
 10
5.944506458053111
 20
-0.8141517077131213
 30
0.0
 10
5.944506903107937
 20
-0.814148458150572
 30
0.0
  0
SPLINE
  5
184
330
17
100
AcDbEntity
  8
VISIBLE
100
AcDbSpline
 70
0
 71
1
 72
4
 73
2
 74
0
 40
0.0
 40
0.0
 40
1.0
 40
1.0
 10
5.9448174002791205
 20
-0.8118781374270002
 30
0.0
 10
5.944817622145621
 20
-0.8118765128515818
 30
0.0
  0
SPLINE
  5
185
330
17
100
AcDbEntity
  8
VISIBLE
100
AcDbSpline
 70
0
 71
1
 72
4
 73
2
 74
0
 40
0.0
 40
0.0
 40
1.0
 40
1.0
 10
5.945127474023536
 20
-0.8096044404430209
 30
0.0
 10
5.9451291555873045
 20
-0.8095920922035704
 30
0.0
  0
SPLINE
  5
186
330
17
100
AcDbEntity
  8
VISIBLE
100
AcDbSpline
 70
0
 71
1
 72
4
 73
2
 74
0
 40
0.0
 40
0.0
 40
1.0
 40
1.0
 10
5.94537466679623
 20
-0.807787164749288
 30
0.0
 10
5.945374843566231
 20
-0.8077858637075426
 30
0.0
  0
SPLINE
  5
187
330
17
100
AcDbEntity
  8
VISIBLE
100
AcDbSpline
 70
0
 71
1
 72
4
 73
2
 74
0
 40
0.0
 40
0.0
 40
1.0
 40
1.0
 10
5.945619630755404
 20
-0.8059821575148377
 30
0.0
 10
5.945619983450671
 20
-0.8059795557258088
 30
0.0
  0
SPLINE
  5
188
330
17
100
AcDbEntity
  8
VISIBLE
100
AcDbSpline
 70
0
 71
1
 72
4
 73
2
 74
0
 40
0.0
 40
0.0
 40
1.0
 40
1.0
 10
5.945864047434344
 20
-0.8041770706884694
 30
0.0
 10
5.945864575215146
 20
-0.8041731684124196
 30
0.0
  0
SPLINE
  5
189
330
17
100
AcDbEntity
  8
VISIBLE
100
AcDbSpline
 70
0
 71
1
 72
4
 73
2
 74
0
 40
0.0
 40
0.0
 40
1.0
 40
1.0
 10
5.950374217059067
 20
-0.7700952558132164
 30
0.0
 10
5.950374719468829
 20
-0.7700913737816437
 30
0.0
  0
SPLINE
  5
18A
330
17
100
AcDbEntity
  8
VISIBLE
100
AcDbSpline
 70
0
 71
1
 72
4
 73
2
 74
0
 40
0.0
 40
0.0
 40
1.0
 40
1.0
 10
5.950607918630652
 20
-0.7682873319764714
 30
0.0
 10
5.950608252741583
 20
-0.7682847441857923
 30
0.0
  0
SPLINE
  5
18B
330
17
100
AcDbEntity
  8
VISIBLE
100
AcDbSpline
 70
0
 71
1
 72
4
 73
2
 74
0
 40
0.0
 40
0.0
 40
1.0
 40
1.0
 10
5.950841071474201
 20
-0.7664793327130712
 30
0.0
 10
5.950841238114652
 20
-0.7664780389380557
 30
0.0
  0
SPLINE
  5
18C
330
17
100
AcDbEntity
  8
VISIBLE
100
AcDbSpline
 70
0
 71
1
 72
4
 73
2
 74
0
 40
0.0
 40
0.0
 40
1.0
 40
1.0
 10
5.951073675559179
 20
-0.7646712582276743
 30
0.0
 10
5.951075829965474
 20
-0.7646544913165821
 30
0.0
  0
SPLINE
  5
18D
330
17
100
AcDbEntity
  8
VISIBLE
100
AcDbSpline
 70
0
 71
1
 72
4
 73
2
 74
0
 40
0.0
 40
0.0
 40
1.0
 40
1.0
 10
5.951367655276532
 20
-0.7623798635864325
 30
0.0
 10
5.951367865345225
 20
-0.7623782237247381
 30
0.0
  0
SPLINE
  5
18E
330
17
100
AcDbEntity
  8
VISIBLE
100
AcDbSpline
 70
0
 71
1
 72
4
 73
2
 74
0
 40
0.0
 40
0.0
 40
1.0
 40
1.0
 10
5.951658612138892
 20
-0.7601051169452009
 30
0.0
 10
5.95165903095907
 20
-0.7601018375560189
 30
0.0
  0
SPLINE
  5
18F
330
17
100
AcDbEntity
  8
VISIBLE
100
AcDbSpline
 70
0
 71
1
 72
4
 73
2
 74
0
 40
0.0
 40
0.0
 40
1.0
 40
1.0
 10
5.951948700495461
 20
-0.7578302517707354
 30
0.0
 10
5.95194932674958
 20
-0.7578253331954559
 30
0.0
  0
SPLINE
  5
190
330
17
100
AcDbEntity
  8
VISIBLE
100
AcDbSpline
 70
0
 71
1
 72
4
 73
2
 74
0
 40
0.0
 40
0.0
 40
1.0
 40
1.0
 10
5.957260552045367
 20
-0.7148753248618624
 30
0.0
 10
5.957261139158616
 20
-0.7148704322615336
 30
0.0
  0
SPLINE
  5
191
330
17
100
AcDbEntity
  8
VISIBLE
100
AcDbSpline
 70
0
 71
1
 72
4
 73
2
 74
0
 40
0.0
 40
0.0
 40
1.0
 40
1.0
 10
5.957533564299359
 20
-0.7125965512098742
 30
0.0
 10
5.957533954404985
 20
-0.7125932897948313
 30
0.0
  0
SPLINE
  5
192
330
17
100
AcDbEntity
  8
VISIBLE
100
AcDbSpline
 70
0
 71
1
 72
4
 73
2
 74
0
 40
0.0
 40
0.0
 40
1.0
 40
1.0
 10
5.9578057056030405
 20
-0.7103176671936695
 30
0.0
 10
5.9578058999969
 20
-0.7103160367085981
 30
0.0
  0
SPLINE
  5
193
330
17
100
AcDbEntity
  8
VISIBLE
100
AcDbSpline
 70
0
 71
1
 72
4
 73
2
 74
0
 40
0.0
 40
0.0
 40
1.0
 40
1.0
 10
5.958076975881395
 20
-0.7080386733831872
 30
0.0
 10
5.958445857508577
 20
-0.7049276388200543
 30
0.0
  0
SPLINE
  5
194
330
17
100
AcDbEntity
  8
VISIBLE
100
AcDbSpline
 70
0
 71
1
 72
4
 73
2
 74
0
 40
0.0
 40
0.0
 40
1.0
 40
1.0
 10
5.958756510823562
 20
-0.7022968439015748
 30
0.0
 10
5.958756924465602
 20
-0.7022933342761614
 30
0.0
  0
SPLINE
  5
195
330
17
100
AcDbEntity
  8
VISIBLE
100
AcDbSpline
 70
0
 71
1
 72
4
 73
2
 74
0
 40
0.0
 40
0.0
 40
1.0
 40
1.0
 10
5.958929083639059
 20
-0.7008310695611932
 30
0.0
 10
5.958929360004038
 20
-0.7008287197190719
 30
0.0
  0
SPLINE
  5
196
330
17
100
AcDbEntity
  8
VISIBLE
100
AcDbSpline
 70
0
 71
1
 72
4
 73
2
 74
0
 40
0.0
 40
0.0
 40
1.0
 40
1.0
 10
5.959592678206328
 20
-0.6951655345786429
 30
0.0
 10
5.959592813848041
 20
-0.6951643717330451
 30
0.0
  0
SPLINE
  5
197
330
17
100
AcDbEntity
  8
VISIBLE
100
AcDbSpline
 70
0
 71
1
 72
4
 73
2
 74
0
 40
0.0
 40
0.0
 40
1.0
 40
1.0
 10
5.960420181189359
 20
-0.6880343542280586
 30
0.0
 10
5.960420317511201
 20
-0.6880331732749522
 30
0.0
  0
SPLINE
  5
198
330
17
100
AcDbEntity
  8
VISIBLE
100
AcDbSpline
 70
0
 71
1
 72
4
 73
2
 74
0
 40
0.0
 40
0.0
 40
1.0
 40
1.0
 10
5.96107148431571
 20
-0.6823684975581867
 30
0.0
 10
5.961071751939457
 20
-0.6823661596317818
 30
0.0
  0
SPLINE
  5
199
330
17
100
AcDbEntity
  8
VISIBLE
100
AcDbSpline
 70
0
 71
1
 72
4
 73
2
 74
0
 40
0.0
 40
0.0
 40
1.0
 40
1.0
 10
5.961239024917369
 20
-0.6809032934516006
 30
0.0
 10
5.961239427195764
 20
-0.6808997715352869
 30
0.0
  0
SPLINE
  5
19A
330
17
100
AcDbEntity
  8
VISIBLE
100
AcDbSpline
 70
0
 71
1
 72
4
 73
2
 74
0
 40
0.0
 40
0.0
 40
1.0
 40
1.0
 10
5.961883819378377
 20
-0.6752342779349232
 30
0.0
 10
5.961929995829971
 20
-0.674826444789947
 30
0.0
  0
SPLINE
  5
19B
330
17
100
AcDbEntity
  8
VISIBLE
100
AcDbSpline
 70
0
 71
1
 72
4
 73
2
 74
0
 40
0.0
 40
0.0
 40
1.0
 40
1.0
 10
5.962529295662651
 20
-0.6695105696200148
 30
0.0
 10
5.962529690447957
 20
-0.6695070537298184
 30
0.0
  0
SPLINE
  5
19C
330
17
100
AcDbEntity
  8
VISIBLE
100
AcDbSpline
 70
0
 71
1
 72
4
 73
2
 74
0
 40
0.0
 40
0.0
 40
1.0
 40
1.0
 10
5.9626939428267
 20
-0.6680426246024282
 30
0.0
 10
5.962694206340441
 20
-0.6680402725745747
 30
0.0
  0
SPLINE
  5
19D
330
17
100
AcDbEntity
  8
VISIBLE
100
AcDbSpline
 70
0
 71
1
 72
4
 73
2
 74
0
 40
0.0
 40
0.0
 40
1.0
 40
1.0
 10
5.963326896324138
 20
-0.6623687268309075
 30
0.0
 10
5.963327025882102
 20
-0.6623675604151227
 30
0.0
  0
SPLINE
  5
19E
330
17
100
AcDbEntity
  8
VISIBLE
100
AcDbSpline
 70
0
 71
1
 72
4
 73
2
 74
0
 40
0.0
 40
0.0
 40
1.0
 40
1.0
 10
5.964115818379421
 20
-0.6552270643680966
 30
0.0
 10
5.964115948102249
 20
-0.6552258835822524
 30
0.0
  0
SPLINE
  5
19F
330
17
100
AcDbEntity
  8
VISIBLE
100
AcDbSpline
 70
0
 71
1
 72
4
 73
2
 74
0
 40
0.0
 40
0.0
 40
1.0
 40
1.0
 10
5.964736457102131
 20
-0.649552920716419
 30
0.0
 10
5.964736712222372
 20
-0.6495505779849702
 30
0.0
  0
SPLINE
  5
1A0
330
17
100
AcDbEntity
  8
VISIBLE
100
AcDbSpline
 70
0
 71
1
 72
4
 73
2
 74
0
 40
0.0
 40
0.0
 40
1.0
 40
1.0
 10
5.964896066449326
 20
-0.6480855773587599
 30
0.0
 10
5.965003174049965
 20
-0.6470990128618639
 30
0.0
  0
SPLINE
  5
1A1
330
17
100
AcDbEntity
  8
VISIBLE
100
AcDbSpline
 70
0
 71
1
 72
4
 73
2
 74
0
 40
0.0
 40
0.0
 40
1.0
 40
1.0
 10
5.965510167517072
 20
-0.6424083116911756
 30
0.0
 10
5.96551301837877
 20
-0.6423818375593418
 30
0.0
  0
SPLINE
  5
1A2
330
17
100
AcDbEntity
  8
VISIBLE
100
AcDbSpline
 70
0
 71
1
 72
4
 73
2
 74
0
 40
0.0
 40
0.0
 40
1.0
 40
1.0
 10
5.966121807514601
 20
-0.6367028931283458
 30
0.0
 10
5.966122183404365
 20
-0.6366993709033888
 30
0.0
  0
SPLINE
  5
1A3
330
17
100
AcDbEntity
  8
VISIBLE
100
AcDbSpline
 70
0
 71
1
 72
4
 73
2
 74
0
 40
0.0
 40
0.0
 40
1.0
 40
1.0
 10
5.966278509155076
 20
-0.6352328289973472
 30
0.0
 10
5.96627875977512
 20
-0.6352304751012599
 30
0.0
  0
SPLINE
  5
1A4
330
17
100
AcDbEntity
  8
VISIBLE
100
AcDbSpline
 70
0
 71
1
 72
4
 73
2
 74
0
 40
0.0
 40
0.0
 40
1.0
 40
1.0
 10
5.966880744879025
 20
-0.6295507690165081
 30
0.0
 10
5.966880868356546
 20
-0.6295495986954969
 30
0.0
  0
SPLINE
  5
1A5
330
17
100
AcDbEntity
  8
VISIBLE
100
AcDbSpline
 70
0
 71
1
 72
4
 73
2
 74
0
 40
0.0
 40
0.0
 40
1.0
 40
1.0
 10
5.967630989863915
 20
-0.622398876397154
 30
0.0
 10
5.968095088639695
 20
-0.6179328477415615
 30
0.0
  0
SPLINE
  5
1A6
330
17
100
AcDbEntity
  8
VISIBLE
100
AcDbSpline
 70
0
 71
1
 72
4
 73
2
 74
0
 40
0.0
 40
0.0
 40
1.0
 40
1.0
 10
5.968220888023886
 20
-0.6167166470931971
 30
0.0
 10
5.968221130653614
 20
-0.616714299060457
 30
0.0
  0
SPLINE
  5
1A7
330
17
100
AcDbEntity
  8
VISIBLE
100
AcDbSpline
 70
0
 71
1
 72
4
 73
2
 74
0
 40
0.0
 40
0.0
 40
1.0
 40
1.0
 10
5.9683725465190145
 20
-0.6152472158585403
 30
0.0
 10
5.968372910314579
 20
-0.6152436867500115
 30
0.0
  0
SPLINE
  5
1A8
330
17
100
AcDbEntity
  8
VISIBLE
100
AcDbSpline
 70
0
 71
1
 72
4
 73
2
 74
0
 40
0.0
 40
0.0
 40
1.0
 40
1.0
 10
5.96895587835785
 20
-0.6095619012018958
 30
0.0
 10
5.96896815433929
 20
-0.6094416802546438
 30
0.0
  0
SPLINE
  5
1A9
330
17
100
AcDbEntity
  8
VISIBLE
100
AcDbSpline
 70
0
 71
1
 72
4
 73
2
 74
0
 40
0.0
 40
0.0
 40
1.0
 40
1.0
 10
5.970281700358399
 20
-0.5964364208458071
 30
0.0
 10
5.970282865853504
 20
-0.5964247542136298
 30
0.0
  0
SPLINE
  5
1AA
330
17
100
AcDbEntity
  8
VISIBLE
100
AcDbSpline
 70
0
 71
1
 72
4
 73
2
 74
0
 40
0.0
 40
0.0
 40
1.0
 40
1.0
 10
5.97156692286832
 20
-0.583428202994091
 30
0.0
 10
5.971569202550828
 20
-0.5834048692668948
 30
0.0
  0
SPLINE
  5
1AB
330
17
100
AcDbEntity
  8
VISIBLE
100
AcDbSpline
 70
0
 71
1
 72
4
 73
2
 74
0
 40
0.0
 40
0.0
 40
1.0
 40
1.0
 10
5.988976624882733
 20
-0.36353669315891957
 30
0.0
 10
5.989754440315901
 20
-0.3504877811832342
 30
0.0
  0
SPLINE
  5
1AC
330
17
100
AcDbEntity
  8
VISIBLE
100
AcDbSpline
 70
0
 71
1
 72
4
 73
2
 74
0
 40
0.0
 40
0.0
 40
1.0
 40
1.0
 10
5.999993524479011
 20
-0.008815100937347348
 30
0.0
 10
5.999995572041213
 20
-0.0072893994633367425
 30
0.0
  0
SPLINE
  5
1AD
330
17
100
AcDbEntity
  8
VISIBLE
100
AcDbSpline
 70
0
 71
1
 72
4
 73
2
 74
0
 40
0.0
 40
0.0
 40
1.0
 40
1.0
 10
5.999999692609618
 20
-0.0019205922188775958
 30
0.0
 10
5.999999805784443
 20
-0.001526623815476341
 30
0.0
  0
SPLINE
  5
1AE
330
17
100
AcDbEntity
  8
VISIBLE
100
AcDbSpline
 70
0
 71
3
 72
38
 73
34
 74
0
 40
0.0
 40
0.0
 40
0.0
 40
0.0
 40
0.23339203830238853
 40
0.23339203830238853
 40
0.23339203830238853
 40
0.5521096137016455
 40
0.5521096137016455
 40
0.5521096137016455
 40
0.8169944330062551
 40
0.8169944330062551
 40
0.8169944330062551
 40
1.0
 40
1.0
 40
1.0
 40
1.177592189100782
 40
1.177592189100782
 40
1.177592189100782
 40
1.4340767754785613
 40
1.4340767754785613
 40
1.4340767754785613
 40
1.648766228046366
 40
1.648766228046366
 40
1.648766228046366
 40
1.9430411364151352
 40
1.9430411364151352
 40
1.9430411364151352
 40
2.145453745360507
 40
2.145453745360507
 40
2.145453745360507
 40
2.408136055944357
 40
2.408136055944357
 40
2.408136055944357
 40
2.6431705466301025
 40
2.6431705466301025
 40
2.6431705466301025
 40
2.6431705466301025
 10
5.9999999999999964
 20
-1.5543122344752192e-15
 30
0.0
 10
6.002182609428909
 20
-1.1170225133059979
 30
0.0
 10
5.680275314316581
 20
-2.2313332752473123
 30
0.0
 10
5.0961055048637185
 20
-3.166971531810429
 30
0.0
 10
4.302686246487987
 20
-4.449285381763998
 30
0.0
 10
3.0314194738848816
 20
-5.393581937639288
 30
0.0
 10
1.5863939470474144
 20
-5.786480298486406
 30
0.0
 10
0.38757741077080576
 20
-6.118349299140739
 30
0.0
 10
-0.9307833202638646
 20
-6.0640354840266095
 30
0.0
 10
-2.1153522725199436
 20
-5.6147381740509275
 30
0.0
 10
-2.933719106040245
 20
-5.3072163285652865
 30
0.0
 10
-3.684389228276216
 20
-4.816528963744195
 30
0.0
 10
-4.2945121795201695
 20
-4.190127103078488
 30
0.0
 10
-4.887546067155516
 20
-3.5830705381317283
 30
0.0
 10
-5.348264910004659
 20
-2.8495909404150086
 30
0.0
 10
-5.637696124619347
 20
-2.0533831611397044
 30
0.0
 10
-6.058844357378858
 20
-0.9041181608640642
 30
0.0
 10
-6.114917523104008
 20
0.37613955536466115
 30
0.0
 10
-5.793586250673838
 20
1.560243043888698
 30
0.0
 10
-5.527826172823723
 20
2.551807909780376
 30
0.0
 10
-5.0012573531121935
 20
3.472274966396251
 30
0.0
 10
-4.280863159915105
 20
4.204070718491967
 30
0.0
 10
-3.297000596590013
 20
5.212100106985174
 30
0.0
 10
-1.9462600789605544
 20
5.8517684716994065
 30
0.0
 10
-0.544898938442206
 20
5.975205866485658
 30
0.0
 10
0.41789010317998476
 20
6.064004023825319
 30
0.0
 10
1.3986316750781582
 20
5.914189306327521
 30
0.0
 10
2.2857661482607377
 20
5.547546585245179
 30
0.0
 10
3.439054432244737
 20
5.074445163715833
 30
0.0
 10
4.429083307347588
 20
4.236913950955785
 30
0.0
 10
5.0864987916148365
 20
3.1823780483941295
 30
0.0
 10
5.677552653010793
 20
2.2411401423118917
 30
0.0
 10
6.001692887338821
 20
1.1250114308920225
 30
0.0
 10
5.999999999999997
 20
-1.7763568394002505e-15
 30
0.0
  0
SPLINE
  5
1AF
330
17
100
AcDbEntity
  8
VISIBLE
100
AcDbSpline
 70
0
 71
2
 72
6
 73
3
 74
0
 40
0.0
 40
0.0
 40
0.0
 40
1.0
 40
1.0
 40
1.0
 10
5.483633373854228
 20
-107.56488912849612
 30
0.0
 10
5.43862677807034
 20
-107.46354600541505
 30
0.0
 10
5.390045033057089
 20
-107.36420514769857
 30
0.0
  0
SPLINE
  5
1B0
330
17
100
AcDbEntity
  8
VISIBLE
100
AcDbSpline
 70
0
 71
1
 72
4
 73
2
 74
0
 40
0.0
 40
0.0
 40
1.0
 40
1.0
 10
5.3890222065277635
 20
-107.36211455514788
 30
0.0
 10
5.312508140018987
 20
-107.21122657026012
 30
0.0
  0
SPLINE
  5
1B1
330
17
100
AcDbEntity
  8
VISIBLE
100
AcDbSpline
 70
0
 71
1
 72
4
 73
2
 74
0
 40
0.0
 40
0.0
 40
1.0
 40
1.0
 10
5.154257630569164
 20
-106.92857890399597
 30
0.0
 10
5.109293660487451
 20
-106.85434941490035
 30
0.0
  0
SPLINE
  5
1B2
330
17
100
AcDbEntity
  8
VISIBLE
100
AcDbSpline
 70
0
 71
2
 72
6
 73
3
 74
0
 40
0.0
 40
0.0
 40
0.0
 40
1.0
 40
1.0
 40
1.0
 10
5.076342800698507
 20
-106.80144670405532
 30
0.0
 10
4.942154047568938
 20
-106.58853689141768
 30
0.0
 10
4.791409044035196
 20
-106.38857369674959
 30
0.0
  0
SPLINE
  5
1B3
330
17
100
AcDbEntity
  8
VISIBLE
100
AcDbSpline
 70
0
 71
2
 72
6
 73
3
 74
0
 40
0.0
 40
0.0
 40
0.0
 40
1.0
 40
1.0
 40
1.0
 10
4.2689825230413305
 20
-105.78386578151205
 30
0.0
 10
4.058967989570085
 20
-105.57125419136746
 30
0.0
 10
3.829384715384798
 20
-105.38092938771528
 30
0.0
  0
SPLINE
  5
1B4
330
17
100
AcDbEntity
  8
VISIBLE
100
AcDbSpline
 70
0
 71
2
 72
6
 73
3
 74
0
 40
0.0
 40
0.0
 40
0.0
 40
1.0
 40
1.0
 40
1.0
 10
2.7093379382364597
 20
-104.64654429867737
 30
0.0
 10
2.501939926615331
 20
-104.54157052671084
 30
0.0
 10
2.286383551255879
 20
-104.45270784567325
 30
0.0
  0
SPLINE
  5
1B5
330
17
100
AcDbEntity
  8
VISIBLE
100
AcDbSpline
 70
0
 71
2
 72
6
 73
3
 74
0
 40
0.0
 40
0.0
 40
0.0
 40
1.0
 40
1.0
 40
1.0
 10
-5.479874447686757
 20
-107.55644194238097
 30
0.0
 10
-5.577719242656871
 20
-107.77587939986057
 30
0.0
 10
-5.657694336579891
 20
-108.00237763750305
 30
0.0
  0
SPLINE
  5
1B6
330
17
100
AcDbEntity
  8
VISIBLE
100
AcDbSpline
 70
0
 71
1
 72
4
 73
2
 74
0
 40
0.0
 40
0.0
 40
1.0
 40
1.0
 10
-5.8854407082056
 20
-108.83312923709859
 30
0.0
 10
-5.918325642973503
 20
-109.0133787968053
 30
0.0
  0
SPLINE
  5
1B7
330
17
100
AcDbEntity
  8
VISIBLE
100
AcDbSpline
 70
0
 71
2
 72
6
 73
3
 74
0
 40
0.0
 40
0.0
 40
0.0
 40
1.0
 40
1.0
 40
1.0
 10
-5.922046368858447
 20
-109.03596336133656
 30
0.0
 10
-5.970321796793032
 20
-109.33253400513495
 30
0.0
 10
-5.988748803826143
 20
-109.63272886636337
 30
0.0
  0
SPLINE
  5
1B8
330
17
100
AcDbEntity
  8
VISIBLE
100
AcDbSpline
 70
0
 71
2
 72
6
 73
3
 74
0
 40
0.0
 40
0.0
 40
0.0
 40
1.0
 40
1.0
 40
1.0
 10
-5.997408726264739
 20
-110.17631871338993
 30
0.0
 10
-5.993157604574763
 20
-110.3209369695103
 30
0.0
 10
-5.981932968741784
 20
-110.46527148438757
 30
0.0
  0
SPLINE
  5
1B9
330
17
100
AcDbEntity
  8
VISIBLE
100
AcDbSpline
 70
0
 71
1
 72
4
 73
2
 74
0
 40
0.0
 40
0.0
 40
1.0
 40
1.0
 10
-5.981876839516173
 20
-110.46599256866973
 30
0.0
 10
-5.981876123746663
 20
-110.46600175681125
 30
0.0
  0
SPLINE
  5
1BA
330
17
100
AcDbEntity
  8
VISIBLE
100
AcDbSpline
 70
0
 71
1
 72
4
 73
2
 74
0
 40
0.0
 40
0.0
 40
1.0
 40
1.0
 10
-5.981507997179989
 20
-110.47070338874943
 30
0.0
 10
-5.981414908051793
 20
-110.47188483669566
 30
0.0
  0
SPLINE
  5
1BB
330
17
100
AcDbEntity
  8
VISIBLE
100
AcDbSpline
 70
0
 71
1
 72
4
 73
2
 74
0
 40
0.0
 40
0.0
 40
1.0
 40
1.0
 10
-5.981135441252761
 20
-110.47541396423594
 30
0.0
 10
-5.981040885682729
 20
-110.47660206535522
 30
0.0
  0
SPLINE
  5
1BC
330
17
100
AcDbEntity
  8
VISIBLE
100
AcDbSpline
 70
0
 71
1
 72
4
 73
2
 74
0
 40
0.0
 40
0.0
 40
1.0
 40
1.0
 10
-5.9808365940315875
 20
-110.47915889055302
 30
0.0
 10
-5.980836104032741
 20
-110.47916500665927
 30
0.0
  0
SPLINE
  5
1BD
330
17
100
AcDbEntity
  8
VISIBLE
100
AcDbSpline
 70
0
 71
1
 72
4
 73
2
 74
0
 40
0.0
 40
0.0
 40
1.0
 40
1.0
 10
-5.9805376259278535
 20
-110.48287608633741
 30
0.0
 10
-5.980387106548077
 20
-110.48473669890721
 30
0.0
  0
SPLINE
  5
1BE
330
17
100
AcDbEntity
  8
VISIBLE
100
AcDbSpline
 70
0
 71
1
 72
4
 73
2
 74
0
 40
0.0
 40
0.0
 40
1.0
 40
1.0
 10
-5.980236345134562
 20
-110.48659312503153
 30
0.0
 10
-5.980160097338425
 20
-110.48752930578135
 30
0.0
  0
SPLINE
  5
1BF
330
17
100
AcDbEntity
  8
VISIBLE
100
AcDbSpline
 70
0
 71
1
 72
4
 73
2
 74
0
 40
0.0
 40
0.0
 40
1.0
 40
1.0
 10
-5.979932751714097
 20
-110.49031000518283
 30
0.0
 10
-5.979855519791995
 20
-110.49125103506071
 30
0.0
  0
SPLINE
  5
1C0
330
17
100
AcDbEntity
  8
VISIBLE
100
AcDbSpline
 70
0
 71
1
 72
4
 73
2
 74
0
 40
0.0
 40
0.0
 40
1.0
 40
1.0
 10
-5.882506942450275
 20
-111.18157185418117
 30
0.0
 10
-5.861640197182515
 20
-111.28108320639235
 30
0.0
  0
SPLINE
  5
1C1
330
17
100
AcDbEntity
  8
VISIBLE
100
AcDbSpline
 70
0
 71
1
 72
4
 73
2
 74
0
 40
0.0
 40
0.0
 40
1.0
 40
1.0
 10
-5.860632391462097
 20
-111.28568579193036
 30
0.0
 10
-5.860627440871532
 20
-111.28570835835048
 30
0.0
  0
SPLINE
  5
1C2
330
17
100
AcDbEntity
  8
VISIBLE
100
AcDbSpline
 70
0
 71
1
 72
4
 73
2
 74
0
 40
0.0
 40
0.0
 40
1.0
 40
1.0
 10
-5.859614336137298
 20
-111.2903177188858
 30
0.0
 10
-5.859611024474933
 20
-111.29033275777604
 30
0.0
  0
SPLINE
  5
1C3
330
17
100
AcDbEntity
  8
VISIBLE
100
AcDbSpline
 70
0
 71
1
 72
4
 73
2
 74
0
 40
0.0
 40
0.0
 40
1.0
 40
1.0
 10
-5.858592611314637
 20
-111.29494887895338
 30
0.0
 10
-5.858590948550066
 20
-111.29495640159085
 30
0.0
  0
SPLINE
  5
1C4
330
17
100
AcDbEntity
  8
VISIBLE
100
AcDbSpline
 70
0
 71
2
 72
6
 73
3
 74
0
 40
0.0
 40
0.0
 40
0.0
 40
1.0
 40
1.0
 40
1.0
 10
-5.857567213657016
 20
-111.2995792867179
 30
0.0
 10
-5.799702692867105
 20
-111.56038848515351
 30
0.0
 10
-5.718811473217427
 20
-111.81526729415458
 30
0.0
  0
SPLINE
  5
1C5
330
17
100
AcDbEntity
  8
VISIBLE
100
AcDbSpline
 70
0
 71
1
 72
4
 73
2
 74
0
 40
0.0
 40
0.0
 40
1.0
 40
1.0
 10
-5.70371536677934
 20
-111.8621576269538
 30
0.0
 10
-5.703714792232615
 20
-111.86215938676682
 30
0.0
  0
SPLINE
  5
1C6
330
17
100
AcDbEntity
  8
VISIBLE
100
AcDbSpline
 70
0
 71
1
 72
4
 73
2
 74
0
 40
0.0
 40
0.0
 40
1.0
 40
1.0
 10
-5.7027590447213345
 20
-111.86508425829078
 30
0.0
 10
-5.702758435904782
 20
-111.86508611983248
 30
0.0
  0
SPLINE
  5
1C7
330
17
100
AcDbEntity
  8
VISIBLE
100
AcDbSpline
 70
0
 71
1
 72
4
 73
2
 74
0
 40
0.0
 40
0.0
 40
1.0
 40
1.0
 10
-5.701801216349729
 20
-111.86801041263791
 30
0.0
 10
-5.701800573502599
 20
-111.86801237482419
 30
0.0
  0
SPLINE
  5
1C8
330
17
100
AcDbEntity
  8
VISIBLE
100
AcDbSpline
 70
0
 71
1
 72
4
 73
2
 74
0
 40
0.0
 40
0.0
 40
1.0
 40
1.0
 10
-5.7008418818984765
 20
-111.87093608920694
 30
0.0
 10
-5.700841205266009
 20
-111.87093815094079
 30
0.0
  0
SPLINE
  5
1C9
330
17
100
AcDbEntity
  8
VISIBLE
100
AcDbSpline
 70
0
 71
1
 72
4
 73
2
 74
0
 40
0.0
 40
0.0
 40
1.0
 40
1.0
 10
-5.699881041601259
 20
-111.87386128721177
 30
0.0
 10
-5.699880331435374
 20
-111.87386344738148
 30
0.0
  0
SPLINE
  5
1CA
330
17
100
AcDbEntity
  8
VISIBLE
100
AcDbSpline
 70
0
 71
1
 72
4
 73
2
 74
0
 40
0.0
 40
0.0
 40
1.0
 40
1.0
 10
-5.698918695692168
 20
-111.87678600586646
 30
0.0
 10
-5.698917952251481
 20
-111.87678826334555
 30
0.0
  0
SPLINE
  5
1CB
330
17
100
AcDbEntity
  8
VISIBLE
100
AcDbSpline
 70
0
 71
1
 72
4
 73
2
 74
0
 40
0.0
 40
0.0
 40
1.0
 40
1.0
 10
-5.69795484440611
 20
-111.87971024438406
 30
0.0
 10
-5.69795406795554
 20
-111.87971259803254
 30
0.0
  0
SPLINE
  5
1CC
330
17
100
AcDbEntity
  8
VISIBLE
100
AcDbSpline
 70
0
 71
1
 72
4
 73
2
 74
0
 40
0.0
 40
0.0
 40
1.0
 40
1.0
 10
-5.696989487978392
 20
-111.88263400197778
 30
0.0
 10
-5.696988678789179
 20
-111.88263645064225
 30
0.0
  0
SPLINE
  5
1CD
330
17
100
AcDbEntity
  8
VISIBLE
100
AcDbSpline
 70
0
 71
1
 72
4
 73
2
 74
0
 40
0.0
 40
0.0
 40
1.0
 40
1.0
 10
-5.696022626644057
 20
-111.88555727786289
 30
0.0
 10
-5.696021784994453
 20
-111.88555982037462
 30
0.0
  0
SPLINE
  5
1CE
330
17
100
AcDbEntity
  8
VISIBLE
100
AcDbSpline
 70
0
 71
1
 72
4
 73
2
 74
0
 40
0.0
 40
0.0
 40
1.0
 40
1.0
 10
-5.695054260639411
 20
-111.88848007125242
 30
0.0
 10
-5.6950533868138375
 20
-111.88848270642987
 30
0.0
  0
SPLINE
  5
1CF
330
17
100
AcDbEntity
  8
VISIBLE
100
AcDbSpline
 70
0
 71
1
 72
4
 73
2
 74
0
 40
0.0
 40
0.0
 40
1.0
 40
1.0
 10
-5.694084390200723
 20
-111.89140238136073
 30
0.0
 10
-5.694083484490227
 20
-111.89140510800834
 30
0.0
  0
SPLINE
  5
1D0
330
17
100
AcDbEntity
  8
VISIBLE
100
AcDbSpline
 70
0
 71
1
 72
4
 73
2
 74
0
 40
0.0
 40
0.0
 40
1.0
 40
1.0
 10
-5.693113015565088
 20
-111.89432420740121
 30
0.0
 10
-5.693112078266943
 20
-111.89432702431066
 30
0.0
  0
SPLINE
  5
1D1
330
17
100
AcDbEntity
  8
VISIBLE
100
AcDbSpline
 70
0
 71
1
 72
4
 73
2
 74
0
 40
0.0
 40
0.0
 40
1.0
 40
1.0
 10
-5.692140136969338
 20
-111.89724554858931
 30
0.0
 10
-5.692139168387722
 20
-111.89724845453763
 30
0.0
  0
SPLINE
  5
1D2
330
17
100
AcDbEntity
  8
VISIBLE
100
AcDbSpline
 70
0
 71
1
 72
4
 73
2
 74
0
 40
0.0
 40
0.0
 40
1.0
 40
1.0
 10
-5.691165754651134
 20
-111.90016640413947
 30
0.0
 10
-5.691164755096727
 20
-111.90016939789027
 30
0.0
  0
SPLINE
  5
1D3
330
17
100
AcDbEntity
  8
VISIBLE
100
AcDbSpline
 70
0
 71
1
 72
4
 73
2
 74
0
 40
0.0
 40
0.0
 40
1.0
 40
1.0
 10
-5.690189868848973
 20
-111.9030867732649
 30
0.0
 10
-5.690188838638537
 20
-111.90308985356984
 30
0.0
  0
SPLINE
  5
1D4
330
17
100
AcDbEntity
  8
VISIBLE
100
AcDbSpline
 70
0
 71
1
 72
4
 73
2
 74
0
 40
0.0
 40
0.0
 40
1.0
 40
1.0
 10
-5.689212479800863
 20
-111.90600665518171
 30
0.0
 10
-5.6892114192581555
 20
-111.90600982077775
 30
0.0
  0
SPLINE
  5
1D5
330
17
100
AcDbEntity
  8
VISIBLE
100
AcDbSpline
 70
0
 71
1
 72
4
 73
2
 74
0
 40
0.0
 40
0.0
 40
1.0
 40
1.0
 10
-5.68823358774609
 20
-111.90892604910357
 30
0.0
 10
-5.688232497201007
 20
-111.90892929871569
 30
0.0
  0
SPLINE
  5
1D6
330
17
100
AcDbEntity
  8
VISIBLE
100
AcDbSpline
 70
0
 71
1
 72
4
 73
2
 74
0
 40
0.0
 40
0.0
 40
1.0
 40
1.0
 10
-5.687253192923885
 20
-111.91184495424567
 30
0.0
 10
-5.687252072712932
 20
-111.91184828658545
 30
0.0
  0
SPLINE
  5
1D7
330
17
100
AcDbEntity
  8
VISIBLE
100
AcDbSpline
 70
0
 71
1
 72
4
 73
2
 74
0
 40
0.0
 40
0.0
 40
1.0
 40
1.0
 10
-5.686271295573878
 20
-111.91476336982333
 30
0.0
 10
-5.686270146040194
 20
-111.91476678358919
 30
0.0
  0
SPLINE
  5
1D8
330
17
100
AcDbEntity
  8
VISIBLE
100
AcDbSpline
 70
0
 71
1
 72
4
 73
2
 74
0
 40
0.0
 40
0.0
 40
1.0
 40
1.0
 10
-5.685287895936531
 20
-111.91768129505087
 30
0.0
 10
-5.685286717429477
 20
-111.91768478892911
 30
0.0
  0
SPLINE
  5
1D9
330
17
100
AcDbEntity
  8
VISIBLE
100
AcDbSpline
 70
0
 71
1
 72
4
 73
2
 74
0
 40
0.0
 40
0.0
 40
1.0
 40
1.0
 10
-5.684302994252036
 20
-111.92059872914467
 30
0.0
 10
-5.6843017871278825
 20
-111.92060230180778
 30
0.0
  0
SPLINE
  5
1DA
330
17
100
AcDbEntity
  8
VISIBLE
100
AcDbSpline
 70
0
 71
1
 72
4
 73
2
 74
0
 40
0.0
 40
0.0
 40
1.0
 40
1.0
 10
-5.683316590761862
 20
-111.92351567131877
 30
0.0
 10
-5.683315355382934
 20
-111.92351932142785
 30
0.0
  0
SPLINE
  5
1DB
330
17
100
AcDbEntity
  8
VISIBLE
100
AcDbSpline
 70
0
 71
1
 72
4
 73
2
 74
0
 40
0.0
 40
0.0
 40
1.0
 40
1.0
 10
-5.344375957397595
 20
-112.72720472801902
 30
0.0
 10
-5.344369306369771
 20
-112.72721776168905
 30
0.0
  0
SPLINE
  5
1DC
330
17
100
AcDbEntity
  8
VISIBLE
100
AcDbSpline
 70
0
 71
1
 72
4
 73
2
 74
0
 40
0.0
 40
0.0
 40
1.0
 40
1.0
 10
-5.342325345465158
 20
-112.73121949063108
 30
0.0
 10
-5.342318727870708
 20
-112.73123243475271
 30
0.0
  0
SPLINE
  5
1DD
330
17
100
AcDbEntity
  8
VISIBLE
100
AcDbSpline
 70
0
 71
1
 72
4
 73
2
 74
0
 40
0.0
 40
0.0
 40
1.0
 40
1.0
 10
-5.3402717070055665
 20
-112.7352327320396
 30
0.0
 10
-5.34026512465225
 20
-112.73524558339625
 30
0.0
  0
SPLINE
  5
1DE
330
17
100
AcDbEntity
  8
VISIBLE
100
AcDbSpline
 70
0
 71
1
 72
4
 73
2
 74
0
 40
0.0
 40
0.0
 40
1.0
 40
1.0
 10
-5.338215043161332
 20
-112.73924444989706
 30
0.0
 10
-5.338208497846887
 20
-112.73925720530985
 30
0.0
  0
SPLINE
  5
1DF
330
17
100
AcDbEntity
  8
VISIBLE
100
AcDbSpline
 70
0
 71
1
 72
4
 73
2
 74
0
 40
0.0
 40
0.0
 40
1.0
 40
1.0
 10
-5.33615535507506
 20
-112.74325464186046
 30
0.0
 10
-5.33614884858888
 20
-112.74326729818472
 30
0.0
  0
SPLINE
  5
1E0
330
17
100
AcDbEntity
  8
VISIBLE
100
AcDbSpline
 70
0
 71
1
 72
4
 73
2
 74
0
 40
0.0
 40
0.0
 40
1.0
 40
1.0
 10
-5.334092643893346
 20
-112.74726330558356
 30
0.0
 10
-5.3340861780142355
 20
-112.7472758597129
 30
0.0
  0
SPLINE
  5
1E1
330
17
100
AcDbEntity
  8
VISIBLE
100
AcDbSpline
 70
0
 71
1
 72
4
 73
2
 74
0
 40
0.0
 40
0.0
 40
1.0
 40
1.0
 10
-5.332026910763226
 20
-112.75127043872388
 30
0.0
 10
-5.332020487260735
 20
-112.75128288758745
 30
0.0
  0
SPLINE
  5
1E2
330
17
100
AcDbEntity
  8
VISIBLE
100
AcDbSpline
 70
0
 71
1
 72
4
 73
2
 74
0
 40
0.0
 40
0.0
 40
1.0
 40
1.0
 10
-5.329958156835031
 20
-112.7552760389371
 30
0.0
 10
-5.329951777467907
 20
-112.75528837950233
 30
0.0
  0
SPLINE
  5
1E3
330
17
100
AcDbEntity
  8
VISIBLE
100
AcDbSpline
 70
0
 71
1
 72
4
 73
2
 74
0
 40
0.0
 40
0.0
 40
1.0
 40
1.0
 10
-5.327886383260241
 20
-112.75928010388137
 30
0.0
 10
-5.327880049777047
 20
-112.75929233315244
 30
0.0
  0
SPLINE
  5
1E4
330
17
100
AcDbEntity
  8
VISIBLE
100
AcDbSpline
 70
0
 71
1
 72
4
 73
2
 74
0
 40
0.0
 40
0.0
 40
1.0
 40
1.0
 10
-5.325811591193274
 20
-112.76328263121367
 30
0.0
 10
-5.325805305331206
 20
-112.76329474623363
 30
0.0
  0
SPLINE
  5
1E5
330
17
100
AcDbEntity
  8
VISIBLE
100
AcDbSpline
 70
0
 71
1
 72
4
 73
2
 74
0
 40
0.0
 40
0.0
 40
1.0
 40
1.0
 10
-5.323733781789699
 20
-112.76728361859332
 30
0.0
 10
-5.323727545275197
 20
-112.76729561644262
 30
0.0
  0
SPLINE
  5
1E6
330
17
100
AcDbEntity
  8
VISIBLE
100
AcDbSpline
 70
0
 71
1
 72
4
 73
2
 74
0
 40
0.0
 40
0.0
 40
1.0
 40
1.0
 10
-5.32165295620767
 20
-112.77128306367933
 30
0.0
 10
-5.321646770755585
 20
-112.77129494147721
 30
0.0
  0
SPLINE
  5
1E7
330
17
100
AcDbEntity
  8
VISIBLE
100
AcDbSpline
 70
0
 71
1
 72
4
 73
2
 74
0
 40
0.0
 40
0.0
 40
1.0
 40
1.0
 10
-5.319569115607569
 20
-112.77528096413096
 30
0.0
 10
-5.319562982920699
 20
-112.77529271903597
 30
0.0
  0
SPLINE
  5
1E8
330
17
100
AcDbEntity
  8
VISIBLE
100
AcDbSpline
 70
0
 71
1
 72
4
 73
2
 74
0
 40
0.0
 40
0.0
 40
1.0
 40
1.0
 10
-5.31748226115093
 20
-112.77927731760974
 30
0.0
 10
-5.317476182920624
 20
-112.7792889468185
 30
0.0
  0
SPLINE
  5
1E9
330
17
100
AcDbEntity
  8
VISIBLE
100
AcDbSpline
 70
0
 71
1
 72
4
 73
2
 74
0
 40
0.0
 40
0.0
 40
1.0
 40
1.0
 10
-5.31539239400259
 20
-112.78327212177561
 30
0.0
 10
-5.315386371907202
 20
-112.78328362252535
 30
0.0
  0
SPLINE
  5
1EA
330
17
100
AcDbEntity
  8
VISIBLE
100
AcDbSpline
 70
0
 71
1
 72
4
 73
2
 74
0
 40
0.0
 40
0.0
 40
1.0
 40
1.0
 10
-5.3132995153285405
 20
-112.78726537429068
 30
0.0
 10
-5.313293551034028
 20
-112.78727674385792
 30
0.0
  0
SPLINE
  5
1EB
330
17
100
AcDbEntity
  8
VISIBLE
100
AcDbSpline
 70
0
 71
1
 72
4
 73
2
 74
0
 40
0.0
 40
0.0
 40
1.0
 40
1.0
 10
-5.311203626297364
 20
-112.7912570728168
 30
0.0
 10
-5.31119772145646
 20
-112.79126830851864
 30
0.0
  0
SPLINE
  5
1EC
330
17
100
AcDbEntity
  8
VISIBLE
100
AcDbSpline
 70
0
 71
1
 72
4
 73
2
 74
0
 40
0.0
 40
0.0
 40
1.0
 40
1.0
 10
-5.309104728079156
 20
-112.79524721501747
 30
0.0
 10
-5.309098884331608
 20
-112.79525831421086
 30
0.0
  0
SPLINE
  5
1ED
330
17
100
AcDbEntity
  8
VISIBLE
100
AcDbSpline
 70
0
 71
1
 72
4
 73
2
 74
0
 40
0.0
 40
0.0
 40
1.0
 40
1.0
 10
-5.307002821846604
 20
-112.79923579855574
 30
0.0
 10
-5.30699704081834
 20
-112.79924675863879
 30
0.0
  0
SPLINE
  5
1EE
330
17
100
AcDbEntity
  8
VISIBLE
100
AcDbSpline
 70
0
 71
1
 72
4
 73
2
 74
0
 40
0.0
 40
0.0
 40
1.0
 40
1.0
 10
-5.304897908774632
 20
-112.803222821095
 30
0.0
 10
-5.3048921920772765
 20
-112.80323363950771
 30
0.0
  0
SPLINE
  5
1EF
330
17
100
AcDbEntity
  8
VISIBLE
100
AcDbSpline
 70
0
 71
1
 72
4
 73
2
 74
0
 40
0.0
 40
0.0
 40
1.0
 40
1.0
 10
-5.302789990038957
 20
-112.80720828030175
 30
0.0
 10
-5.302784339270798
 20
-112.80721895452368
 30
0.0
  0
SPLINE
  5
1F0
330
17
100
AcDbEntity
  8
VISIBLE
100
AcDbSpline
 70
0
 71
1
 72
4
 73
2
 74
0
 40
0.0
 40
0.0
 40
1.0
 40
1.0
 10
-5.30067906681934
 20
-112.81119217383925
 30
0.0
 10
-5.3006734835630365
 20
-112.81120270139384
 30
0.0
  0
SPLINE
  5
1F1
330
17
100
AcDbEntity
  8
VISIBLE
100
AcDbSpline
 70
0
 71
1
 72
4
 73
2
 74
0
 40
0.0
 40
0.0
 40
1.0
 40
1.0
 10
-5.2985651402956035
 20
-112.81517449937525
 30
0.0
 10
-5.298559626119881
 20
-112.8151848778262
 30
0.0
  0
SPLINE
  5
1F2
330
17
100
AcDbEntity
  8
VISIBLE
100
AcDbSpline
 70
0
 71
1
 72
4
 73
2
 74
0
 40
0.0
 40
0.0
 40
1.0
 40
1.0
 10
-5.296448211651266
 20
-112.81915525457502
 30
0.0
 10
-5.296442768108972
 20
-112.81916548152971
 30
0.0
  0
SPLINE
  5
1F3
330
17
100
AcDbEntity
  8
VISIBLE
100
AcDbSpline
 70
0
 71
1
 72
4
 73
2
 74
0
 40
0.0
 40
0.0
 40
1.0
 40
1.0
 10
-5.29432828207136
 20
-112.82313443710561
 30
0.0
 10
-5.294322910699707
 20
-112.82314451021429
 30
0.0
  0
SPLINE
  5
1F4
330
17
100
AcDbEntity
  8
VISIBLE
100
AcDbSpline
 70
0
 71
1
 72
4
 73
2
 74
0
 40
0.0
 40
0.0
 40
1.0
 40
1.0
 10
-5.2922053527420685
 20
-112.8271120446363
 30
0.0
 10
-5.292200055063236
 20
-112.8271219615907
 30
0.0
  0
SPLINE
  5
1F5
330
17
100
AcDbEntity
  8
VISIBLE
100
AcDbSpline
 70
0
 71
1
 72
4
 73
2
 74
0
 40
0.0
 40
0.0
 40
1.0
 40
1.0
 10
-5.290079424853272
 20
-112.83108807483397
 30
0.0
 10
-5.29007420237246
 20
-112.8310978333708
 30
0.0
  0
SPLINE
  5
1F6
330
17
100
AcDbEntity
  8
VISIBLE
100
AcDbSpline
 70
0
 71
1
 72
4
 73
2
 74
0
 40
0.0
 40
0.0
 40
1.0
 40
1.0
 10
-5.28795049959564
 20
-112.83506252536861
 30
0.0
 10
-5.2879453538020424
 20
-112.83507212326728
 30
0.0
  0
SPLINE
  5
1F7
330
17
100
AcDbEntity
  8
VISIBLE
100
AcDbSpline
 70
0
 71
1
 72
4
 73
2
 74
0
 40
0.0
 40
0.0
 40
1.0
 40
1.0
 10
-5.28581857816282
 20
-112.83903539390916
 30
0.0
 10
-5.285813510528387
 20
-112.83904482899375
 30
0.0
  0
SPLINE
  5
1F8
330
17
100
AcDbEntity
  8
VISIBLE
100
AcDbSpline
 70
0
 71
1
 72
4
 73
2
 74
0
 40
0.0
 40
0.0
 40
1.0
 40
1.0
 10
-5.283683661749599
 20
-112.84300667812683
 30
0.0
 10
-5.283678673729657
 20
-112.84301594826483
 30
0.0
  0
SPLINE
  5
1F9
330
17
100
AcDbEntity
  8
VISIBLE
100
AcDbSpline
 70
0
 71
1
 72
4
 73
2
 74
0
 40
0.0
 40
0.0
 40
1.0
 40
1.0
 10
-5.281545751554129
 20
-112.84697637569118
 30
0.0
 10
-5.281540844585772
 20
-112.84698547879609
 30
0.0
  0
SPLINE
  5
1FA
330
17
100
AcDbEntity
  8
VISIBLE
100
AcDbSpline
 70
0
 71
1
 72
4
 73
2
 74
0
 40
0.0
 40
0.0
 40
1.0
 40
1.0
 10
-5.2794048487749645
 20
-112.85094448427543
 30
0.0
 10
-5.279400024278395
 20
-112.8509534183039
 30
0.0
  0
SPLINE
  5
1FB
330
17
100
AcDbEntity
  8
VISIBLE
100
AcDbSpline
 70
0
 71
1
 72
4
 73
2
 74
0
 40
0.0
 40
0.0
 40
1.0
 40
1.0
 10
-5.277260954614379
 20
-112.85491100155045
 30
0.0
 10
-5.277256213990947
 20
-112.85491976450578
 30
0.0
  0
SPLINE
  5
1FC
330
17
100
AcDbEntity
  8
VISIBLE
100
AcDbSpline
 70
0
 71
1
 72
4
 73
2
 74
0
 40
0.0
 40
0.0
 40
1.0
 40
1.0
 10
-5.275114070275809
 20
-112.85887592518947
 30
0.0
 10
-5.275109414908599
 20
-112.85888451511997
 30
0.0
  0
SPLINE
  5
1FD
330
17
100
AcDbEntity
  8
VISIBLE
100
AcDbSpline
 70
0
 71
1
 72
4
 73
2
 74
0
 40
0.0
 40
0.0
 40
1.0
 40
1.0
 10
-5.272964196964926
 20
-112.86283925286602
 30
0.0
 10
-5.272959628218272
 20
-112.86284766786585
 30
0.0
  0
SPLINE
  5
1FE
330
17
100
AcDbEntity
  8
VISIBLE
100
AcDbSpline
 70
0
 71
1
 72
4
 73
2
 74
0
 40
0.0
 40
0.0
 40
1.0
 40
1.0
 10
-5.270811335889669
 20
-112.86680098225392
 30
0.0
 10
-5.270806855108641
 20
-112.86680922046361
 30
0.0
  0
SPLINE
  5
1FF
330
17
100
AcDbEntity
  8
VISIBLE
100
AcDbSpline
 70
0
 71
1
 72
4
 73
2
 74
0
 40
0.0
 40
0.0
 40
1.0
 40
1.0
 10
-5.268655488259862
 20
-112.87076111102805
 30
0.0
 10
-5.26865109677013
 20
-112.87076917063443
 30
0.0
  0
SPLINE
  5
200
330
17
100
AcDbEntity
  8
VISIBLE
100
AcDbSpline
 70
0
 71
1
 72
4
 73
2
 74
0
 40
0.0
 40
0.0
 40
1.0
 40
1.0
 10
-5.26649665528758
 20
-112.8747196368636
 30
0.0
 10
-5.266492354394914
 20
-112.87472751610042
 30
0.0
  0
SPLINE
  5
201
330
17
100
AcDbEntity
  8
VISIBLE
100
AcDbSpline
 70
0
 71
1
 72
4
 73
2
 74
0
 40
0.0
 40
0.0
 40
1.0
 40
1.0
 10
-5.264334838186796
 20
-112.87867655743676
 30
0.0
 10
-5.264330629176918
 20
-112.87868425458458
 30
0.0
  0
SPLINE
  5
202
330
17
100
AcDbEntity
  8
VISIBLE
100
AcDbSpline
 70
0
 71
1
 72
4
 73
2
 74
0
 40
0.0
 40
0.0
 40
1.0
 40
1.0
 10
-5.262170038174106
 20
-112.88263187042335
 30
0.0
 10
-5.2621659223118185
 20
-112.88263938381098
 30
0.0
  0
SPLINE
  5
203
330
17
100
AcDbEntity
  8
VISIBLE
100
AcDbSpline
 70
0
 71
1
 72
4
 73
2
 74
0
 40
0.0
 40
0.0
 40
1.0
 40
1.0
 10
-5.260002256467256
 20
-112.88658557350156
 30
0.0
 10
-5.259998234997042
 20
-112.8865929015045
 30
0.0
  0
SPLINE
  5
204
330
17
100
AcDbEntity
  8
VISIBLE
100
AcDbSpline
 70
0
 71
1
 72
4
 73
2
 74
0
 40
0.0
 40
0.0
 40
1.0
 40
1.0
 10
-5.257831494286998
 20
-112.8905376643486
 30
0.0
 10
-5.257827568431763
 20
-112.89054480539106
 30
0.0
  0
SPLINE
  5
205
330
17
100
AcDbEntity
  8
VISIBLE
100
AcDbSpline
 70
0
 71
1
 72
4
 73
2
 74
0
 40
0.0
 40
0.0
 40
1.0
 40
1.0
 10
-5.255657752855603
 20
-112.89448814064328
 30
0.0
 10
-5.255653923816904
 20
-112.89449509319742
 30
0.0
  0
SPLINE
  5
206
330
17
100
AcDbEntity
  8
VISIBLE
100
AcDbSpline
 70
0
 71
1
 72
4
 73
2
 74
0
 40
0.0
 40
0.0
 40
1.0
 40
1.0
 10
-5.253481033397607
 20
-112.89843700006483
 30
0.0
 10
-5.2534773023551455
 20
-112.8984437626514
 30
0.0
  0
SPLINE
  5
207
330
17
100
AcDbEntity
  8
VISIBLE
100
AcDbSpline
 70
0
 71
1
 72
4
 73
2
 74
0
 40
0.0
 40
0.0
 40
1.0
 40
1.0
 10
-5.25130133713981
 20
-112.90238424029279
 30
0.0
 10
-5.251297705250905
 20
-112.90239081148165
 30
0.0
  0
SPLINE
  5
208
330
17
100
AcDbEntity
  8
VISIBLE
100
AcDbSpline
 70
0
 71
1
 72
4
 73
2
 74
0
 40
0.0
 40
0.0
 40
1.0
 40
1.0
 10
-5.249118665311286
 20
-112.90632985900703
 30
0.0
 10
-5.249115133710358
 20
-112.90633623741786
 30
0.0
  0
SPLINE
  5
209
330
17
100
AcDbEntity
  8
VISIBLE
100
AcDbSpline
 70
0
 71
1
 72
4
 73
2
 74
0
 40
0.0
 40
0.0
 40
1.0
 40
1.0
 10
-5.246933019142249
 20
-112.91027385388972
 30
0.0
 10
-5.246929588941425
 20
-112.91028003819056
 30
0.0
  0
SPLINE
  5
20A
330
17
100
AcDbEntity
  8
VISIBLE
100
AcDbSpline
 70
0
 71
1
 72
4
 73
2
 74
0
 40
0.0
 40
0.0
 40
1.0
 40
1.0
 10
-5.244744399866306
 20
-112.91421622262143
 30
0.0
 10
-5.244741072153776
 20
-112.91422221153132
 30
0.0
  0
SPLINE
  5
20B
330
17
100
AcDbEntity
  8
VISIBLE
100
AcDbSpline
 70
0
 71
1
 72
4
 73
2
 74
0
 40
0.0
 40
0.0
 40
1.0
 40
1.0
 10
-5.242552808718598
 20
-112.91815696288441
 30
0.0
 10
-5.242549584558825
 20
-112.91816275517257
 30
0.0
  0
SPLINE
  5
20C
330
17
100
AcDbEntity
  8
VISIBLE
100
AcDbSpline
 70
0
 71
1
 72
4
 73
2
 74
0
 40
0.0
 40
0.0
 40
1.0
 40
1.0
 10
-5.240358246935772
 20
-112.92209607236262
 30
0.0
 10
-5.240355127369744
 20
-112.9221016668478
 30
0.0
  0
SPLINE
  5
20D
330
17
100
AcDbEntity
  8
VISIBLE
100
AcDbSpline
 70
0
 71
1
 72
4
 73
2
 74
0
 40
0.0
 40
0.0
 40
1.0
 40
1.0
 10
-5.238160715757129
 20
-112.92603354873958
 30
0.0
 10
-5.238157701801443
 20
-112.92603894429126
 30
0.0
  0
SPLINE
  5
20E
330
17
100
AcDbEntity
  8
VISIBLE
100
AcDbSpline
 70
0
 71
1
 72
4
 73
2
 74
0
 40
0.0
 40
0.0
 40
1.0
 40
1.0
 10
-5.235960216424626
 20
-112.92996938969858
 30
0.0
 10
-5.235957309070585
 20
-112.92997458523834
 30
0.0
  0
SPLINE
  5
20F
330
17
100
AcDbEntity
  8
VISIBLE
100
AcDbSpline
 70
0
 71
1
 72
4
 73
2
 74
0
 40
0.0
 40
0.0
 40
1.0
 40
1.0
 10
-5.2337567501813655
 20
-112.93390359292528
 30
0.0
 10
-5.233753950395576
 20
-112.93390858742526
 30
0.0
  0
SPLINE
  5
210
330
17
100
AcDbEntity
  8
VISIBLE
100
AcDbSpline
 70
0
 71
1
 72
4
 73
2
 74
0
 40
0.0
 40
0.0
 40
1.0
 40
1.0
 10
-5.231550318273484
 20
-112.93783615610428
 30
0.0
 10
-5.231547626996576
 20
-112.93784094858918
 30
0.0
  0
SPLINE
  5
211
330
17
100
AcDbEntity
  8
VISIBLE
100
AcDbSpline
 70
0
 71
1
 72
4
 73
2
 74
0
 40
0.0
 40
0.0
 40
1.0
 40
1.0
 10
-5.229340921947875
 20
-112.94176707692324
 30
0.0
 10
-5.22933834009549
 20
-112.94177166646827
 30
0.0
  0
SPLINE
  5
212
330
17
100
AcDbEntity
  8
VISIBLE
100
AcDbSpline
 70
0
 71
1
 72
4
 73
2
 74
0
 40
0.0
 40
0.0
 40
1.0
 40
1.0
 10
-5.227128562455238
 20
-112.94569635306752
 30
0.0
 10
-5.227126090915961
 20
-112.9457007388016
 30
0.0
  0
SPLINE
  5
213
330
17
100
AcDbEntity
  8
VISIBLE
100
AcDbSpline
 70
0
 71
1
 72
4
 73
2
 74
0
 40
0.0
 40
0.0
 40
1.0
 40
1.0
 10
-5.2249132410474175
 20
-112.94962398222481
 30
0.0
 10
-5.224910880683394
 20
-112.94962816332918
 30
0.0
  0
SPLINE
  5
214
330
17
100
AcDbEntity
  8
VISIBLE
100
AcDbSpline
 70
0
 71
1
 72
4
 73
2
 74
0
 40
0.0
 40
0.0
 40
1.0
 40
1.0
 10
-5.222694958978154
 20
-112.95354996208384
 30
0.0
 10
-5.222692710624932
 20
-112.953553937792
 30
0.0
  0
SPLINE
  5
215
330
17
100
AcDbEntity
  8
VISIBLE
100
AcDbSpline
 70
0
 71
1
 72
4
 73
2
 74
0
 40
0.0
 40
0.0
 40
1.0
 40
1.0
 10
-5.220473717503475
 20
-112.95747429033369
 30
0.0
 10
-5.220471581969461
 20
-112.9574780599319
 30
0.0
  0
SPLINE
  5
216
330
17
100
AcDbEntity
  8
VISIBLE
100
AcDbSpline
 70
0
 71
1
 72
4
 73
2
 74
0
 40
0.0
 40
0.0
 40
1.0
 40
1.0
 10
-5.218249517882461
 20
-112.96139696466244
 30
0.0
 10
-5.218247495947622
 20
-112.96140052749183
 30
0.0
  0
SPLINE
  5
217
330
17
100
AcDbEntity
  8
VISIBLE
100
AcDbSpline
 70
0
 71
1
 72
4
 73
2
 74
0
 40
0.0
 40
0.0
 40
1.0
 40
1.0
 10
-5.216022361374947
 20
-112.96531798276128
 30
0.0
 10
-5.216020453791796
 20
-112.96532133821556
 30
0.0
  0
SPLINE
  5
218
330
17
100
AcDbEntity
  8
VISIBLE
100
AcDbSpline
 70
0
 71
1
 72
4
 73
2
 74
0
 40
0.0
 40
0.0
 40
1.0
 40
1.0
 10
-5.213792249244209
 20
-112.96923734231962
 30
0.0
 10
-5.213790456736115
 20
-112.96924048984783
 30
0.0
  0
SPLINE
  5
219
330
17
100
AcDbEntity
  8
VISIBLE
100
AcDbSpline
 70
0
 71
1
 72
4
 73
2
 74
0
 40
0.0
 40
0.0
 40
1.0
 40
1.0
 10
-5.2115591827538985
 20
-112.97315504103071
 30
0.0
 10
-5.211557506016451
 20
-112.97315798013435
 30
0.0
  0
SPLINE
  5
21A
330
17
100
AcDbEntity
  8
VISIBLE
100
AcDbSpline
 70
0
 71
1
 72
4
 73
2
 74
0
 40
0.0
 40
0.0
 40
1.0
 40
1.0
 10
-5.20932316317187
 20
-112.97707107658468
 30
0.0
 10
-5.209321602870428
 20
-112.97707380682178
 30
0.0
  0
SPLINE
  5
21B
330
17
100
AcDbEntity
  8
VISIBLE
100
AcDbSpline
 70
0
 71
1
 72
4
 73
2
 74
0
 40
0.0
 40
0.0
 40
1.0
 40
1.0
 10
-5.207084191766363
 20
-112.98098544667565
 30
0.0
 10
-5.207082748537408
 20
-112.98098796765757
 30
0.0
  0
SPLINE
  5
21C
330
17
100
AcDbEntity
  8
VISIBLE
100
AcDbSpline
 70
0
 71
1
 72
4
 73
2
 74
0
 40
0.0
 40
0.0
 40
1.0
 40
1.0
 10
-5.204842269809052
 20
-112.98489814899568
 30
0.0
 10
-5.204840944258504
 20
-112.9849004603904
 30
0.0
  0
SPLINE
  5
21D
330
17
100
AcDbEntity
  8
VISIBLE
100
AcDbSpline
 70
0
 71
1
 72
4
 73
2
 74
0
 40
0.0
 40
0.0
 40
1.0
 40
1.0
 10
-5.202597398572757
 20
-112.98880918123945
 30
0.0
 10
-5.202596191276581
 20
-112.9888112827698
 30
0.0
  0
SPLINE
  5
21E
330
17
100
AcDbEntity
  8
VISIBLE
100
AcDbSpline
 70
0
 71
1
 72
4
 73
2
 74
0
 40
0.0
 40
0.0
 40
1.0
 40
1.0
 10
-5.20034957933299
 20
-112.99271854110142
 30
0.0
 10
-5.200348490836237
 20
-112.99272043254612
 30
0.0
  0
SPLINE
  5
21F
330
17
100
AcDbEntity
  8
VISIBLE
100
AcDbSpline
 70
0
 71
1
 72
4
 73
2
 74
0
 40
0.0
 40
0.0
 40
1.0
 40
1.0
 10
-5.198098813366778
 20
-112.99662622627773
 30
0.0
 10
-5.177287083955859
 20
-113.03244100746991
 30
0.0
  0
SPLINE
  5
220
330
17
100
AcDbEntity
  8
VISIBLE
100
AcDbSpline
 70
0
 71
1
 72
4
 73
2
 74
0
 40
0.0
 40
0.0
 40
1.0
 40
1.0
 10
-5.174583288272203
 20
-113.03705248656925
 30
0.0
 10
-5.174568680525741
 20
-113.03707737536675
 30
0.0
  0
SPLINE
  5
221
330
17
100
AcDbEntity
  8
VISIBLE
100
AcDbSpline
 70
0
 71
1
 72
4
 73
2
 74
0
 40
0.0
 40
0.0
 40
1.0
 40
1.0
 10
-5.169163338827638
 20
-113.04626827279975
 30
0.0
 10
-5.1655443589104655
 20
-113.05240093850637
 30
0.0
  0
SPLINE
  5
222
330
17
100
AcDbEntity
  8
VISIBLE
100
AcDbSpline
 70
0
 71
1
 72
4
 73
2
 74
0
 40
0.0
 40
0.0
 40
1.0
 40
1.0
 10
-5.1637340306733615
 20
-113.05546246478139
 30
0.0
 10
-5.160107914970408
 20
-113.0615823227514
 30
0.0
  0
SPLINE
  5
223
330
17
100
AcDbEntity
  8
VISIBLE
100
AcDbSpline
 70
0
 71
1
 72
4
 73
2
 74
0
 40
0.0
 40
0.0
 40
1.0
 40
1.0
 10
-5.158292129172892
 20
-113.06464065155825
 30
0.0
 10
-5.154655104020481
 20
-113.0707541047031
 30
0.0
  0
SPLINE
  5
224
330
17
100
AcDbEntity
  8
VISIBLE
100
AcDbSpline
 70
0
 71
1
 72
4
 73
2
 74
0
 40
0.0
 40
0.0
 40
1.0
 40
1.0
 10
-5.152833866478792
 20
-113.07380922592185
 30
0.0
 10
-5.152804778403446
 20
-113.07385798770125
 30
0.0
  0
SPLINE
  5
225
330
17
100
AcDbEntity
  8
VISIBLE
100
AcDbSpline
 70
0
 71
1
 72
4
 73
2
 74
0
 40
0.0
 40
0.0
 40
1.0
 40
1.0
 10
-5.150558162042282
 20
-113.07762093706015
 30
0.0
 10
-5.150554254985254
 20
-113.07762747571314
 30
0.0
  0
SPLINE
  5
226
330
17
100
AcDbEntity
  8
VISIBLE
100
AcDbSpline
 70
0
 71
1
 72
4
 73
2
 74
0
 40
0.0
 40
0.0
 40
1.0
 40
1.0
 10
-5.148308789766466
 20
-113.08138225767914
 30
0.0
 10
-5.14830096557294
 20
-113.08139533013974
 30
0.0
  0
SPLINE
  5
227
330
17
100
AcDbEntity
  8
VISIBLE
100
AcDbSpline
 70
0
 71
2
 72
6
 73
3
 74
0
 40
0.0
 40
0.0
 40
0.0
 40
1.0
 40
1.0
 40
1.0
 10
-5.146056662838276
 20
-113.08514194738169
 30
0.0
 10
-5.07109561999296
 20
-113.21017768538331
 30
0.0
 10
-4.990131560430903
 20
-113.33145418834705
 30
0.0
  0
SPLINE
  5
228
330
17
100
AcDbEntity
  8
VISIBLE
100
AcDbSpline
 70
0
 71
1
 72
4
 73
2
 74
0
 40
0.0
 40
0.0
 40
1.0
 40
1.0
 10
-4.721658968062975
 20
-113.70215296512897
 30
0.0
 10
-4.720935958029315
 20
-113.7030748936689
 30
0.0
  0
SPLINE
  5
229
330
17
100
AcDbEntity
  8
VISIBLE
100
AcDbSpline
 70
0
 71
1
 72
4
 73
2
 74
0
 40
0.0
 40
0.0
 40
1.0
 40
1.0
 10
-4.719519828146973
 20
-113.70487956345784
 30
0.0
 10
-4.718800089496565
 20
-113.70579623069068
 30
0.0
  0
SPLINE
  5
22A
330
17
100
AcDbEntity
  8
VISIBLE
100
AcDbSpline
 70
0
 71
1
 72
4
 73
2
 74
0
 40
0.0
 40
0.0
 40
1.0
 40
1.0
 10
-4.71737910930417
 20
-113.70760493138101
 30
0.0
 10
-4.716662647453708
 20
-113.7085163419149
 30
0.0
  0
SPLINE
  5
22B
330
17
100
AcDbEntity
  8
VISIBLE
100
AcDbSpline
 70
0
 71
1
 72
4
 73
2
 74
0
 40
0.0
 40
0.0
 40
1.0
 40
1.0
 10
-4.715236812251757
 20
-113.7103290679656
 30
0.0
 10
-4.7143162713514775
 20
-113.71149863019238
 30
0.0
  0
SPLINE
  5
22C
330
17
100
AcDbEntity
  8
VISIBLE
100
AcDbSpline
 70
0
 71
1
 72
4
 73
2
 74
0
 40
0.0
 40
0.0
 40
1.0
 40
1.0
 10
-4.712519149772292
 20
-113.71378018350163
 30
0.0
 10
-4.7116033568323195
 20
-113.71494196405177
 30
0.0
  0
SPLINE
  5
22D
330
17
100
AcDbEntity
  8
VISIBLE
100
AcDbSpline
 70
0
 71
1
 72
4
 73
2
 74
0
 40
0.0
 40
0.0
 40
1.0
 40
1.0
 10
-4.709798954363121
 20
-113.71722931737607
 30
0.0
 10
-4.707417712455301
 20
-113.72024440985653
 30
0.0
  0
SPLINE
  5
22E
330
17
100
AcDbEntity
  8
VISIBLE
100
AcDbSpline
 70
0
 71
2
 72
6
 73
3
 74
0
 40
0.0
 40
0.0
 40
0.0
 40
1.0
 40
1.0
 40
1.0
 10
-2.2524369715527968
 20
-115.56116242864647
 30
0.0
 10
-2.1401107106017467
 20
-115.60665744819812
 30
0.0
 10
-2.026056212981565
 20
-115.6475743698005
 30
0.0
  0
SPLINE
  5
22F
330
17
100
AcDbEntity
  8
VISIBLE
100
AcDbSpline
 70
0
 71
1
 72
4
 73
2
 74
0
 40
0.0
 40
0.0
 40
1.0
 40
1.0
 10
-1.0433064507711596
 20
-115.90859639099159
 30
0.0
 10
-0.8477744858113436
 20
-115.93980455391318
 30
0.0
  0
SPLINE
  5
230
330
17
100
AcDbEntity
  8
VISIBLE
100
AcDbSpline
 70
0
 71
2
 72
6
 73
3
 74
0
 40
0.0
 40
0.0
 40
0.0
 40
1.0
 40
1.0
 40
1.0
 10
0.45660755350333493
 20
-115.98260057801231
 30
0.0
 10
0.6265364011301948
 20
-115.96962781689564
 30
0.0
 10
0.7952941576787894
 20
-115.94705870003263
 30
0.0
  0
SPLINE
  5
231
330
17
100
AcDbEntity
  8
VISIBLE
100
AcDbSpline
 70
0
 71
2
 72
6
 73
3
 74
0
 40
0.0
 40
0.0
 40
0.0
 40
1.0
 40
1.0
 40
1.0
 10
1.1508473652398874
 20
-115.8885949281302
 30
0.0
 10
1.262630757405411
 20
-115.86674736775795
 30
0.0
 10
1.373426315058311
 20
-115.84069346291565
 30
0.0
  0
SPLINE
  5
232
330
17
100
AcDbEntity
  8
VISIBLE
100
AcDbSpline
 70
0
 71
1
 72
4
 73
2
 74
0
 40
0.0
 40
0.0
 40
1.0
 40
1.0
 10
1.3924327446003142
 20
-115.83619148358133
 30
0.0
 10
1.392453644354159
 20
-115.83618649715714
 30
0.0
  0
SPLINE
  5
233
330
17
100
AcDbEntity
  8
VISIBLE
100
AcDbSpline
 70
0
 71
1
 72
4
 73
2
 74
0
 40
0.0
 40
0.0
 40
1.0
 40
1.0
 10
1.3957029629186493
 20
-115.83541028741024
 30
0.0
 10
1.3957168933226307
 20
-115.83540695554441
 30
0.0
  0
SPLINE
  5
234
330
17
100
AcDbEntity
  8
VISIBLE
100
AcDbSpline
 70
0
 71
1
 72
4
 73
2
 74
0
 40
0.0
 40
0.0
 40
1.0
 40
1.0
 10
1.398972708098452
 20
-115.83462726718398
 30
0.0
 10
1.3989796711930889
 20
-115.83462559763382
 30
0.0
  0
SPLINE
  5
235
330
17
100
AcDbEntity
  8
VISIBLE
100
AcDbSpline
 70
0
 71
1
 72
4
 73
2
 74
0
 40
0.0
 40
0.0
 40
1.0
 40
1.0
 10
1.4022419791121916
 20
-115.83384242321037
 30
0.0
 10
1.5462836264993822
 20
-115.79732757518829
 30
0.0
  0
SPLINE
  5
236
330
17
100
AcDbEntity
  8
VISIBLE
100
AcDbSpline
 70
0
 71
1
 72
4
 73
2
 74
0
 40
0.0
 40
0.0
 40
1.0
 40
1.0
 10
2.4647806220103723
 20
-115.47036162535116
 30
0.0
 10
2.464803262114807
 20
-115.47035142434342
 30
0.0
  0
SPLINE
  5
237
330
17
100
AcDbEntity
  8
VISIBLE
100
AcDbSpline
 70
0
 71
1
 72
4
 73
2
 74
0
 40
0.0
 40
0.0
 40
1.0
 40
1.0
 10
2.47288448428882
 20
-115.46670304227919
 30
0.0
 10
2.4729073255138387
 20
-115.46669270990392
 30
0.0
  0
SPLINE
  5
238
330
17
100
AcDbEntity
  8
VISIBLE
100
AcDbSpline
 70
0
 71
1
 72
4
 73
2
 74
0
 40
0.0
 40
0.0
 40
1.0
 40
1.0
 10
2.4809826956339194
 20
-115.46303255415354
 30
0.0
 10
2.4810057270103227
 20
-115.46302209462083
 30
0.0
  0
SPLINE
  5
239
330
17
100
AcDbEntity
  8
VISIBLE
100
AcDbSpline
 70
0
 71
1
 72
4
 73
2
 74
0
 40
0.0
 40
0.0
 40
1.0
 40
1.0
 10
2.4890752392222404
 20
-115.45935016977938
 30
0.0
 10
2.489098449861277
 20
-115.45933958731962
 30
0.0
  0
SPLINE
  5
23A
330
17
100
AcDbEntity
  8
VISIBLE
100
AcDbSpline
 70
0
 71
1
 72
4
 73
2
 74
0
 40
0.0
 40
0.0
 40
1.0
 40
1.0
 10
2.497162098250227
 20
-115.45565589798062
 30
0.0
 10
2.4971854773435602
 20
-115.45564519684436
 30
0.0
  0
SPLINE
  5
23B
330
17
100
AcDbEntity
  8
VISIBLE
100
AcDbSpline
 70
0
 71
1
 72
4
 73
2
 74
0
 40
0.0
 40
0.0
 40
1.0
 40
1.0
 10
2.5052432559320765
 20
-115.45194974760115
 30
0.0
 10
2.5052667927538392
 20
-115.45193893205764
 30
0.0
  0
SPLINE
  5
23C
330
17
100
AcDbEntity
  8
VISIBLE
100
AcDbSpline
 70
0
 71
1
 72
4
 73
2
 74
0
 40
0.0
 40
0.0
 40
1.0
 40
1.0
 10
2.513318695501803
 20
-115.44823172750367
 30
0.0
 10
2.51334237940856
 20
-115.44822080184034
 30
0.0
  0
SPLINE
  5
23D
330
17
100
AcDbEntity
  8
VISIBLE
100
AcDbSpline
 70
0
 71
1
 72
4
 73
2
 74
0
 40
0.0
 40
0.0
 40
1.0
 40
1.0
 10
2.521388400211121
 20
-115.44450184657057
 30
0.0
 10
2.5214122206439074
 20
-115.44449081509177
 30
0.0
  0
SPLINE
  5
23E
330
17
100
AcDbEntity
  8
VISIBLE
100
AcDbSpline
 70
0
 71
1
 72
4
 73
2
 74
0
 40
0.0
 40
0.0
 40
1.0
 40
1.0
 10
2.5294523533315107
 20
-115.44076011370313
 30
0.0
 10
2.5294762998157845
 20
-115.44074898072958
 30
0.0
  0
SPLINE
  5
23F
330
17
100
AcDbEntity
  8
VISIBLE
100
AcDbSpline
 70
0
 71
1
 72
4
 73
2
 74
0
 40
0.0
 40
0.0
 40
1.0
 40
1.0
 10
2.5375105381520986
 20
-115.43700653782221
 30
0.0
 10
2.537534600299772
 20
-115.43699530768964
 30
0.0
  0
SPLINE
  5
240
330
17
100
AcDbEntity
  8
VISIBLE
100
AcDbSpline
 70
0
 71
1
 72
4
 73
2
 74
0
 40
0.0
 40
0.0
 40
1.0
 40
1.0
 10
2.5455629379824147
 20
-115.43324112786709
 30
0.0
 10
2.5455871054911006
 20
-115.43322980492613
 30
0.0
  0
SPLINE
  5
241
330
17
100
AcDbEntity
  8
VISIBLE
100
AcDbSpline
 70
0
 71
1
 72
4
 73
2
 74
0
 40
0.0
 40
0.0
 40
1.0
 40
1.0
 10
2.5536095361481985
 20
-115.42946389279726
 30
0.0
 10
2.5536337988046176
 20
-115.42945248141135
 30
0.0
  0
SPLINE
  5
242
330
17
100
AcDbEntity
  8
VISIBLE
100
AcDbSpline
 70
0
 71
1
 72
4
 73
2
 74
0
 40
0.0
 40
0.0
 40
1.0
 40
1.0
 10
2.5616503159962343
 20
-115.42567484159017
 30
0.0
 10
2.5616746636747565
 20
-115.42566334613574
 30
0.0
  0
SPLINE
  5
243
330
17
100
AcDbEntity
  8
VISIBLE
100
AcDbSpline
 70
0
 71
1
 72
4
 73
2
 74
0
 40
0.0
 40
0.0
 40
1.0
 40
1.0
 10
2.569685260889461
 20
-115.4218739832435
 30
0.0
 10
2.5697096835555078
 20
-115.42186240810787
 30
0.0
  0
SPLINE
  5
244
330
17
100
AcDbEntity
  8
VISIBLE
100
AcDbSpline
 70
0
 71
1
 72
4
 73
2
 74
0
 40
0.0
 40
0.0
 40
1.0
 40
1.0
 10
2.577714354211812
 20
-115.41806132677274
 30
0.0
 10
2.5777388419203815
 20
-115.41804967635429
 30
0.0
  0
SPLINE
  5
245
330
17
100
AcDbEntity
  8
VISIBLE
100
AcDbSpline
 70
0
 71
1
 72
4
 73
2
 74
0
 40
0.0
 40
0.0
 40
1.0
 40
1.0
 10
2.5857375793640207
 20
-115.41423688121324
 30
0.0
 10
2.5857621222623832
 20
-115.41422515991962
 30
0.0
  0
SPLINE
  5
246
330
17
100
AcDbEntity
  8
VISIBLE
100
AcDbSpline
 70
0
 71
1
 72
4
 73
2
 74
0
 40
0.0
 40
0.0
 40
1.0
 40
1.0
 10
2.5937549197670626
 20
-115.41040065561839
 30
0.0
 10
2.593779508093976
 20
-115.4103888678664
 30
0.0
  0
SPLINE
  5
247
330
17
100
AcDbEntity
  8
VISIBLE
100
AcDbSpline
 70
0
 71
1
 72
4
 73
2
 74
0
 40
0.0
 40
0.0
 40
1.0
 40
1.0
 10
2.6017663588586664
 20
-115.4065526590613
 30
0.0
 10
2.601790982947058
 20
-115.40654080927507
 30
0.0
  0
SPLINE
  5
248
330
17
100
AcDbEntity
  8
VISIBLE
100
AcDbSpline
 70
0
 71
1
 72
4
 73
2
 74
0
 40
0.0
 40
0.0
 40
1.0
 40
1.0
 10
2.6097718800960594
 20
-115.40269290063347
 30
0.0
 10
2.6097965303729227
 20
-115.40268099324399
 30
0.0
  0
SPLINE
  5
249
330
17
100
AcDbEntity
  8
VISIBLE
100
AcDbSpline
 70
0
 71
1
 72
4
 73
2
 74
0
 40
0.0
 40
0.0
 40
1.0
 40
1.0
 10
2.617771466954557
 20
-115.3988213894454
 30
0.0
 10
2.6177961339422344
 20
-115.39880942888922
 30
0.0
  0
SPLINE
  5
24A
330
17
100
AcDbEntity
  8
VISIBLE
100
AcDbSpline
 70
0
 71
1
 72
4
 73
2
 74
0
 40
0.0
 40
0.0
 40
1.0
 40
1.0
 10
2.625765102928919
 20
-115.39493813462582
 30
0.0
 10
2.625789777244994
 20
-115.39492612534474
 30
0.0
  0
SPLINE
  5
24B
330
17
100
AcDbEntity
  8
VISIBLE
100
AcDbSpline
 70
0
 71
1
 72
4
 73
2
 74
0
 40
0.0
 40
0.0
 40
1.0
 40
1.0
 10
2.6337527715312508
 20
-115.3910431453228
 30
0.0
 10
2.6337774438905113
 20
-115.3910310917622
 30
0.0
  0
SPLINE
  5
24C
330
17
100
AcDbEntity
  8
VISIBLE
100
AcDbSpline
 70
0
 71
1
 72
4
 73
2
 74
0
 40
0.0
 40
0.0
 40
1.0
 40
1.0
 10
2.6417344562930523
 20
-115.38713643070238
 30
0.0
 10
2.6417591175073727
 20
-115.38712433731087
 30
0.0
  0
SPLINE
  5
24D
330
17
100
AcDbEntity
  8
VISIBLE
100
AcDbSpline
 70
0
 71
1
 72
4
 73
2
 74
0
 40
0.0
 40
0.0
 40
1.0
 40
1.0
 10
2.649710140762436
 20
-115.38321799995042
 30
0.0
 10
2.649734781743412
 20
-115.38320587117776
 30
0.0
  0
SPLINE
  5
24E
330
17
100
AcDbEntity
  8
VISIBLE
100
AcDbSpline
 70
0
 71
1
 72
4
 73
2
 74
0
 40
0.0
 40
0.0
 40
1.0
 40
1.0
 10
2.6576798085082327
 20
-115.37928786226998
 30
0.0
 10
2.657704420265679
 20
-115.37927570256745
 30
0.0
  0
SPLINE
  5
24F
330
17
100
AcDbEntity
  8
VISIBLE
100
AcDbSpline
 70
0
 71
1
 72
4
 73
2
 74
0
 40
0.0
 40
0.0
 40
1.0
 40
1.0
 10
2.6656434431165206
 20
-115.37534602688336
 30
0.0
 10
2.665668016760409
 20
-115.37533384070204
 30
0.0
  0
SPLINE
  5
250
330
17
100
AcDbEntity
  8
VISIBLE
100
AcDbSpline
 70
0
 71
1
 72
4
 73
2
 74
0
 40
0.0
 40
0.0
 40
1.0
 40
1.0
 10
2.673601028191301
 20
-115.37139250303152
 30
0.0
 10
2.6736255549329955
 20
-115.37138029482121
 30
0.0
  0
SPLINE
  5
251
330
17
100
AcDbEntity
  8
VISIBLE
100
AcDbSpline
 70
0
 71
1
 72
4
 73
2
 74
0
 40
0.0
 40
0.0
 40
1.0
 40
1.0
 10
2.6815525473565214
 20
-115.36742729997303
 30
0.0
 10
2.681577018507959
 20
-115.36741507418202
 30
0.0
  0
SPLINE
  5
252
330
17
100
AcDbEntity
  8
VISIBLE
100
AcDbSpline
 70
0
 71
1
 72
4
 73
2
 74
0
 40
0.0
 40
0.0
 40
1.0
 40
1.0
 10
2.6894979842519415
 20
-115.36345042698633
 30
0.0
 10
2.6895223912289143
 20
-115.36343818805904
 30
0.0
  0
SPLINE
  5
253
330
17
100
AcDbEntity
  8
VISIBLE
100
AcDbSpline
 70
0
 71
1
 72
4
 73
2
 74
0
 40
0.0
 40
0.0
 40
1.0
 40
1.0
 10
2.6974373225379056
 20
-115.3594618933669
 30
0.0
 10
2.697461656858546
 20
-115.35944964574415
 30
0.0
  0
SPLINE
  5
254
330
17
100
AcDbEntity
  8
VISIBLE
100
AcDbSpline
 70
0
 71
1
 72
4
 73
2
 74
0
 40
0.0
 40
0.0
 40
1.0
 40
1.0
 10
2.70537054589258
 20
-115.35546170842886
 30
0.0
 10
2.823646166311503
 20
-115.29405537553808
 30
0.0
  0
SPLINE
  5
255
330
17
100
AcDbEntity
  8
VISIBLE
100
AcDbSpline
 70
0
 71
1
 72
4
 73
2
 74
0
 40
0.0
 40
0.0
 40
1.0
 40
1.0
 10
2.8314572405716705
 20
-115.28988184108718
 30
0.0
 10
2.831479145413417
 20
-115.28987011626518
 30
0.0
  0
SPLINE
  5
256
330
17
100
AcDbEntity
  8
VISIBLE
100
AcDbSpline
 70
0
 71
1
 72
4
 73
2
 74
0
 40
0.0
 40
0.0
 40
1.0
 40
1.0
 10
2.839284030430452
 20
-115.28568502641038
 30
0.0
 10
2.8393057283795393
 20
-115.28567337097972
 30
0.0
  0
SPLINE
  5
257
330
17
100
AcDbEntity
  8
VISIBLE
100
AcDbSpline
 70
0
 71
1
 72
4
 73
2
 74
0
 40
0.0
 40
0.0
 40
1.0
 40
1.0
 10
2.8471044146652362
 20
-115.28147673116501
 30
0.0
 10
2.8471258993293196
 20
-115.28146514929603
 30
0.0
  0
SPLINE
  5
258
330
17
100
AcDbEntity
  8
VISIBLE
100
AcDbSpline
 70
0
 71
1
 72
4
 73
2
 74
0
 40
0.0
 40
0.0
 40
1.0
 40
1.0
 10
2.8549183772985556
 20
-115.27725696500625
 30
0.0
 10
2.854939642400706
 20
-115.27724546084497
 30
0.0
  0
SPLINE
  5
259
330
17
100
AcDbEntity
  8
VISIBLE
100
AcDbSpline
 70
0
 71
1
 72
4
 73
2
 74
0
 40
0.0
 40
0.0
 40
1.0
 40
1.0
 10
2.8627259023696396
 20
-115.27302573760738
 30
0.0
 10
2.862746941750107
 20
-115.27301431527394
 30
0.0
  0
SPLINE
  5
25A
330
17
100
AcDbEntity
  8
VISIBLE
100
AcDbSpline
 70
0
 71
1
 72
4
 73
2
 74
0
 40
0.0
 40
0.0
 40
1.0
 40
1.0
 10
2.8705269739364025
 20
-115.26878305865895
 30
0.0
 10
2.870547781552374
 20
-115.26877172224684
 30
0.0
  0
SPLINE
  5
25B
330
17
100
AcDbEntity
  8
VISIBLE
100
AcDbSpline
 70
0
 71
1
 72
4
 73
2
 74
0
 40
0.0
 40
0.0
 40
1.0
 40
1.0
 10
2.8783215760747582
 20
-115.2645289378689
 30
0.0
 10
2.8783421460007705
 20
-115.26451769144401
 30
0.0
  0
SPLINE
  5
25C
330
17
100
AcDbEntity
  8
VISIBLE
100
AcDbSpline
 70
0
 71
1
 72
4
 73
2
 74
0
 40
0.0
 40
0.0
 40
1.0
 40
1.0
 10
2.8861096928779184
 20
-115.26026338496294
 30
0.0
 10
2.8861300193069446
 20
-115.26025223256218
 30
0.0
  0
SPLINE
  5
25D
330
17
100
AcDbEntity
  8
VISIBLE
100
AcDbSpline
 70
0
 71
1
 72
4
 73
2
 74
0
 40
0.0
 40
0.0
 40
1.0
 40
1.0
 10
2.893891308457045
 20
-115.25598640968423
 30
0.0
 10
2.893911385700899
 20
-115.25597535531449
 30
0.0
  0
SPLINE
  5
25E
330
17
100
AcDbEntity
  8
VISIBLE
100
AcDbSpline
 70
0
 71
1
 72
4
 73
2
 74
0
 40
0.0
 40
0.0
 40
1.0
 40
1.0
 10
3.7552416663859596
 20
-114.67954697608147
 30
0.0
 10
3.7552552484357946
 20
-114.67953607672914
 30
0.0
  0
SPLINE
  5
25F
330
17
100
AcDbEntity
  8
VISIBLE
100
AcDbSpline
 70
0
 71
1
 72
4
 73
2
 74
0
 40
0.0
 40
0.0
 40
1.0
 40
1.0
 10
3.7621494388418792
 20
-114.67399523684088
 30
0.0
 10
3.7621630437812286
 20
-114.67398428604508
 30
0.0
  0
SPLINE
  5
260
330
17
100
AcDbEntity
  8
VISIBLE
100
AcDbSpline
 70
0
 71
1
 72
4
 73
2
 74
0
 40
0.0
 40
0.0
 40
1.0
 40
1.0
 10
3.7690489517688324
 20
-114.6684333425027
 30
0.0
 10
3.769062570059212
 20
-114.66842234777438
 30
0.0
  0
SPLINE
  5
261
330
17
100
AcDbEntity
  8
VISIBLE
100
AcDbSpline
 70
0
 71
1
 72
4
 73
2
 74
0
 40
0.0
 40
0.0
 40
1.0
 40
1.0
 10
3.7759401914283215
 20
-114.66286130451721
 30
0.0
 10
3.775953813409852
 20
-114.66285027353484
 30
0.0
  0
SPLINE
  5
262
330
17
100
AcDbEntity
  8
VISIBLE
100
AcDbSpline
 70
0
 71
1
 72
4
 73
2
 74
0
 40
0.0
 40
0.0
 40
1.0
 40
1.0
 10
3.7828231440963966
 20
-114.65727913434863
 30
0.0
 10
3.7828367599892543
 20
-114.65726807495825
 30
0.0
  0
SPLINE
  5
263
330
17
100
AcDbEntity
  8
VISIBLE
100
AcDbSpline
 70
0
 71
1
 72
4
 73
2
 74
0
 40
0.0
 40
0.0
 40
1.0
 40
1.0
 10
3.7896977960654232
 20
-114.6516868434736
 30
0.0
 10
3.7897113959695434
 20
-114.65167576369079
 30
0.0
  0
SPLINE
  5
264
330
17
100
AcDbEntity
  8
VISIBLE
100
AcDbSpline
 70
0
 71
1
 72
4
 73
2
 74
0
 40
0.0
 40
0.0
 40
1.0
 40
1.0
 10
3.7965641336440843
 20
-114.64608444338124
 30
0.0
 10
3.796577707538834
 20
-114.64607335139276
 30
0.0
  0
SPLINE
  5
265
330
17
100
AcDbEntity
  8
VISIBLE
100
AcDbSpline
 70
0
 71
1
 72
4
 73
2
 74
0
 40
0.0
 40
0.0
 40
1.0
 40
1.0
 10
3.8034221431555695
 20
-114.64047194557423
 30
0.0
 10
3.8034356809011847
 20
-114.6404608497387
 30
0.0
  0
SPLINE
  5
266
330
17
100
AcDbEntity
  8
VISIBLE
100
AcDbSpline
 70
0
 71
1
 72
4
 73
2
 74
0
 40
0.0
 40
0.0
 40
1.0
 40
1.0
 10
3.810271810939323
 20
-114.63484936156817
 30
0.0
 10
3.8102853022766334
 20
-114.63483827041728
 30
0.0
  0
SPLINE
  5
267
330
17
100
AcDbEntity
  8
VISIBLE
100
AcDbSpline
 70
0
 71
1
 72
4
 73
2
 74
0
 40
0.0
 40
0.0
 40
1.0
 40
1.0
 10
3.8171131233504427
 20
-114.629216702891
 30
0.0
 10
3.8171265579011484
 20
-114.62920562513133
 30
0.0
  0
SPLINE
  5
268
330
17
100
AcDbEntity
  8
VISIBLE
100
AcDbSpline
 70
0
 71
1
 72
4
 73
2
 74
0
 40
0.0
 40
0.0
 40
1.0
 40
1.0
 10
3.8239460667590643
 20
-114.62357398108423
 30
0.0
 10
3.823959434026629
 20
-114.62356292559781
 30
0.0
  0
SPLINE
  5
269
330
17
100
AcDbEntity
  8
VISIBLE
100
AcDbSpline
 70
0
 71
1
 72
4
 73
2
 74
0
 40
0.0
 40
0.0
 40
1.0
 40
1.0
 10
3.830770627551525
 20
-114.61792120770168
 30
0.0
 10
3.8307839169208955
 20
-114.61791018354795
 30
0.0
  0
SPLINE
  5
26A
330
17
100
AcDbEntity
  8
VISIBLE
100
AcDbSpline
 70
0
 71
1
 72
4
 73
2
 74
0
 40
0.0
 40
0.0
 40
1.0
 40
1.0
 10
3.837586792129169
 20
-114.61225839431043
 30
0.0
 10
3.837599992867666
 20
-114.61224741072684
 30
0.0
  0
SPLINE
  5
26B
330
17
100
AcDbEntity
  8
VISIBLE
100
AcDbSpline
 70
0
 71
1
 72
4
 73
2
 74
0
 40
0.0
 40
0.0
 40
1.0
 40
1.0
 10
3.8443945469094936
 20
-114.60658555248975
 30
0.0
 10
3.8444076481665337
 20
-114.60657461889392
 30
0.0
  0
SPLINE
  5
26C
330
17
100
AcDbEntity
  8
VISIBLE
100
AcDbSpline
 70
0
 71
1
 72
4
 73
2
 74
0
 40
0.0
 40
0.0
 40
1.0
 40
1.0
 10
3.851193878324949
 20
-114.60090269383244
 30
0.0
 10
3.8512068691329677
 20
-114.60089181982244
 30
0.0
  0
SPLINE
  5
26D
330
17
100
AcDbEntity
  8
VISIBLE
100
AcDbSpline
 70
0
 71
1
 72
4
 73
2
 74
0
 40
0.0
 40
0.0
 40
1.0
 40
1.0
 10
3.857984772823523
 20
-114.59520982994394
 30
0.0
 10
3.857997642098311
 20
-114.59519902530013
 30
0.0
  0
SPLINE
  5
26E
330
17
100
AcDbEntity
  8
VISIBLE
100
AcDbSpline
 70
0
 71
1
 72
4
 73
2
 74
0
 40
0.0
 40
0.0
 40
1.0
 40
1.0
 10
3.8647672168693026
 20
-114.58950697244188
 30
0.0
 10
3.8647799534097595
 20
-114.58949624712855
 30
0.0
  0
SPLINE
  5
26F
330
17
100
AcDbEntity
  8
VISIBLE
100
AcDbSpline
 70
0
 71
1
 72
4
 73
2
 74
0
 40
0.0
 40
0.0
 40
1.0
 40
1.0
 10
3.8715411969407008
 20
-114.58379413295762
 30
0.0
 10
3.8715537894302887
 20
-114.58378349712308
 30
0.0
  0
SPLINE
  5
270
330
17
100
AcDbEntity
  8
VISIBLE
100
AcDbSpline
 70
0
 71
1
 72
4
 73
2
 74
0
 40
0.0
 40
0.0
 40
1.0
 40
1.0
 10
3.8783066995327378
 20
-114.5780713231343
 30
0.0
 10
3.8783191365387513
 20
-114.57806078711359
 30
0.0
  0
SPLINE
  5
271
330
17
100
AcDbEntity
  8
VISIBLE
100
AcDbSpline
 70
0
 71
1
 72
4
 73
2
 74
0
 40
0.0
 40
0.0
 40
1.0
 40
1.0
 10
3.8850637111559134
 20
-114.5723385546277
 30
0.0
 10
3.8850759811297664
 20
-114.57232812894365
 30
0.0
  0
SPLINE
  5
272
330
17
100
AcDbEntity
  8
VISIBLE
100
AcDbSpline
 70
0
 71
1
 72
4
 73
2
 74
0
 40
0.0
 40
0.0
 40
1.0
 40
1.0
 10
3.8918122183343895
 20
-114.56659583910795
 30
0.0
 10
3.891824309613754
 20
-114.56658553447096
 30
0.0
  0
SPLINE
  5
273
330
17
100
AcDbEntity
  8
VISIBLE
100
AcDbSpline
 70
0
 71
1
 72
4
 73
2
 74
0
 40
0.0
 40
0.0
 40
1.0
 40
1.0
 10
3.8985522076100705
 20
-114.56084318825572
 30
0.0
 10
3.8985641084169305
 20
-114.56083301556737
 30
0.0
  0
SPLINE
  5
274
330
17
100
AcDbEntity
  8
VISIBLE
100
AcDbSpline
 70
0
 71
1
 72
4
 73
2
 74
0
 40
0.0
 40
0.0
 40
1.0
 40
1.0
 10
3.905283665539099
 20
-114.55508061376537
 30
0.0
 10
3.905295363981224
 20
-114.55507058411834
 30
0.0
  0
SPLINE
  5
275
330
17
100
AcDbEntity
  8
VISIBLE
100
AcDbSpline
 70
0
 71
1
 72
4
 73
2
 74
0
 40
0.0
 40
0.0
 40
1.0
 40
1.0
 10
3.9120065786917837
 20
-114.54930812734493
 30
0.0
 10
3.9120180627643566
 20
-114.5492982520236
 30
0.0
  0
SPLINE
  5
276
330
17
100
AcDbEntity
  8
VISIBLE
100
AcDbSpline
 70
0
 71
1
 72
4
 73
2
 74
0
 40
0.0
 40
0.0
 40
1.0
 40
1.0
 10
3.91872093365672
 20
-114.54352574071244
 30
0.0
 10
3.9187321912397644
 20
-114.54351603119677
 30
0.0
  0
SPLINE
  5
277
330
17
100
AcDbEntity
  8
VISIBLE
100
AcDbSpline
 70
0
 71
1
 72
4
 73
2
 74
0
 40
0.0
 40
0.0
 40
1.0
 40
1.0
 10
3.925426717034915
 20
-114.53773346560129
 30
0.0
 10
3.925437735896619
 20
-114.5377239335655
 30
0.0
  0
SPLINE
  5
278
330
17
100
AcDbEntity
  8
VISIBLE
100
AcDbSpline
 70
0
 71
1
 72
4
 73
2
 74
0
 40
0.0
 40
0.0
 40
1.0
 40
1.0
 10
3.932123915444424
 20
-114.53193131375576
 30
0.0
 10
3.932134683239794
 20
-114.53192197107128
 30
0.0
  0
SPLINE
  5
279
330
17
100
AcDbEntity
  8
VISIBLE
100
AcDbSpline
 70
0
 71
1
 72
4
 73
2
 74
0
 40
0.0
 40
0.0
 40
1.0
 40
1.0
 10
3.9388125155180256
 20
-114.52611929693362
 30
0.0
 10
3.9388230197898335
 20
-114.52611015566961
 30
0.0
  0
SPLINE
  5
27A
330
17
100
AcDbEntity
  8
VISIBLE
100
AcDbSpline
 70
0
 71
1
 72
4
 73
2
 74
0
 40
0.0
 40
0.0
 40
1.0
 40
1.0
 10
3.945492503903142
 20
-114.52029742690529
 30
0.0
 10
3.9455027320829936
 20
-114.52028849932985
 30
0.0
  0
SPLINE
  5
27B
330
17
100
AcDbEntity
  8
VISIBLE
100
AcDbSpline
 70
0
 71
1
 72
4
 73
2
 74
0
 40
0.0
 40
0.0
 40
1.0
 40
1.0
 10
3.9521638672647947
 20
-114.51446571545202
 30
0.0
 10
3.952173806671193
 20
-114.51445701403529
 30
0.0
  0
SPLINE
  5
27C
330
17
100
AcDbEntity
  8
VISIBLE
100
AcDbSpline
 70
0
 71
1
 72
4
 73
2
 74
0
 40
0.0
 40
0.0
 40
1.0
 40
1.0
 10
3.9588265922803325
 20
-114.50862417436998
 30
0.0
 10
3.9588362301219755
 20
-114.50861571178315
 30
0.0
  0
SPLINE
  5
27D
330
17
100
AcDbEntity
  8
VISIBLE
100
AcDbSpline
 70
0
 71
1
 72
4
 73
2
 74
0
 40
0.0
 40
0.0
 40
1.0
 40
1.0
 10
3.965480665644016
 20
-114.5027728154665
 30
0.0
 10
3.9654899890185433
 20
-114.50276460458451
 30
0.0
  0
SPLINE
  5
27E
330
17
100
AcDbEntity
  8
VISIBLE
100
AcDbSpline
 70
0
 71
1
 72
4
 73
2
 74
0
 40
0.0
 40
0.0
 40
1.0
 40
1.0
 10
3.9721260740647386
 20
-114.49691165056197
 30
0.0
 10
3.9721350699597435
 20
-114.49690370446444
 30
0.0
  0
SPLINE
  5
27F
330
17
100
AcDbEntity
  8
VISIBLE
100
AcDbSpline
 70
0
 71
1
 72
4
 73
2
 74
0
 40
0.0
 40
0.0
 40
1.0
 40
1.0
 10
3.9787628042671424
 20
-114.49104069148885
 30
0.0
 10
3.9787714595599963
 20
-114.49103302346174
 30
0.0
  0
SPLINE
  5
280
330
17
100
AcDbEntity
  8
VISIBLE
100
AcDbSpline
 70
0
 71
1
 72
4
 73
2
 74
0
 40
0.0
 40
0.0
 40
1.0
 40
1.0
 10
3.9853908429904044
 20
-114.48515995009255
 30
0.0
 10
3.9853991444493433
 20
-114.48515257362924
 30
0.0
  0
SPLINE
  5
281
330
17
100
AcDbEntity
  8
VISIBLE
100
AcDbSpline
 70
0
 71
1
 72
4
 73
2
 74
0
 40
0.0
 40
0.0
 40
1.0
 40
1.0
 10
3.9920101769894094
 20
-114.47926943823036
 30
0.0
 10
3.9920181112734063
 20
-114.47926236703346
 30
0.0
  0
SPLINE
  5
282
330
17
100
AcDbEntity
  8
VISIBLE
100
AcDbSpline
 70
0
 71
1
 72
4
 73
2
 74
0
 40
0.0
 40
0.0
 40
1.0
 40
1.0
 10
3.998620793034163
 20
-114.47336916777242
 30
0.0
 10
3.998628346693368
 20
-114.47336241575469
 30
0.0
  0
SPLINE
  5
283
330
17
100
AcDbEntity
  8
VISIBLE
100
AcDbSpline
 70
0
 71
1
 72
4
 73
2
 74
0
 40
0.0
 40
0.0
 40
1.0
 40
1.0
 10
4.005222677909723
 20
-114.46745915060103
 30
0.0
 10
4.005229837385999
 20
-114.46745273188759
 30
0.0
  0
SPLINE
  5
284
330
17
100
AcDbEntity
  8
VISIBLE
100
AcDbSpline
 70
0
 71
1
 72
4
 73
2
 74
0
 40
0.0
 40
0.0
 40
1.0
 40
1.0
 10
4.011815818415665
 20
-114.46153939861176
 30
0.0
 10
4.011822570043576
 20
-114.46153332753994
 30
0.0
  0
SPLINE
  5
285
330
17
100
AcDbEntity
  8
VISIBLE
100
AcDbSpline
 70
0
 71
1
 72
4
 73
2
 74
0
 40
0.0
 40
0.0
 40
1.0
 40
1.0
 10
4.01840020136716
 20
-114.45560992371199
 30
0.0
 10
4.018406531373931
 20
-114.45560421483381
 30
0.0
  0
SPLINE
  5
286
330
17
100
AcDbEntity
  8
VISIBLE
100
AcDbSpline
 70
0
 71
1
 72
4
 73
2
 74
0
 40
0.0
 40
0.0
 40
1.0
 40
1.0
 10
4.024975813594963
 20
-114.44967073782107
 30
0.0
 10
4.024981708100405
 20
-114.44966540590494
 30
0.0
  0
SPLINE
  5
287
330
17
100
AcDbEntity
  8
VISIBLE
100
AcDbSpline
 70
0
 71
1
 72
4
 73
2
 74
0
 40
0.0
 40
0.0
 40
1.0
 40
1.0
 10
4.025772775026757
 20
-114.44894971194748
 30
0.0
 10
4.025774093277194
 20
-114.44894851908674
 30
0.0
  0
SPLINE
  5
288
330
17
100
AcDbEntity
  8
VISIBLE
100
AcDbSpline
 70
0
 71
1
 72
4
 73
2
 74
0
 40
0.0
 40
0.0
 40
1.0
 40
1.0
 10
4.026563714395449
 20
-114.44823387762314
 30
0.0
 10
4.026566350687554
 20
-114.44823149123702
 30
0.0
  0
SPLINE
  5
289
330
17
100
AcDbEntity
  8
VISIBLE
100
AcDbSpline
 70
0
 71
1
 72
4
 73
2
 74
0
 40
0.0
 40
0.0
 40
1.0
 40
1.0
 10
4.027354526179764
 20
-114.44751790295612
 30
0.0
 10
4.027358480308438
 20
-114.44751432237666
 30
0.0
  0
SPLINE
  5
28A
330
17
100
AcDbEntity
  8
VISIBLE
100
AcDbSpline
 70
0
 71
1
 72
4
 73
2
 74
0
 40
0.0
 40
0.0
 40
1.0
 40
1.0
 10
4.100074730814939
 20
-114.38056928139278
 30
0.0
 10
4.100079880548394
 20
-114.3805644613993
 30
0.0
  0
SPLINE
  5
28B
330
17
100
AcDbEntity
  8
VISIBLE
100
AcDbSpline
 70
0
 71
1
 72
4
 73
2
 74
0
 40
0.0
 40
0.0
 40
1.0
 40
1.0
 10
4.100854810723934
 20
-114.37983902092945
 30
0.0
 10
4.100858670637724
 20
-114.37983540687917
 30
0.0
  0
SPLINE
  5
28C
330
17
100
AcDbEntity
  8
VISIBLE
100
AcDbSpline
 70
0
 71
1
 72
4
 73
2
 74
0
 40
0.0
 40
0.0
 40
1.0
 40
1.0
 10
4.101634760679325
 20
-114.37910862144639
 30
0.0
 10
4.101637332369567
 20
-114.37910621270515
 30
0.0
  0
SPLINE
  5
28D
330
17
100
AcDbEntity
  8
VISIBLE
100
AcDbSpline
 70
0
 71
1
 72
4
 73
2
 74
0
 40
0.0
 40
0.0
 40
1.0
 40
1.0
 10
4.102414580658352
 20
-114.37837808296459
 30
0.0
 10
4.102542660222512
 20
-114.37825807258181
 30
0.0
  0
SPLINE
  5
28E
330
17
100
AcDbEntity
  8
VISIBLE
100
AcDbSpline
 70
0
 71
1
 72
4
 73
2
 74
0
 40
0.0
 40
0.0
 40
1.0
 40
1.0
 10
4.103194270638279
 20
-114.37764740550544
 30
0.0
 10
4.103280266466768
 20
-114.37756679953735
 30
0.0
  0
SPLINE
  5
28F
330
17
100
AcDbEntity
  8
VISIBLE
100
AcDbSpline
 70
0
 71
1
 72
4
 73
2
 74
0
 40
0.0
 40
0.0
 40
1.0
 40
1.0
 10
4.121994020252773
 20
-114.35995015333089
 30
0.0
 10
4.140576124757237
 20
-114.34230692261121
 30
0.0
  0
SPLINE
  5
290
330
17
100
AcDbEntity
  8
VISIBLE
100
AcDbSpline
 70
0
 71
1
 72
4
 73
2
 74
0
 40
0.0
 40
0.0
 40
1.0
 40
1.0
 10
4.614492257042819
 20
-113.83490041187798
 30
0.0
 10
4.680071352913341
 20
-113.75458812967912
 30
0.0
  0
SPLINE
  5
291
330
17
100
AcDbEntity
  8
VISIBLE
100
AcDbSpline
 70
0
 71
1
 72
4
 73
2
 74
0
 40
0.0
 40
0.0
 40
1.0
 40
1.0
 10
4.681573708837585
 20
-113.75271468395592
 30
0.0
 10
4.6815812885910555
 20
-113.75270522806746
 30
0.0
  0
SPLINE
  5
292
330
17
100
AcDbEntity
  8
VISIBLE
100
AcDbSpline
 70
0
 71
1
 72
4
 73
2
 74
0
 40
0.0
 40
0.0
 40
1.0
 40
1.0
 10
4.68352493725226
 20
-113.75027919637316
 30
0.0
 10
4.683532095940594
 20
-113.75027025624829
 30
0.0
  0
SPLINE
  5
293
330
17
100
AcDbEntity
  8
VISIBLE
100
AcDbSpline
 70
0
 71
1
 72
4
 73
2
 74
0
 40
0.0
 40
0.0
 40
1.0
 40
1.0
 10
4.685474916070442
 20
-113.74784267247958
 30
0.0
 10
4.68548165044813
 20
-113.74783425328434
 30
0.0
  0
SPLINE
  5
294
330
17
100
AcDbEntity
  8
VISIBLE
100
AcDbSpline
 70
0
 71
1
 72
4
 73
2
 74
0
 40
0.0
 40
0.0
 40
1.0
 40
1.0
 10
4.687423644758612
 20
-113.74540511287213
 30
0.0
 10
4.715033777412696
 20
-113.71058706122963
 30
0.0
  0
SPLINE
  5
295
330
17
100
AcDbEntity
  8
VISIBLE
100
AcDbSpline
 70
0
 71
1
 72
4
 73
2
 74
0
 40
0.0
 40
0.0
 40
1.0
 40
1.0
 10
4.718816301185347
 20
-113.70577556981146
 30
0.0
 10
4.719264102064651
 20
-113.7052052834847
 30
0.0
  0
SPLINE
  5
296
330
17
100
AcDbEntity
  8
VISIBLE
100
AcDbSpline
 70
0
 71
1
 72
4
 73
2
 74
0
 40
0.0
 40
0.0
 40
1.0
 40
1.0
 10
4.723052229186921
 20
-113.7003753181668
 30
0.0
 10
4.723494332539149
 20
-113.69981096072033
 30
0.0
  0
SPLINE
  5
297
330
17
100
AcDbEntity
  8
VISIBLE
100
AcDbSpline
 70
0
 71
1
 72
4
 73
2
 74
0
 40
0.0
 40
0.0
 40
1.0
 40
1.0
 10
4.727282062813025
 20
-113.69497011495724
 30
0.0
 10
4.7272842807312525
 20
-113.69496727738834
 30
0.0
  0
SPLINE
  5
298
330
17
100
AcDbEntity
  8
VISIBLE
100
AcDbSpline
 70
0
 71
1
 72
4
 73
2
 74
0
 40
0.0
 40
0.0
 40
1.0
 40
1.0
 10
4.731499724227158
 20
-113.6895677536098
 30
0.0
 10
4.73192568862485
 20
-113.68902143201646
 30
0.0
  0
SPLINE
  5
299
330
17
100
AcDbEntity
  8
VISIBLE
100
AcDbSpline
 70
0
 71
1
 72
4
 73
2
 74
0
 40
0.0
 40
0.0
 40
1.0
 40
1.0
 10
4.735709070734195
 20
-113.68416333016688
 30
0.0
 10
4.73614554234242
 20
-113.68360221080411
 30
0.0
  0
SPLINE
  5
29A
330
17
100
AcDbEntity
  8
VISIBLE
100
AcDbSpline
 70
0
 71
1
 72
4
 73
2
 74
0
 40
0.0
 40
0.0
 40
1.0
 40
1.0
 10
4.739912314971232
 20
-113.6787540131995
 30
0.0
 10
4.740356574885723
 20
-113.67818153248353
 30
0.0
  0
SPLINE
  5
29B
330
17
100
AcDbEntity
  8
VISIBLE
100
AcDbSpline
 70
0
 71
1
 72
4
 73
2
 74
0
 40
0.0
 40
0.0
 40
1.0
 40
1.0
 10
4.755857634403869
 20
-113.6581167279547
 30
0.0
 10
4.755858764122392
 20
-113.65811525922558
 30
0.0
  0
SPLINE
  5
29C
330
17
100
AcDbEntity
  8
VISIBLE
100
AcDbSpline
 70
0
 71
1
 72
4
 73
2
 74
0
 40
0.0
 40
0.0
 40
1.0
 40
1.0
 10
4.757445049380072
 20
-113.65605202853868
 30
0.0
 10
4.757446280142458
 20
-113.65605042700597
 30
0.0
  0
SPLINE
  5
29D
330
17
100
AcDbEntity
  8
VISIBLE
100
AcDbSpline
 70
0
 71
1
 72
4
 73
2
 74
0
 40
0.0
 40
0.0
 40
1.0
 40
1.0
 10
4.759031580527649
 20
-113.65398662395026
 30
0.0
 10
4.759032910228585
 20
-113.65398489211813
 30
0.0
  0
SPLINE
  5
29E
330
17
100
AcDbEntity
  8
VISIBLE
100
AcDbSpline
 70
0
 71
1
 72
4
 73
2
 74
0
 40
0.0
 40
0.0
 40
1.0
 40
1.0
 10
4.76061722754186
 20
-113.65192051454214
 30
0.0
 10
4.760618654092139
 20
-113.65191865490057
 30
0.0
  0
SPLINE
  5
29F
330
17
100
AcDbEntity
  8
VISIBLE
100
AcDbSpline
 70
0
 71
1
 72
4
 73
2
 74
0
 40
0.0
 40
0.0
 40
1.0
 40
1.0
 10
4.762201990118111
 20
-113.64985370066708
 30
0.0
 10
4.762203511444611
 20
-113.64985171569228
 30
0.0
  0
SPLINE
  5
2A0
330
17
100
AcDbEntity
  8
VISIBLE
100
AcDbSpline
 70
0
 71
1
 72
4
 73
2
 74
0
 40
0.0
 40
0.0
 40
1.0
 40
1.0
 10
4.76378586795189
 20
-113.64778618267826
 30
0.0
 10
4.763787481997587
 20
-113.64778407483209
 30
0.0
  0
SPLINE
  5
2A1
330
17
100
AcDbEntity
  8
VISIBLE
100
AcDbSpline
 70
0
 71
1
 72
4
 73
2
 74
0
 40
0.0
 40
0.0
 40
1.0
 40
1.0
 10
4.765368860738823
 20
-113.64571796092855
 30
0.0
 10
4.765370565462744
 20
-113.64571573265891
 30
0.0
  0
SPLINE
  5
2A2
330
17
100
AcDbEntity
  8
VISIBLE
100
AcDbSpline
 70
0
 71
1
 72
4
 73
2
 74
0
 40
0.0
 40
0.0
 40
1.0
 40
1.0
 10
4.7669509681746085
 20
-113.64364903577118
 30
0.0
 10
4.76695276155186
 20
-113.64364668951166
 30
0.0
  0
SPLINE
  5
2A3
330
17
100
AcDbEntity
  8
VISIBLE
100
AcDbSpline
 70
0
 71
1
 72
4
 73
2
 74
0
 40
0.0
 40
0.0
 40
1.0
 40
1.0
 10
4.7685321899550885
 20
-113.64157940755963
 30
0.0
 10
4.7685340699768215
 20
-113.64157694572962
 30
0.0
  0
SPLINE
  5
2A4
330
17
100
AcDbEntity
  8
VISIBLE
100
AcDbSpline
 70
0
 71
1
 72
4
 73
2
 74
0
 40
0.0
 40
0.0
 40
1.0
 40
1.0
 10
4.770112525776204
 20
-113.63950907664733
 30
0.0
 10
4.770114490449616
 20
-113.63950650165205
 30
0.0
  0
SPLINE
  5
2A5
330
17
100
AcDbEntity
  8
VISIBLE
100
AcDbSpline
 70
0
 71
1
 72
4
 73
2
 74
0
 40
0.0
 40
0.0
 40
1.0
 40
1.0
 10
4.771691975334012
 20
-113.63743804338789
 30
0.0
 10
4.771694022682319
 20
-113.63743535761803
 30
0.0
  0
SPLINE
  5
2A6
330
17
100
AcDbEntity
  8
VISIBLE
100
AcDbSpline
 70
0
 71
1
 72
4
 73
2
 74
0
 40
0.0
 40
0.0
 40
1.0
 40
1.0
 10
4.773270538324672
 20
-113.63536630813519
 30
0.0
 10
4.773272666387124
 20
-113.6353635139672
 30
0.0
  0
SPLINE
  5
2A7
330
17
100
AcDbEntity
  8
VISIBLE
100
AcDbSpline
 70
0
 71
1
 72
4
 73
2
 74
0
 40
0.0
 40
0.0
 40
1.0
 40
1.0
 10
4.774848214444464
 20
-113.63329387124301
 30
0.0
 10
4.774850421276302
 20
-113.63329097103883
 30
0.0
  0
SPLINE
  5
2A8
330
17
100
AcDbEntity
  8
VISIBLE
100
AcDbSpline
 70
0
 71
1
 72
4
 73
2
 74
0
 40
0.0
 40
0.0
 40
1.0
 40
1.0
 10
4.77642500338977
 20
-113.63122073306536
 30
0.0
 10
4.776427287062246
 20
-113.63121772917262
 30
0.0
  0
SPLINE
  5
2A9
330
17
100
AcDbEntity
  8
VISIBLE
100
AcDbSpline
 70
0
 71
1
 72
4
 73
2
 74
0
 40
0.0
 40
0.0
 40
1.0
 40
1.0
 10
4.778000904857099
 20
-113.62914689395643
 30
0.0
 10
4.778003263457433
 20
-113.62914378870812
 30
0.0
  0
SPLINE
  5
2AA
330
17
100
AcDbEntity
  8
VISIBLE
100
AcDbSpline
 70
0
 71
1
 72
4
 73
2
 74
0
 40
0.0
 40
0.0
 40
1.0
 40
1.0
 10
4.779575918543051
 20
-113.6270723542706
 30
0.0
 10
4.779578350174448
 20
-113.62706914998502
 30
0.0
  0
SPLINE
  5
2AB
330
17
100
AcDbEntity
  8
VISIBLE
100
AcDbSpline
 70
0
 71
1
 72
4
 73
2
 74
0
 40
0.0
 40
0.0
 40
1.0
 40
1.0
 10
4.781150044144347
 20
-113.62499711436209
 30
0.0
 10
4.781152546925981
 20
-113.62499381334337
 30
0.0
  0
SPLINE
  5
2AC
330
17
100
AcDbEntity
  8
VISIBLE
100
AcDbSpline
 70
0
 71
1
 72
4
 73
2
 74
0
 40
0.0
 40
0.0
 40
1.0
 40
1.0
 10
4.782723281357822
 20
-113.62292117458556
 30
0.0
 10
4.827963194516639
 20
-113.562410870922
 30
0.0
  0
SPLINE
  5
2AD
330
17
100
AcDbEntity
  8
VISIBLE
100
AcDbSpline
 70
0
 71
1
 72
4
 73
2
 74
0
 40
0.0
 40
0.0
 40
1.0
 40
1.0
 10
4.829505798278694
 20
-113.56031930668576
 30
0.0
 10
4.829509660373676
 20
-113.56031406782114
 30
0.0
  0
SPLINE
  5
2AE
330
17
100
AcDbEntity
  8
VISIBLE
100
AcDbSpline
 70
0
 71
1
 72
4
 73
2
 74
0
 40
0.0
 40
0.0
 40
1.0
 40
1.0
 10
4.831051345707587
 20
-113.55822184758438
 30
0.0
 10
4.831055227123768
 20
-113.55821657772142
 30
0.0
  0
SPLINE
  5
2AF
330
17
100
AcDbEntity
  8
VISIBLE
100
AcDbSpline
 70
0
 71
1
 72
4
 73
2
 74
0
 40
0.0
 40
0.0
 40
1.0
 40
1.0
 10
4.832595995106303
 20
-113.55612370003104
 30
0.0
 10
4.832599894482879
 20
-113.55611840096537
 30
0.0
  0
SPLINE
  5
2B0
330
17
100
AcDbEntity
  8
VISIBLE
100
AcDbSpline
 70
0
 71
1
 72
4
 73
2
 74
0
 40
0.0
 40
0.0
 40
1.0
 40
1.0
 10
4.8341397461753335
 20
-113.55402486438437
 30
0.0
 10
4.834143662167081
 20
-113.55401953789583
 30
0.0
  0
SPLINE
  5
2B1
330
17
100
AcDbEntity
  8
VISIBLE
100
AcDbSpline
 70
0
 71
1
 72
4
 73
2
 74
0
 40
0.0
 40
0.0
 40
1.0
 40
1.0
 10
4.835682598615352
 20
-113.55192534100374
 30
0.0
 10
4.835686529892551
 20
-113.5519199888557
 30
0.0
  0
SPLINE
  5
2B2
330
17
100
AcDbEntity
  8
VISIBLE
100
AcDbSpline
 70
0
 71
1
 72
4
 73
2
 74
0
 40
0.0
 40
0.0
 40
1.0
 40
1.0
 10
4.837224552127092
 20
-113.54982513024822
 30
0.0
 10
4.837228497375547
 20
-113.54981975418775
 30
0.0
  0
SPLINE
  5
2B3
330
17
100
AcDbEntity
  8
VISIBLE
100
AcDbSpline
 70
0
 71
1
 72
4
 73
2
 74
0
 40
0.0
 40
0.0
 40
1.0
 40
1.0
 10
4.838765606411425
 20
-113.54772423247711
 30
0.0
 10
4.838769564332445
 20
-113.54771883423517
 30
0.0
  0
SPLINE
  5
2B4
330
17
100
AcDbEntity
  8
VISIBLE
100
AcDbSpline
 70
0
 71
1
 72
4
 73
2
 74
0
 40
0.0
 40
0.0
 40
1.0
 40
1.0
 10
4.840305761169316
 20
-113.54562264805003
 30
0.0
 10
4.840309730479706
 20
-113.5456172293409
 30
0.0
  0
SPLINE
  5
2B5
330
17
100
AcDbEntity
  8
VISIBLE
100
AcDbSpline
 70
0
 71
1
 72
4
 73
2
 74
0
 40
0.0
 40
0.0
 40
1.0
 40
1.0
 10
4.841845016101875
 20
-113.54352037732652
 30
0.0
 10
4.841848995533894
 20
-113.54351493984821
 30
0.0
  0
SPLINE
  5
2B6
330
17
100
AcDbEntity
  8
VISIBLE
100
AcDbSpline
 70
0
 71
1
 72
4
 73
2
 74
0
 40
0.0
 40
0.0
 40
1.0
 40
1.0
 10
4.8433833709102885
 20
-113.54141742066633
 30
0.0
 10
4.843387359211684
 20
-113.54141196610044
 30
0.0
  0
SPLINE
  5
2B7
330
17
100
AcDbEntity
  8
VISIBLE
100
AcDbSpline
 70
0
 71
1
 72
4
 73
2
 74
0
 40
0.0
 40
0.0
 40
1.0
 40
1.0
 10
4.844920825295874
 20
-113.53931377842943
 30
0.0
 10
4.8449248212298315
 20
-113.53930830844084
 30
0.0
  0
SPLINE
  5
2B8
330
17
100
AcDbEntity
  8
VISIBLE
100
AcDbSpline
 70
0
 71
1
 72
4
 73
2
 74
0
 40
0.0
 40
0.0
 40
1.0
 40
1.0
 10
4.84645737896007
 20
-113.53720945097564
 30
0.0
 10
4.846461381305202
 20
-113.53720396721292
 30
0.0
  0
SPLINE
  5
2B9
330
17
100
AcDbEntity
  8
VISIBLE
100
AcDbSpline
 70
0
 71
1
 72
4
 73
2
 74
0
 40
0.0
 40
0.0
 40
1.0
 40
1.0
 10
4.847993031604407
 20
-113.53510443866531
 30
0.0
 10
4.847997039154755
 20
-113.53509894276016
 30
0.0
  0
SPLINE
  5
2BA
330
17
100
AcDbEntity
  8
VISIBLE
100
AcDbSpline
 70
0
 71
1
 72
4
 73
2
 74
0
 40
0.0
 40
0.0
 40
1.0
 40
1.0
 10
4.849527782930544
 20
-113.53299874185855
 30
0.0
 10
4.8495317944955545
 20
-113.53299323542628
 30
0.0
  0
SPLINE
  5
2BB
330
17
100
AcDbEntity
  8
VISIBLE
100
AcDbSpline
 70
0
 71
1
 72
4
 73
2
 74
0
 40
0.0
 40
0.0
 40
1.0
 40
1.0
 10
4.851061632640235
 20
-113.53089236091587
 30
0.0
 10
4.851065647044761
 20
-113.53088684555483
 30
0.0
  0
SPLINE
  5
2BC
330
17
100
AcDbEntity
  8
VISIBLE
100
AcDbSpline
 70
0
 71
1
 72
4
 73
2
 74
0
 40
0.0
 40
0.0
 40
1.0
 40
1.0
 10
4.852594580435385
 20
-113.52878529619781
 30
0.0
 10
4.852598596519629
 20
-113.52877977348967
 30
0.0
  0
SPLINE
  5
2BD
330
17
100
AcDbEntity
  8
VISIBLE
100
AcDbSpline
 70
0
 71
1
 72
4
 73
2
 74
0
 40
0.0
 40
0.0
 40
1.0
 40
1.0
 10
4.854126626017964
 20
-113.52667754806502
 30
0.0
 10
4.854130642637523
 20
-113.52667201957483
 30
0.0
  0
SPLINE
  5
2BE
330
17
100
AcDbEntity
  8
VISIBLE
100
AcDbSpline
 70
0
 71
1
 72
4
 73
2
 74
0
 40
0.0
 40
0.0
 40
1.0
 40
1.0
 10
4.85565776909009
 20
-113.52456911687844
 30
0.0
 10
4.855661785115892
 20
-113.52456358415407
 30
0.0
  0
SPLINE
  5
2BF
330
17
100
AcDbEntity
  8
VISIBLE
100
AcDbSpline
 70
0
 71
1
 72
4
 73
2
 74
0
 40
0.0
 40
0.0
 40
1.0
 40
1.0
 10
4.85718800935398
 20
-113.52246000299888
 30
0.0
 10
4.857192023672301
 20
-113.5224544675716
 30
0.0
  0
SPLINE
  5
2C0
330
17
100
AcDbEntity
  8
VISIBLE
100
AcDbSpline
 70
0
 71
1
 72
4
 73
2
 74
0
 40
0.0
 40
0.0
 40
1.0
 40
1.0
 10
4.858717346511957
 20
-113.52035020678744
 30
0.0
 10
4.8587213580243915
 20
-113.5203446701714
 30
0.0
  0
SPLINE
  5
2C1
330
17
100
AcDbEntity
  8
VISIBLE
100
AcDbSpline
 70
0
 71
1
 72
4
 73
2
 74
0
 40
0.0
 40
0.0
 40
1.0
 40
1.0
 10
4.860245780266478
 20
-113.51823972860541
 30
0.0
 10
4.860249787889934
 20
-113.51823419229788
 30
0.0
  0
SPLINE
  5
2C2
330
17
100
AcDbEntity
  8
VISIBLE
100
AcDbSpline
 70
0
 71
1
 72
4
 73
2
 74
0
 40
0.0
 40
0.0
 40
1.0
 40
1.0
 10
4.8617733103200935
 20
-113.51612856881417
 30
0.0
 10
4.861777312986763
 20
-113.51612303429516
 30
0.0
  0
SPLINE
  5
2C3
330
17
100
AcDbEntity
  8
VISIBLE
100
AcDbSpline
 70
0
 71
1
 72
4
 73
2
 74
0
 40
0.0
 40
0.0
 40
1.0
 40
1.0
 10
4.863299936375483
 20
-113.51401672777504
 30
0.0
 10
4.863303933032839
 20
-113.51401119650777
 30
0.0
  0
SPLINE
  5
2C4
330
17
100
AcDbEntity
  8
VISIBLE
100
AcDbSpline
 70
0
 71
1
 72
4
 73
2
 74
0
 40
0.0
 40
0.0
 40
1.0
 40
1.0
 10
4.864825658135431
 20
-113.51190420584976
 30
0.0
 10
4.864829647746213
 20
-113.5118986792802
 30
0.0
  0
SPLINE
  5
2C5
330
17
100
AcDbEntity
  8
VISIBLE
100
AcDbSpline
 70
0
 71
1
 72
4
 73
2
 74
0
 40
0.0
 40
0.0
 40
1.0
 40
1.0
 10
4.866350475302824
 20
-113.50979100340012
 30
0.0
 10
4.866354456845028
 20
-113.50978548295691
 30
0.0
  0
SPLINE
  5
2C6
330
17
100
AcDbEntity
  8
VISIBLE
100
AcDbSpline
 70
0
 71
1
 72
4
 73
2
 74
0
 40
0.0
 40
0.0
 40
1.0
 40
1.0
 10
4.8678743875806925
 20
-113.50767712078792
 30
0.0
 10
4.867878360047537
 20
-113.50767160788271
 30
0.0
  0
SPLINE
  5
2C7
330
17
100
AcDbEntity
  8
VISIBLE
100
AcDbSpline
 70
0
 71
1
 72
4
 73
2
 74
0
 40
0.0
 40
0.0
 40
1.0
 40
1.0
 10
4.869397394672146
 20
-113.5055625583752
 30
0.0
 10
4.869401357072079
 20
-113.5055570544022
 30
0.0
  0
SPLINE
  5
2C8
330
17
100
AcDbEntity
  8
VISIBLE
100
AcDbSpline
 70
0
 71
1
 72
4
 73
2
 74
0
 40
0.0
 40
0.0
 40
1.0
 40
1.0
 10
4.8709194962804325
 20
-113.50344731652419
 30
0.0
 10
4.8709234476371
 20
-113.50344182286031
 30
0.0
  0
SPLINE
  5
2C9
330
17
100
AcDbEntity
  8
VISIBLE
100
AcDbSpline
 70
0
 71
1
 72
4
 73
2
 74
0
 40
0.0
 40
0.0
 40
1.0
 40
1.0
 10
4.872440692108896
 20
-113.5013313955971
 30
0.0
 10
4.872444631461152
 20
-113.50132591360199
 30
0.0
  0
SPLINE
  5
2CA
330
17
100
AcDbEntity
  8
VISIBLE
100
AcDbSpline
 70
0
 71
1
 72
4
 73
2
 74
0
 40
0.0
 40
0.0
 40
1.0
 40
1.0
 10
4.87396098186101
 20
-113.4992147959564
 30
0.0
 10
4.873964908262864
 20
-113.49920932697209
 30
0.0
  0
SPLINE
  5
2CB
330
17
100
AcDbEntity
  8
VISIBLE
100
AcDbSpline
 70
0
 71
1
 72
4
 73
2
 74
0
 40
0.0
 40
0.0
 40
1.0
 40
1.0
 10
4.875480365240346
 20
-113.49709751796468
 30
0.0
 10
4.875484277760986
 20
-113.4970920633159
 30
0.0
  0
SPLINE
  5
2CC
330
17
100
AcDbEntity
  8
VISIBLE
100
AcDbSpline
 70
0
 71
1
 72
4
 73
2
 74
0
 40
0.0
 40
0.0
 40
1.0
 40
1.0
 10
4.876998841950606
 20
-113.49497956198462
 30
0.0
 10
4.877002739674351
 20
-113.49497412297842
 30
0.0
  0
SPLINE
  5
2CD
330
17
100
AcDbEntity
  8
VISIBLE
100
AcDbSpline
 70
0
 71
1
 72
4
 73
2
 74
0
 40
0.0
 40
0.0
 40
1.0
 40
1.0
 10
4.878516411695593
 20
-113.49286092837886
 30
0.0
 10
4.878520293721902
 20
-113.49285550630506
 30
0.0
  0
SPLINE
  5
2CE
330
17
100
AcDbEntity
  8
VISIBLE
100
AcDbSpline
 70
0
 71
1
 72
4
 73
2
 74
0
 40
0.0
 40
0.0
 40
1.0
 40
1.0
 10
4.880033074179217
 20
-113.49074161751068
 30
0.0
 10
4.880036939622666
 20
-113.49073621364104
 30
0.0
  0
SPLINE
  5
2CF
330
17
100
AcDbEntity
  8
VISIBLE
100
AcDbSpline
 70
0
 71
1
 72
4
 73
2
 74
0
 40
0.0
 40
0.0
 40
1.0
 40
1.0
 10
4.881548829105532
 20
-113.48862162974291
 30
0.0
 10
4.8815526770957876
 20
-113.48861624533185
 30
0.0
  0
SPLINE
  5
2D0
330
17
100
AcDbEntity
  8
VISIBLE
100
AcDbSpline
 70
0
 71
1
 72
4
 73
2
 74
0
 40
0.0
 40
0.0
 40
1.0
 40
1.0
 10
4.883063676178661
 20
-113.48650096543898
 30
0.0
 10
4.883067505860495
 20
-113.48649560172313
 30
0.0
  0
SPLINE
  5
2D1
330
17
100
AcDbEntity
  8
VISIBLE
100
AcDbSpline
 70
0
 71
1
 72
4
 73
2
 74
0
 40
0.0
 40
0.0
 40
1.0
 40
1.0
 10
4.88457761510289
 20
-113.48437962496217
 30
0.0
 10
4.884581425636119
 20
-113.48437428316032
 30
0.0
  0
SPLINE
  5
2D2
330
17
100
AcDbEntity
  8
VISIBLE
100
AcDbSpline
 70
0
 71
1
 72
4
 73
2
 74
0
 40
0.0
 40
0.0
 40
1.0
 40
1.0
 10
4.886090645582575
 20
-113.48225760867592
 30
0.0
 10
4.886094436142093
 20
-113.48225228998925
 30
0.0
  0
SPLINE
  5
2D3
330
17
100
AcDbEntity
  8
VISIBLE
100
AcDbSpline
 70
0
 71
1
 72
4
 73
2
 74
0
 40
0.0
 40
0.0
 40
1.0
 40
1.0
 10
4.887602767322221
 20
-113.48013491694391
 30
0.0
 10
4.887606537097941
 20
-113.48012962255555
 30
0.0
  0
SPLINE
  5
2D4
330
17
100
AcDbEntity
  8
VISIBLE
100
AcDbSpline
 70
0
 71
1
 72
4
 73
2
 74
0
 40
0.0
 40
0.0
 40
1.0
 40
1.0
 10
4.889113980026421
 20
-113.47801155013002
 30
0.0
 10
4.889117728223296
 20
-113.4780062812053
 30
0.0
  0
SPLINE
  5
2D5
330
17
100
AcDbEntity
  8
VISIBLE
100
AcDbSpline
 70
0
 71
1
 72
4
 73
2
 74
0
 40
0.0
 40
0.0
 40
1.0
 40
1.0
 10
4.890624283399891
 20
-113.47588750859805
 30
0.0
 10
4.890628009237872
 20
-113.47588226628429
 30
0.0
  0
SPLINE
  5
2D6
330
17
100
AcDbEntity
  8
VISIBLE
100
AcDbSpline
 70
0
 71
1
 72
4
 73
2
 74
0
 40
0.0
 40
0.0
 40
1.0
 40
1.0
 10
4.892133677147468
 20
-113.47376279271197
 30
0.0
 10
4.892137379861506
 20
-113.47375757813859
 30
0.0
  0
SPLINE
  5
2D7
330
17
100
AcDbEntity
  8
VISIBLE
100
AcDbSpline
 70
0
 71
1
 72
4
 73
2
 74
0
 40
0.0
 40
0.0
 40
1.0
 40
1.0
 10
4.893642160974087
 20
-113.47163740283607
 30
0.0
 10
4.893645839814113
 20
-113.47163221711442
 30
0.0
  0
SPLINE
  5
2D8
330
17
100
AcDbEntity
  8
VISIBLE
100
AcDbSpline
 70
0
 71
1
 72
4
 73
2
 74
0
 40
0.0
 40
0.0
 40
1.0
 40
1.0
 10
4.895149734584823
 20
-113.46951133933464
 30
0.0
 10
4.895153388815711
 20
-113.46950618355788
 30
0.0
  0
SPLINE
  5
2D9
330
17
100
AcDbEntity
  8
VISIBLE
100
AcDbSpline
 70
0
 71
1
 72
4
 73
2
 74
0
 40
0.0
 40
0.0
 40
1.0
 40
1.0
 10
4.896656397684836
 20
-113.46738460257201
 30
0.0
 10
4.896660026586424
 20
-113.46737947781544
 30
0.0
  0
SPLINE
  5
2DA
330
17
100
AcDbEntity
  8
VISIBLE
100
AcDbSpline
 70
0
 71
1
 72
4
 73
2
 74
0
 40
0.0
 40
0.0
 40
1.0
 40
1.0
 10
4.898162149979417
 20
-113.46525719291299
 30
0.0
 10
4.898165752846463
 20
-113.46525210023327
 30
0.0
  0
SPLINE
  5
2DB
330
17
100
AcDbEntity
  8
VISIBLE
100
AcDbSpline
 70
0
 71
1
 72
4
 73
2
 74
0
 40
0.0
 40
0.0
 40
1.0
 40
1.0
 10
4.899666991173973
 20
-113.4631291107221
 30
0.0
 10
4.89967056731615
 20
-113.4631240511581
 30
0.0
  0
SPLINE
  5
2DC
330
17
100
AcDbEntity
  8
VISIBLE
100
AcDbSpline
 70
0
 71
1
 72
4
 73
2
 74
0
 40
0.0
 40
0.0
 40
1.0
 40
1.0
 10
4.901170920974014
 20
-113.46100035636417
 30
0.0
 10
4.90117446971589
 20
-113.46099533093624
 30
0.0
  0
SPLINE
  5
2DD
330
17
100
AcDbEntity
  8
VISIBLE
100
AcDbSpline
 70
0
 71
1
 72
4
 73
2
 74
0
 40
0.0
 40
0.0
 40
1.0
 40
1.0
 10
4.902673939085171
 20
-113.45887093020428
 30
0.0
 10
4.902677459766201
 20
-113.45886593991449
 30
0.0
  0
SPLINE
  5
2DE
330
17
100
AcDbEntity
  8
VISIBLE
100
AcDbSpline
 70
0
 71
1
 72
4
 73
2
 74
0
 40
0.0
 40
0.0
 40
1.0
 40
1.0
 10
4.904176045213182
 20
-113.4567408326075
 30
0.0
 10
4.904179537187689
 20
-113.45673587843962
 30
0.0
  0
SPLINE
  5
2DF
330
17
100
AcDbEntity
  8
VISIBLE
100
AcDbSpline
 70
0
 71
1
 72
4
 73
2
 74
0
 40
0.0
 40
0.0
 40
1.0
 40
1.0
 10
4.905677239063914
 20
-113.4546100639391
 30
0.0
 10
4.905680701701062
 20
-113.45460514685834
 30
0.0
  0
SPLINE
  5
2E0
330
17
100
AcDbEntity
  8
VISIBLE
100
AcDbSpline
 70
0
 71
1
 72
4
 73
2
 74
0
 40
0.0
 40
0.0
 40
1.0
 40
1.0
 10
4.907177520343347
 20
-113.45247862456443
 30
0.0
 10
4.907180953027129
 20
-113.4524737455177
 30
0.0
  0
SPLINE
  5
2E1
330
17
100
AcDbEntity
  8
VISIBLE
100
AcDbSpline
 70
0
 71
1
 72
4
 73
2
 74
0
 40
0.0
 40
0.0
 40
1.0
 40
1.0
 10
4.908676888757556
 20
-113.45034651484914
 30
0.0
 10
4.908680290886787
 20
-113.45034167476453
 30
0.0
  0
SPLINE
  5
2E2
330
17
100
AcDbEntity
  8
VISIBLE
100
AcDbSpline
 70
0
 71
1
 72
4
 73
2
 74
0
 40
0.0
 40
0.0
 40
1.0
 40
1.0
 10
4.910175344012743
 20
-113.44821373515866
 30
0.0
 10
4.910178715001048
 20
-113.44820893494612
 30
0.0
  0
SPLINE
  5
2E3
330
17
100
AcDbEntity
  8
VISIBLE
100
AcDbSpline
 70
0
 71
1
 72
4
 73
2
 74
0
 40
0.0
 40
0.0
 40
1.0
 40
1.0
 10
4.911672885815233
 20
-113.44608028585904
 30
0.0
 10
4.911676225091001
 20
-113.44607552640943
 30
0.0
  0
SPLINE
  5
2E4
330
17
100
AcDbEntity
  8
VISIBLE
100
AcDbSpline
 70
0
 71
1
 72
4
 73
2
 74
0
 40
0.0
 40
0.0
 40
1.0
 40
1.0
 10
4.913169513871445
 20
-113.443946167316
 30
0.0
 10
4.913172820877854
 20
-113.44394144950186
 30
0.0
  0
SPLINE
  5
2E5
330
17
100
AcDbEntity
  8
VISIBLE
100
AcDbSpline
 70
0
 71
1
 72
4
 73
2
 74
0
 40
0.0
 40
0.0
 40
1.0
 40
1.0
 10
4.9146652278879355
 20
-113.44181137989565
 30
0.0
 10
4.914668502082895
 20
-113.44180670457067
 30
0.0
  0
SPLINE
  5
2E6
330
17
100
AcDbEntity
  8
VISIBLE
100
AcDbSpline
 70
0
 71
1
 72
4
 73
2
 74
0
 40
0.0
 40
0.0
 40
1.0
 40
1.0
 10
4.916160027571356
 20
-113.43967592396419
 30
0.0
 10
4.916163268427523
 20
-113.43967129196332
 30
0.0
  0
SPLINE
  5
2E7
330
17
100
AcDbEntity
  8
VISIBLE
100
AcDbSpline
 70
0
 71
1
 72
4
 73
2
 74
0
 40
0.0
 40
0.0
 40
1.0
 40
1.0
 10
4.917653912628499
 20
-113.43753979988794
 30
0.0
 10
4.91765711963323
 20
-113.43753521202744
 30
0.0
  0
SPLINE
  5
2E8
330
17
100
AcDbEntity
  8
VISIBLE
100
AcDbSpline
 70
0
 71
1
 72
4
 73
2
 74
0
 40
0.0
 40
0.0
 40
1.0
 40
1.0
 10
4.919146882766231
 20
-113.43540300803346
 30
0.0
 10
4.919150055421603
 20
-113.43539846511044
 30
0.0
  0
SPLINE
  5
2E9
330
17
100
AcDbEntity
  8
VISIBLE
100
AcDbSpline
 70
0
 71
1
 72
4
 73
2
 74
0
 40
0.0
 40
0.0
 40
1.0
 40
1.0
 10
4.920638937691575
 20
-113.43326554876725
 30
0.0
 10
4.920642075514336
 20
-113.43326105156021
 30
0.0
  0
SPLINE
  5
2EA
330
17
100
AcDbEntity
  8
VISIBLE
100
AcDbSpline
 70
0
 71
1
 72
4
 73
2
 74
0
 40
0.0
 40
0.0
 40
1.0
 40
1.0
 10
4.922130077111634
 20
-113.43112742245607
 30
0.0
 10
4.922133179633207
 20
-113.43112297172435
 30
0.0
  0
SPLINE
  5
2EB
330
17
100
AcDbEntity
  8
VISIBLE
100
AcDbSpline
 70
0
 71
1
 72
4
 73
2
 74
0
 40
0.0
 40
0.0
 40
1.0
 40
1.0
 10
4.9236203007336545
 20
-113.4289886294668
 30
0.0
 10
4.923623367500108
 20
-113.4289842259509
 30
0.0
  0
SPLINE
  5
2EC
330
17
100
AcDbEntity
  8
VISIBLE
100
AcDbSpline
 70
0
 71
1
 72
4
 73
2
 74
0
 40
0.0
 40
0.0
 40
1.0
 40
1.0
 10
4.925109608264977
 20
-113.42684917016645
 30
0.0
 10
4.92511263883701
 20
-113.42684481458762
 30
0.0
  0
SPLINE
  5
2ED
330
17
100
AcDbEntity
  8
VISIBLE
100
AcDbSpline
 70
0
 71
1
 72
4
 73
2
 74
0
 40
0.0
 40
0.0
 40
1.0
 40
1.0
 10
4.926597999413075
 20
-113.42470904492218
 30
0.0
 10
4.926600993366001
 20
-113.42470473798268
 30
0.0
  0
SPLINE
  5
2EE
330
17
100
AcDbEntity
  8
VISIBLE
100
AcDbSpline
 70
0
 71
1
 72
4
 73
2
 74
0
 40
0.0
 40
0.0
 40
1.0
 40
1.0
 10
4.928085473885517
 20
-113.42256825410118
 30
0.0
 10
4.928088430809257
 20
-113.42256399648426
 30
0.0
  0
SPLINE
  5
2EF
330
17
100
AcDbEntity
  8
VISIBLE
100
AcDbSpline
 70
0
 71
1
 72
4
 73
2
 74
0
 40
0.0
 40
0.0
 40
1.0
 40
1.0
 10
4.929572031390012
 20
-113.42042679807096
 30
0.0
 10
4.929574950889051
 20
-113.42042259044038
 30
0.0
  0
SPLINE
  5
2F0
330
17
100
AcDbEntity
  8
VISIBLE
100
AcDbSpline
 70
0
 71
1
 72
4
 73
2
 74
0
 40
0.0
 40
0.0
 40
1.0
 40
1.0
 10
4.931057671634351
 20
-113.41828467719904
 30
0.0
 10
4.931060553327759
 20
-113.41828052019957
 30
0.0
  0
SPLINE
  5
2F1
330
17
100
AcDbEntity
  8
VISIBLE
100
AcDbSpline
 70
0
 71
1
 72
4
 73
2
 74
0
 40
0.0
 40
0.0
 40
1.0
 40
1.0
 10
4.932542394326456
 20
-113.41614189185293
 30
0.0
 10
4.932545237847846
 20
-113.41613778611003
 30
0.0
  0
SPLINE
  5
2F2
330
17
100
AcDbEntity
  8
VISIBLE
100
AcDbSpline
 70
0
 71
1
 72
4
 73
2
 74
0
 40
0.0
 40
0.0
 40
1.0
 40
1.0
 10
4.934026199174382
 20
-113.41399844240075
 30
0.0
 10
4.934029004171884
 20
-113.41399438852025
 30
0.0
  0
SPLINE
  5
2F3
330
17
100
AcDbEntity
  8
VISIBLE
100
AcDbSpline
 70
0
 71
1
 72
4
 73
2
 74
0
 40
0.0
 40
0.0
 40
1.0
 40
1.0
 10
4.935509085886279
 20
-113.41185432921034
 30
0.0
 10
4.935511852022541
 20
-113.41185032777898
 30
0.0
  0
SPLINE
  5
2F4
330
17
100
AcDbEntity
  8
VISIBLE
100
AcDbSpline
 70
0
 71
1
 72
4
 73
2
 74
0
 40
0.0
 40
0.0
 40
1.0
 40
1.0
 10
4.936991054170404
 20
-113.40970955264963
 30
0.0
 10
4.936993781122576
 20
-113.40970560423462
 30
0.0
  0
SPLINE
  5
2F5
330
17
100
AcDbEntity
  8
VISIBLE
100
AcDbSpline
 70
0
 71
1
 72
4
 73
2
 74
0
 40
0.0
 40
0.0
 40
1.0
 40
1.0
 10
4.938472103735161
 20
-113.40756411308698
 30
0.0
 10
4.938474791194856
 20
-113.40756021823611
 30
0.0
  0
SPLINE
  5
2F6
330
17
100
AcDbEntity
  8
VISIBLE
100
AcDbSpline
 70
0
 71
1
 72
4
 73
2
 74
0
 40
0.0
 40
0.0
 40
1.0
 40
1.0
 10
4.939952234289038
 20
-113.40541801089087
 30
0.0
 10
4.939954881962333
 20
-113.40541417013212
 30
0.0
  0
SPLINE
  5
2F7
330
17
100
AcDbEntity
  8
VISIBLE
100
AcDbSpline
 70
0
 71
1
 72
4
 73
2
 74
0
 40
0.0
 40
0.0
 40
1.0
 40
1.0
 10
4.94143144554064
 20
-113.40327124642951
 30
0.0
 10
4.941434053148069
 20
-113.40326746027168
 30
0.0
  0
SPLINE
  5
2F8
330
17
100
AcDbEntity
  8
VISIBLE
100
AcDbSpline
 70
0
 71
1
 72
4
 73
2
 74
0
 40
0.0
 40
0.0
 40
1.0
 40
1.0
 10
4.942909737198718
 20
-113.40112382007173
 30
0.0
 10
4.942912304475216
 20
-113.40112008900364
 30
0.0
  0
SPLINE
  5
2F9
330
17
100
AcDbEntity
  8
VISIBLE
100
AcDbSpline
 70
0
 71
1
 72
4
 73
2
 74
0
 40
0.0
 40
0.0
 40
1.0
 40
1.0
 10
4.944387108972106
 20
-113.39897573218627
 30
0.0
 10
4.944389635667023
 20
-113.39897205667717
 30
0.0
  0
SPLINE
  5
2FA
330
17
100
AcDbEntity
  8
VISIBLE
100
AcDbSpline
 70
0
 71
1
 72
4
 73
2
 74
0
 40
0.0
 40
0.0
 40
1.0
 40
1.0
 10
4.945863560569774
 20
-113.396826983142
 30
0.0
 10
4.945866046446848
 20
-113.39682336364152
 30
0.0
  0
SPLINE
  5
2FB
330
17
100
AcDbEntity
  8
VISIBLE
100
AcDbSpline
 70
0
 71
1
 72
4
 73
2
 74
0
 40
0.0
 40
0.0
 40
1.0
 40
1.0
 10
4.9473390917007904
 20
-113.39467757330792
 30
0.0
 10
4.947341536538129
 20
-113.39467401024578
 30
0.0
  0
SPLINE
  5
2FC
330
17
100
AcDbEntity
  8
VISIBLE
100
AcDbSpline
 70
0
 71
1
 72
4
 73
2
 74
0
 40
0.0
 40
0.0
 40
1.0
 40
1.0
 10
4.948813702074348
 20
-113.39252750305332
 30
0.0
 10
4.948816105664415
 20
-113.39252399683946
 30
0.0
  0
SPLINE
  5
2FD
330
17
100
AcDbEntity
  8
VISIBLE
100
AcDbSpline
 70
0
 71
1
 72
4
 73
2
 74
0
 40
0.0
 40
0.0
 40
1.0
 40
1.0
 10
4.9502873913997565
 20
-113.39037677274737
 30
0.0
 10
4.9502897535493435
 20
-113.39037332377185
 30
0.0
  0
SPLINE
  5
2FE
330
17
100
AcDbEntity
  8
VISIBLE
100
AcDbSpline
 70
0
 71
1
 72
4
 73
2
 74
0
 40
0.0
 40
0.0
 40
1.0
 40
1.0
 10
4.95176015938644
 20
-113.38822538275957
 30
0.0
 10
4.95176247991666
 20
-113.38822199139256
 30
0.0
  0
SPLINE
  5
2FF
330
17
100
AcDbEntity
  8
VISIBLE
100
AcDbSpline
 70
0
 71
1
 72
4
 73
2
 74
0
 40
0.0
 40
0.0
 40
1.0
 40
1.0
 10
4.9532320057439385
 20
-113.38607333345959
 30
0.0
 10
4.953234284490195
 20
-113.38607000005106
 30
0.0
  0
SPLINE
  5
300
330
17
100
AcDbEntity
  8
VISIBLE
100
AcDbSpline
 70
0
 71
1
 72
4
 73
2
 74
0
 40
0.0
 40
0.0
 40
1.0
 40
1.0
 10
4.954702930181901
 20
-113.38392062521697
 30
0.0
 10
4.954705166993885
 20
-113.38391735009719
 30
0.0
  0
SPLINE
  5
301
330
17
100
AcDbEntity
  8
VISIBLE
100
AcDbSpline
 70
0
 71
1
 72
4
 73
2
 74
0
 40
0.0
 40
0.0
 40
1.0
 40
1.0
 10
4.956172932410111
 20
-113.3817672584017
 30
0.0
 10
4.956175127151764
 20
-113.38176404188071
 30
0.0
  0
SPLINE
  5
302
330
17
100
AcDbEntity
  8
VISIBLE
100
AcDbSpline
 70
0
 71
1
 72
4
 73
2
 74
0
 40
0.0
 40
0.0
 40
1.0
 40
1.0
 10
4.957642012138441
 20
-113.37961323338368
 30
0.0
 10
4.957644164687954
 20
-113.3796100757514
 30
0.0
  0
SPLINE
  5
303
330
17
100
AcDbEntity
  8
VISIBLE
100
AcDbSpline
 70
0
 71
1
 72
4
 73
2
 74
0
 40
0.0
 40
0.0
 40
1.0
 40
1.0
 10
5.2441771306088105
 20
-112.91523686912271
 30
0.0
 10
5.287998907320586
 20
-112.83497219972023
 30
0.0
  0
SPLINE
  5
304
330
17
100
AcDbEntity
  8
VISIBLE
100
AcDbSpline
 70
0
 71
1
 72
4
 73
2
 74
0
 40
0.0
 40
0.0
 40
1.0
 40
1.0
 10
5.2924290088407355
 20
-112.82669329946992
 30
0.0
 10
5.292430354552573
 20
-112.8266907798872
 30
0.0
  0
SPLINE
  5
305
330
17
100
AcDbEntity
  8
VISIBLE
100
AcDbSpline
 70
0
 71
1
 72
4
 73
2
 74
0
 40
0.0
 40
0.0
 40
1.0
 40
1.0
 10
5.294974418258769
 20
-112.8219223476927
 30
0.0
 10
5.294976418057499
 20
-112.82191859532485
 30
0.0
  0
SPLINE
  5
306
330
17
100
AcDbEntity
  8
VISIBLE
100
AcDbSpline
 70
0
 71
1
 72
4
 73
2
 74
0
 40
0.0
 40
0.0
 40
1.0
 40
1.0
 10
5.2975155957271625
 20
-112.81714897424528
 30
0.0
 10
5.297518236395572
 20
-112.81714400858813
 30
0.0
  0
SPLINE
  5
307
330
17
100
AcDbEntity
  8
VISIBLE
100
AcDbSpline
 70
0
 71
1
 72
4
 73
2
 74
0
 40
0.0
 40
0.0
 40
1.0
 40
1.0
 10
5.300052538852695
 20
-112.81237318277809
 30
0.0
 10
5.300055807266078
 20
-112.81236702328809
 30
0.0
  0
SPLINE
  5
308
330
17
100
AcDbEntity
  8
VISIBLE
100
AcDbSpline
 70
0
 71
1
 72
4
 73
2
 74
0
 40
0.0
 40
0.0
 40
1.0
 40
1.0
 10
5.302585245242471
 20
-112.80759497694895
 30
0.0
 10
5.302589128376403
 20
-112.80758764302782
 30
0.0
  0
SPLINE
  5
309
330
17
100
AcDbEntity
  8
VISIBLE
100
AcDbSpline
 70
0
 71
1
 72
4
 73
2
 74
0
 40
0.0
 40
0.0
 40
1.0
 40
1.0
 10
5.3051137125080325
 20
-112.80281436041548
 30
0.0
 10
5.3051181974379995
 20
-112.80280587141016
 30
0.0
  0
SPLINE
  5
30A
330
17
100
AcDbEntity
  8
VISIBLE
100
AcDbSpline
 70
0
 71
1
 72
4
 73
2
 74
0
 40
0.0
 40
0.0
 40
1.0
 40
1.0
 10
5.3076379382632926
 20
-112.79803133683887
 30
0.0
 10
5.30764301216538
 20
-112.79802171203951
 30
0.0
  0
SPLINE
  5
30B
330
17
100
AcDbEntity
  8
VISIBLE
100
AcDbSpline
 70
0
 71
1
 72
4
 73
2
 74
0
 40
0.0
 40
0.0
 40
1.0
 40
1.0
 10
5.3101579201241895
 20
-112.79324590988475
 30
0.0
 10
5.310163570275781
 20
-112.79323516852247
 30
0.0
  0
SPLINE
  5
30C
330
17
100
AcDbEntity
  8
VISIBLE
100
AcDbSpline
 70
0
 71
1
 72
4
 73
2
 74
0
 40
0.0
 40
0.0
 40
1.0
 40
1.0
 10
5.312673655710293
 20
-112.78845808321981
 30
0.0
 10
5.312679869489022
 20
-112.78844624446819
 30
0.0
  0
SPLINE
  5
30D
330
17
100
AcDbEntity
  8
VISIBLE
100
AcDbSpline
 70
0
 71
1
 72
4
 73
2
 74
0
 40
0.0
 40
0.0
 40
1.0
 40
1.0
 10
5.315185142643385
 20
-112.78366786051487
 30
0.0
 10
5.315191907527462
 20
-112.78365494348827
 30
0.0
  0
SPLINE
  5
30E
330
17
100
AcDbEntity
  8
VISIBLE
100
AcDbSpline
 70
0
 71
1
 72
4
 73
2
 74
0
 40
0.0
 40
0.0
 40
1.0
 40
1.0
 10
5.31769237854868
 20
-112.77887524544235
 30
0.0
 10
5.3176996821159666
 20
-112.77886126919708
 30
0.0
  0
SPLINE
  5
30F
330
17
100
AcDbEntity
  8
VISIBLE
100
AcDbSpline
 70
0
 71
1
 72
4
 73
2
 74
0
 40
0.0
 40
0.0
 40
1.0
 40
1.0
 10
5.320195361052257
 20
-112.77408024168125
 30
0.0
 10
5.320203190981892
 20
-112.77406522521159
 30
0.0
  0
SPLINE
  5
310
330
17
100
AcDbEntity
  8
VISIBLE
100
AcDbSpline
 70
0
 71
1
 72
4
 73
2
 74
0
 40
0.0
 40
0.0
 40
1.0
 40
1.0
 10
5.32269408778487
 20
-112.76928285290975
 30
0.0
 10
5.322702431855084
 20
-112.7692668151515
 30
0.0
  0
SPLINE
  5
311
330
17
100
AcDbEntity
  8
VISIBLE
100
AcDbSpline
 70
0
 71
1
 72
4
 73
2
 74
0
 40
0.0
 40
0.0
 40
1.0
 40
1.0
 10
5.325188556379393
 20
-112.76448308281047
 30
0.0
 10
5.32519740246787
 20
-112.76446604263921
 30
0.0
  0
SPLINE
  5
312
330
17
100
AcDbEntity
  8
VISIBLE
100
AcDbSpline
 70
0
 71
1
 72
4
 73
2
 74
0
 40
0.0
 40
0.0
 40
1.0
 40
1.0
 10
5.327678764470816
 20
-112.75968093507004
 30
0.0
 10
5.32768810055507
 20
-112.75966291129981
 30
0.0
  0
SPLINE
  5
313
330
17
100
AcDbEntity
  8
VISIBLE
100
AcDbSpline
 70
0
 71
1
 72
4
 73
2
 74
0
 40
0.0
 40
0.0
 40
1.0
 40
1.0
 10
5.33016470969753
 20
-112.75487641337682
 30
0.0
 10
5.330174523853969
 20
-112.75485742476118
 30
0.0
  0
SPLINE
  5
314
330
17
100
AcDbEntity
  8
VISIBLE
100
AcDbSpline
 70
0
 71
1
 72
4
 73
2
 74
0
 40
0.0
 40
0.0
 40
1.0
 40
1.0
 10
5.332646389701292
 20
-112.75006952142118
 30
0.0
 10
5.332656670104381
 20
-112.75004958665383
 30
0.0
  0
SPLINE
  5
315
330
17
100
AcDbEntity
  8
VISIBLE
100
AcDbSpline
 70
0
 71
1
 72
4
 73
2
 74
0
 40
0.0
 40
0.0
 40
1.0
 40
1.0
 10
5.335123802124761
 20
-112.74526026289993
 30
0.0
 10
5.335134537048566
 20
-112.74523940061118
 30
0.0
  0
SPLINE
  5
316
330
17
100
AcDbEntity
  8
VISIBLE
100
AcDbSpline
 70
0
 71
1
 72
4
 73
2
 74
0
 40
0.0
 40
0.0
 40
1.0
 40
1.0
 10
5.337596944615219
 20
-112.74044864150929
 30
0.0
 10
5.337608122431298
 20
-112.7404268702692
 30
0.0
  0
SPLINE
  5
317
330
17
100
AcDbEntity
  8
VISIBLE
100
AcDbSpline
 70
0
 71
1
 72
4
 73
2
 74
0
 40
0.0
 40
0.0
 40
1.0
 40
1.0
 10
5.340065814822097
 20
-112.73563466094978
 30
0.0
 10
5.340077423999865
 20
-112.73561199926664
 30
0.0
  0
SPLINE
  5
318
330
17
100
AcDbEntity
  8
VISIBLE
100
AcDbSpline
 70
0
 71
1
 72
4
 73
2
 74
0
 40
0.0
 40
0.0
 40
1.0
 40
1.0
 10
5.342530410396348
 20
-112.7308183249273
 30
0.0
 10
5.342542439504017
 20
-112.73079479124507
 30
0.0
  0
SPLINE
  5
319
330
17
100
AcDbEntity
  8
VISIBLE
100
AcDbSpline
 70
0
 71
1
 72
4
 73
2
 74
0
 40
0.0
 40
0.0
 40
1.0
 40
1.0
 10
5.344990728993565
 20
-112.72599963714714
 30
0.0
 10
5.345003166696035
 20
-112.72597524984877
 30
0.0
  0
SPLINE
  5
31A
330
17
100
AcDbEntity
  8
VISIBLE
100
AcDbSpline
 70
0
 71
1
 72
4
 73
2
 74
0
 40
0.0
 40
0.0
 40
1.0
 40
1.0
 10
5.347446768270881
 20
-112.72117860131998
 30
0.0
 10
5.347459603330687
 20
-112.72115337872476
 30
0.0
  0
SPLINE
  5
31B
330
17
100
AcDbEntity
  8
VISIBLE
100
AcDbSpline
 70
0
 71
1
 72
4
 73
2
 74
0
 40
0.0
 40
0.0
 40
1.0
 40
1.0
 10
5.3498985258894525
 20
-112.71635522115719
 30
0.0
 10
5.3499117471652795
 20
-112.71632918152281
 30
0.0
  0
SPLINE
  5
31C
330
17
100
AcDbEntity
  8
VISIBLE
100
AcDbSpline
 70
0
 71
1
 72
4
 73
2
 74
0
 40
0.0
 40
0.0
 40
1.0
 40
1.0
 10
5.352345999511358
 20
-112.71152950037674
 30
0.0
 10
5.35235959595959
 20
-112.71150266189545
 30
0.0
  0
SPLINE
  5
31D
330
17
100
AcDbEntity
  8
VISIBLE
100
AcDbSpline
 70
0
 71
1
 72
4
 73
2
 74
0
 40
0.0
 40
0.0
 40
1.0
 40
1.0
 10
5.354789186803318
 20
-112.706701442696
 30
0.0
 10
5.35480314747595
 20
-112.70667382349798
 30
0.0
  0
SPLINE
  5
31E
330
17
100
AcDbEntity
  8
VISIBLE
100
AcDbSpline
 70
0
 71
1
 72
4
 73
2
 74
0
 40
0.0
 40
0.0
 40
1.0
 40
1.0
 10
5.3572280854329986
 20
-112.70187105183899
 30
0.0
 10
5.357242399479196
 20
-112.70184266998845
 30
0.0
  0
SPLINE
  5
31F
330
17
100
AcDbEntity
  8
VISIBLE
100
AcDbSpline
 70
0
 71
1
 72
4
 73
2
 74
0
 40
0.0
 40
0.0
 40
1.0
 40
1.0
 10
5.359662693073359
 20
-112.69703833152795
 30
0.0
 10
5.359677349736684
 20
-112.69700920502765
 30
0.0
  0
SPLINE
  5
320
330
17
100
AcDbEntity
  8
VISIBLE
100
AcDbSpline
 70
0
 71
1
 72
4
 73
2
 74
0
 40
0.0
 40
0.0
 40
1.0
 40
1.0
 10
5.36209300739702
 20
-112.69220328549414
 30
0.0
 10
5.362107996018294
 20
-112.69217343227922
 30
0.0
  0
SPLINE
  5
321
330
17
100
AcDbEntity
  8
VISIBLE
100
AcDbSpline
 70
0
 71
1
 72
4
 73
2
 74
0
 40
0.0
 40
0.0
 40
1.0
 40
1.0
 10
5.36451902608254
 20
-112.68736591746585
 30
0.0
 10
5.364534336096458
 20
-112.6873353554094
 30
0.0
  0
SPLINE
  5
322
330
17
100
AcDbEntity
  8
VISIBLE
100
AcDbSpline
 70
0
 71
1
 72
4
 73
2
 74
0
 40
0.0
 40
0.0
 40
1.0
 40
1.0
 10
5.366940746808807
 20
-112.68252623117925
 30
0.0
 10
5.366956367746115
 20
-112.68249497808742
 30
0.0
  0
SPLINE
  5
323
330
17
100
AcDbEntity
  8
VISIBLE
100
AcDbSpline
 70
0
 71
1
 72
4
 73
2
 74
0
 40
0.0
 40
0.0
 40
1.0
 40
1.0
 10
5.369358167258749
 20
-112.6776842303711
 30
0.0
 10
5.36937408874476
 20
-112.67765230398508
 30
0.0
  0
SPLINE
  5
324
330
17
100
AcDbEntity
  8
VISIBLE
100
AcDbSpline
 70
0
 71
1
 72
4
 73
2
 74
0
 40
0.0
 40
0.0
 40
1.0
 40
1.0
 10
5.371771285117507
 20
-112.67283991878237
 30
0.0
 10
5.371787496872418
 20
-112.6728073367771
 30
0.0
  0
SPLINE
  5
325
330
17
100
AcDbEntity
  8
VISIBLE
100
AcDbSpline
 70
0
 71
1
 72
4
 73
2
 74
0
 40
0.0
 40
0.0
 40
1.0
 40
1.0
 10
5.3741800980742775
 20
-112.66799330015473
 30
0.0
 10
5.374196589911667
 20
-112.66796008014089
 30
0.0
  0
SPLINE
  5
326
330
17
100
AcDbEntity
  8
VISIBLE
100
AcDbSpline
 70
0
 71
2
 72
6
 73
3
 74
0
 40
0.0
 40
0.0
 40
0.0
 40
1.0
 40
1.0
 40
1.0
 10
5.37658460381984
 20
-112.66314437823526
 30
0.0
 10
5.4354639527259545
 20
-112.5442772979196
 30
0.0
 10
5.489101256014079
 20
-112.4227603198667
 30
0.0
  0
SPLINE
  5
327
330
17
100
AcDbEntity
  8
VISIBLE
100
AcDbSpline
 70
0
 71
1
 72
4
 73
2
 74
0
 40
0.0
 40
0.0
 40
1.0
 40
1.0
 10
5.491268010194149
 20
-112.41784528207252
 30
0.0
 10
5.491287400037583
 20
-112.41780124452437
 30
0.0
  0
SPLINE
  5
328
330
17
100
AcDbEntity
  8
VISIBLE
100
AcDbSpline
 70
0
 71
1
 72
4
 73
2
 74
0
 40
0.0
 40
0.0
 40
1.0
 40
1.0
 10
5.493449854051031
 20
-112.4128839322021
 30
0.0
 10
5.493469117266999
 20
-112.41284007486993
 30
0.0
  0
SPLINE
  5
329
330
17
100
AcDbEntity
  8
VISIBLE
100
AcDbSpline
 70
0
 71
1
 72
4
 73
2
 74
0
 40
0.0
 40
0.0
 40
1.0
 40
1.0
 10
5.495627274630828
 20
-112.40792047811107
 30
0.0
 10
5.495646405625252
 20
-112.40787681473165
 30
0.0
  0
SPLINE
  5
32A
330
17
100
AcDbEntity
  8
VISIBLE
100
AcDbSpline
 70
0
 71
1
 72
4
 73
2
 74
0
 40
0.0
 40
0.0
 40
1.0
 40
1.0
 10
5.497800269780531
 20
-112.40295492371038
 30
0.0
 10
5.497819263038028
 20
-112.4029114679407
 30
0.0
  0
SPLINE
  5
32B
330
17
100
AcDbEntity
  8
VISIBLE
100
AcDbSpline
 70
0
 71
1
 72
4
 73
2
 74
0
 40
0.0
 40
0.0
 40
1.0
 40
1.0
 10
5.4999688373502025
 20
-112.39798727291429
 30
0.0
 10
5.499987687433787
 20
-112.39794403833116
 30
0.0
  0
SPLINE
  5
32C
330
17
100
AcDbEntity
  8
VISIBLE
100
AcDbSpline
 70
0
 71
1
 72
4
 73
2
 74
0
 40
0.0
 40
0.0
 40
1.0
 40
1.0
 10
5.502132975192988
 20
-112.39301752964006
 30
0.0
 10
5.502151676743741
 20
-112.39297452974007
 30
0.0
  0
SPLINE
  5
32D
330
17
100
AcDbEntity
  8
VISIBLE
100
AcDbSpline
 70
0
 71
1
 72
4
 73
2
 74
0
 40
0.0
 40
0.0
 40
1.0
 40
1.0
 10
5.504292681165662
 20
-112.38804569780696
 30
0.0
 10
5.504311228901885
 20
-112.38800294600738
 30
0.0
  0
SPLINE
  5
32E
330
17
100
AcDbEntity
  8
VISIBLE
100
AcDbSpline
 70
0
 71
1
 72
4
 73
2
 74
0
 40
0.0
 40
0.0
 40
1.0
 40
1.0
 10
5.5064479531264325
 20
-112.38307178134114
 30
0.0
 10
5.506466341844984
 20
-112.3830292909759
 30
0.0
  0
SPLINE
  5
32F
330
17
100
AcDbEntity
  8
VISIBLE
100
AcDbSpline
 70
0
 71
1
 72
4
 73
2
 74
0
 40
0.0
 40
0.0
 40
1.0
 40
1.0
 10
5.5085987889382535
 20
-112.37809578416817
 30
0.0
 10
5.508617013512576
 20
-112.37805356849152
 30
0.0
  0
SPLINE
  5
330
330
17
100
AcDbEntity
  8
VISIBLE
100
AcDbSpline
 70
0
 71
1
 72
4
 73
2
 74
0
 40
0.0
 40
0.0
 40
1.0
 40
1.0
 10
5.510745186466623
 20
-112.37311771021794
 30
0.0
 10
5.510763241846981
 20
-112.37307578240296
 30
0.0
  0
SPLINE
  5
331
330
17
100
AcDbEntity
  8
VISIBLE
100
AcDbSpline
 70
0
 71
1
 72
4
 73
2
 74
0
 40
0.0
 40
0.0
 40
1.0
 40
1.0
 10
5.512887143580127
 20
-112.36813756342366
 30
0.0
 10
5.512905024793329
 20
-112.36809593656187
 30
0.0
  0
SPLINE
  5
332
330
17
100
AcDbEntity
  8
VISIBLE
100
AcDbSpline
 70
0
 71
1
 72
4
 73
2
 74
0
 40
0.0
 40
0.0
 40
1.0
 40
1.0
 10
5.515024658149942
 20
-112.36315534772278
 30
0.0
 10
5.515042360299519
 20
-112.36311403482286
 30
0.0
  0
SPLINE
  5
333
330
17
100
AcDbEntity
  8
VISIBLE
100
AcDbSpline
 70
0
 71
1
 72
4
 73
2
 74
0
 40
0.0
 40
0.0
 40
1.0
 40
1.0
 10
5.517157728051419
 20
-112.35817106705352
 30
0.0
 10
5.51717524631626
 20
-112.35813008104353
 30
0.0
  0
SPLINE
  5
334
330
17
100
AcDbEntity
  8
VISIBLE
100
AcDbSpline
 70
0
 71
1
 72
4
 73
2
 74
0
 40
0.0
 40
0.0
 40
1.0
 40
1.0
 10
5.51928635116195
 20
-112.35318472535978
 30
0.0
 10
5.51930368079706
 20
-112.35314407908432
 30
0.0
  0
SPLINE
  5
335
330
17
100
AcDbEntity
  8
VISIBLE
100
AcDbSpline
 70
0
 71
1
 72
4
 73
2
 74
0
 40
0.0
 40
0.0
 40
1.0
 40
1.0
 10
5.521410525362597
 20
-112.3481963265873
 30
0.0
 10
5.5214276616982225
 20
-112.34815603280873
 30
0.0
  0
SPLINE
  5
336
330
17
100
AcDbEntity
  8
VISIBLE
100
AcDbSpline
 70
0
 71
1
 72
4
 73
2
 74
0
 40
0.0
 40
0.0
 40
1.0
 40
1.0
 10
5.523530248537522
 20
-112.34320587468504
 30
0.0
 10
5.523547186978881
 20
-112.34316594608315
 30
0.0
  0
SPLINE
  5
337
330
17
100
AcDbEntity
  8
VISIBLE
100
AcDbSpline
 70
0
 71
1
 72
4
 73
2
 74
0
 40
0.0
 40
0.0
 40
1.0
 40
1.0
 10
5.525645518574057
 20
-112.33821337360513
 30
0.0
 10
5.5256622546009595
 20
-112.33817382277698
 30
0.0
  0
SPLINE
  5
338
330
17
100
AcDbEntity
  8
VISIBLE
100
AcDbSpline
 70
0
 71
1
 72
4
 73
2
 74
0
 40
0.0
 40
0.0
 40
1.0
 40
1.0
 10
5.527756333362632
 20
-112.33321882730289
 30
0.0
 10
5.527772862529222
 20
-112.33317966676245
 30
0.0
  0
SPLINE
  5
339
330
17
100
AcDbEntity
  8
VISIBLE
100
AcDbSpline
 70
0
 71
1
 72
4
 73
2
 74
0
 40
0.0
 40
0.0
 40
1.0
 40
1.0
 10
5.529862690796303
 20
-112.32822223973804
 30
0.0
 10
5.529879008731246
 20
-112.32818348191492
 30
0.0
  0
SPLINE
  5
33A
330
17
100
AcDbEntity
  8
VISIBLE
100
AcDbSpline
 70
0
 71
1
 72
4
 73
2
 74
0
 40
0.0
 40
0.0
 40
1.0
 40
1.0
 10
5.531964588771801
 20
-112.32322361487226
 30
0.0
 10
5.531980691177452
 20
-112.32318527211254
 30
0.0
  0
SPLINE
  5
33B
330
17
100
AcDbEntity
  8
VISIBLE
100
AcDbSpline
 70
0
 71
2
 72
6
 73
3
 74
0
 40
0.0
 40
0.0
 40
0.0
 40
1.0
 40
1.0
 40
1.0
 10
5.8273740541036005
 20
-111.42888472592176
 30
0.0
 10
5.89916386822032
 20
-111.13612910753093
 30
0.0
 10
5.941326713500307
 20
-110.83704063467952
 30
0.0
  0
SPLINE
  5
33C
330
17
100
AcDbEntity
  8
VISIBLE
100
AcDbSpline
 70
0
 71
3
 72
41
 73
37
 74
0
 40
0.0
 40
0.0
 40
0.0
 40
0.0
 40
0.08712390733576475
 40
0.08712390733576475
 40
0.08712390733576475
 40
0.1742478146715295
 40
0.1742478146715295
 40
0.1742478146715295
 40
0.2864544352601047
 40
0.2864544352601047
 40
0.2864544352601047
 40
0.4099202940243938
 40
0.4099202940243938
 40
0.4099202940243938
 40
0.5252663064246028
 40
0.5252663064246028
 40
0.5252663064246028
 40
0.6610150486935461
 40
0.6610150486935461
 40
0.6610150486935461
 40
0.8030074494005809
 40
0.8030074494005809
 40
0.8030074494005809
 40
0.926381443460366
 40
0.926381443460366
 40
0.926381443460366
 40
1.0
 40
1.0
 40
1.0
 40
1.0809426488394138
 40
1.0809426488394138
 40
1.0809426488394138
 40
1.2077092270568588
 40
1.2077092270568588
 40
1.2077092270568588
 40
1.3361938859274276
 40
1.3361938859274276
 40
1.3361938859274276
 40
1.3361938859274276
 10
6.000000000000001
 20
-110.0
 30
0.0
 10
6.000620088749072
 20
-110.82932428074068
 30
0.0
 10
5.825791664225825
 20
-111.6563666057852
 30
0.0
 10
5.495248695731011
 20
-112.40878429836478
 30
0.0
 10
5.165508026649973
 20
-113.16199651714965
 30
0.0
 10
4.681261540575535
 20
-113.8413227883904
 30
0.0
 10
4.083474337329873
 20
-114.39604792243763
 30
0.0
 10
3.314766284828188
 20
-115.11169461495342
 30
0.0
 10
2.3534158667762113
 20
-115.62101615304259
 30
0.0
 10
1.3202293156998857
 20
-115.85294750992749
 30
0.0
 10
0.184350809393901
 20
-116.11150438787283
 30
0.0
 10
-1.0338250441957484
 20
-116.02777285150626
 30
0.0
 10
-2.129752332605941
 20
-115.60929184494435
 30
0.0
 10
-3.1546298689240215
 20
-115.22189395971866
 30
0.0
 10
-4.068855561084654
 20
-114.54585301603265
 30
0.0
 10
-4.739571452551166
 20
-113.67919317869584
 30
0.0
 10
-5.533344455340285
 20
-112.66171809734914
 30
0.0
 10
-5.980816334651557
 20
-111.3834197592728
 30
0.0
 10
-5.999154490311398
 20
-110.10072438322763
 30
0.0
 10
-6.024400985809526
 20
-108.75884618561436
 30
0.0
 10
-5.584242868057244
 20
-107.42105251734552
 30
0.0
 10
-4.766863150634373
 20
-106.35623605277122
 30
0.0
 10
-4.0609534503599765
 20
-105.42850617689867
 30
0.0
 10
-3.0695014707404678
 20
-104.71018773874687
 30
0.0
 10
-1.9607212473263753
 20
-104.32941165395663
 30
0.0
 10
-1.3003008768705029
 20
-104.10067431616677
 30
0.0
 10
-0.6021888922572898
 20
-103.9902714976017
 30
0.0
 10
0.08685171735324371
 20
-104.00062863466572
 30
0.0
 10
0.8448564779261708
 20
-104.01133716257313
 30
0.0
 10
1.5905635084437373
 20
-104.16703193033644
 30
0.0
 10
2.2763976102746506
 20
-104.44860252549542
 30
0.0
 10
3.351272373795765
 20
-104.88893799555923
 30
0.0
 10
4.281024579641488
 20
-105.63663853197782
 30
0.0
 10
4.942378635110869
 20
-106.59810443617094
 30
0.0
 10
5.6151006049650745
 20
-107.56958073462266
 30
0.0
 10
6.002843638506225
 20
-108.77549644653469
 30
0.0
 10
6.0
 20
-109.99999999999999
 30
0.0
  0
SPLINE
  5
33D
330
17
100
AcDbEntity
  8
VISIBLE
100
AcDbSpline
 70
0
 71
3
 72
14
 73
10
 74
0
 40
0.0
 40
0.0
 40
0.0
 40
0.0
 40
0.22448164599444925
 40
0.22448164599444925
 40
0.22448164599444925
 40
0.5175164830030924
 40
0.5175164830030924
 40
0.5175164830030924
 40
1.0
 40
1.0
 40
1.0
 40
1.0
 10
-21.900799997097806
 20
18.0
 30
0.0
 10
-23.54457034800099
 20
7.125695924912847
 30
0.0
 10
-24.733844941772247
 20
-3.817580487580189
 30
0.0
 10
-25.453118363943886
 20
-14.791973536348848
 30
0.0
 10
-26.393057595144345
 20
-29.11765883143985
 30
0.0
 10
-26.530241021228544
 20
-43.49590553396821
 30
0.0
 10
-25.86447428751279
 20
-57.83694104471783
 30
0.0
 10
-24.773750707018575
 20
-81.45157840315773
 30
0.0
 10
-21.492350715586703
 20
-104.95504048057526
 30
0.0
 10
-16.236799997848383
 20
-128.0
 30
0.0
  0
SPLINE
  5
33E
330
17
100
AcDbEntity
  8
HIDDEN
100
AcDbSpline
 70
0
 71
3
 72
29
 73
25
 74
0
 40
0.0
 40
0.0
 40
0.0
 40
0.0
 40
0.06249999999999999
 40
0.06249999999999999
 40
0.06249999999999999
 40
0.12499999999999999
 40
0.12499999999999999
 40
0.12499999999999999
 40
0.18749999999999997
 40
0.18749999999999997
 40
0.18749999999999997
 40
0.24999999999999997
 40
0.24999999999999997
 40
0.24999999999999997
 40
0.31249999999999994
 40
0.31249999999999994
 40
0.31249999999999994
 40
0.37499999999999994
 40
0.37499999999999994
 40
0.37499999999999994
 40
0.43749999999999994
 40
0.43749999999999994
 40
0.43749999999999994
 40
0.49999999999999994
 40
0.49999999999999994
 40
0.49999999999999994
 40
0.49999999999999994
 10
21.900799999999986
 20
18.0
 30
0.0
 10
21.90232542329103
 20
17.99999999999999
 30
0.0
 10
21.332287781408976
 20
18.000000000000004
 30
0.0
 10
20.23370086326072
 20
17.999999999999996
 30
0.0
 10
19.137932545215428
 20
18.00000000000002
 30
0.0
 10
17.514602702528695
 20
17.999999999999986
 30
0.0
 10
15.486204195697793
 20
18.0
 30
0.0
 10
13.459962950650649
 20
17.99999999999999
 30
0.0
 10
11.030478139924385
 20
18.000000000000007
 30
0.0
 10
8.381073314770436
 20
18.0
 30
0.0
 10
5.732835991005774
 20
18.0
 30
0.0
 10
2.86706326392739
 20
17.999999999999996
 30
0.0
 10
-1.5317223294162404e-09
 20
18.0
 30
0.0
 10
-2.867063267119999
 20
18.000000000000014
 30
0.0
 10
-5.732835991274811
 20
17.999999999999993
 30
0.0
 10
-8.38107331255229
 20
18.0
 30
0.0
 10
-11.030478135086412
 20
17.999999999999996
 30
0.0
 10
-13.459962945591556
 20
18.000000000000004
 30
0.0
 10
-15.486204195228296
 20
18.0
 30
0.0
 10
-17.514602706439618
 20
17.999999999999996
 30
0.0
 10
-19.13793255558871
 20
18.000000000000004
 30
0.0
 10
-20.233700866859422
 20
18.0
 30
0.0
 10
-21.332287776114427
 20
17.999999999999996
 30
0.0
 10
-21.902325411207354
 20
18.000000000000004
 30
0.0
 10
-21.900799997097806
 20
18.0
 30
0.0
  0
SPLINE
  5
33F
330
17
100
AcDbEntity
  8
HIDDEN
100
AcDbSpline
 70
0
 71
3
 72
29
 73
25
 74
0
 40
0.0
 40
0.0
 40
0.0
 40
0.0
 40
0.06249999999999998
 40
0.06249999999999998
 40
0.06249999999999998
 40
0.12499999999999996
 40
0.12499999999999996
 40
0.12499999999999996
 40
0.18749999999999994
 40
0.18749999999999994
 40
0.18749999999999994
 40
0.24999999999999992
 40
0.24999999999999992
 40
0.24999999999999992
 40
0.3124999999999999
 40
0.3124999999999999
 40
0.3124999999999999
 40
0.3749999999999999
 40
0.3749999999999999
 40
0.3749999999999999
 40
0.4374999999999999
 40
0.4374999999999999
 40
0.4374999999999999
 40
0.49999999999999983
 40
0.49999999999999983
 40
0.49999999999999983
 40
0.49999999999999983
 10
16.2368
 20
-128.0
 30
0.0
 10
16.23793091726851
 20
-127.99999999999993
 30
0.0
 10
15.815316803458463
 20
-128.0
 30
0.0
 10
15.000847191727846
 20
-128.0
 30
0.0
 10
14.188467231797533
 20
-128.00000000000003
 30
0.0
 10
12.984964072564331
 20
-127.99999999999997
 30
0.0
 10
11.481151386465582
 20
-128.0
 30
0.0
 10
9.978938049620321
 20
-127.99999999999989
 30
0.0
 10
8.177768276150855
 20
-128.00000000000009
 30
0.0
 10
6.213554354053954
 20
-128.0
 30
0.0
 10
4.250205993331876
 20
-128.00000000000009
 30
0.0
 10
2.125581385325472
 20
-127.99999999999993
 30
0.0
 10
-1.1355791862399656e-09
 20
-128.0
 30
0.0
 10
-2.125581387692413
 20
-128.0
 30
0.0
 10
-4.2502059935313286
 20
-127.99999999999999
 30
0.0
 10
-6.213554352409447
 20
-128.0
 30
0.0
 10
-8.177768272564064
 20
-127.99999999999994
 30
0.0
 10
-9.978938045869604
 20
-128.00000000000006
 30
0.0
 10
-11.48115138611753
 20
-128.0
 30
0.0
 10
-12.984964075463862
 20
-127.99999999999996
 30
0.0
 10
-14.188467239488206
 20
-128.00000000000003
 30
0.0
 10
-15.000847194395783
 20
-128.0
 30
0.0
 10
-15.81531679953311
 20
-127.99999999999991
 30
0.0
 10
-16.237930908308915
 20
-128.00000000000003
 30
0.0
 10
-16.236799997848372
 20
-128.0
 30
0.0
  0
SPLINE
  5
340
330
17
100
AcDbEntity
  8
HIDDEN
100
AcDbSpline
 70
0
 71
2
 72
6
 73
3
 74
0
 40
0.0
 40
0.0
 40
0.0
 40
0.20674759279771193
 40
0.20674759279771193
 40
0.20674759279771193
 10
14.55675508463045
 20
-116.64084944913566
 30
0.0
 10
14.556138659654675
 20
-116.64315083520663
 30
0.0
 10
14.480486276239654
 20
-116.80555043709968
 30
0.0
  0
SPLINE
  5
341
330
17
100
AcDbEntity
  8
HIDDEN
100
AcDbSpline
 70
0
 71
2
 72
6
 73
3
 74
0
 40
0.0
 40
0.0
 40
0.0
 40
1.0
 40
1.0
 40
1.0
 10
14.127936806447329
 20
-117.51008665397859
 30
0.0
 10
14.032089035334934
 20
-117.69074819413765
 30
0.0
 10
13.919082762661501
 20
-117.89044581502247
 30
0.0
  0
SPLINE
  5
342
330
17
100
AcDbEntity
  8
HIDDEN
100
AcDbSpline
 70
0
 71
1
 72
4
 73
2
 74
0
 40
0.0
 40
0.0
 40
1.0
 40
1.0
 10
13.339223713569988
 20
-118.83544630982315
 30
0.0
 10
13.325266055646685
 20
-118.85648267895503
 30
0.0
  0
SPLINE
  5
343
330
17
100
AcDbEntity
  8
HIDDEN
100
AcDbSpline
 70
0
 71
1
 72
4
 73
2
 74
0
 40
0.0
 40
0.0
 40
1.0
 40
1.0
 10
13.304196455783863
 20
-118.88810203072501
 30
0.0
 10
13.297145278917174
 20
-118.89864756640739
 30
0.0
  0
SPLINE
  5
344
330
17
100
AcDbEntity
  8
HIDDEN
100
AcDbSpline
 70
0
 71
1
 72
4
 73
2
 74
0
 40
0.0
 40
0.0
 40
1.0
 40
1.0
 10
13.133127392638972
 20
-119.13898052593957
 30
0.0
 10
13.100439492546894
 20
-119.18577623840888
 30
0.0
  0
SPLINE
  5
345
330
17
100
AcDbEntity
  8
HIDDEN
100
AcDbSpline
 70
0
 71
3
 72
17
 73
13
 74
0
 40
0.0
 40
0.0
 40
0.0
 40
0.0
 40
0.2453124813442432
 40
0.2453124813442432
 40
0.2453124813442432
 40
0.4906249626884864
 40
0.4906249626884864
 40
0.4906249626884864
 40
0.7341869555698233
 40
0.7341869555698233
 40
0.7341869555698233
 40
0.9437407017850333
 40
0.9437407017850333
 40
0.9437407017850333
 40
0.9437407017850333
 10
16.0
 20
-4.634379810483551
 30
0.0
 10
14.316787298836942
 20
-14.453156584664379
 30
0.0
 10
12.993227204162135
 20
-24.33433537579814
 30
0.0
 10
12.055012510400932
 20
-34.252233210424784
 30
0.0
 10
11.115847356496193
 20
-44.16995760450295
 30
0.0
 10
10.56206735911712
 20
-54.12437406191728
 30
0.0
 10
10.393789322437165
 20
-64.0850414125661
 30
0.0
 10
10.225198577502736
 20
-73.97473268639477
 30
0.0
 10
10.439072909331486
 20
-83.87001940573298
 30
0.0
 10
10.996069837915677
 20
-93.74514685778333
 30
0.0
 10
11.471709986657416
 20
-102.24216627748494
 30
0.0
 10
12.209255434185128
 20
-110.72283709479174
 30
0.0
 10
13.10043950403662
 20
-119.1857762372037
 30
0.0
  0
SPLINE
  5
346
330
17
100
AcDbEntity
  8
HIDDEN
100
AcDbSpline
 70
0
 71
3
 72
17
 73
13
 74
0
 40
0.0
 40
0.0
 40
0.0
 40
0.0
 40
0.48664713483999605
 40
0.48664713483999605
 40
0.48664713483999605
 40
0.6291453986325031
 40
0.6291453986325031
 40
0.6291453986325031
 40
0.8262137648483173
 40
0.8262137648483173
 40
0.8262137648483173
 40
1.0
 40
1.0
 40
1.0
 40
1.0
 10
16.0
 20
-4.634379810483566
 30
0.0
 10
15.999999999999995
 20
-5.994398218686889
 30
0.0
 10
16.000000000000004
 20
-7.348451252153373
 30
0.0
 10
15.999999999999996
 20
-8.650703797916323
 30
0.0
 10
16.00000000000001
 20
-9.032415596005315
 30
0.0
 10
15.999999999999995
 20
-9.40511130697047
 30
0.0
 10
16.0
 20
-9.76879093081185
 30
0.0
 10
16.000000000000004
 20
-10.270843507063535
 30
0.0
 10
15.999999999999995
 20
-10.654141572898538
 30
0.0
 10
16.0
 20
-10.918685128316834
 30
0.0
 10
15.999999999999995
 20
-11.149232693738426
 30
0.0
 10
16.000000000000004
 20
-11.345801651069268
 30
0.0
 10
16.0
 20
-11.344914637489296
 30
0.0
  0
SPLINE
  5
347
330
17
100
AcDbEntity
  8
HIDDEN
100
AcDbSpline
 70
0
 71
1
 72
4
 73
2
 74
0
 40
0.0
 40
0.0
 40
1.0
 40
1.0
 10
5.999999802817397
 20
0.0015382371677703471
 30
0.0
 10
5.999999802572516
 20
0.0015391920450130345
 30
0.0
  0
SPLINE
  5
348
330
17
100
AcDbEntity
  8
HIDDEN
100
AcDbSpline
 70
0
 71
1
 72
4
 73
2
 74
0
 40
0.0
 40
0.0
 40
1.0
 40
1.0
 10
5.999999687526461
 20
0.0019364024740631826
 30
0.0
 10
5.999999687321004
 20
0.0019370389766315698
 30
0.0
  0
SPLINE
  5
349
330
17
100
AcDbEntity
  8
HIDDEN
100
AcDbSpline
 70
0
 71
1
 72
4
 73
2
 74
0
 40
0.0
 40
0.0
 40
1.0
 40
1.0
 10
5.999998993347969
 20
0.003475591199604791
 30
0.0
 10
5.9999959734076
 20
0.006951168282036601
 30
0.0
  0
SPLINE
  5
34A
330
17
100
AcDbEntity
  8
HIDDEN
100
AcDbSpline
 70
0
 71
1
 72
4
 73
2
 74
0
 40
0.0
 40
0.0
 40
1.0
 40
1.0
 10
5.999995500079587
 20
0.007348376133024737
 30
0.0
 10
5.999995498910149
 20
0.007349330919231661
 30
0.0
  0
SPLINE
  5
34B
330
17
100
AcDbEntity
  8
HIDDEN
100
AcDbSpline
 70
0
 71
1
 72
4
 73
2
 74
0
 40
0.0
 40
0.0
 40
1.0
 40
1.0
 10
5.9999934175631875
 20
0.008887554613699437
 30
0.0
 10
5.999978026595928
 20
0.016238180643989363
 30
0.0
  0
SPLINE
  5
34C
330
17
100
AcDbEntity
  8
HIDDEN
100
AcDbSpline
 70
0
 71
1
 72
4
 73
2
 74
0
 40
0.0
 40
0.0
 40
1.0
 40
1.0
 10
5.999973670529183
 20
0.017775003409742206
 30
0.0
 10
5.999973623228637
 20
0.017790962492882163
 30
0.0
  0
SPLINE
  5
34D
330
17
100
AcDbEntity
  8
HIDDEN
100
AcDbSpline
 70
0
 71
1
 72
4
 73
2
 74
0
 40
0.0
 40
0.0
 40
1.0
 40
1.0
 10
5.999851567206703
 20
0.04220379293623483
 30
0.0
 10
5.9998514605120965
 20
0.04221895823349217
 30
0.0
  0
SPLINE
  5
34E
330
17
100
AcDbEntity
  8
HIDDEN
100
AcDbSpline
 70
0
 71
1
 72
4
 73
2
 74
0
 40
0.0
 40
0.0
 40
1.0
 40
1.0
 10
5.999803790848235
 20
0.04852274399319949
 30
0.0
 10
5.9998037092536745
 20
0.04853283199875129
 30
0.0
  0
SPLINE
  5
34F
330
17
100
AcDbEntity
  8
HIDDEN
100
AcDbSpline
 70
0
 71
1
 72
4
 73
2
 74
0
 40
0.0
 40
0.0
 40
1.0
 40
1.0
 10
5.999556581277617
 20
0.07294380028854436
 30
0.0
 10
5.999104122308585
 20
0.10368064474668365
 30
0.0
  0
SPLINE
  5
350
330
17
100
AcDbEntity
  8
HIDDEN
100
AcDbSpline
 70
0
 71
1
 72
4
 73
2
 74
0
 40
0.0
 40
0.0
 40
1.0
 40
1.0
 10
5.998632659619632
 20
0.12808645923697584
 30
0.0
 10
5.998632443661874
 20
0.12809657268577793
 30
0.0
  0
SPLINE
  5
351
330
17
100
AcDbEntity
  8
HIDDEN
100
AcDbSpline
 70
0
 71
1
 72
4
 73
2
 74
0
 40
0.0
 40
0.0
 40
1.0
 40
1.0
 10
5.998494563025611
 20
0.13439828172244744
 30
0.0
 10
5.99849422387849
 20
0.1344134177133714
 30
0.0
  0
SPLINE
  5
352
330
17
100
AcDbEntity
  8
HIDDEN
100
AcDbSpline
 70
0
 71
1
 72
4
 73
2
 74
0
 40
0.0
 40
0.0
 40
1.0
 40
1.0
 10
5.997897763696807
 20
0.15881535398777485
 30
0.0
 10
5.996900825913219
 20
0.19282208902850323
 30
0.0
  0
SPLINE
  5
353
330
17
100
AcDbEntity
  8
HIDDEN
100
AcDbSpline
 70
0
 71
1
 72
4
 73
2
 74
0
 40
0.0
 40
0.0
 40
1.0
 40
1.0
 10
5.996851251965293
 20
0.1943577488401361
 30
0.0
 10
5.990012370598526
 20
0.3460514609832145
 30
0.0
  0
SPLINE
  5
354
330
17
100
AcDbEntity
  8
HIDDEN
100
AcDbSpline
 70
0
 71
2
 72
6
 73
3
 74
0
 40
0.0
 40
0.0
 40
0.0
 40
1.0
 40
1.0
 40
1.0
 10
5.989923488214685
 20
0.347586563179884
 30
0.0
 10
5.98075648476287
 20
0.5055181436169081
 30
0.0
 10
5.963298965280538
 20
0.6626201323183974
 30
0.0
  0
SPLINE
  5
355
330
17
100
AcDbEntity
  8
HIDDEN
100
AcDbSpline
 70
0
 71
1
 72
4
 73
2
 74
0
 40
0.0
 40
0.0
 40
1.0
 40
1.0
 10
5.960557967744879
 20
0.68683966186337
 30
0.0
 10
5.960556138248987
 20
0.686855538486851
 30
0.0
  0
SPLINE
  5
356
330
17
100
AcDbEntity
  8
HIDDEN
100
AcDbSpline
 70
0
 71
1
 72
4
 73
2
 74
0
 40
0.0
 40
0.0
 40
1.0
 40
1.0
 10
5.960380304816511
 20
0.6883797143243258
 30
0.0
 10
5.959533917231453
 20
0.6956691052975432
 30
0.0
  0
SPLINE
  5
357
330
17
100
AcDbEntity
  8
HIDDEN
100
AcDbSpline
 70
0
 71
1
 72
4
 73
2
 74
0
 40
0.0
 40
0.0
 40
1.0
 40
1.0
 10
5.959355674015223
 20
0.6971943534162545
 30
0.0
 10
5.958480996479297
 20
0.7046305670623404
 30
0.0
  0
SPLINE
  5
358
330
17
100
AcDbEntity
  8
HIDDEN
100
AcDbSpline
 70
0
 71
1
 72
4
 73
2
 74
0
 40
0.0
 40
0.0
 40
1.0
 40
1.0
 10
5.95692242852116
 20
0.7176874052507409
 30
0.0
 10
5.956921015894302
 20
0.7176991301926601
 30
0.0
  0
SPLINE
  5
359
330
17
100
AcDbEntity
  8
HIDDEN
100
AcDbSpline
 70
0
 71
1
 72
4
 73
2
 74
0
 40
0.0
 40
0.0
 40
1.0
 40
1.0
 10
5.955335312255585
 20
0.7307402815210582
 30
0.0
 10
5.95533243522579
 20
0.7307637281639119
 30
0.0
  0
SPLINE
  5
35A
330
17
100
AcDbEntity
  8
HIDDEN
100
AcDbSpline
 70
0
 71
1
 72
4
 73
2
 74
0
 40
0.0
 40
0.0
 40
1.0
 40
1.0
 10
5.926329260575287
 20
0.9373481896651117
 30
0.0
 10
5.926325564395373
 20
0.9373715582502591
 30
0.0
  0
SPLINE
  5
35B
330
17
100
AcDbEntity
  8
HIDDEN
100
AcDbSpline
 70
0
 71
1
 72
4
 73
2
 74
0
 40
0.0
 40
0.0
 40
1.0
 40
1.0
 10
5.924260427238195
 20
0.9503360065190198
 30
0.0
 10
5.9242585532234315
 20
0.9503476887893305
 30
0.0
  0
SPLINE
  5
35C
330
17
100
AcDbEntity
  8
HIDDEN
100
AcDbSpline
 70
0
 71
2
 72
6
 73
3
 74
0
 40
0.0
 40
0.0
 40
0.0
 40
1.0
 40
1.0
 40
1.0
 10
5.9221632226217125
 20
0.9633186911532807
 30
0.0
 10
5.895275284474107
 20
1.1285936550285836
 30
0.0
 10
5.859261260712066
 20
1.2919200827792827
 30
0.0
  0
SPLINE
  5
35D
330
17
100
AcDbEntity
  8
HIDDEN
100
AcDbSpline
 70
0
 71
1
 72
4
 73
2
 74
0
 40
0.0
 40
0.0
 40
1.0
 40
1.0
 10
5.858931447478758
 20
1.293414981522227
 30
0.0
 10
5.853029657164184
 20
1.319865082982012
 30
0.0
  0
SPLINE
  5
35E
330
17
100
AcDbEntity
  8
HIDDEN
100
AcDbSpline
 70
0
 71
1
 72
4
 73
2
 74
0
 40
0.0
 40
0.0
 40
1.0
 40
1.0
 10
5.8526926054032975
 20
1.321358872784161
 30
0.0
 10
5.8515004627880325
 20
1.3266281826040216
 30
0.0
  0
SPLINE
  5
35F
330
17
100
AcDbEntity
  8
HIDDEN
100
AcDbSpline
 70
0
 71
1
 72
4
 73
2
 74
0
 40
0.0
 40
0.0
 40
1.0
 40
1.0
 10
5.846075194821468
 20
1.3503350707631365
 30
0.0
 10
5.82622517549988
 20
1.4335620477806592
 30
0.0
  0
SPLINE
  5
360
330
17
100
AcDbEntity
  8
HIDDEN
100
AcDbSpline
 70
0
 71
1
 72
4
 73
2
 74
0
 40
0.0
 40
0.0
 40
1.0
 40
1.0
 10
5.824722097700254
 20
1.4396570501076207
 30
0.0
 10
5.824718477234293
 20
1.4396716981035111
 30
0.0
  0
SPLINE
  5
361
330
17
100
AcDbEntity
  8
HIDDEN
100
AcDbSpline
 70
0
 71
1
 72
4
 73
2
 74
0
 40
0.0
 40
0.0
 40
1.0
 40
1.0
 10
5.818837802314066
 20
1.463258882158779
 30
0.0
 10
5.818833921130663
 20
1.4632743160964856
 30
0.0
  0
SPLINE
  5
362
330
17
100
AcDbEntity
  8
HIDDEN
100
AcDbSpline
 70
0
 71
1
 72
4
 73
2
 74
0
 40
0.0
 40
0.0
 40
1.0
 40
1.0
 10
5.818460551735768
 20
1.4647582507187857
 30
0.0
 10
5.817046649597753
 20
1.470363288091524
 30
0.0
  0
SPLINE
  5
363
330
17
100
AcDbEntity
  8
HIDDEN
100
AcDbSpline
 70
0
 71
1
 72
4
 73
2
 74
0
 40
0.0
 40
0.0
 40
1.0
 40
1.0
 10
5.816671482697056
 20
1.471846725806001
 30
0.0
 10
5.813062360931249
 20
1.4860369791935975
 30
0.0
  0
SPLINE
  5
364
330
17
100
AcDbEntity
  8
HIDDEN
100
AcDbSpline
 70
0
 71
1
 72
4
 73
2
 74
0
 40
0.0
 40
0.0
 40
1.0
 40
1.0
 10
5.8123030201504475
 20
1.4890042029116763
 30
0.0
 10
5.810482601172006
 20
1.4960921939685852
 30
0.0
  0
SPLINE
  5
365
330
17
100
AcDbEntity
  8
HIDDEN
100
AcDbSpline
 70
0
 71
1
 72
4
 73
2
 74
0
 40
0.0
 40
0.0
 40
1.0
 40
1.0
 10
5.810100911469641
 20
1.497573807633108
 30
0.0
 10
5.8100969386862324
 20
1.4975892206582078
 30
0.0
  0
SPLINE
  5
366
330
17
100
AcDbEntity
  8
HIDDEN
100
AcDbSpline
 70
0
 71
1
 72
4
 73
2
 74
0
 40
0.0
 40
0.0
 40
1.0
 40
1.0
 10
5.803983117883327
 20
1.5211113927081588
 30
0.0
 10
5.803979293845455
 20
1.5211259837071913
 30
0.0
  0
SPLINE
  5
367
330
17
100
AcDbEntity
  8
HIDDEN
100
AcDbSpline
 70
0
 71
1
 72
4
 73
2
 74
0
 40
0.0
 40
0.0
 40
1.0
 40
1.0
 10
5.802385157408381
 20
1.5271955947514648
 30
0.0
 10
5.780033331770998
 20
1.6097249958195174
 30
0.0
  0
SPLINE
  5
368
330
17
100
AcDbEntity
  8
HIDDEN
100
AcDbSpline
 70
0
 71
1
 72
4
 73
2
 74
0
 40
0.0
 40
0.0
 40
1.0
 40
1.0
 10
5.773468457985284
 20
1.633114154086941
 30
0.0
 10
5.772522825469829
 20
1.636453514389458
 30
0.0
  0
SPLINE
  5
369
330
17
100
AcDbEntity
  8
HIDDEN
100
AcDbSpline
 70
0
 71
1
 72
4
 73
2
 74
0
 40
0.0
 40
0.0
 40
1.0
 40
1.0
 10
5.771997339064074
 20
1.6383060132373872
 30
0.0
 10
5.76456930369248
 20
1.6642537717736117
 30
0.0
  0
SPLINE
  5
36A
330
17
100
AcDbEntity
  8
HIDDEN
100
AcDbSpline
 70
0
 71
1
 72
4
 73
2
 74
0
 40
0.0
 40
0.0
 40
1.0
 40
1.0
 10
5.763719450362753
 20
1.6671946411313843
 30
0.0
 10
5.759637700196308
 20
1.681241635386638
 30
0.0
  0
SPLINE
  5
36B
330
17
100
AcDbEntity
  8
HIDDEN
100
AcDbSpline
 70
0
 71
1
 72
4
 73
2
 74
0
 40
0.0
 40
0.0
 40
1.0
 40
1.0
 10
5.758780013249016
 20
1.6841771383038076
 30
0.0
 10
5.758771059659978
 20
1.6842077533978475
 30
0.0
  0
SPLINE
  5
36C
330
17
100
AcDbEntity
  8
HIDDEN
100
AcDbSpline
 70
0
 71
1
 72
4
 73
2
 74
0
 40
0.0
 40
0.0
 40
1.0
 40
1.0
 10
5.7449466690564455
 20
1.730776602709292
 30
0.0
 10
5.744937980335474
 20
1.7308054428190927
 30
0.0
  0
SPLINE
  5
36D
330
17
100
AcDbEntity
  8
HIDDEN
100
AcDbSpline
 70
0
 71
1
 72
4
 73
2
 74
0
 40
0.0
 40
0.0
 40
1.0
 40
1.0
 10
5.741307337235577
 20
1.7428109307341004
 30
0.0
 10
5.69333444584254
 20
1.8936585813143165
 30
0.0
  0
SPLINE
  5
36E
330
17
100
AcDbEntity
  8
HIDDEN
100
AcDbSpline
 70
0
 71
1
 72
4
 73
2
 74
0
 40
0.0
 40
0.0
 40
1.0
 40
1.0
 10
5.68936609261624
 20
1.9055480589679725
 30
0.0
 10
5.689356511966297
 20
1.9055766635350724
 30
0.0
  0
SPLINE
  5
36F
330
17
100
AcDbEntity
  8
HIDDEN
100
AcDbSpline
 70
0
 71
1
 72
4
 73
2
 74
0
 40
0.0
 40
0.0
 40
1.0
 40
1.0
 10
5.67375621116501
 20
1.951535401199074
 30
0.0
 10
5.673746059182818
 20
1.9515649161098818
 30
0.0
  0
SPLINE
  5
370
330
17
100
AcDbEntity
  8
HIDDEN
100
AcDbSpline
 70
0
 71
1
 72
4
 73
2
 74
0
 40
0.0
 40
0.0
 40
1.0
 40
1.0
 10
5.672751644587082
 20
1.954453567205162
 30
0.0
 10
5.667975396944831
 20
1.9682618918977903
 30
0.0
  0
SPLINE
  5
371
330
17
100
AcDbEntity
  8
HIDDEN
100
AcDbSpline
 70
0
 71
1
 72
4
 73
2
 74
0
 40
0.0
 40
0.0
 40
1.0
 40
1.0
 10
5.665966500282257
 20
1.9740373847800012
 30
0.0
 10
5.656282410041519
 20
2.001616669835174
 30
0.0
  0
SPLINE
  5
372
330
17
100
AcDbEntity
  8
HIDDEN
100
AcDbSpline
 70
0
 71
1
 72
4
 73
2
 74
0
 40
0.0
 40
0.0
 40
1.0
 40
1.0
 10
5.655262786536895
 20
2.0044956502902678
 30
0.0
 10
5.650360312052598
 20
2.0182736060867863
 30
0.0
  0
SPLINE
  5
373
330
17
100
AcDbEntity
  8
HIDDEN
100
AcDbSpline
 70
0
 71
1
 72
4
 73
2
 74
0
 40
0.0
 40
0.0
 40
1.0
 40
1.0
 10
5.633857294363418
 20
2.0638924436343586
 30
0.0
 10
5.633846960780902
 20
2.06392065125073
 30
0.0
  0
SPLINE
  5
374
330
17
100
AcDbEntity
  8
HIDDEN
100
AcDbSpline
 70
0
 71
1
 72
4
 73
2
 74
0
 40
0.0
 40
0.0
 40
1.0
 40
1.0
 10
5.629526048792212
 20
2.0756773605203476
 30
0.0
 10
5.629519075900482
 20
2.0756962718785
 30
0.0
  0
SPLINE
  5
375
330
17
100
AcDbEntity
  8
HIDDEN
100
AcDbSpline
 70
0
 71
1
 72
4
 73
2
 74
0
 40
0.0
 40
0.0
 40
1.0
 40
1.0
 10
5.612556447104366
 20
2.121134175965423
 30
0.0
 10
5.612552941989657
 20
2.121143450535465
 30
0.0
  0
SPLINE
  5
376
330
17
100
AcDbEntity
  8
HIDDEN
100
AcDbSpline
 70
0
 71
2
 72
6
 73
3
 74
0
 40
0.0
 40
0.0
 40
0.0
 40
1.0
 40
1.0
 40
1.0
 10
5.5177082668030355
 20
2.356882604758849
 30
0.0
 10
5.458282703378833
 20
2.495997164364442
 30
0.0
 10
5.391999287446398
 20
2.631794764598536
 30
0.0
  0
SPLINE
  5
377
330
17
100
AcDbEntity
  8
HIDDEN
100
AcDbSpline
 70
0
 71
1
 72
4
 73
2
 74
0
 40
0.0
 40
0.0
 40
1.0
 40
1.0
 10
5.386260991961871
 20
2.643518964560055
 30
0.0
 10
5.380487042227786
 20
2.655251243963674
 30
0.0
  0
SPLINE
  5
378
330
17
100
AcDbEntity
  8
HIDDEN
100
AcDbSpline
 70
0
 71
2
 72
6
 73
3
 74
0
 40
0.0
 40
0.0
 40
0.0
 40
1.0
 40
1.0
 40
1.0
 10
5.179640037814889
 20
3.0284202045782003
 30
0.0
 10
4.831474968186766
 20
3.6232334232331342
 30
0.0
 10
4.358873527032256
 20
4.123132492609442
 30
0.0
  0
SPLINE
  5
379
330
17
100
AcDbEntity
  8
HIDDEN
100
AcDbSpline
 70
0
 71
1
 72
4
 73
2
 74
0
 40
0.0
 40
0.0
 40
1.0
 40
1.0
 10
4.358871375565332
 20
4.1231347670857765
 30
0.0
 10
4.357873481409943
 20
4.124189459306486
 30
0.0
  0
SPLINE
  5
37A
330
17
100
AcDbEntity
  8
HIDDEN
100
AcDbSpline
 70
0
 71
1
 72
4
 73
2
 74
0
 40
0.0
 40
0.0
 40
1.0
 40
1.0
 10
4.357872046788568
 20
4.124190975215564
 30
0.0
 10
4.356873179835025
 20
4.125246183080742
 30
0.0
  0
SPLINE
  5
37B
330
17
100
AcDbEntity
  8
HIDDEN
100
AcDbSpline
 70
0
 71
1
 72
4
 73
2
 74
0
 40
0.0
 40
0.0
 40
1.0
 40
1.0
 10
4.3568724623688855
 20
4.125246940831499
 30
0.0
 10
4.3558726223617334
 20
4.126302663875446
 30
0.0
  0
SPLINE
  5
37C
330
17
100
AcDbEntity
  8
HIDDEN
100
AcDbSpline
 70
0
 71
1
 72
4
 73
2
 74
0
 40
0.0
 40
0.0
 40
1.0
 40
1.0
 10
4.3558681165625535
 20
4.1263074203529335
 30
0.0
 10
4.354609101974595
 20
4.127636072268778
 30
0.0
  0
SPLINE
  5
37D
330
17
100
AcDbEntity
  8
HIDDEN
100
AcDbSpline
 70
0
 71
1
 72
4
 73
2
 74
0
 40
0.0
 40
0.0
 40
1.0
 40
1.0
 10
4.354608196332068
 20
4.127637027711128
 30
0.0
 10
4.353349682554468
 20
4.128964339570789
 30
0.0
  0
SPLINE
  5
37E
330
17
100
AcDbEntity
  8
HIDDEN
100
AcDbSpline
 70
0
 71
1
 72
4
 73
2
 74
0
 40
0.0
 40
0.0
 40
1.0
 40
1.0
 10
4.353347870841857
 20
4.12896624973866
 30
0.0
 10
4.352089858412862
 20
4.130292222143069
 30
0.0
  0
SPLINE
  5
37F
330
17
100
AcDbEntity
  8
HIDDEN
100
AcDbSpline
 70
0
 71
1
 72
4
 73
2
 74
0
 40
0.0
 40
0.0
 40
1.0
 40
1.0
 10
4.352087140121983
 20
4.130295086404887
 30
0.0
 10
4.328237638120844
 20
4.155280847703297
 30
0.0
  0
SPLINE
  5
380
330
17
100
AcDbEntity
  8
HIDDEN
100
AcDbSpline
 70
0
 71
1
 72
4
 73
2
 74
0
 40
0.0
 40
0.0
 40
1.0
 40
1.0
 10
4.328234908680131
 20
4.155283690750654
 30
0.0
 10
4.32696888383795
 20
4.156602008084574
 30
0.0
  0
SPLINE
  5
381
330
17
100
AcDbEntity
  8
HIDDEN
100
AcDbSpline
 70
0
 71
1
 72
4
 73
2
 74
0
 40
0.0
 40
0.0
 40
1.0
 40
1.0
 10
4.326967063704547
 20
4.156603902819054
 30
0.0
 10
4.325699726644622
 20
4.157922780692475
 30
0.0
  0
SPLINE
  5
382
330
17
100
AcDbEntity
  8
HIDDEN
100
AcDbSpline
 70
0
 71
1
 72
4
 73
2
 74
0
 40
0.0
 40
0.0
 40
1.0
 40
1.0
 10
4.325698816324673
 20
4.157923727744668
 30
0.0
 10
4.324430166651821
 20
4.159243165412208
 30
0.0
  0
SPLINE
  5
383
330
17
100
AcDbEntity
  8
HIDDEN
100
AcDbSpline
 70
0
 71
1
 72
4
 73
2
 74
0
 40
0.0
 40
0.0
 40
1.0
 40
1.0
 10
4.324424527819475
 20
4.159249028186419
 30
0.0
 10
4.323416458980318
 20
4.160296876123251
 30
0.0
  0
SPLINE
  5
384
330
17
100
AcDbEntity
  8
HIDDEN
100
AcDbSpline
 70
0
 71
1
 72
4
 73
2
 74
0
 40
0.0
 40
0.0
 40
1.0
 40
1.0
 10
4.323415734172153
 20
4.160297629350025
 30
0.0
 10
4.322408136409377
 20
4.161344479558513
 30
0.0
  0
SPLINE
  5
385
330
17
100
AcDbEntity
  8
HIDDEN
100
AcDbSpline
 70
0
 71
1
 72
4
 73
2
 74
0
 40
0.0
 40
0.0
 40
1.0
 40
1.0
 10
4.3224066865368815
 20
4.161345985547385
 30
0.0
 10
4.321399560162492
 20
4.162391838434447
 30
0.0
  0
SPLINE
  5
386
330
17
100
AcDbEntity
  8
HIDDEN
100
AcDbSpline
 70
0
 71
1
 72
4
 73
2
 74
0
 40
0.0
 40
0.0
 40
1.0
 40
1.0
 10
4.321397384888632
 20
4.162394096804859
 30
0.0
 10
4.302317357352804
 20
4.182112544133761
 30
0.0
  0
SPLINE
  5
387
330
17
100
AcDbEntity
  8
HIDDEN
100
AcDbSpline
 70
0
 71
1
 72
4
 73
2
 74
0
 40
0.0
 40
0.0
 40
1.0
 40
1.0
 10
4.302315174386214
 20
4.182114789843329
 30
0.0
 10
4.30130302356924
 20
4.183155779387128
 30
0.0
  0
SPLINE
  5
388
330
17
100
AcDbEntity
  8
HIDDEN
100
AcDbSpline
 70
0
 71
1
 72
4
 73
2
 74
0
 40
0.0
 40
0.0
 40
1.0
 40
1.0
 10
4.30130156793052
 20
4.183157276137758
 30
0.0
 10
4.300288436950672
 20
4.184198768488498
 30
0.0
  0
SPLINE
  5
389
330
17
100
AcDbEntity
  8
HIDDEN
100
AcDbSpline
 70
0
 71
1
 72
4
 73
2
 74
0
 40
0.0
 40
0.0
 40
1.0
 40
1.0
 10
4.3002877089671045
 20
4.184199516669679
 30
0.0
 10
4.299273597552055
 20
4.185241511381573
 30
0.0
  0
SPLINE
  5
38A
330
17
100
AcDbEntity
  8
HIDDEN
100
AcDbSpline
 70
0
 71
1
 72
4
 73
2
 74
0
 40
0.0
 40
0.0
 40
1.0
 40
1.0
 10
4.299263423248377
 20
4.185251962871343
 30
0.0
 10
4.298477636079134
 20
4.186059004282386
 30
0.0
  0
SPLINE
  5
38B
330
17
100
AcDbEntity
  8
HIDDEN
100
AcDbSpline
 70
0
 71
1
 72
4
 73
2
 74
0
 40
0.0
 40
0.0
 40
1.0
 40
1.0
 10
4.298477071395144
 20
4.186059584131159
 30
0.0
 10
4.293530817496858
 20
4.191132674404693
 30
0.0
  0
SPLINE
  5
38C
330
17
100
AcDbEntity
  8
HIDDEN
100
AcDbSpline
 70
0
 71
1
 72
4
 73
2
 74
0
 40
0.0
 40
0.0
 40
1.0
 40
1.0
 10
4.293530252329854
 20
4.191133253379832
 30
0.0
 10
4.292743361484187
 20
4.191939218035188
 30
0.0
  0
SPLINE
  5
38D
330
17
100
AcDbEntity
  8
HIDDEN
100
AcDbSpline
 70
0
 71
1
 72
4
 73
2
 74
0
 40
0.0
 40
0.0
 40
1.0
 40
1.0
 10
4.292727461625523
 20
4.1919555001782065
 30
0.0
 10
4.291711472497154
 20
4.192995660875216
 30
0.0
  0
SPLINE
  5
38E
330
17
100
AcDbEntity
  8
HIDDEN
100
AcDbSpline
 70
0
 71
1
 72
4
 73
2
 74
0
 40
0.0
 40
0.0
 40
1.0
 40
1.0
 10
4.291710742147763
 20
4.1929964084191145
 30
0.0
 10
4.2906952313920135
 20
4.19403557526717
 30
0.0
  0
SPLINE
  5
38F
330
17
100
AcDbEntity
  8
HIDDEN
100
AcDbSpline
 70
0
 71
1
 72
4
 73
2
 74
0
 40
0.0
 40
0.0
 40
1.0
 40
1.0
 10
4.290693770418052
 20
4.194037069911584
 30
0.0
 10
4.289678738366298
 20
4.195075243296657
 30
0.0
  0
SPLINE
  5
390
330
17
100
AcDbEntity
  8
HIDDEN
100
AcDbSpline
 70
0
 71
1
 72
4
 73
2
 74
0
 40
0.0
 40
0.0
 40
1.0
 40
1.0
 10
4.289676546424335
 20
4.19507748466812
 30
0.0
 10
4.2704474534584556
 20
4.214650462733262
 30
0.0
  0
SPLINE
  5
391
330
17
100
AcDbEntity
  8
HIDDEN
100
AcDbSpline
 70
0
 71
1
 72
4
 73
2
 74
0
 40
0.0
 40
0.0
 40
1.0
 40
1.0
 10
4.270445253110771
 20
4.214652692209793
 30
0.0
 10
4.269425232074165
 20
4.215685965952462
 30
0.0
  0
SPLINE
  5
392
330
17
100
AcDbEntity
  8
HIDDEN
100
AcDbSpline
 70
0
 71
1
 72
4
 73
2
 74
0
 40
0.0
 40
0.0
 40
1.0
 40
1.0
 10
4.269423764838278
 20
4.215687451891361
 30
0.0
 10
4.268402759608287
 20
4.216721221233609
 30
0.0
  0
SPLINE
  5
393
330
17
100
AcDbEntity
  8
HIDDEN
100
AcDbSpline
 70
0
 71
1
 72
4
 73
2
 74
0
 40
0.0
 40
0.0
 40
1.0
 40
1.0
 10
4.2684020258208815
 20
4.21672196401443
 30
0.0
 10
4.267380036115034
 20
4.217756228521821
 30
0.0
  0
SPLINE
  5
394
330
17
100
AcDbEntity
  8
HIDDEN
100
AcDbSpline
 70
0
 71
1
 72
4
 73
2
 74
0
 40
0.0
 40
0.0
 40
1.0
 40
1.0
 10
4.265033585036424
 20
4.220128966567355
 30
0.0
 10
4.264145735812473
 20
4.221026074277896
 30
0.0
  0
SPLINE
  5
395
330
17
100
AcDbEntity
  8
HIDDEN
100
AcDbSpline
 70
0
 71
1
 72
4
 73
2
 74
0
 40
0.0
 40
0.0
 40
1.0
 40
1.0
 10
4.26414374761363
 20
4.221028082786137
 30
0.0
 10
4.263316377546918
 20
4.221863740216196
 30
0.0
  0
SPLINE
  5
396
330
17
100
AcDbEntity
  8
HIDDEN
100
AcDbSpline
 70
0
 71
1
 72
4
 73
2
 74
0
 40
0.0
 40
0.0
 40
1.0
 40
1.0
 10
4.26331505092446
 20
4.2218650798637665
 30
0.0
 10
4.2601094345207144
 20
4.225099712674565
 30
0.0
  0
SPLINE
  5
397
330
17
100
AcDbEntity
  8
HIDDEN
100
AcDbSpline
 70
0
 71
1
 72
4
 73
2
 74
0
 40
0.0
 40
0.0
 40
1.0
 40
1.0
 10
4.260108771759574
 20
4.225100380927328
 30
0.0
 10
4.256069906083432
 20
4.229168822692282
 30
0.0
  0
SPLINE
  5
398
330
17
100
AcDbEntity
  8
HIDDEN
100
AcDbSpline
 70
0
 71
1
 72
4
 73
2
 74
0
 40
0.0
 40
0.0
 40
1.0
 40
1.0
 10
4.256069241133788
 20
4.229169491871467
 30
0.0
 10
4.252858082015176
 20
4.232398623792529
 30
0.0
  0
SPLINE
  5
399
330
17
100
AcDbEntity
  8
HIDDEN
100
AcDbSpline
 70
0
 71
1
 72
4
 73
2
 74
0
 40
0.0
 40
0.0
 40
1.0
 40
1.0
 10
4.252856753187164
 20
4.232399959043697
 30
0.0
 10
4.252027154052058
 20
4.233233404583839
 30
0.0
  0
SPLINE
  5
39A
330
17
100
AcDbEntity
  8
HIDDEN
100
AcDbSpline
 70
0
 71
1
 72
4
 73
2
 74
0
 40
0.0
 40
0.0
 40
1.0
 40
1.0
 10
4.252025159177679
 20
4.233235408313677
 30
0.0
 10
4.248810914476531
 20
4.236461470337828
 30
0.0
  0
SPLINE
  5
39B
330
17
100
AcDbEntity
  8
HIDDEN
100
AcDbSpline
 70
0
 71
1
 72
4
 73
2
 74
0
 40
0.0
 40
0.0
 40
1.0
 40
1.0
 10
4.2487949535746585
 20
4.236477477706112
 30
0.0
 10
4.24557548445969
 20
4.239703855524205
 30
0.0
  0
SPLINE
  5
39C
330
17
100
AcDbEntity
  8
HIDDEN
100
AcDbSpline
 70
0
 71
1
 72
4
 73
2
 74
0
 40
0.0
 40
0.0
 40
1.0
 40
1.0
 10
4.2455734840063855
 20
4.239705858747032
 30
0.0
 10
4.244741738590442
 20
4.240538591912899
 30
0.0
  0
SPLINE
  5
39D
330
17
100
AcDbEntity
  8
HIDDEN
100
AcDbSpline
 70
0
 71
1
 72
4
 73
2
 74
0
 40
0.0
 40
0.0
 40
1.0
 40
1.0
 10
4.244740407135774
 20
4.240539924686873
 30
0.0
 10
4.241517852111334
 20
4.243763222332811
 30
0.0
  0
SPLINE
  5
39E
330
17
100
AcDbEntity
  8
HIDDEN
100
AcDbSpline
 70
0
 71
1
 72
4
 73
2
 74
0
 40
0.0
 40
0.0
 40
1.0
 40
1.0
 10
4.241517182013741
 20
4.243763892075755
 30
0.0
 10
4.237456999493727
 20
4.247818046323243
 30
0.0
  0
SPLINE
  5
39F
330
17
100
AcDbEntity
  8
HIDDEN
100
AcDbSpline
 70
0
 71
1
 72
4
 73
2
 74
0
 40
0.0
 40
0.0
 40
1.0
 40
1.0
 10
4.237456336875374
 20
4.247818707325273
 30
0.0
 10
4.23422825225761
 20
4.251036471873409
 30
0.0
  0
SPLINE
  5
3A0
330
17
100
AcDbEntity
  8
HIDDEN
100
AcDbSpline
 70
0
 71
1
 72
4
 73
2
 74
0
 40
0.0
 40
0.0
 40
1.0
 40
1.0
 10
4.23422690908425
 20
4.251037809735568
 30
0.0
 10
4.233392939934849
 20
4.251868317995484
 30
0.0
  0
SPLINE
  5
3A1
330
17
100
AcDbEntity
  8
HIDDEN
100
AcDbSpline
 70
0
 71
1
 72
4
 73
2
 74
0
 40
0.0
 40
0.0
 40
1.0
 40
1.0
 10
4.233390942282295
 20
4.25187030696684
 30
0.0
 10
4.230159770266894
 20
4.255084992767575
 30
0.0
  0
SPLINE
  5
3A2
330
17
100
AcDbEntity
  8
HIDDEN
100
AcDbSpline
 70
0
 71
2
 72
6
 73
3
 74
0
 40
0.0
 40
0.0
 40
0.0
 40
1.0
 40
1.0
 40
1.0
 10
3.893345776661188
 20
4.56528845530438
 30
0.0
 10
3.553382431996315
 20
4.855180888820032
 30
0.0
 10
3.1737543989487693
 20
5.091884031540439
 30
0.0
  0
SPLINE
  5
3A3
330
17
100
AcDbEntity
  8
HIDDEN
100
AcDbSpline
 70
0
 71
1
 72
4
 73
2
 74
0
 40
0.0
 40
0.0
 40
1.0
 40
1.0
 10
3.173744872649295
 20
5.0918899692387996
 30
0.0
 10
3.164252089530703
 20
5.097794492589696
 30
0.0
  0
SPLINE
  5
3A4
330
17
100
AcDbEntity
  8
HIDDEN
100
AcDbSpline
 70
0
 71
1
 72
4
 73
2
 74
0
 40
0.0
 40
0.0
 40
1.0
 40
1.0
 10
3.164249378443052
 20
5.097796175387934
 30
0.0
 10
3.154742668119807
 20
5.103684813156111
 30
0.0
  0
SPLINE
  5
3A5
330
17
100
AcDbEntity
  8
HIDDEN
100
AcDbSpline
 70
0
 71
1
 72
4
 73
2
 74
0
 40
0.0
 40
0.0
 40
1.0
 40
1.0
 10
3.154738538949216
 20
5.103687365519589
 30
0.0
 10
3.1452247724811926
 20
5.10955586171943
 30
0.0
  0
SPLINE
  5
3A6
330
17
100
AcDbEntity
  8
HIDDEN
100
AcDbSpline
 70
0
 71
1
 72
4
 73
2
 74
0
 40
0.0
 40
0.0
 40
1.0
 40
1.0
 10
3.145213778123652
 20
5.109562629360875
 30
0.0
 10
3.135695722372476
 20
5.115409300297271
 30
0.0
  0
SPLINE
  5
3A7
330
17
100
AcDbEntity
  8
HIDDEN
100
AcDbSpline
 70
0
 71
1
 72
4
 73
2
 74
0
 40
0.0
 40
0.0
 40
1.0
 40
1.0
 10
3.1356778379558667
 20
5.115420263226104
 30
0.0
 10
2.9538048108612474
 20
5.222550824195094
 30
0.0
  0
SPLINE
  5
3A8
330
17
100
AcDbEntity
  8
HIDDEN
100
AcDbSpline
 70
0
 71
1
 72
4
 73
2
 74
0
 40
0.0
 40
0.0
 40
1.0
 40
1.0
 10
2.952565766254682
 20
5.223251417266123
 30
0.0
 10
2.9440533587363644
 20
5.228054111560796
 30
0.0
  0
SPLINE
  5
3A9
330
17
100
AcDbEntity
  8
HIDDEN
100
AcDbSpline
 70
0
 71
1
 72
4
 73
2
 74
0
 40
0.0
 40
0.0
 40
1.0
 40
1.0
 10
2.942820171940478
 20
5.2287483596158575
 30
0.0
 10
2.9342913833328694
 20
5.233539342622465
 30
0.0
  0
SPLINE
  5
3AA
330
17
100
AcDbEntity
  8
HIDDEN
100
AcDbSpline
 70
0
 71
1
 72
4
 73
2
 74
0
 40
0.0
 40
0.0
 40
1.0
 40
1.0
 10
2.9342841653845957
 20
5.233543389506999
 30
0.0
 10
2.92451891615635
 20
5.239006497682854
 30
0.0
  0
SPLINE
  5
3AB
330
17
100
AcDbEntity
  8
HIDDEN
100
AcDbSpline
 70
0
 71
1
 72
4
 73
2
 74
0
 40
0.0
 40
0.0
 40
1.0
 40
1.0
 10
2.9211400843906725
 20
5.240891201057317
 30
0.0
 10
2.920677335899007
 20
5.241149098580618
 30
0.0
  0
SPLINE
  5
3AC
330
17
100
AcDbEntity
  8
HIDDEN
100
AcDbSpline
 70
0
 71
1
 72
4
 73
2
 74
0
 40
0.0
 40
0.0
 40
1.0
 40
1.0
 10
2.920674641872962
 20
5.241150599849904
 30
0.0
 10
2.916911146842697
 20
5.243246068580172
 30
0.0
  0
SPLINE
  5
3AD
330
17
100
AcDbEntity
  8
HIDDEN
100
AcDbSpline
 70
0
 71
1
 72
4
 73
2
 74
0
 40
0.0
 40
0.0
 40
1.0
 40
1.0
 10
2.9136144638655272
 20
5.245078715372461
 30
0.0
 10
2.913143412655736
 20
5.245340354241595
 30
0.0
  0
SPLINE
  5
3AE
330
17
100
AcDbEntity
  8
HIDDEN
100
AcDbSpline
 70
0
 71
1
 72
4
 73
2
 74
0
 40
0.0
 40
0.0
 40
1.0
 40
1.0
 10
2.9131353220914065
 20
5.245344847549952
 30
0.0
 10
2.8417482114631607
 20
5.284360612588929
 30
0.0
  0
SPLINE
  5
3AF
330
17
100
AcDbEntity
  8
HIDDEN
100
AcDbSpline
 70
0
 71
1
 72
4
 73
2
 74
0
 40
0.0
 40
0.0
 40
1.0
 40
1.0
 10
2.8417399970635993
 20
5.284365030003622
 30
0.0
 10
2.837947412719253
 20
5.286402790584738
 30
0.0
  0
SPLINE
  5
3B0
330
17
100
AcDbEntity
  8
HIDDEN
100
AcDbSpline
 70
0
 71
1
 72
4
 73
2
 74
0
 40
0.0
 40
0.0
 40
1.0
 40
1.0
 10
2.8362549771192245
 20
5.287311007177516
 30
0.0
 10
2.834145104108472
 20
5.288442257503927
 30
0.0
  0
SPLINE
  5
3B1
330
17
100
AcDbEntity
  8
HIDDEN
100
AcDbSpline
 70
0
 71
1
 72
4
 73
2
 74
0
 40
0.0
 40
0.0
 40
1.0
 40
1.0
 10
2.8341423627182953
 20
5.288443726649753
 30
0.0
 10
2.830341287152738
 20
5.29047901241216
 30
0.0
  0
SPLINE
  5
3B2
330
17
100
AcDbEntity
  8
HIDDEN
100
AcDbSpline
 70
0
 71
1
 72
4
 73
2
 74
0
 40
0.0
 40
0.0
 40
1.0
 40
1.0
 10
2.8302887324426105
 20
5.290507128201365
 30
0.0
 10
2.826485121121723
 20
5.2925402070333325
 30
0.0
  0
SPLINE
  5
3B3
330
17
100
AcDbEntity
  8
HIDDEN
100
AcDbSpline
 70
0
 71
1
 72
4
 73
2
 74
0
 40
0.0
 40
0.0
 40
1.0
 40
1.0
 10
2.8264823968529837
 20
5.292541661930256
 30
0.0
 10
2.8226800077428154
 20
5.294570573458071
 30
0.0
  0
SPLINE
  5
3B4
330
17
100
AcDbEntity
  8
HIDDEN
100
AcDbSpline
 70
0
 71
1
 72
4
 73
2
 74
0
 40
0.0
 40
0.0
 40
1.0
 40
1.0
 10
2.822674556663425
 20
5.29457347957365
 30
0.0
 10
2.8188733941562854
 20
5.296598226372765
 30
0.0
  0
SPLINE
  5
3B5
330
17
100
AcDbEntity
  8
HIDDEN
100
AcDbSpline
 70
0
 71
1
 72
4
 73
2
 74
0
 40
0.0
 40
0.0
 40
1.0
 40
1.0
 10
2.8188652132857546
 20
5.296602580260837
 30
0.0
 10
2.746752879658026
 20
5.334355501053308
 30
0.0
  0
SPLINE
  5
3B6
330
17
100
AcDbEntity
  8
HIDDEN
100
AcDbSpline
 70
0
 71
1
 72
4
 73
2
 74
0
 40
0.0
 40
0.0
 40
1.0
 40
1.0
 10
2.746744590606421
 20
5.334359769222818
 30
0.0
 10
2.7429140746114875
 20
5.336330422057735
 30
0.0
  0
SPLINE
  5
3B7
330
17
100
AcDbEntity
  8
HIDDEN
100
AcDbSpline
 70
0
 71
1
 72
4
 73
2
 74
0
 40
0.0
 40
0.0
 40
1.0
 40
1.0
 10
2.741203151166294
 20
5.3372095029485465
 30
0.0
 10
2.7390738054733816
 20
5.338302603150819
 30
0.0
  0
SPLINE
  5
3B8
330
17
100
AcDbEntity
  8
HIDDEN
100
AcDbSpline
 70
0
 71
1
 72
4
 73
2
 74
0
 40
0.0
 40
0.0
 40
1.0
 40
1.0
 10
2.7390710396013347
 20
5.338304022314103
 30
0.0
 10
2.735232073946955
 20
5.34027204333719
 30
0.0
  0
SPLINE
  5
3B9
330
17
100
AcDbEntity
  8
HIDDEN
100
AcDbSpline
 70
0
 71
1
 72
4
 73
2
 74
0
 40
0.0
 40
0.0
 40
1.0
 40
1.0
 10
2.7352038863624593
 20
5.340286480632736
 30
0.0
 10
2.7275192565690585
 20
5.344215443016276
 30
0.0
  0
SPLINE
  5
3BA
330
17
100
AcDbEntity
  8
HIDDEN
100
AcDbSpline
 70
0
 71
1
 72
4
 73
2
 74
0
 40
0.0
 40
0.0
 40
1.0
 40
1.0
 10
2.7275137532449074
 20
5.344218251736116
 30
0.0
 10
2.7198288079328057
 20
5.348133436350075
 30
0.0
  0
SPLINE
  5
3BB
330
17
100
AcDbEntity
  8
HIDDEN
100
AcDbSpline
 70
0
 71
1
 72
4
 73
2
 74
0
 40
0.0
 40
0.0
 40
1.0
 40
1.0
 10
2.719817790855882
 20
5.348139039143646
 30
0.0
 10
2.712132555484602
 20
5.352040452023392
 30
0.0
  0
SPLINE
  5
3BC
330
17
100
AcDbEntity
  8
HIDDEN
100
AcDbSpline
 70
0
 71
2
 72
6
 73
3
 74
0
 40
0.0
 40
0.0
 40
0.0
 40
1.0
 40
1.0
 40
1.0
 10
2.712116014076257
 20
5.352048834307083
 30
0.0
 10
2.246554237836401
 20
5.587946658441252
 30
0.0
 10
1.745746018927089
 20
5.7404155585835035
 30
0.0
  0
SPLINE
  5
3BD
330
17
100
AcDbEntity
  8
HIDDEN
100
AcDbSpline
 70
0
 71
1
 72
4
 73
2
 74
0
 40
0.0
 40
0.0
 40
1.0
 40
1.0
 10
1.7457277503501114
 20
5.740421114298535
 30
0.0
 10
1.7200774973750725
 20
5.748159127119337
 30
0.0
  0
SPLINE
  5
3BE
330
17
100
AcDbEntity
  8
HIDDEN
100
AcDbSpline
 70
0
 71
1
 72
4
 73
2
 74
0
 40
0.0
 40
0.0
 40
1.0
 40
1.0
 10
1.7199978009609582
 20
5.7481829748497
 30
0.0
 10
1.7158520691728434
 20
5.749421851320698
 30
0.0
  0
SPLINE
  5
3BF
330
17
100
AcDbEntity
  8
HIDDEN
100
AcDbSpline
 70
0
 71
1
 72
4
 73
2
 74
0
 40
0.0
 40
0.0
 40
1.0
 40
1.0
 10
1.7150843902545851
 20
5.749650900885098
 30
0.0
 10
1.711705392359355
 20
5.750657753473845
 30
0.0
  0
SPLINE
  5
3C0
330
17
100
AcDbEntity
  8
HIDDEN
100
AcDbSpline
 70
0
 71
1
 72
4
 73
2
 74
0
 40
0.0
 40
0.0
 40
1.0
 40
1.0
 10
1.7116993958592226
 20
5.750659538351778
 30
0.0
 10
1.7075577726786548
 20
5.75189068054185
 30
0.0
  0
SPLINE
  5
3C1
330
17
100
AcDbEntity
  8
HIDDEN
100
AcDbSpline
 70
0
 71
1
 72
4
 73
2
 74
0
 40
0.0
 40
0.0
 40
1.0
 40
1.0
 10
1.7075487787870753
 20
5.751893350541414
 30
0.0
 10
1.6291063487385675
 20
5.774600632044889
 30
0.0
  0
SPLINE
  5
3C2
330
17
100
AcDbEntity
  8
HIDDEN
100
AcDbSpline
 70
0
 71
1
 72
4
 73
2
 74
0
 40
0.0
 40
0.0
 40
1.0
 40
1.0
 10
1.6290974229858917
 20
5.7746031501338315
 30
0.0
 10
1.6249374638365228
 20
5.775775116325802
 30
0.0
  0
SPLINE
  5
3C3
330
17
100
AcDbEntity
  8
HIDDEN
100
AcDbSpline
 70
0
 71
1
 72
4
 73
2
 74
0
 40
0.0
 40
0.0
 40
1.0
 40
1.0
 10
1.6249315134071813
 20
5.775776790396682
 30
0.0
 10
1.620767681608171
 20
5.776946605141893
 30
0.0
  0
SPLINE
  5
3C4
330
17
100
AcDbEntity
  8
HIDDEN
100
AcDbSpline
 70
0
 71
1
 72
4
 73
2
 74
0
 40
0.0
 40
0.0
 40
1.0
 40
1.0
 10
1.6207647062982988
 20
5.776947439887625
 30
0.0
 10
1.6165970038448538
 20
5.778115097871211
 30
0.0
  0
SPLINE
  5
3C5
330
17
100
AcDbEntity
  8
HIDDEN
100
AcDbSpline
 70
0
 71
1
 72
4
 73
2
 74
0
 40
0.0
 40
0.0
 40
1.0
 40
1.0
 10
1.6165428409412224
 20
5.778130251257592
 30
0.0
 10
1.6123731893367461
 20
5.779295169491592
 30
0.0
  0
SPLINE
  5
3C6
330
17
100
AcDbEntity
  8
HIDDEN
100
AcDbSpline
 70
0
 71
1
 72
4
 73
2
 74
0
 40
0.0
 40
0.0
 40
1.0
 40
1.0
 10
1.6116023727804247
 20
5.779510165228707
 30
0.0
 10
1.608202646345286
 20
5.780457093242333
 30
0.0
  0
SPLINE
  5
3C7
330
17
100
AcDbEntity
  8
HIDDEN
100
AcDbSpline
 70
0
 71
1
 72
4
 73
2
 74
0
 40
0.0
 40
0.0
 40
1.0
 40
1.0
 10
1.608196624370543
 20
5.780458768635221
 30
0.0
 10
1.6040312141579254
 20
5.781616021778278
 30
0.0
  0
SPLINE
  5
3C8
330
17
100
AcDbEntity
  8
HIDDEN
100
AcDbSpline
 70
0
 71
1
 72
4
 73
2
 74
0
 40
0.0
 40
0.0
 40
1.0
 40
1.0
 10
1.6040221816742064
 20
5.781618527711338
 30
0.0
 10
1.5251405046871693
 20
5.802925677407952
 30
0.0
  0
SPLINE
  5
3C9
330
17
100
AcDbEntity
  8
HIDDEN
100
AcDbSpline
 70
0
 71
1
 72
4
 73
2
 74
0
 40
0.0
 40
0.0
 40
1.0
 40
1.0
 10
1.5251315137474615
 20
5.8029280404236
 30
0.0
 10
1.5209488596410519
 20
5.804025718751701
 30
0.0
  0
SPLINE
  5
3CA
330
17
100
AcDbEntity
  8
HIDDEN
100
AcDbSpline
 70
0
 71
1
 72
4
 73
2
 74
0
 40
0.0
 40
0.0
 40
1.0
 40
1.0
 10
1.5209428652581414
 20
5.8040272895806115
 30
0.0
 10
1.5167563710813128
 20
5.805122745418656
 30
0.0
  0
SPLINE
  5
3CB
330
17
100
AcDbEntity
  8
HIDDEN
100
AcDbSpline
 70
0
 71
1
 72
4
 73
2
 74
0
 40
0.0
 40
0.0
 40
1.0
 40
1.0
 10
1.5167533736046637
 20
5.805123528595443
 30
0.0
 10
1.512563041006283
 20
5.806216756769663
 30
0.0
  0
SPLINE
  5
3CC
330
17
100
AcDbEntity
  8
HIDDEN
100
AcDbSpline
 70
0
 71
1
 72
4
 73
2
 74
0
 40
0.0
 40
0.0
 40
1.0
 40
1.0
 10
1.5125355883424816
 20
5.806223908325889
 30
0.0
 10
1.5083433262790318
 20
5.807314387107293
 30
0.0
  0
SPLINE
  5
3CD
330
17
100
AcDbEntity
  8
HIDDEN
100
AcDbSpline
 70
0
 71
1
 72
4
 73
2
 74
0
 40
0.0
 40
0.0
 40
1.0
 40
1.0
 10
1.5075696563585312
 20
5.807515278675392
 30
0.0
 10
1.5041502272950202
 20
5.808401852091088
 30
0.0
  0
SPLINE
  5
3CE
330
17
100
AcDbEntity
  8
HIDDEN
100
AcDbSpline
 70
0
 71
1
 72
4
 73
2
 74
0
 40
0.0
 40
0.0
 40
1.0
 40
1.0
 10
1.5041441924035825
 20
5.808403414890094
 30
0.0
 10
1.4999562936153499
 20
5.809486302582929
 30
0.0
  0
SPLINE
  5
3CF
330
17
100
AcDbEntity
  8
HIDDEN
100
AcDbSpline
 70
0
 71
1
 72
4
 73
2
 74
0
 40
0.0
 40
0.0
 40
1.0
 40
1.0
 10
1.4993476081020658
 20
5.809643425622557
 30
0.0
 10
1.4206512150414237
 20
5.829386770775162
 30
0.0
  0
SPLINE
  5
3D0
330
17
100
AcDbEntity
  8
HIDDEN
100
AcDbSpline
 70
0
 71
1
 72
4
 73
2
 74
0
 40
0.0
 40
0.0
 40
1.0
 40
1.0
 10
1.4189136611408046
 20
5.8298099472033265
 30
0.0
 10
1.4164381339589518
 20
5.83041190750812
 30
0.0
  0
SPLINE
  5
3D1
330
17
100
AcDbEntity
  8
HIDDEN
100
AcDbSpline
 70
0
 71
1
 72
4
 73
2
 74
0
 40
0.0
 40
0.0
 40
1.0
 40
1.0
 10
1.4164320848285339
 20
5.8304133770783775
 30
0.0
 10
1.412224263552596
 20
5.831434011320123
 30
0.0
  0
SPLINE
  5
3D2
330
17
100
AcDbEntity
  8
HIDDEN
100
AcDbSpline
 70
0
 71
1
 72
4
 73
2
 74
0
 40
0.0
 40
0.0
 40
1.0
 40
1.0
 10
1.412221237157018
 20
5.831434744234964
 30
0.0
 10
1.4080096037893333
 20
5.832453082102533
 30
0.0
  0
SPLINE
  5
3D3
330
17
100
AcDbEntity
  8
HIDDEN
100
AcDbSpline
 70
0
 71
1
 72
4
 73
2
 74
0
 40
0.0
 40
0.0
 40
1.0
 40
1.0
 10
1.4078305441423642
 20
5.8324963058953845
 30
0.0
 10
1.395696895733448
 20
5.835411739985165
 30
0.0
  0
SPLINE
  5
3D4
330
17
100
AcDbEntity
  8
HIDDEN
100
AcDbSpline
 70
0
 71
1
 72
4
 73
2
 74
0
 40
0.0
 40
0.0
 40
1.0
 40
1.0
 10
1.3956951650423741
 20
5.835412153926584
 30
0.0
 10
1.3835567879173538
 20
5.838302031773252
 30
0.0
  0
SPLINE
  5
3D5
330
17
100
AcDbEntity
  8
HIDDEN
100
AcDbSpline
 70
0
 71
1
 72
4
 73
2
 74
0
 40
0.0
 40
0.0
 40
1.0
 40
1.0
 10
1.3835533393902164
 20
5.838302849001719
 30
0.0
 10
1.3789461431626489
 20
5.83939273666495
 30
0.0
  0
SPLINE
  5
3D6
330
17
100
AcDbEntity
  8
HIDDEN
100
AcDbSpline
 70
0
 71
2
 72
6
 73
3
 74
0
 40
0.0
 40
0.0
 40
0.0
 40
1.0
 40
1.0
 40
1.0
 10
1.3789418399753313
 20
5.839393752841381
 30
0.0
 10
1.1697756122293497
 20
5.888789809899983
 30
0.0
 10
0.9573272870535794
 20
5.923134653162869
 30
0.0
  0
SPLINE
  5
3D7
330
17
100
AcDbEntity
  8
HIDDEN
100
AcDbSpline
 70
0
 71
1
 72
4
 73
2
 74
0
 40
0.0
 40
0.0
 40
1.0
 40
1.0
 10
0.9458275784641106
 20
5.9249818438748845
 30
0.0
 10
0.9052462498453144
 20
5.931317636764656
 30
0.0
  0
SPLINE
  5
3D8
330
17
100
AcDbEntity
  8
HIDDEN
100
AcDbSpline
 70
0
 71
1
 72
4
 73
2
 74
0
 40
0.0
 40
0.0
 40
1.0
 40
1.0
 10
0.9052437875437758
 20
5.931318012564286
 30
0.0
 10
0.8937352467843744
 20
5.933063036746382
 30
0.0
  0
SPLINE
  5
3D9
330
17
100
AcDbEntity
  8
HIDDEN
100
AcDbSpline
 70
0
 71
1
 72
4
 73
2
 74
0
 40
0.0
 40
0.0
 40
1.0
 40
1.0
 10
0.8937305411652168
 20
5.933063745582295
 30
0.0
 10
0.8907581394230695
 20
5.933510733846692
 30
0.0
  0
SPLINE
  5
3DA
330
17
100
AcDbEntity
  8
HIDDEN
100
AcDbSpline
 70
0
 71
1
 72
4
 73
2
 74
0
 40
0.0
 40
0.0
 40
1.0
 40
1.0
 10
0.8907509453890476
 20
5.933511813834742
 30
0.0
 10
0.8792377560642177
 20
5.93522877985269
 30
0.0
  0
SPLINE
  5
3DB
330
17
100
AcDbEntity
  8
HIDDEN
100
AcDbSpline
 70
0
 71
1
 72
4
 73
2
 74
0
 40
0.0
 40
0.0
 40
1.0
 40
1.0
 10
0.8790668079902542
 20
5.935254101393906
 30
0.0
 10
0.8757321322274128
 20
5.935747041141982
 30
0.0
  0
SPLINE
  5
3DC
330
17
100
AcDbEntity
  8
HIDDEN
100
AcDbSpline
 70
0
 71
1
 72
4
 73
2
 74
0
 40
0.0
 40
0.0
 40
1.0
 40
1.0
 10
0.8752430146563633
 20
5.935819182686995
 30
0.0
 10
0.8723971507059928
 20
5.936238111646006
 30
0.0
  0
SPLINE
  5
3DD
330
17
100
AcDbEntity
  8
HIDDEN
100
AcDbSpline
 70
0
 71
1
 72
4
 73
2
 74
0
 40
0.0
 40
0.0
 40
1.0
 40
1.0
 10
0.8723923372524207
 20
5.936238819035664
 30
0.0
 10
0.869061864524661
 20
5.9367273126936375
 30
0.0
  0
SPLINE
  5
3DE
330
17
100
AcDbEntity
  8
HIDDEN
100
AcDbSpline
 70
0
 71
1
 72
4
 73
2
 74
0
 40
0.0
 40
0.0
 40
1.0
 40
1.0
 10
0.8690546446339875
 20
5.936728369590462
 30
0.0
 10
0.8060598009447595
 20
5.945609083342966
 30
0.0
  0
SPLINE
  5
3DF
330
17
100
AcDbEntity
  8
HIDDEN
100
AcDbSpline
 70
0
 71
1
 72
4
 73
2
 74
0
 40
0.0
 40
0.0
 40
1.0
 40
1.0
 10
0.8060526265977159
 20
5.945610055981866
 30
0.0
 10
0.8027162959043357
 20
5.946061412969107
 30
0.0
  0
SPLINE
  5
3E0
330
17
100
AcDbEntity
  8
HIDDEN
100
AcDbSpline
 70
0
 71
1
 72
4
 73
2
 74
0
 40
0.0
 40
0.0
 40
1.0
 40
1.0
 10
0.8027115132023823
 20
5.94606205863078
 30
0.0
 10
0.7993725092837225
 20
5.946511866113578
 30
0.0
  0
SPLINE
  5
3E1
330
17
100
AcDbEntity
  8
HIDDEN
100
AcDbSpline
 70
0
 71
1
 72
4
 73
2
 74
0
 40
0.0
 40
0.0
 40
1.0
 40
1.0
 10
0.7993701180800379
 20
5.946512187555967
 30
0.0
 10
0.7960284423291766
 20
5.9469604425608935
 30
0.0
  0
SPLINE
  5
3E2
330
17
100
AcDbEntity
  8
HIDDEN
100
AcDbSpline
 70
0
 71
1
 72
4
 73
2
 74
0
 40
0.0
 40
0.0
 40
1.0
 40
1.0
 10
0.7959998106641313
 20
5.946964274975743
 30
0.0
 10
0.7926590164094447
 20
5.9474104847490725
 30
0.0
  0
SPLINE
  5
3E3
330
17
100
AcDbEntity
  8
HIDDEN
100
AcDbSpline
 70
0
 71
1
 72
4
 73
2
 74
0
 40
0.0
 40
0.0
 40
1.0
 40
1.0
 10
0.792656613690691
 20
5.947410804978388
 30
0.0
 10
0.7893179439260394
 20
5.9478548215143245
 30
0.0
  0
SPLINE
  5
3E4
330
17
100
AcDbEntity
  8
HIDDEN
100
AcDbSpline
 70
0
 71
1
 72
4
 73
2
 74
0
 40
0.0
 40
0.0
 40
1.0
 40
1.0
 10
0.7893131385311147
 20
5.947855459219129
 30
0.0
 10
0.785976594311236
 20
5.948297285077322
 30
0.0
  0
SPLINE
  5
3E5
330
17
100
AcDbEntity
  8
HIDDEN
100
AcDbSpline
 70
0
 71
1
 72
4
 73
2
 74
0
 40
0.0
 40
0.0
 40
1.0
 40
1.0
 10
0.7859693862394236
 20
5.948298237510164
 30
0.0
 10
0.7228652822541312
 20
5.956296304179903
 30
0.0
  0
SPLINE
  5
3E6
330
17
100
AcDbEntity
  8
HIDDEN
100
AcDbSpline
 70
0
 71
1
 72
4
 73
2
 74
0
 40
0.0
 40
0.0
 40
1.0
 40
1.0
 10
0.7228580708433134
 20
5.956297179364191
 30
0.0
 10
0.7195162489179192
 20
5.956701793063369
 30
0.0
  0
SPLINE
  5
3E7
330
17
100
AcDbEntity
  8
HIDDEN
100
AcDbSpline
 70
0
 71
1
 72
4
 73
2
 74
0
 40
0.0
 40
0.0
 40
1.0
 40
1.0
 10
0.7195114408625931
 20
5.956702373831979
 30
0.0
 10
0.7161669607987002
 20
5.957105402179581
 30
0.0
  0
SPLINE
  5
3E8
330
17
100
AcDbEntity
  8
HIDDEN
100
AcDbSpline
 70
0
 71
1
 72
4
 73
2
 74
0
 40
0.0
 40
0.0
 40
1.0
 40
1.0
 10
0.7161645566550037
 20
5.957105691207027
 30
0.0
 10
0.7128174193176664
 20
5.957507131310739
 30
0.0
  0
SPLINE
  5
3E9
330
17
100
AcDbEntity
  8
HIDDEN
100
AcDbSpline
 70
0
 71
1
 72
4
 73
2
 74
0
 40
0.0
 40
0.0
 40
1.0
 40
1.0
 10
0.707551871118381
 20
5.95813479619601
 30
0.0
 10
0.698731142255653
 20
5.959175673083465
 30
0.0
  0
SPLINE
  5
3EA
330
17
100
AcDbEntity
  8
HIDDEN
100
AcDbSpline
 70
0
 71
1
 72
4
 73
2
 74
0
 40
0.0
 40
0.0
 40
1.0
 40
1.0
 10
0.6987212770718703
 20
5.959176829798556
 30
0.0
 10
0.6846982038616096
 20
5.960804333340025
 30
0.0
  0
SPLINE
  5
3EB
330
17
100
AcDbEntity
  8
HIDDEN
100
AcDbSpline
 70
0
 71
1
 72
4
 73
2
 74
0
 40
0.0
 40
0.0
 40
1.0
 40
1.0
 10
0.6846784609593142
 20
5.960806601112098
 30
0.0
 10
0.6706610016889987
 20
5.962400000875912
 30
0.0
  0
SPLINE
  5
3EC
330
17
100
AcDbEntity
  8
HIDDEN
100
AcDbSpline
 70
0
 71
2
 72
6
 73
3
 74
0
 40
0.0
 40
0.0
 40
0.0
 40
1.0
 40
1.0
 40
1.0
 10
0.6706313670680772
 20
5.962403334157779
 30
0.0
 10
0.5381431099349255
 20
5.977305675778056
 30
0.0
 10
0.40504565558496347
 20
5.986312574680218
 30
0.0
  0
SPLINE
  5
3ED
330
17
100
AcDbEntity
  8
HIDDEN
100
AcDbSpline
 70
0
 71
1
 72
4
 73
2
 74
0
 40
0.0
 40
0.0
 40
1.0
 40
1.0
 10
0.40501438530899103
 20
5.986314690407822
 30
0.0
 10
0.3909300651779758
 20
5.987250948158655
 30
0.0
  0
SPLINE
  5
3EE
330
17
100
AcDbEntity
  8
HIDDEN
100
AcDbSpline
 70
0
 71
1
 72
4
 73
2
 74
0
 40
0.0
 40
0.0
 40
1.0
 40
1.0
 10
0.39090918085205895
 20
5.9872523117388585
 30
0.0
 10
0.376811858026338
 20
5.988156065268212
 30
0.0
  0
SPLINE
  5
3EF
330
17
100
AcDbEntity
  8
HIDDEN
100
AcDbSpline
 70
0
 71
1
 72
4
 73
2
 74
0
 40
0.0
 40
0.0
 40
1.0
 40
1.0
 10
0.3679301063735214
 20
5.98870834810344
 30
0.0
 10
0.3626911140864314
 20
5.989027917738326
 30
0.0
  0
SPLINE
  5
3F0
330
17
100
AcDbEntity
  8
HIDDEN
100
AcDbSpline
 70
0
 71
1
 72
4
 73
2
 74
0
 40
0.0
 40
0.0
 40
1.0
 40
1.0
 10
0.3626164710064004
 20
5.989032437603495
 30
0.0
 10
0.3592494883165931
 20
5.989235347687185
 30
0.0
  0
SPLINE
  5
3F1
330
17
100
AcDbEntity
  8
HIDDEN
100
AcDbSpline
 70
0
 71
1
 72
4
 73
2
 74
0
 40
0.0
 40
0.0
 40
1.0
 40
1.0
 10
0.359247092873511
 20
5.989235491371508
 30
0.0
 10
0.3558823690848971
 20
5.989436366244432
 30
0.0
  0
SPLINE
  5
3F2
330
17
100
AcDbEntity
  8
HIDDEN
100
AcDbSpline
 70
0
 71
1
 72
4
 73
2
 74
0
 40
0.0
 40
0.0
 40
1.0
 40
1.0
 10
0.35587757646500756
 20
5.989436651012152
 30
0.0
 10
0.35251511440650624
 20
5.989635493170942
 30
0.0
  0
SPLINE
  5
3F3
330
17
100
AcDbEntity
  8
HIDDEN
100
AcDbSpline
 70
0
 71
1
 72
4
 73
2
 74
0
 40
0.0
 40
0.0
 40
1.0
 40
1.0
 10
0.352507922445088
 20
5.989635916443813
 30
0.0
 10
0.2889415345108044
 20
5.993038715520507
 30
0.0
  0
SPLINE
  5
3F4
330
17
100
AcDbEntity
  8
HIDDEN
100
AcDbSpline
 70
0
 71
1
 72
4
 73
2
 74
0
 40
0.0
 40
0.0
 40
1.0
 40
1.0
 10
0.288934205892124
 20
5.9930390688496775
 30
0.0
 10
0.28556937439922875
 20
5.9932003460965095
 30
0.0
  0
SPLINE
  5
3F5
330
17
100
AcDbEntity
  8
HIDDEN
100
AcDbSpline
 70
0
 71
1
 72
4
 73
2
 74
0
 40
0.0
 40
0.0
 40
1.0
 40
1.0
 10
0.28406854095018047
 20
5.993271670803066
 30
0.0
 10
0.28219709949476196
 20
5.993360080370854
 30
0.0
  0
SPLINE
  5
3F6
330
17
100
AcDbEntity
  8
HIDDEN
100
AcDbSpline
 70
0
 71
1
 72
4
 73
2
 74
0
 40
0.0
 40
0.0
 40
1.0
 40
1.0
 10
0.2821946542834828
 20
5.993360195503014
 30
0.0
 10
0.27882471069228965
 20
5.993517918259773
 30
0.0
  0
SPLINE
  5
3F7
330
17
100
AcDbEntity
  8
HIDDEN
100
AcDbSpline
 70
0
 71
1
 72
4
 73
2
 74
0
 40
0.0
 40
0.0
 40
1.0
 40
1.0
 10
0.2787752489229413
 20
5.9935202190681665
 30
0.0
 10
0.27540417822267255
 20
5.993676066839338
 30
0.0
  0
SPLINE
  5
3F8
330
17
100
AcDbEntity
  8
HIDDEN
100
AcDbSpline
 70
0
 71
1
 72
4
 73
2
 74
0
 40
0.0
 40
0.0
 40
1.0
 40
1.0
 10
0.27540178051628195
 20
5.993676177011359
 30
0.0
 10
0.2720329981697006
 20
5.993830019547929
 30
0.0
  0
SPLINE
  5
3F9
330
17
100
AcDbEntity
  8
HIDDEN
100
AcDbSpline
 70
0
 71
1
 72
4
 73
2
 74
0
 40
0.0
 40
0.0
 40
1.0
 40
1.0
 10
0.27202820087132806
 20
5.993830237273777
 30
0.0
 10
0.26866170985984283
 20
5.993982077106349
 30
0.0
  0
SPLINE
  5
3FA
330
17
100
AcDbEntity
  8
HIDDEN
100
AcDbSpline
 70
0
 71
1
 72
4
 73
2
 74
0
 40
0.0
 40
0.0
 40
1.0
 40
1.0
 10
0.2686545107565542
 20
5.9939823997794965
 30
0.0
 10
0.2050171038465225
 20
5.9964963292598545
 30
0.0
  0
SPLINE
  5
3FB
330
17
100
AcDbEntity
  8
HIDDEN
100
AcDbSpline
 70
0
 71
1
 72
4
 73
2
 74
0
 40
0.0
 40
0.0
 40
1.0
 40
1.0
 10
0.20500976735825427
 20
5.996496580085867
 30
0.0
 10
0.20164144790520533
 20
5.996610789845213
 30
0.0
  0
SPLINE
  5
3FC
330
17
100
AcDbEntity
  8
HIDDEN
100
AcDbSpline
 70
0
 71
1
 72
4
 73
2
 74
0
 40
0.0
 40
0.0
 40
1.0
 40
1.0
 10
0.20163655474149095
 20
5.996610954380099
 30
0.0
 10
0.19826570443741542
 20
5.996723350922874
 30
0.0
  0
SPLINE
  5
3FD
330
17
100
AcDbEntity
  8
HIDDEN
100
AcDbSpline
 70
0
 71
1
 72
4
 73
2
 74
0
 40
0.0
 40
0.0
 40
1.0
 40
1.0
 10
0.19826325673946918
 20
5.996723431848912
 30
0.0
 10
0.194889874447661
 20
5.996834012419375
 30
0.0
  0
SPLINE
  5
3FE
330
17
100
AcDbEntity
  8
HIDDEN
100
AcDbSpline
 70
0
 71
1
 72
4
 73
2
 74
0
 40
0.0
 40
0.0
 40
1.0
 40
1.0
 10
0.19486438691536334
 20
5.996834840678332
 30
0.0
 10
0.18811517828347557
 20
5.9970503510016755
 30
0.0
  0
SPLINE
  5
3FF
330
17
100
AcDbEntity
  8
HIDDEN
100
AcDbSpline
 70
0
 71
1
 72
4
 73
2
 74
0
 40
0.0
 40
0.0
 40
1.0
 40
1.0
 10
0.1881104200013562
 20
5.997050500257167
 30
0.0
 10
0.1813656454629035
 20
5.997258267934164
 30
0.0
  0
SPLINE
  5
400
330
17
100
AcDbEntity
  8
HIDDEN
100
AcDbSpline
 70
0
 71
1
 72
4
 73
2
 74
0
 40
0.0
 40
0.0
 40
1.0
 40
1.0
 10
0.18135612061141565
 20
5.997258555971317
 30
0.0
 10
0.1746157972253934
 20
5.99745859091588
 30
0.0
  0
SPLINE
  5
401
330
17
100
AcDbEntity
  8
HIDDEN
100
AcDbSpline
 70
0
 71
2
 72
6
 73
3
 74
0
 40
0.0
 40
0.0
 40
0.0
 40
1.0
 40
1.0
 40
1.0
 10
0.17460149739129993
 20
5.997459007237396
 30
0.0
 10
-0.19422385080789178
 20
6.008187581180425
 30
0.0
 10
-0.5620277735231302
 20
5.973619047884492
 30
0.0
  0
SPLINE
  5
402
330
17
100
AcDbEntity
  8
HIDDEN
100
AcDbSpline
 70
0
 71
1
 72
4
 73
2
 74
0
 40
0.0
 40
0.0
 40
1.0
 40
1.0
 10
-0.5620610203800123
 20
5.973615919762327
 30
0.0
 10
-0.6252788858874467
 20
5.96732989590261
 30
0.0
  0
SPLINE
  5
403
330
17
100
AcDbEntity
  8
HIDDEN
100
AcDbSpline
 70
0
 71
1
 72
4
 73
2
 74
0
 40
0.0
 40
0.0
 40
1.0
 40
1.0
 10
-0.6253045545048239
 20
5.96732720619525
 30
0.0
 10
-0.6601886725316539
 20
5.963568621880825
 30
0.0
  0
SPLINE
  5
404
330
17
100
AcDbEntity
  8
HIDDEN
100
AcDbSpline
 70
0
 71
1
 72
4
 73
2
 74
0
 40
0.0
 40
0.0
 40
1.0
 40
1.0
 10
-0.6602501850801623
 20
5.963561811900702
 30
0.0
 10
-0.6636089485889098
 20
5.963188992201305
 30
0.0
  0
SPLINE
  5
405
330
17
100
AcDbEntity
  8
HIDDEN
100
AcDbSpline
 70
0
 71
1
 72
4
 73
2
 74
0
 40
0.0
 40
0.0
 40
1.0
 40
1.0
 10
-0.6642307342938863
 20
5.963119764466434
 30
0.0
 10
-0.6669675171217525
 20
5.9628142790630925
 30
0.0
  0
SPLINE
  5
406
330
17
100
AcDbEntity
  8
HIDDEN
100
AcDbSpline
 70
0
 71
1
 72
4
 73
2
 74
0
 40
0.0
 40
0.0
 40
1.0
 40
1.0
 10
-0.6669722503123836
 20
5.96281374963285
 30
0.0
 10
-0.6703258895894049
 20
5.962437672580999
 30
0.0
  0
SPLINE
  5
407
330
17
100
AcDbEntity
  8
HIDDEN
100
AcDbSpline
 70
0
 71
1
 72
4
 73
2
 74
0
 40
0.0
 40
0.0
 40
1.0
 40
1.0
 10
-0.6703329955489394
 20
5.962436873690986
 30
0.0
 10
-0.7336696230580775
 20
5.954975124149587
 30
0.0
  0
SPLINE
  5
408
330
17
100
AcDbEntity
  8
HIDDEN
100
AcDbSpline
 70
0
 71
1
 72
4
 73
2
 74
0
 40
0.0
 40
0.0
 40
1.0
 40
1.0
 10
-0.7336769724058392
 20
5.95497421868526
 30
0.0
 10
-0.7370263196252764
 20
5.954560609485842
 30
0.0
  0
SPLINE
  5
409
330
17
100
AcDbEntity
  8
HIDDEN
100
AcDbSpline
 70
0
 71
1
 72
4
 73
2
 74
0
 40
0.0
 40
0.0
 40
1.0
 40
1.0
 10
-0.7385210021323991
 20
5.954375414645602
 30
0.0
 10
-0.7403828003350297
 20
5.954144200443864
 30
0.0
  0
SPLINE
  5
40A
330
17
100
AcDbEntity
  8
HIDDEN
100
AcDbSpline
 70
0
 71
1
 72
4
 73
2
 74
0
 40
0.0
 40
0.0
 40
1.0
 40
1.0
 10
-0.7403852531068057
 20
5.954143895447547
 30
0.0
 10
-0.7437390641726859
 20
5.9537258971179625
 30
0.0
  0
SPLINE
  5
40B
330
17
100
AcDbEntity
  8
HIDDEN
100
AcDbSpline
 70
0
 71
1
 72
4
 73
2
 74
0
 40
0.0
 40
0.0
 40
1.0
 40
1.0
 10
-0.7437829283418786
 20
5.953720417447784
 30
0.0
 10
-0.747137221170272
 20
5.953300414834942
 30
0.0
  0
SPLINE
  5
40C
330
17
100
AcDbEntity
  8
HIDDEN
100
AcDbSpline
 70
0
 71
1
 72
4
 73
2
 74
0
 40
0.0
 40
0.0
 40
1.0
 40
1.0
 10
-0.7471395986899989
 20
5.953300116456701
 30
0.0
 10
-0.7504912918275994
 20
5.952878520544013
 30
0.0
  0
SPLINE
  5
40D
330
17
100
AcDbEntity
  8
HIDDEN
100
AcDbSpline
 70
0
 71
1
 72
4
 73
2
 74
0
 40
0.0
 40
0.0
 40
1.0
 40
1.0
 10
-0.7504960494003079
 20
5.9528779207457365
 30
0.0
 10
-0.7538451392246275
 20
5.952454734686235
 30
0.0
  0
SPLINE
  5
40E
330
17
100
AcDbEntity
  8
HIDDEN
100
AcDbSpline
 70
0
 71
1
 72
4
 73
2
 74
0
 40
0.0
 40
0.0
 40
1.0
 40
1.0
 10
-0.7538522795976237
 20
5.952453830394065
 30
0.0
 10
-0.8170984147194202
 20
5.944102127589575
 30
0.0
  0
SPLINE
  5
40F
330
17
100
AcDbEntity
  8
HIDDEN
100
AcDbSpline
 70
0
 71
1
 72
4
 73
2
 74
0
 40
0.0
 40
0.0
 40
1.0
 40
1.0
 10
-0.81710571041745
 20
5.944101124691812
 30
0.0
 10
-0.8204500291514312
 20
5.943640439629434
 30
0.0
  0
SPLINE
  5
410
330
17
100
AcDbEntity
  8
HIDDEN
100
AcDbSpline
 70
0
 71
1
 72
4
 73
2
 74
0
 40
0.0
 40
0.0
 40
1.0
 40
1.0
 10
-0.8204548946064008
 20
5.943639768008682
 30
0.0
 10
-0.8238013992436319
 20
5.943176859553645
 30
0.0
  0
SPLINE
  5
411
330
17
100
AcDbEntity
  8
HIDDEN
100
AcDbSpline
 70
0
 71
1
 72
4
 73
2
 74
0
 40
0.0
 40
0.0
 40
1.0
 40
1.0
 10
-0.8238038328043832
 20
5.943176522230258
 30
0.0
 10
-0.8271525239228467
 20
5.942711387482111
 30
0.0
  0
SPLINE
  5
412
330
17
100
AcDbEntity
  8
HIDDEN
100
AcDbSpline
 70
0
 71
1
 72
4
 73
2
 74
0
 40
0.0
 40
0.0
 40
1.0
 40
1.0
 10
-0.8271807423743808
 20
5.942707459753951
 30
0.0
 10
-0.8305298090863217
 20
5.942240332771293
 30
0.0
  0
SPLINE
  5
413
330
17
100
AcDbEntity
  8
HIDDEN
100
AcDbSpline
 70
0
 71
1
 72
4
 73
2
 74
0
 40
0.0
 40
0.0
 40
1.0
 40
1.0
 10
-0.8305321970462209
 20
5.94223999901274
 30
0.0
 10
-0.8338786264391704
 20
5.941771316366976
 30
0.0
  0
SPLINE
  5
414
330
17
100
AcDbEntity
  8
HIDDEN
100
AcDbSpline
 70
0
 71
1
 72
4
 73
2
 74
0
 40
0.0
 40
0.0
 40
1.0
 40
1.0
 10
-0.833883403337397
 20
5.941770645967142
 30
0.0
 10
-0.8372271933438615
 20
5.941300410668604
 30
0.0
  0
SPLINE
  5
415
330
17
100
AcDbEntity
  8
HIDDEN
100
AcDbSpline
 70
0
 71
1
 72
4
 73
2
 74
0
 40
0.0
 40
0.0
 40
1.0
 40
1.0
 10
-0.8372343607440895
 20
5.941299400659938
 30
0.0
 10
-0.900375749632371
 20
5.932058961225071
 30
0.0
  0
SPLINE
  5
416
330
17
100
AcDbEntity
  8
HIDDEN
100
AcDbSpline
 70
0
 71
1
 72
4
 73
2
 74
0
 40
0.0
 40
0.0
 40
1.0
 40
1.0
 10
-0.9003829958401102
 20
5.932057861382212
 30
0.0
 10
-0.9037215278825634
 20
5.931550169527046
 30
0.0
  0
SPLINE
  5
417
330
17
100
AcDbEntity
  8
HIDDEN
100
AcDbSpline
 70
0
 71
1
 72
4
 73
2
 74
0
 40
0.0
 40
0.0
 40
1.0
 40
1.0
 10
-0.9037263592154338
 20
5.931549433431294
 30
0.0
 10
-0.907067033495281
 20
5.931039488480894
 30
0.0
  0
SPLINE
  5
418
330
17
100
AcDbEntity
  8
HIDDEN
100
AcDbSpline
 70
0
 71
1
 72
4
 73
2
 74
0
 40
0.0
 40
0.0
 40
1.0
 40
1.0
 10
-0.9070694494158197
 20
5.931039119000372
 30
0.0
 10
-0.9104122653529204
 20
5.930526918231452
 30
0.0
  0
SPLINE
  5
419
330
17
100
AcDbEntity
  8
HIDDEN
100
AcDbSpline
 70
0
 71
1
 72
4
 73
2
 74
0
 40
0.0
 40
0.0
 40
1.0
 40
1.0
 10
-0.9104260794227785
 20
5.930524797578587
 30
0.0
 10
-0.9137691956845759
 20
5.930010613936752
 30
0.0
  0
SPLINE
  5
41A
330
17
100
AcDbEntity
  8
HIDDEN
100
AcDbSpline
 70
0
 71
1
 72
4
 73
2
 74
0
 40
0.0
 40
0.0
 40
1.0
 40
1.0
 10
-0.9137715914715783
 20
5.930010244764054
 30
0.0
 10
-0.9171120354063891
 20
5.929494543592506
 30
0.0
  0
SPLINE
  5
41B
330
17
100
AcDbEntity
  8
HIDDEN
100
AcDbSpline
 70
0
 71
1
 72
4
 73
2
 74
0
 40
0.0
 40
0.0
 40
1.0
 40
1.0
 10
-0.9171168265454792
 20
5.929493802547807
 30
0.0
 10
-0.9204545974994083
 20
5.9289765866899025
 30
0.0
  0
SPLINE
  5
41C
330
17
100
AcDbEntity
  8
HIDDEN
100
AcDbSpline
 70
0
 71
1
 72
4
 73
2
 74
0
 40
0.0
 40
0.0
 40
1.0
 40
1.0
 10
-0.9823795437505711
 20
5.9190312154251306
 30
0.0
 10
-0.9834847597185314
 20
5.918847677183296
 30
0.0
  0
SPLINE
  5
41D
330
17
100
AcDbEntity
  8
HIDDEN
100
AcDbSpline
 70
0
 71
1
 72
4
 73
2
 74
0
 40
0.0
 40
0.0
 40
1.0
 40
1.0
 10
-0.9834919612417916
 20
5.91884648056333
 30
0.0
 10
-0.9868239787882482
 20
5.918291859702483
 30
0.0
  0
SPLINE
  5
41E
330
17
100
AcDbEntity
  8
HIDDEN
100
AcDbSpline
 70
0
 71
1
 72
4
 73
2
 74
0
 40
0.0
 40
0.0
 40
1.0
 40
1.0
 10
-0.9868287796460694
 20
5.918291059199381
 30
0.0
 10
-0.9901628971029185
 20
5.917734156106848
 30
0.0
  0
SPLINE
  5
41F
330
17
100
AcDbEntity
  8
HIDDEN
100
AcDbSpline
 70
0
 71
1
 72
4
 73
2
 74
0
 40
0.0
 40
0.0
 40
1.0
 40
1.0
 10
-0.9901652977005145
 20
5.917733754435478
 30
0.0
 10
-0.9935015143170735
 20
5.9171745664301625
 30
0.0
  0
SPLINE
  5
420
330
17
100
AcDbEntity
  8
HIDDEN
100
AcDbSpline
 70
0
 71
1
 72
4
 73
2
 74
0
 40
0.0
 40
0.0
 40
1.0
 40
1.0
 10
-0.993658130468587
 20
5.917148268251467
 30
0.0
 10
-1.0051771720331613
 20
5.915202361133891
 30
0.0
  0
SPLINE
  5
421
330
17
100
AcDbEntity
  8
HIDDEN
100
AcDbSpline
 70
0
 71
1
 72
4
 73
2
 74
0
 40
0.0
 40
0.0
 40
1.0
 40
1.0
 10
-1.005184312329134
 20
5.9152011477713184
 30
0.0
 10
-1.0081582188734624
 20
5.914695015724213
 30
0.0
  0
SPLINE
  5
422
330
17
100
AcDbEntity
  8
HIDDEN
100
AcDbSpline
 70
0
 71
1
 72
4
 73
2
 74
0
 40
0.0
 40
0.0
 40
1.0
 40
1.0
 10
-1.0081629955606686
 20
5.914694201537548
 30
0.0
 10
-1.0196774253296392
 20
5.9127200240616915
 30
0.0
  0
SPLINE
  5
423
330
17
100
AcDbEntity
  8
HIDDEN
100
AcDbSpline
 70
0
 71
1
 72
4
 73
2
 74
0
 40
0.0
 40
0.0
 40
1.0
 40
1.0
 10
-1.0196797914783042
 20
5.91271961600751
 30
0.0
 10
-1.034169391678227
 20
5.910202519196317
 30
0.0
  0
SPLINE
  5
424
330
17
100
AcDbEntity
  8
HIDDEN
100
AcDbSpline
 70
0
 71
2
 72
6
 73
3
 74
0
 40
0.0
 40
0.0
 40
0.0
 40
1.0
 40
1.0
 40
1.0
 10
-1.0341717912584647
 20
5.910202099316582
 30
0.0
 10
-1.429809610444026
 20
5.840950213889463
 30
0.0
 10
-1.8129570804540593
 20
5.719544243830971
 30
0.0
  0
SPLINE
  5
425
330
17
100
AcDbEntity
  8
HIDDEN
100
AcDbSpline
 70
0
 71
2
 72
6
 73
3
 74
0
 40
0.0
 40
0.0
 40
0.0
 40
1.0
 40
1.0
 40
1.0
 10
-2.344953206661982
 20
5.522788648447483
 30
0.0
 10
-2.657021950673222
 20
5.390270225253186
 30
0.0
 10
-2.9522506603186707
 20
5.223429504327995
 30
0.0
  0
SPLINE
  5
426
330
17
100
AcDbEntity
  8
HIDDEN
100
AcDbSpline
 70
0
 71
1
 72
4
 73
2
 74
0
 40
0.0
 40
0.0
 40
1.0
 40
1.0
 10
-3.5493115750494466
 20
4.837601428050737
 30
0.0
 10
-3.5505531808888025
 20
4.83669022593258
 30
0.0
  0
SPLINE
  5
427
330
17
100
AcDbEntity
  8
HIDDEN
100
AcDbSpline
 70
0
 71
1
 72
4
 73
2
 74
0
 40
0.0
 40
0.0
 40
1.0
 40
1.0
 10
-3.5505540695306586
 20
4.836689573591584
 30
0.0
 10
-3.55179455269385
 20
4.835778705223283
 30
0.0
  0
SPLINE
  5
428
330
17
100
AcDbEntity
  8
HIDDEN
100
AcDbSpline
 70
0
 71
1
 72
4
 73
2
 74
0
 40
0.0
 40
0.0
 40
1.0
 40
1.0
 10
-3.5517963310261687
 20
4.83577739906869
 30
0.0
 10
-3.553035690382935
 20
4.834866865982934
 30
0.0
  0
SPLINE
  5
429
330
17
100
AcDbEntity
  8
HIDDEN
100
AcDbSpline
 70
0
 71
1
 72
4
 73
2
 74
0
 40
0.0
 40
0.0
 40
1.0
 40
1.0
 10
-3.5762828916907283
 20
4.8176966361173
 30
0.0
 10
-3.576415473986268
 20
4.817598214495486
 30
0.0
  0
SPLINE
  5
42A
330
17
100
AcDbEntity
  8
HIDDEN
100
AcDbSpline
 70
0
 71
1
 72
4
 73
2
 74
0
 40
0.0
 40
0.0
 40
1.0
 40
1.0
 10
-3.576418144610255
 20
4.817596231916646
 30
0.0
 10
-3.57765283209759
 20
4.816679396659584
 30
0.0
  0
SPLINE
  5
42B
330
17
100
AcDbEntity
  8
HIDDEN
100
AcDbSpline
 70
0
 71
1
 72
4
 73
2
 74
0
 40
0.0
 40
0.0
 40
1.0
 40
1.0
 10
-3.5776546123319006
 20
4.8166780743660595
 30
0.0
 10
-3.578889954209152
 20
4.81576026097831
 30
0.0
  0
SPLINE
  5
42C
330
17
100
AcDbEntity
  8
HIDDEN
100
AcDbSpline
 70
0
 71
1
 72
4
 73
2
 74
0
 40
0.0
 40
0.0
 40
1.0
 40
1.0
 10
-3.5788908442369864
 20
4.815759599543204
 30
0.0
 10
-3.5801268402442377
 20
4.814840807508601
 30
0.0
  0
SPLINE
  5
42D
330
17
100
AcDbEntity
  8
HIDDEN
100
AcDbSpline
 70
0
 71
1
 72
4
 73
2
 74
0
 40
0.0
 40
0.0
 40
1.0
 40
1.0
 10
-3.5801807592550308
 20
4.814800714969872
 30
0.0
 10
-3.5899009223423572
 20
4.8075577529803635
 30
0.0
  0
SPLINE
  5
42E
330
17
100
AcDbEntity
  8
HIDDEN
100
AcDbSpline
 70
0
 71
1
 72
4
 73
2
 74
0
 40
0.0
 40
0.0
 40
1.0
 40
1.0
 10
-3.589907861959671
 20
4.807552571018501
 30
0.0
 10
-3.5996064262067735
 20
4.800295172508886
 30
0.0
  0
SPLINE
  5
42F
330
17
100
AcDbEntity
  8
HIDDEN
100
AcDbSpline
 70
0
 71
1
 72
4
 73
2
 74
0
 40
0.0
 40
0.0
 40
1.0
 40
1.0
 10
-3.5996202933297754
 20
4.8002847739097625
 30
0.0
 10
-3.6092972313272345
 20
4.793013003190769
 30
0.0
  0
SPLINE
  5
430
330
17
100
AcDbEntity
  8
HIDDEN
100
AcDbSpline
 70
0
 71
2
 72
6
 73
3
 74
0
 40
0.0
 40
0.0
 40
0.0
 40
1.0
 40
1.0
 40
1.0
 10
-3.6093180130715155
 20
4.792997353776593
 30
0.0
 10
-3.700695323793573
 20
4.724186309342301
 30
0.0
 10
-3.789382847198897
 20
4.651943412426681
 30
0.0
  0
SPLINE
  5
431
330
17
100
AcDbEntity
  8
HIDDEN
100
AcDbSpline
 70
0
 71
1
 72
4
 73
2
 74
0
 40
0.0
 40
0.0
 40
1.0
 40
1.0
 10
-3.7894030174646534
 20
4.651926982043701
 30
0.0
 10
-3.7987801709086395
 20
4.644272717543686
 30
0.0
  0
SPLINE
  5
432
330
17
100
AcDbEntity
  8
HIDDEN
100
AcDbSpline
 70
0
 71
1
 72
4
 73
2
 74
0
 40
0.0
 40
0.0
 40
1.0
 40
1.0
 10
-3.7987935860248783
 20
4.644261744622803
 30
0.0
 10
-3.808161954494893
 20
4.636583049751675
 30
0.0
  0
SPLINE
  5
433
330
17
100
AcDbEntity
  8
HIDDEN
100
AcDbSpline
 70
0
 71
1
 72
4
 73
2
 74
0
 40
0.0
 40
0.0
 40
1.0
 40
1.0
 10
-3.813297054033508
 20
4.6323606746122845
 30
0.0
 10
-3.817528158810812
 20
4.628874441272989
 30
0.0
  0
SPLINE
  5
434
330
17
100
AcDbEntity
  8
HIDDEN
100
AcDbSpline
 70
0
 71
1
 72
4
 73
2
 74
0
 40
0.0
 40
0.0
 40
1.0
 40
1.0
 10
-3.8175953887139356
 20
4.628818994556315
 30
0.0
 10
-3.818782757865712
 20
4.627839461667019
 30
0.0
  0
SPLINE
  5
435
330
17
100
AcDbEntity
  8
HIDDEN
100
AcDbSpline
 70
0
 71
3
 72
8
 73
4
 74
0
 40
0.0
 40
0.0
 40
0.0
 40
0.0
 40
1.0
 40
1.0
 40
1.0
 40
1.0
 10
-3.8187836135742597
 20
4.6278387555564775
 30
0.0
 10
-4.263078512859919
 20
4.26137570964112
 30
0.0
 10
-4.65411996422452
 20
3.830452484775978
 30
0.0
 10
-4.9758625907117136
 20
3.3527289098220225
 30
0.0
  0
SPLINE
  5
436
330
17
100
AcDbEntity
  8
HIDDEN
100
AcDbSpline
 70
0
 71
1
 72
4
 73
2
 74
0
 40
0.0
 40
0.0
 40
1.0
 40
1.0
 10
-4.97586812203397
 20
3.3527207006438435
 30
0.0
 10
-4.9834891717853
 20
3.3413822496604157
 30
0.0
  0
SPLINE
  5
437
330
17
100
AcDbEntity
  8
HIDDEN
100
AcDbSpline
 70
0
 71
1
 72
4
 73
2
 74
0
 40
0.0
 40
0.0
 40
1.0
 40
1.0
 10
-4.983538766016736
 20
3.341308281385494
 30
0.0
 10
-4.9843955792077566
 20
3.340029995917517
 30
0.0
  0
SPLINE
  5
438
330
17
100
AcDbEntity
  8
HIDDEN
100
AcDbSpline
 70
0
 71
1
 72
4
 73
2
 74
0
 40
0.0
 40
0.0
 40
1.0
 40
1.0
 10
-4.984396193157604
 20
3.34002907970733
 30
0.0
 10
-4.985252064305101
 20
3.338751491055092
 30
0.0
  0
SPLINE
  5
439
330
17
100
AcDbEntity
  8
HIDDEN
100
AcDbSpline
 70
0
 71
1
 72
4
 73
2
 74
0
 40
0.0
 40
0.0
 40
1.0
 40
1.0
 10
-4.9852532915862175
 20
3.338749658541307
 30
0.0
 10
-4.98610822125134
 20
3.3374727668844812
 30
0.0
  0
SPLINE
  5
43A
330
17
100
AcDbEntity
  8
HIDDEN
100
AcDbSpline
 70
0
 71
1
 72
4
 73
2
 74
0
 40
0.0
 40
0.0
 40
1.0
 40
1.0
 10
-4.986203969948557
 20
3.3373297160755966
 30
0.0
 10
-5.002204721165414
 20
3.3132985974172833
 30
0.0
  0
SPLINE
  5
43B
330
17
100
AcDbEntity
  8
HIDDEN
100
AcDbSpline
 70
0
 71
3
 72
11
 73
7
 74
0
 40
0.0
 40
0.0
 40
0.0
 40
0.0
 40
0.608321459535431
 40
0.608321459535431
 40
0.608321459535431
 40
1.0
 40
1.0
 40
1.0
 40
1.0
 10
-5.002206557395514
 20
3.3132958251938613
 30
0.0
 10
-5.613924695051708
 20
2.3927755043135015
 30
0.0
 10
-5.962232283477469
 20
1.3001480938222545
 30
0.0
 10
-5.99677084581592
 20
0.19682332883115727
 30
0.0
 10
-6.020350084932787
 20
-0.5133705062595876
 30
0.0
 10
-5.916217998708907
 20
-1.226904901848758
 30
0.0
 10
-5.691232229164165
 20
-1.8999671727998826
 30
0.0
  0
SPLINE
  5
43C
330
17
100
AcDbEntity
  8
HIDDEN
100
AcDbSpline
 70
0
 71
1
 72
4
 73
2
 74
0
 40
0.0
 40
0.0
 40
1.0
 40
1.0
 10
-5.69122939839269
 20
-1.8999756521770594
 30
0.0
 10
-5.689185988494555
 20
-1.906085604847842
 30
0.0
  0
SPLINE
  5
43D
330
17
100
AcDbEntity
  8
HIDDEN
100
AcDbSpline
 70
0
 71
1
 72
4
 73
2
 74
0
 40
0.0
 40
0.0
 40
1.0
 40
1.0
 10
-5.689184571143233
 20
-1.906089835279893
 30
0.0
 10
-5.687133176881861
 20
-1.9122018131025174
 30
0.0
  0
SPLINE
  5
43E
330
17
100
AcDbEntity
  8
HIDDEN
100
AcDbSpline
 70
0
 71
1
 72
4
 73
2
 74
0
 40
0.0
 40
0.0
 40
1.0
 40
1.0
 10
-5.687126658352756
 20
-1.9122211999346992
 30
0.0
 10
-5.686794762433468
 20
-1.913208006401304
 30
0.0
  0
SPLINE
  5
43F
330
17
100
AcDbEntity
  8
HIDDEN
100
AcDbSpline
 70
0
 71
1
 72
4
 73
2
 74
0
 40
0.0
 40
0.0
 40
1.0
 40
1.0
 10
-5.6867945219808735
 20
-1.9132087211193949
 30
0.0
 10
-5.686462695326464
 20
-1.9141947551484777
 30
0.0
  0
SPLINE
  5
440
330
17
100
AcDbEntity
  8
HIDDEN
100
AcDbSpline
 70
0
 71
1
 72
4
 73
2
 74
0
 40
0.0
 40
0.0
 40
1.0
 40
1.0
 10
-5.686462214730601
 20
-1.9141961828451195
 30
0.0
 10
-5.686130457041545
 20
-1.9151814461472645
 30
0.0
  0
SPLINE
  5
441
330
17
100
AcDbEntity
  8
HIDDEN
100
AcDbSpline
 70
0
 71
1
 72
4
 73
2
 74
0
 40
0.0
 40
0.0
 40
1.0
 40
1.0
 10
-5.686129736098099
 20
-1.9151835866108389
 30
0.0
 10
-5.679828082760643
 20
-1.9337922590275287
 30
0.0
  0
SPLINE
  5
442
330
17
100
AcDbEntity
  8
HIDDEN
100
AcDbSpline
 70
0
 71
1
 72
4
 73
2
 74
0
 40
0.0
 40
0.0
 40
1.0
 40
1.0
 10
-5.679827364354568
 20
-1.933794369089163
 30
0.0
 10
-5.679492204982883
 20
-1.9347785001482127
 30
0.0
  0
SPLINE
  5
443
330
17
100
AcDbEntity
  8
HIDDEN
100
AcDbSpline
 70
0
 71
1
 72
4
 73
2
 74
0
 40
0.0
 40
0.0
 40
1.0
 40
1.0
 10
-5.679491725950446
 20
-1.9347799063350688
 30
0.0
 10
-5.679156156137156
 20
-1.9357646823977428
 30
0.0
  0
SPLINE
  5
444
330
17
100
AcDbEntity
  8
HIDDEN
100
AcDbSpline
 70
0
 71
1
 72
4
 73
2
 74
0
 40
0.0
 40
0.0
 40
1.0
 40
1.0
 10
-5.679155916574226
 20
-1.9357653852285708
 30
0.0
 10
-5.678819936235824
 20
-1.9367508057407532
 30
0.0
  0
SPLINE
  5
445
330
17
100
AcDbEntity
  8
HIDDEN
100
AcDbSpline
 70
0
 71
1
 72
4
 73
2
 74
0
 40
0.0
 40
0.0
 40
1.0
 40
1.0
 10
-5.678815518441192
 20
-1.9367637592754088
 30
0.0
 10
-5.678479277043648
 20
-1.9377493780777995
 30
0.0
  0
SPLINE
  5
446
330
17
100
AcDbEntity
  8
HIDDEN
100
AcDbSpline
 70
0
 71
1
 72
4
 73
2
 74
0
 40
0.0
 40
0.0
 40
1.0
 40
1.0
 10
-5.678479033338041
 20
-1.9377500922450097
 30
0.0
 10
-5.678142864614534
 20
-1.9387349384101085
 30
0.0
  0
SPLINE
  5
447
330
17
100
AcDbEntity
  8
HIDDEN
100
AcDbSpline
 70
0
 71
1
 72
4
 73
2
 74
0
 40
0.0
 40
0.0
 40
1.0
 40
1.0
 10
-5.6781423775142414
 20
-1.9387363650229645
 30
0.0
 10
-5.6778062811637895
 20
-1.939720440243405
 30
0.0
  0
SPLINE
  5
448
330
17
100
AcDbEntity
  8
HIDDEN
100
AcDbSpline
 70
0
 71
1
 72
4
 73
2
 74
0
 40
0.0
 40
0.0
 40
1.0
 40
1.0
 10
-5.677805550477347
 20
-1.9397225790536128
 30
0.0
 10
-5.671421930318827
 20
-1.958308670380605
 30
0.0
  0
SPLINE
  5
449
330
17
100
AcDbEntity
  8
HIDDEN
100
AcDbSpline
 70
0
 71
1
 72
4
 73
2
 74
0
 40
0.0
 40
0.0
 40
1.0
 40
1.0
 10
-5.671421202944166
 20
-1.958310776916039
 30
0.0
 10
-5.67108170750489
 20
-1.9592937062747833
 30
0.0
  0
SPLINE
  5
44A
330
17
100
AcDbEntity
  8
HIDDEN
100
AcDbSpline
 70
0
 71
1
 72
4
 73
2
 74
0
 40
0.0
 40
0.0
 40
1.0
 40
1.0
 10
-5.671081222505567
 20
-1.9592951100816864
 30
0.0
 10
-5.6707413137941955
 20
-1.9602786825177834
 30
0.0
  0
SPLINE
  5
44B
330
17
100
AcDbEntity
  8
HIDDEN
100
AcDbSpline
 70
0
 71
1
 72
4
 73
2
 74
0
 40
0.0
 40
0.0
 40
1.0
 40
1.0
 10
-5.6707410712537
 20
-1.9602793841447008
 30
0.0
 10
-5.670400749198598
 20
-1.9612635990761866
 30
0.0
  0
SPLINE
  5
44C
330
17
100
AcDbEntity
  8
HIDDEN
100
AcDbSpline
 70
0
 71
1
 72
4
 73
2
 74
0
 40
0.0
 40
0.0
 40
1.0
 40
1.0
 10
-5.670398581047014
 20
-1.9612698676205378
 30
0.0
 10
-5.670058003919859
 20
-1.962254263400554
 30
0.0
  0
SPLINE
  5
44D
330
17
100
AcDbEntity
  8
HIDDEN
100
AcDbSpline
 70
0
 71
1
 72
4
 73
2
 74
0
 40
0.0
 40
0.0
 40
1.0
 40
1.0
 10
-5.670057756975412
 20
-1.9622549769621354
 30
0.0
 10
-5.669717255926175
 20
-1.9632385999621431
 30
0.0
  0
SPLINE
  5
44E
330
17
100
AcDbEntity
  8
HIDDEN
100
AcDbSpline
 70
0
 71
1
 72
4
 73
2
 74
0
 40
0.0
 40
0.0
 40
1.0
 40
1.0
 10
-5.66971676233484
 20
-1.9632400254243971
 30
0.0
 10
-5.669376337076002
 20
-1.9642228772763848
 30
0.0
  0
SPLINE
  5
44F
330
17
100
AcDbEntity
  8
HIDDEN
100
AcDbSpline
 70
0
 71
1
 72
4
 73
2
 74
0
 40
0.0
 40
0.0
 40
1.0
 40
1.0
 10
-5.669375596660778
 20
-1.964225014350836
 30
0.0
 10
-5.662910195635256
 20
-1.982787857900521
 30
0.0
  0
SPLINE
  5
450
330
17
100
AcDbEntity
  8
HIDDEN
100
AcDbSpline
 70
0
 71
1
 72
4
 73
2
 74
0
 40
0.0
 40
0.0
 40
1.0
 40
1.0
 10
-5.662909459329309
 20
-1.9827899608146633
 30
0.0
 10
-5.662565637739957
 20
-1.9837716532292489
 30
0.0
  0
SPLINE
  5
451
330
17
100
AcDbEntity
  8
HIDDEN
100
AcDbSpline
 70
0
 71
1
 72
4
 73
2
 74
0
 40
0.0
 40
0.0
 40
1.0
 40
1.0
 10
-5.6625651467989995
 20
-1.9837730545925154
 30
0.0
 10
-5.66222090912851
 20
-1.9847553881283877
 30
0.0
  0
SPLINE
  5
452
330
17
100
AcDbEntity
  8
HIDDEN
100
AcDbSpline
 70
0
 71
1
 72
4
 73
2
 74
0
 40
0.0
 40
0.0
 40
1.0
 40
1.0
 10
-5.662220663623122
 20
-1.984756088519838
 30
0.0
 10
-5.661876009811822
 20
-1.985739062567753
 30
0.0
  0
SPLINE
  5
453
330
17
100
AcDbEntity
  8
HIDDEN
100
AcDbSpline
 70
0
 71
1
 72
4
 73
2
 74
0
 40
0.0
 40
0.0
 40
1.0
 40
1.0
 10
-5.661875769648702
 20
-1.9857397473373564
 30
0.0
 10
-5.661530959076039
 20
-1.9867226215888112
 30
0.0
  0
SPLINE
  5
454
330
17
100
AcDbEntity
  8
HIDDEN
100
AcDbSpline
 70
0
 71
1
 72
4
 73
2
 74
0
 40
0.0
 40
0.0
 40
1.0
 40
1.0
 10
-5.661530708918237
 20
-1.9867233344593822
 30
0.0
 10
-5.66118597790212
 20
-1.987705435907951
 30
0.0
  0
SPLINE
  5
455
330
17
100
AcDbEntity
  8
HIDDEN
100
AcDbSpline
 70
0
 71
1
 72
4
 73
2
 74
0
 40
0.0
 40
0.0
 40
1.0
 40
1.0
 10
-5.661185477914055
 20
-1.987706859924129
 30
0.0
 10
-5.660840826137106
 20
-1.9886881902659073
 30
0.0
  0
SPLINE
  5
456
330
17
100
AcDbEntity
  8
HIDDEN
100
AcDbSpline
 70
0
 71
1
 72
4
 73
2
 74
0
 40
0.0
 40
0.0
 40
1.0
 40
1.0
 10
-5.660840076158045
 20
-1.9886903250954164
 30
0.0
 10
-5.654294847041094
 20
-2.0072242955510795
 30
0.0
  0
SPLINE
  5
457
330
17
100
AcDbEntity
  8
HIDDEN
100
AcDbSpline
 70
0
 71
1
 72
4
 73
2
 74
0
 40
0.0
 40
0.0
 40
1.0
 40
1.0
 10
1.481938104911844
 20
-5.814108637388213
 30
0.0
 10
1.4819416217145953
 20
-5.814107741001748
 30
0.0
  0
SPLINE
  5
458
330
17
100
AcDbEntity
  8
HIDDEN
100
AcDbSpline
 70
0
 71
1
 72
4
 73
2
 74
0
 40
0.0
 40
0.0
 40
1.0
 40
1.0
 10
5.029917779942592
 20
-3.271074306517777
 30
0.0
 10
5.106928362481545
 20
-3.1494892717078073
 30
0.0
  0
SPLINE
  5
459
330
17
100
AcDbEntity
  8
HIDDEN
100
AcDbSpline
 70
0
 71
1
 72
4
 73
2
 74
0
 40
0.0
 40
0.0
 40
1.0
 40
1.0
 10
5.106929013322302
 20
-3.149488216362745
 30
0.0
 10
5.1096795152005505
 20
-3.1450238828286765
 30
0.0
  0
SPLINE
  5
45A
330
17
100
AcDbEntity
  8
HIDDEN
100
AcDbSpline
 70
0
 71
1
 72
4
 73
2
 74
0
 40
0.0
 40
0.0
 40
1.0
 40
1.0
 10
5.109679992717764
 20
-3.1450231070125074
 30
0.0
 10
5.116370294813363
 20
-3.134127466590165
 30
0.0
  0
SPLINE
  5
45B
330
17
100
AcDbEntity
  8
HIDDEN
100
AcDbSpline
 70
0
 71
1
 72
4
 73
2
 74
0
 40
0.0
 40
0.0
 40
1.0
 40
1.0
 10
5.116372305226709
 20
-3.1341241846474857
 30
0.0
 10
5.121670683420761
 20
-3.125458267237513
 30
0.0
  0
SPLINE
  5
45C
330
17
100
AcDbEntity
  8
HIDDEN
100
AcDbSpline
 70
0
 71
1
 72
4
 73
2
 74
0
 40
0.0
 40
0.0
 40
1.0
 40
1.0
 10
5.121672035113414
 20
-3.125456052225343
 30
0.0
 10
5.128321564676448
 20
-3.114533335507173
 30
0.0
  0
SPLINE
  5
45D
330
17
100
AcDbEntity
  8
HIDDEN
100
AcDbSpline
 70
0
 71
1
 72
4
 73
2
 74
0
 40
0.0
 40
0.0
 40
1.0
 40
1.0
 10
5.128322401166955
 20
-3.1145319581600095
 30
0.0
 10
5.133588491418152
 20
-3.105844356824667
 30
0.0
  0
SPLINE
  5
45E
330
17
100
AcDbEntity
  8
HIDDEN
100
AcDbSpline
 70
0
 71
1
 72
4
 73
2
 74
0
 40
0.0
 40
0.0
 40
1.0
 40
1.0
 10
5.133590848580493
 20
-3.1058404607144356
 30
0.0
 10
5.134948326346521
 20
-3.1035956008523047
 30
0.0
  0
SPLINE
  5
45F
330
17
100
AcDbEntity
  8
HIDDEN
100
AcDbSpline
 70
0
 71
1
 72
4
 73
2
 74
0
 40
0.0
 40
0.0
 40
1.0
 40
1.0
 10
5.140041016511486
 20
-3.095154005198106
 30
0.0
 10
5.140199486365237
 20
-3.0948908232227446
 30
0.0
  0
SPLINE
  5
460
330
17
100
AcDbEntity
  8
HIDDEN
100
AcDbSpline
 70
0
 71
1
 72
4
 73
2
 74
0
 40
0.0
 40
0.0
 40
1.0
 40
1.0
 10
5.140201863561682
 20
-3.094886875014101
 30
0.0
 10
5.146787690547455
 20
-3.0839222485494577
 30
0.0
  0
SPLINE
  5
461
330
17
100
AcDbEntity
  8
HIDDEN
100
AcDbSpline
 70
0
 71
1
 72
4
 73
2
 74
0
 40
0.0
 40
0.0
 40
1.0
 40
1.0
 10
5.14678968289774
 20
-3.0839189234943154
 30
0.0
 10
5.1520049537145916
 20
-3.0751983550906
 30
0.0
  0
SPLINE
  5
462
330
17
100
AcDbEntity
  8
HIDDEN
100
AcDbSpline
 70
0
 71
1
 72
4
 73
2
 74
0
 40
0.0
 40
0.0
 40
1.0
 40
1.0
 10
5.15200626551858
 20
-3.0751961573709137
 30
0.0
 10
5.1585510159257275
 20
-3.0642048531260464
 30
0.0
  0
SPLINE
  5
463
330
17
100
AcDbEntity
  8
HIDDEN
100
AcDbSpline
 70
0
 71
1
 72
4
 73
2
 74
0
 40
0.0
 40
0.0
 40
1.0
 40
1.0
 10
5.158551857727211
 20
-3.0642034359631993
 30
0.0
 10
5.163734586900873
 20
-3.055461516959476
 30
0.0
  0
SPLINE
  5
464
330
17
100
AcDbEntity
  8
HIDDEN
100
AcDbSpline
 70
0
 71
1
 72
4
 73
2
 74
0
 40
0.0
 40
0.0
 40
1.0
 40
1.0
 10
5.163736893486141
 20
-3.0554576188235067
 30
0.0
 10
5.165072829766383
 20
-3.0531987535586538
 30
0.0
  0
SPLINE
  5
465
330
17
100
AcDbEntity
  8
HIDDEN
100
AcDbSpline
 70
0
 71
1
 72
4
 73
2
 74
0
 40
0.0
 40
0.0
 40
1.0
 40
1.0
 10
5.165075901798893
 20
-3.053193556618914
 30
0.0
 10
5.170240449737044
 20
-3.044439793667217
 30
0.0
  0
SPLINE
  5
466
330
17
100
AcDbEntity
  8
HIDDEN
100
AcDbSpline
 70
0
 71
1
 72
4
 73
2
 74
0
 40
0.0
 40
0.0
 40
1.0
 40
1.0
 10
5.170242646342307
 20
-3.0444360632644045
 30
0.0
 10
5.176723669906276
 20
-3.033402711591995
 30
0.0
  0
SPLINE
  5
467
330
17
100
AcDbEntity
  8
HIDDEN
100
AcDbSpline
 70
0
 71
1
 72
4
 73
2
 74
0
 40
0.0
 40
0.0
 40
1.0
 40
1.0
 10
5.176725602733226
 20
-3.033399413078972
 30
0.0
 10
5.181857472540917
 20
-3.024624455950751
 30
0.0
  0
SPLINE
  5
468
330
17
100
AcDbEntity
  8
HIDDEN
100
AcDbSpline
 70
0
 71
1
 72
4
 73
2
 74
0
 40
0.0
 40
0.0
 40
1.0
 40
1.0
 10
5.181858818010502
 20
-3.0246221508595634
 30
0.0
 10
5.188298459504532
 20
-3.013562519754734
 30
0.0
  0
SPLINE
  5
469
330
17
100
AcDbEntity
  8
HIDDEN
100
AcDbSpline
 70
0
 71
1
 72
4
 73
2
 74
0
 40
0.0
 40
0.0
 40
1.0
 40
1.0
 10
5.188299193086143
 20
-3.0135612567839574
 30
0.0
 10
5.19339826756555
 20
-3.0047652820107795
 30
0.0
  0
SPLINE
  5
46A
330
17
100
AcDbEntity
  8
HIDDEN
100
AcDbSpline
 70
0
 71
1
 72
4
 73
2
 74
0
 40
0.0
 40
0.0
 40
1.0
 40
1.0
 10
5.193400668025535
 20
-3.0047611330823263
 30
0.0
 10
5.194714994943518
 20
-3.002488315862791
 30
0.0
  0
SPLINE
  5
46B
330
17
100
AcDbEntity
  8
HIDDEN
100
AcDbSpline
 70
0
 71
1
 72
4
 73
2
 74
0
 40
0.0
 40
0.0
 40
1.0
 40
1.0
 10
5.195253009257732
 20
-3.001557285044763
 30
0.0
 10
5.199798628566226
 20
-2.99367569856771
 30
0.0
  0
SPLINE
  5
46C
330
17
100
AcDbEntity
  8
HIDDEN
100
AcDbSpline
 70
0
 71
1
 72
4
 73
2
 74
0
 40
0.0
 40
0.0
 40
1.0
 40
1.0
 10
5.200299379005328
 20
-2.992805762922031
 30
0.0
 10
5.201805933351009
 20
-2.990186448652727
 30
0.0
  0
SPLINE
  5
46D
330
17
100
AcDbEntity
  8
HIDDEN
100
AcDbSpline
 70
0
 71
1
 72
4
 73
2
 74
0
 40
0.0
 40
0.0
 40
1.0
 40
1.0
 10
5.201806818484659
 20
-2.9901849088507486
 30
0.0
 10
5.202195625196492
 20
-2.989508428347852
 30
0.0
  0
SPLINE
  5
46E
330
17
100
AcDbEntity
  8
HIDDEN
100
AcDbSpline
 70
0
 71
2
 72
6
 73
3
 74
0
 40
0.0
 40
0.0
 40
0.0
 40
1.0
 40
1.0
 40
1.0
 10
5.202196292537597
 20
-2.989507267073371
 30
0.0
 10
5.414620765499357
 20
-2.6199191451061807
 30
0.0
 10
5.573346615697786
 20
-2.2221178026537376
 30
0.0
  0
SPLINE
  5
46F
330
17
100
AcDbEntity
  8
HIDDEN
100
AcDbSpline
 70
0
 71
1
 72
4
 73
2
 74
0
 40
0.0
 40
0.0
 40
1.0
 40
1.0
 10
5.573348434569837
 20
-2.2221132406918773
 30
0.0
 10
5.583810696551673
 20
-2.1956908092938487
 30
0.0
  0
SPLINE
  5
470
330
17
100
AcDbEntity
  8
HIDDEN
100
AcDbSpline
 70
0
 71
1
 72
4
 73
2
 74
0
 40
0.0
 40
0.0
 40
1.0
 40
1.0
 10
5.583812322531302
 20
-2.195686674297926
 30
0.0
 10
5.592035103771052
 20
-2.174659380405984
 30
0.0
  0
SPLINE
  5
471
330
17
100
AcDbEntity
  8
HIDDEN
100
AcDbSpline
 70
0
 71
1
 72
4
 73
2
 74
0
 40
0.0
 40
0.0
 40
1.0
 40
1.0
 10
5.592038547006096
 20
-2.1746505262667792
 30
0.0
 10
5.594149146328212
 20
-2.1692153767181033
 30
0.0
  0
SPLINE
  5
472
330
17
100
AcDbEntity
  8
HIDDEN
100
AcDbSpline
 70
0
 71
1
 72
4
 73
2
 74
0
 40
0.0
 40
0.0
 40
1.0
 40
1.0
 10
5.594154166665399
 20
-2.169202429819205
 30
0.0
 10
5.602278370448792
 20
-2.1481333942187804
 30
0.0
  0
SPLINE
  5
473
330
17
100
AcDbEntity
  8
HIDDEN
100
AcDbSpline
 70
0
 71
1
 72
4
 73
2
 74
0
 40
0.0
 40
0.0
 40
1.0
 40
1.0
 10
5.602284170606076
 20
-2.1481182674915615
 30
0.0
 10
5.6028271687568605
 20
-2.1467015945895493
 30
0.0
  0
SPLINE
  5
474
330
17
100
AcDbEntity
  8
HIDDEN
100
AcDbSpline
 70
0
 71
1
 72
4
 73
2
 74
0
 40
0.0
 40
0.0
 40
1.0
 40
1.0
 10
5.602827505859665
 20
-2.146700714761045
 30
0.0
 10
5.6048749627317065
 20
-2.141349264044936
 30
0.0
  0
SPLINE
  5
475
330
17
100
AcDbEntity
  8
HIDDEN
100
AcDbSpline
 70
0
 71
1
 72
4
 73
2
 74
0
 40
0.0
 40
0.0
 40
1.0
 40
1.0
 10
5.604875298719884
 20
-2.1413483846123937
 30
0.0
 10
5.605416604419693
 20
-2.139931005708758
 30
0.0
  0
SPLINE
  5
476
330
17
100
AcDbEntity
  8
HIDDEN
100
AcDbSpline
 70
0
 71
1
 72
4
 73
2
 74
0
 40
0.0
 40
0.0
 40
1.0
 40
1.0
 10
5.605419494884314
 20
-2.1399234343002993
 30
0.0
 10
5.605960943816582
 20
-2.138504597730427
 30
0.0
  0
SPLINE
  5
477
330
17
100
AcDbEntity
  8
HIDDEN
100
AcDbSpline
 70
0
 71
1
 72
4
 73
2
 74
0
 40
0.0
 40
0.0
 40
1.0
 40
1.0
 10
5.60596128007036
 20
-2.138503716261175
 30
0.0
 10
5.6080028784584
 20
-2.1331440956028915
 30
0.0
  0
SPLINE
  5
478
330
17
100
AcDbEntity
  8
HIDDEN
100
AcDbSpline
 70
0
 71
1
 72
4
 73
2
 74
0
 40
0.0
 40
0.0
 40
1.0
 40
1.0
 10
5.608003212870857
 20
-2.1331432164374684
 30
0.0
 10
5.60854296571822
 20
-2.13172367320593
 30
0.0
  0
SPLINE
  5
479
330
17
100
AcDbEntity
  8
HIDDEN
100
AcDbSpline
 70
0
 71
1
 72
4
 73
2
 74
0
 40
0.0
 40
0.0
 40
1.0
 40
1.0
 10
5.61037458078094
 20
-2.1268984648762324
 30
0.0
 10
5.61317467547382
 20
-2.1194976004176365
 30
0.0
  0
SPLINE
  5
47A
330
17
100
AcDbEntity
  8
HIDDEN
100
AcDbSpline
 70
0
 71
1
 72
4
 73
2
 74
0
 40
0.0
 40
0.0
 40
1.0
 40
1.0
 10
5.613178800161148
 20
-2.119486676763193
 30
0.0
 10
5.61775700729385
 20
-2.1073220496309175
 30
0.0
  0
SPLINE
  5
47B
330
17
100
AcDbEntity
  8
HIDDEN
100
AcDbSpline
 70
0
 71
1
 72
4
 73
2
 74
0
 40
0.0
 40
0.0
 40
1.0
 40
1.0
 10
5.686383082239876
 20
-1.9144313585836796
 30
0.0
 10
5.686976916739164
 20
-1.9126666026612074
 30
0.0
  0
SPLINE
  5
47C
330
17
100
AcDbEntity
  8
HIDDEN
100
AcDbSpline
 70
0
 71
1
 72
4
 73
2
 74
0
 40
0.0
 40
0.0
 40
1.0
 40
1.0
 10
5.686984360643581
 20
-1.9126444693804925
 30
0.0
 10
5.6911185569772575
 20
-1.9003077522186271
 30
0.0
  0
SPLINE
  5
47D
330
17
100
AcDbEntity
  8
HIDDEN
100
AcDbSpline
 70
0
 71
1
 72
4
 73
2
 74
0
 40
0.0
 40
0.0
 40
1.0
 40
1.0
 10
5.693984651345948
 20
-1.8917026118711837
 30
0.0
 10
5.695233574750555
 20
-1.8879392230801917
 30
0.0
  0
SPLINE
  5
47E
330
17
100
AcDbEntity
  8
HIDDEN
100
AcDbSpline
 70
0
 71
1
 72
4
 73
2
 74
0
 40
0.0
 40
0.0
 40
1.0
 40
1.0
 10
5.695291004668206
 20
-1.887765968845851
 30
0.0
 10
5.697078622762422
 20
-1.8823642437963084
 30
0.0
  0
SPLINE
  5
47F
330
17
100
AcDbEntity
  8
HIDDEN
100
AcDbSpline
 70
0
 71
2
 72
6
 73
3
 74
0
 40
0.0
 40
0.0
 40
0.0
 40
1.0
 40
1.0
 40
1.0
 10
5.697079730477156
 20
-1.8823608912334837
 30
0.0
 10
5.853848644896345
 20
-1.4078715756980946
 30
0.0
 10
5.930234803488698
 20
-0.912313113536531
 30
0.0
  0
SPLINE
  5
480
330
17
100
AcDbEntity
  8
HIDDEN
100
AcDbSpline
 70
0
 71
1
 72
4
 73
2
 74
0
 40
0.0
 40
0.0
 40
1.0
 40
1.0
 10
5.930234957444801
 20
-0.9123121127876023
 30
0.0
 10
5.930449320448938
 20
-0.9109176138224765
 30
0.0
  0
SPLINE
  5
481
330
17
100
AcDbEntity
  8
HIDDEN
100
AcDbSpline
 70
0
 71
1
 72
4
 73
2
 74
0
 40
0.0
 40
0.0
 40
1.0
 40
1.0
 10
5.93045292004299
 20
-0.9108941786716942
 30
0.0
 10
5.930729138742249
 20
-0.9090940129520892
 30
0.0
  0
SPLINE
  5
482
330
17
100
AcDbEntity
  8
HIDDEN
100
AcDbSpline
 70
0
 71
1
 72
4
 73
2
 74
0
 40
0.0
 40
0.0
 40
1.0
 40
1.0
 10
5.930729337843374
 20
-0.9090927140592391
 30
0.0
 10
5.9310048120069006
 20
-0.9072937569424544
 30
0.0
  0
SPLINE
  5
483
330
17
100
AcDbEntity
  8
HIDDEN
100
AcDbSpline
 70
0
 71
1
 72
4
 73
2
 74
0
 40
0.0
 40
0.0
 40
1.0
 40
1.0
 10
5.931005209338446
 20
-0.9072911595711137
 30
0.0
 10
5.931279939802414
 20
-0.9054934108285357
 30
0.0
  0
SPLINE
  5
484
330
17
100
AcDbEntity
  8
HIDDEN
100
AcDbSpline
 70
0
 71
1
 72
4
 73
2
 74
0
 40
0.0
 40
0.0
 40
1.0
 40
1.0
 10
5.931280534505172
 20
-0.905489515321048
 30
0.0
 10
5.9363700506226476
 20
-0.8714990885294458
 30
0.0
  0
SPLINE
  5
485
330
17
100
AcDbEntity
  8
HIDDEN
100
AcDbSpline
 70
0
 71
1
 72
4
 73
2
 74
0
 40
0.0
 40
0.0
 40
1.0
 40
1.0
 10
5.93637061857872
 20
-0.8714952197873509
 30
0.0
 10
5.936634520331444
 20
-0.8696957002888044
 30
0.0
  0
SPLINE
  5
486
330
17
100
AcDbEntity
  8
HIDDEN
100
AcDbSpline
 70
0
 71
1
 72
4
 73
2
 74
0
 40
0.0
 40
0.0
 40
1.0
 40
1.0
 10
5.9366348981215005
 20
-0.8696931214500105
 30
0.0
 10
5.936898443019478
 20
-0.8678922261524871
 30
0.0
  0
SPLINE
  5
487
330
17
100
AcDbEntity
  8
HIDDEN
100
AcDbSpline
 70
0
 71
1
 72
4
 73
2
 74
0
 40
0.0
 40
0.0
 40
1.0
 40
1.0
 10
5.936898631490749
 20
-0.8678909368959681
 30
0.0
 10
5.9371618186535
 20
-0.866088666311943
 30
0.0
  0
SPLINE
  5
488
330
17
100
AcDbEntity
  8
HIDDEN
100
AcDbSpline
 70
0
 71
1
 72
4
 73
2
 74
0
 40
0.0
 40
0.0
 40
1.0
 40
1.0
 10
5.937162550594004
 20
-0.8660836487398997
 30
0.0
 10
5.937493088808192
 20
-0.8638147133207494
 30
0.0
  0
SPLINE
  5
489
330
17
100
AcDbEntity
  8
HIDDEN
100
AcDbSpline
 70
0
 71
1
 72
4
 73
2
 74
0
 40
0.0
 40
0.0
 40
1.0
 40
1.0
 10
5.937493327112399
 20
-0.8638130753177966
 30
0.0
 10
5.937822761310503
 20
-0.8615456422361074
 30
0.0
  0
SPLINE
  5
48A
330
17
100
AcDbEntity
  8
HIDDEN
100
AcDbSpline
 70
0
 71
1
 72
4
 73
2
 74
0
 40
0.0
 40
0.0
 40
1.0
 40
1.0
 10
5.937823236565523
 20
-0.8615423667443038
 30
0.0
 10
5.9381515680356625
 20
-0.8592764358587737
 30
0.0
  0
SPLINE
  5
48B
330
17
100
AcDbEntity
  8
HIDDEN
100
AcDbSpline
 70
0
 71
1
 72
4
 73
2
 74
0
 40
0.0
 40
0.0
 40
1.0
 40
1.0
 10
5.938152278891949
 20
-0.8592715233710944
 30
0.0
 10
5.944194647403482
 20
-0.8164251509452911
 30
0.0
  0
SPLINE
  5
48C
330
17
100
AcDbEntity
  8
HIDDEN
100
AcDbSpline
 70
0
 71
1
 72
4
 73
2
 74
0
 40
0.0
 40
0.0
 40
1.0
 40
1.0
 10
5.944195316971778
 20
-0.8164202759647288
 30
0.0
 10
5.94450645805311
 20
-0.8141517077131213
 30
0.0
  0
SPLINE
  5
48D
330
17
100
AcDbEntity
  8
HIDDEN
100
AcDbSpline
 70
0
 71
1
 72
4
 73
2
 74
0
 40
0.0
 40
0.0
 40
1.0
 40
1.0
 10
5.944506903107937
 20
-0.8141484581505721
 30
0.0
 10
5.944817400279122
 20
-0.8118781374270002
 30
0.0
  0
SPLINE
  5
48E
330
17
100
AcDbEntity
  8
HIDDEN
100
AcDbSpline
 70
0
 71
1
 72
4
 73
2
 74
0
 40
0.0
 40
0.0
 40
1.0
 40
1.0
 10
5.944817622145621
 20
-0.8118765128515818
 30
0.0
 10
5.945127474023536
 20
-0.8096044404430208
 30
0.0
  0
SPLINE
  5
48F
330
17
100
AcDbEntity
  8
HIDDEN
100
AcDbSpline
 70
0
 71
1
 72
4
 73
2
 74
0
 40
0.0
 40
0.0
 40
1.0
 40
1.0
 10
5.9451291555873045
 20
-0.8095920922035704
 30
0.0
 10
5.94537466679623
 20
-0.8077871647492878
 30
0.0
  0
SPLINE
  5
490
330
17
100
AcDbEntity
  8
HIDDEN
100
AcDbSpline
 70
0
 71
1
 72
4
 73
2
 74
0
 40
0.0
 40
0.0
 40
1.0
 40
1.0
 10
5.9453748435662295
 20
-0.8077858637075426
 30
0.0
 10
5.945619630755404
 20
-0.8059821575148376
 30
0.0
  0
SPLINE
  5
491
330
17
100
AcDbEntity
  8
HIDDEN
100
AcDbSpline
 70
0
 71
1
 72
4
 73
2
 74
0
 40
0.0
 40
0.0
 40
1.0
 40
1.0
 10
5.94561998345067
 20
-0.8059795557258087
 30
0.0
 10
5.945864047434344
 20
-0.8041770706884694
 30
0.0
  0
SPLINE
  5
492
330
17
100
AcDbEntity
  8
HIDDEN
100
AcDbSpline
 70
0
 71
1
 72
4
 73
2
 74
0
 40
0.0
 40
0.0
 40
1.0
 40
1.0
 10
5.945864575215146
 20
-0.8041731684124196
 30
0.0
 10
5.950374217059067
 20
-0.7700952558132164
 30
0.0
  0
SPLINE
  5
493
330
17
100
AcDbEntity
  8
HIDDEN
100
AcDbSpline
 70
0
 71
1
 72
4
 73
2
 74
0
 40
0.0
 40
0.0
 40
1.0
 40
1.0
 10
5.9503747194688295
 20
-0.7700913737816437
 30
0.0
 10
5.950607918630652
 20
-0.7682873319764714
 30
0.0
  0
SPLINE
  5
494
330
17
100
AcDbEntity
  8
HIDDEN
100
AcDbSpline
 70
0
 71
1
 72
4
 73
2
 74
0
 40
0.0
 40
0.0
 40
1.0
 40
1.0
 10
5.950608252741583
 20
-0.7682847441857923
 30
0.0
 10
5.950841071474201
 20
-0.7664793327130712
 30
0.0
  0
SPLINE
  5
495
330
17
100
AcDbEntity
  8
HIDDEN
100
AcDbSpline
 70
0
 71
1
 72
4
 73
2
 74
0
 40
0.0
 40
0.0
 40
1.0
 40
1.0
 10
5.950841238114652
 20
-0.7664780389380557
 30
0.0
 10
5.951073675559179
 20
-0.7646712582276742
 30
0.0
  0
SPLINE
  5
496
330
17
100
AcDbEntity
  8
HIDDEN
100
AcDbSpline
 70
0
 71
1
 72
4
 73
2
 74
0
 40
0.0
 40
0.0
 40
1.0
 40
1.0
 10
5.951075829965474
 20
-0.7646544913165821
 30
0.0
 10
5.951367655276533
 20
-0.7623798635864326
 30
0.0
  0
SPLINE
  5
497
330
17
100
AcDbEntity
  8
HIDDEN
100
AcDbSpline
 70
0
 71
1
 72
4
 73
2
 74
0
 40
0.0
 40
0.0
 40
1.0
 40
1.0
 10
5.951367865345225
 20
-0.7623782237247381
 30
0.0
 10
5.951658612138892
 20
-0.7601051169452009
 30
0.0
  0
SPLINE
  5
498
330
17
100
AcDbEntity
  8
HIDDEN
100
AcDbSpline
 70
0
 71
1
 72
4
 73
2
 74
0
 40
0.0
 40
0.0
 40
1.0
 40
1.0
 10
5.95165903095907
 20
-0.7601018375560189
 30
0.0
 10
5.951948700495461
 20
-0.7578302517707354
 30
0.0
  0
SPLINE
  5
499
330
17
100
AcDbEntity
  8
HIDDEN
100
AcDbSpline
 70
0
 71
1
 72
4
 73
2
 74
0
 40
0.0
 40
0.0
 40
1.0
 40
1.0
 10
5.95194932674958
 20
-0.7578253331954561
 30
0.0
 10
5.9572605520453665
 20
-0.7148753248618624
 30
0.0
  0
SPLINE
  5
49A
330
17
100
AcDbEntity
  8
HIDDEN
100
AcDbSpline
 70
0
 71
1
 72
4
 73
2
 74
0
 40
0.0
 40
0.0
 40
1.0
 40
1.0
 10
5.957261139158616
 20
-0.7148704322615336
 30
0.0
 10
5.957533564299359
 20
-0.7125965512098742
 30
0.0
  0
SPLINE
  5
49B
330
17
100
AcDbEntity
  8
HIDDEN
100
AcDbSpline
 70
0
 71
1
 72
4
 73
2
 74
0
 40
0.0
 40
0.0
 40
1.0
 40
1.0
 10
5.957533954404985
 20
-0.7125932897948314
 30
0.0
 10
5.957805705603041
 20
-0.7103176671936694
 30
0.0
  0
SPLINE
  5
49C
330
17
100
AcDbEntity
  8
HIDDEN
100
AcDbSpline
 70
0
 71
1
 72
4
 73
2
 74
0
 40
0.0
 40
0.0
 40
1.0
 40
1.0
 10
5.957805899996901
 20
-0.7103160367085981
 30
0.0
 10
5.958076975881395
 20
-0.7080386733831872
 30
0.0
  0
SPLINE
  5
49D
330
17
100
AcDbEntity
  8
HIDDEN
100
AcDbSpline
 70
0
 71
1
 72
4
 73
2
 74
0
 40
0.0
 40
0.0
 40
1.0
 40
1.0
 10
5.9584458575085755
 20
-0.7049276388200543
 30
0.0
 10
5.958756510823562
 20
-0.7022968439015749
 30
0.0
  0
SPLINE
  5
49E
330
17
100
AcDbEntity
  8
HIDDEN
100
AcDbSpline
 70
0
 71
1
 72
4
 73
2
 74
0
 40
0.0
 40
0.0
 40
1.0
 40
1.0
 10
5.958756924465602
 20
-0.7022933342761615
 30
0.0
 10
5.958929083639058
 20
-0.7008310695611932
 30
0.0
  0
SPLINE
  5
49F
330
17
100
AcDbEntity
  8
HIDDEN
100
AcDbSpline
 70
0
 71
1
 72
4
 73
2
 74
0
 40
0.0
 40
0.0
 40
1.0
 40
1.0
 10
5.958929360004038
 20
-0.7008287197190719
 30
0.0
 10
5.959592678206328
 20
-0.6951655345786429
 30
0.0
  0
SPLINE
  5
4A0
330
17
100
AcDbEntity
  8
HIDDEN
100
AcDbSpline
 70
0
 71
1
 72
4
 73
2
 74
0
 40
0.0
 40
0.0
 40
1.0
 40
1.0
 10
5.959592813848041
 20
-0.6951643717330451
 30
0.0
 10
5.960420181189359
 20
-0.6880343542280587
 30
0.0
  0
SPLINE
  5
4A1
330
17
100
AcDbEntity
  8
HIDDEN
100
AcDbSpline
 70
0
 71
1
 72
4
 73
2
 74
0
 40
0.0
 40
0.0
 40
1.0
 40
1.0
 10
5.9604203175112005
 20
-0.6880331732749523
 30
0.0
 10
5.96107148431571
 20
-0.6823684975581867
 30
0.0
  0
SPLINE
  5
4A2
330
17
100
AcDbEntity
  8
HIDDEN
100
AcDbSpline
 70
0
 71
1
 72
4
 73
2
 74
0
 40
0.0
 40
0.0
 40
1.0
 40
1.0
 10
5.961071751939457
 20
-0.6823661596317816
 30
0.0
 10
5.961239024917369
 20
-0.6809032934516006
 30
0.0
  0
SPLINE
  5
4A3
330
17
100
AcDbEntity
  8
HIDDEN
100
AcDbSpline
 70
0
 71
1
 72
4
 73
2
 74
0
 40
0.0
 40
0.0
 40
1.0
 40
1.0
 10
5.961239427195765
 20
-0.6808997715352869
 30
0.0
 10
5.961883819378376
 20
-0.6752342779349232
 30
0.0
  0
SPLINE
  5
4A4
330
17
100
AcDbEntity
  8
HIDDEN
100
AcDbSpline
 70
0
 71
1
 72
4
 73
2
 74
0
 40
0.0
 40
0.0
 40
1.0
 40
1.0
 10
5.961929995829971
 20
-0.674826444789947
 30
0.0
 10
5.96252929566265
 20
-0.6695105696200148
 30
0.0
  0
SPLINE
  5
4A5
330
17
100
AcDbEntity
  8
HIDDEN
100
AcDbSpline
 70
0
 71
1
 72
4
 73
2
 74
0
 40
0.0
 40
0.0
 40
1.0
 40
1.0
 10
5.962529690447958
 20
-0.6695070537298182
 30
0.0
 10
5.9626939428267
 20
-0.6680426246024282
 30
0.0
  0
SPLINE
  5
4A6
330
17
100
AcDbEntity
  8
HIDDEN
100
AcDbSpline
 70
0
 71
1
 72
4
 73
2
 74
0
 40
0.0
 40
0.0
 40
1.0
 40
1.0
 10
5.962694206340442
 20
-0.6680402725745747
 30
0.0
 10
5.963326896324138
 20
-0.6623687268309075
 30
0.0
  0
SPLINE
  5
4A7
330
17
100
AcDbEntity
  8
HIDDEN
100
AcDbSpline
 70
0
 71
1
 72
4
 73
2
 74
0
 40
0.0
 40
0.0
 40
1.0
 40
1.0
 10
5.963327025882103
 20
-0.6623675604151227
 30
0.0
 10
5.964115818379421
 20
-0.6552270643680964
 30
0.0
  0
SPLINE
  5
4A8
330
17
100
AcDbEntity
  8
HIDDEN
100
AcDbSpline
 70
0
 71
1
 72
4
 73
2
 74
0
 40
0.0
 40
0.0
 40
1.0
 40
1.0
 10
5.96411594810225
 20
-0.6552258835822524
 30
0.0
 10
5.9647364571021315
 20
-0.649552920716419
 30
0.0
  0
SPLINE
  5
4A9
330
17
100
AcDbEntity
  8
HIDDEN
100
AcDbSpline
 70
0
 71
1
 72
4
 73
2
 74
0
 40
0.0
 40
0.0
 40
1.0
 40
1.0
 10
5.964736712222372
 20
-0.6495505779849702
 30
0.0
 10
5.964896066449326
 20
-0.6480855773587599
 30
0.0
  0
SPLINE
  5
4AA
330
17
100
AcDbEntity
  8
HIDDEN
100
AcDbSpline
 70
0
 71
1
 72
4
 73
2
 74
0
 40
0.0
 40
0.0
 40
1.0
 40
1.0
 10
5.965003174049965
 20
-0.6470990128618638
 30
0.0
 10
5.965510167517072
 20
-0.6424083116911755
 30
0.0
  0
SPLINE
  5
4AB
330
17
100
AcDbEntity
  8
HIDDEN
100
AcDbSpline
 70
0
 71
1
 72
4
 73
2
 74
0
 40
0.0
 40
0.0
 40
1.0
 40
1.0
 10
5.965513018378769
 20
-0.6423818375593418
 30
0.0
 10
5.966121807514601
 20
-0.6367028931283456
 30
0.0
  0
SPLINE
  5
4AC
330
17
100
AcDbEntity
  8
HIDDEN
100
AcDbSpline
 70
0
 71
1
 72
4
 73
2
 74
0
 40
0.0
 40
0.0
 40
1.0
 40
1.0
 10
5.966122183404365
 20
-0.6366993709033888
 30
0.0
 10
5.966278509155077
 20
-0.6352328289973472
 30
0.0
  0
SPLINE
  5
4AD
330
17
100
AcDbEntity
  8
HIDDEN
100
AcDbSpline
 70
0
 71
1
 72
4
 73
2
 74
0
 40
0.0
 40
0.0
 40
1.0
 40
1.0
 10
5.96627875977512
 20
-0.6352304751012599
 30
0.0
 10
5.966880744879026
 20
-0.6295507690165081
 30
0.0
  0
SPLINE
  5
4AE
330
17
100
AcDbEntity
  8
HIDDEN
100
AcDbSpline
 70
0
 71
1
 72
4
 73
2
 74
0
 40
0.0
 40
0.0
 40
1.0
 40
1.0
 10
5.966880868356546
 20
-0.6295495986954971
 30
0.0
 10
5.967630989863914
 20
-0.622398876397154
 30
0.0
  0
SPLINE
  5
4AF
330
17
100
AcDbEntity
  8
HIDDEN
100
AcDbSpline
 70
0
 71
1
 72
4
 73
2
 74
0
 40
0.0
 40
0.0
 40
1.0
 40
1.0
 10
5.968095088639695
 20
-0.6179328477415615
 30
0.0
 10
5.968220888023884
 20
-0.6167166470931971
 30
0.0
  0
SPLINE
  5
4B0
330
17
100
AcDbEntity
  8
HIDDEN
100
AcDbSpline
 70
0
 71
1
 72
4
 73
2
 74
0
 40
0.0
 40
0.0
 40
1.0
 40
1.0
 10
5.968221130653614
 20
-0.616714299060457
 30
0.0
 10
5.968372546519014
 20
-0.6152472158585403
 30
0.0
  0
SPLINE
  5
4B1
330
17
100
AcDbEntity
  8
HIDDEN
100
AcDbSpline
 70
0
 71
1
 72
4
 73
2
 74
0
 40
0.0
 40
0.0
 40
1.0
 40
1.0
 10
5.968372910314578
 20
-0.6152436867500115
 30
0.0
 10
5.96895587835785
 20
-0.609561901201896
 30
0.0
  0
SPLINE
  5
4B2
330
17
100
AcDbEntity
  8
HIDDEN
100
AcDbSpline
 70
0
 71
1
 72
4
 73
2
 74
0
 40
0.0
 40
0.0
 40
1.0
 40
1.0
 10
5.96896815433929
 20
-0.6094416802546438
 30
0.0
 10
5.970281700358399
 20
-0.5964364208458071
 30
0.0
  0
SPLINE
  5
4B3
330
17
100
AcDbEntity
  8
HIDDEN
100
AcDbSpline
 70
0
 71
1
 72
4
 73
2
 74
0
 40
0.0
 40
0.0
 40
1.0
 40
1.0
 10
5.970282865853504
 20
-0.5964247542136297
 30
0.0
 10
5.9715669228683215
 20
-0.583428202994091
 30
0.0
  0
SPLINE
  5
4B4
330
17
100
AcDbEntity
  8
HIDDEN
100
AcDbSpline
 70
0
 71
2
 72
6
 73
3
 74
0
 40
0.0
 40
0.0
 40
0.0
 40
1.0
 40
1.0
 40
1.0
 10
5.971569202550829
 20
-0.5834048692668948
 30
0.0
 10
5.982293456200768
 20
-0.47363287535844373
 30
0.0
 10
5.988976624882735
 20
-0.36353669315891957
 30
0.0
  0
SPLINE
  5
4B5
330
17
100
AcDbEntity
  8
HIDDEN
100
AcDbSpline
 70
0
 71
2
 72
6
 73
3
 74
0
 40
0.0
 40
0.0
 40
0.0
 40
1.0
 40
1.0
 40
1.0
 10
5.989754440315901
 20
-0.3504877811832342
 30
0.0
 10
5.9997424977925755
 20
-0.17975531728667696
 30
0.0
 10
5.99999352447901
 20
-0.008815100937347359
 30
0.0
  0
SPLINE
  5
4B6
330
17
100
AcDbEntity
  8
HIDDEN
100
AcDbSpline
 70
0
 71
1
 72
4
 73
2
 74
0
 40
0.0
 40
0.0
 40
1.0
 40
1.0
 10
5.999995572041213
 20
-0.0072893994633367425
 30
0.0
 10
5.999999692609618
 20
-0.0019205922188775953
 30
0.0
  0
SPLINE
  5
4B7
330
17
100
AcDbEntity
  8
HIDDEN
100
AcDbSpline
 70
0
 71
1
 72
4
 73
2
 74
0
 40
0.0
 40
0.0
 40
1.0
 40
1.0
 10
5.999999805784443
 20
-0.0015266238154763411
 30
0.0
 10
5.999999999999998
 20
-3.552713678800501e-15
 30
0.0
  0
SPLINE
  5
4B8
330
17
100
AcDbEntity
  8
HIDDEN
100
AcDbSpline
 70
0
 71
3
 72
8
 73
4
 74
0
 40
0.0
 40
0.0
 40
0.0
 40
0.0
 40
0.287577703497783
 40
0.287577703497783
 40
0.287577703497783
 40
0.287577703497783
 10
6.0
 20
-110.00000000000001
 30
0.0
 10
6.000808178092045
 20
-109.15733994300354
 30
0.0
 10
5.819554504052677
 20
-108.31918246108836
 30
0.0
 10
5.483633373854228
 20
-107.56488912849613
 30
0.0
  0
SPLINE
  5
4B9
330
17
100
AcDbEntity
  8
HIDDEN
100
AcDbSpline
 70
0
 71
1
 72
4
 73
2
 74
0
 40
0.0
 40
0.0
 40
1.0
 40
1.0
 10
5.390045033057089
 20
-107.36420514769858
 30
0.0
 10
5.3890222065277635
 20
-107.36211455514788
 30
0.0
  0
SPLINE
  5
4BA
330
17
100
AcDbEntity
  8
HIDDEN
100
AcDbSpline
 70
0
 71
2
 72
6
 73
3
 74
0
 40
0.0
 40
0.0
 40
0.0
 40
1.0
 40
1.0
 40
1.0
 10
5.312508140018987
 20
-107.21122657026012
 30
0.0
 10
5.23704876321142
 20
-107.06749896703442
 30
0.0
 10
5.154257630569165
 20
-106.92857890399597
 30
0.0
  0
SPLINE
  5
4BB
330
17
100
AcDbEntity
  8
HIDDEN
100
AcDbSpline
 70
0
 71
1
 72
4
 73
2
 74
0
 40
0.0
 40
0.0
 40
1.0
 40
1.0
 10
5.109293660487451
 20
-106.85434941490035
 30
0.0
 10
5.076342800698507
 20
-106.80144670405531
 30
0.0
  0
SPLINE
  5
4BC
330
17
100
AcDbEntity
  8
HIDDEN
100
AcDbSpline
 70
0
 71
2
 72
6
 73
3
 74
0
 40
0.0
 40
0.0
 40
0.0
 40
1.0
 40
1.0
 40
1.0
 10
4.791409044035196
 20
-106.38857369674959
 30
0.0
 10
4.549597675022573
 20
-106.06793166711859
 30
0.0
 10
4.2689825230413305
 20
-105.78386578151203
 30
0.0
  0
SPLINE
  5
4BD
330
17
100
AcDbEntity
  8
HIDDEN
100
AcDbSpline
 70
0
 71
2
 72
6
 73
3
 74
0
 40
0.0
 40
0.0
 40
0.0
 40
1.0
 40
1.0
 40
1.0
 10
3.8293847153847986
 20
-105.38092938771527
 30
0.0
 10
3.31126766031116
 20
-104.95156003805124
 30
0.0
 10
2.7093379382364597
 20
-104.64654429867736
 30
0.0
  0
SPLINE
  5
4BE
330
17
100
AcDbEntity
  8
HIDDEN
100
AcDbSpline
 70
0
 71
3
 72
17
 73
13
 74
0
 40
0.0
 40
0.0
 40
0.0
 40
0.0
 40
0.1623289135886045
 40
0.1623289135886045
 40
0.1623289135886045
 40
0.46787477096520624
 40
0.46787477096520624
 40
0.46787477096520624
 40
0.648610139101443
 40
0.648610139101443
 40
0.648610139101443
 40
1.0
 40
1.0
 40
1.0
 40
1.0
 10
2.286383551255879
 20
-104.45270784567323
 30
0.0
 10
1.833773515735373
 20
-104.26596174843706
 30
0.0
 10
1.3619601568086814
 20
-104.13624193699926
 30
0.0
 10
0.870943474475807
 20
-104.06354841135986
 30
0.0
 10
-0.04893192485969067
 20
-103.92735370327226
 30
0.0
 10
-1.0165726354863505
 20
-104.00961609781643
 30
0.0
 10
-1.917486935902081
 20
-104.3146465500688
 30
0.0
 10
-2.450272238242785
 20
-104.49417052524828
 30
0.0
 10
-2.9587751353746805
 20
-104.74984760856873
 30
0.0
 10
-3.4208940962437198
 20
-105.07075222957042
 30
0.0
 10
-4.321066768538957
 20
-105.69380151945805
 30
0.0
 10
-5.039183308253463
 20
-106.5645274562426
 30
0.0
 10
-5.479874447686757
 20
-107.55644194238097
 30
0.0
  0
SPLINE
  5
4BF
330
17
100
AcDbEntity
  8
HIDDEN
100
AcDbSpline
 70
0
 71
2
 72
6
 73
3
 74
0
 40
0.0
 40
0.0
 40
0.0
 40
1.0
 40
1.0
 40
1.0
 10
-5.657694336579891
 20
-108.00237763750305
 30
0.0
 10
-5.8014003893462585
 20
-108.40949114694016
 30
0.0
 10
-5.885440708205599
 20
-108.83312923709859
 30
0.0
  0
SPLINE
  5
4C0
330
17
100
AcDbEntity
  8
HIDDEN
100
AcDbSpline
 70
0
 71
1
 72
4
 73
2
 74
0
 40
0.0
 40
0.0
 40
1.0
 40
1.0
 10
-5.918325642973503
 20
-109.0133787968053
 30
0.0
 10
-5.922046368858448
 20
-109.03596336133656
 30
0.0
  0
SPLINE
  5
4C1
330
17
100
AcDbEntity
  8
HIDDEN
100
AcDbSpline
 70
0
 71
2
 72
6
 73
3
 74
0
 40
0.0
 40
0.0
 40
0.0
 40
1.0
 40
1.0
 40
1.0
 10
-5.988748803826144
 20
-109.63272886636337
 30
0.0
 10
-6.005396084154246
 20
-109.90417788685852
 30
0.0
 10
-5.997408726264739
 20
-110.17631871338993
 30
0.0
  0
SPLINE
  5
4C2
330
17
100
AcDbEntity
  8
HIDDEN
100
AcDbSpline
 70
0
 71
1
 72
4
 73
2
 74
0
 40
0.0
 40
0.0
 40
1.0
 40
1.0
 10
-5.981932968741784
 20
-110.46527148438757
 30
0.0
 10
-5.981876839516172
 20
-110.46599256866973
 30
0.0
  0
SPLINE
  5
4C3
330
17
100
AcDbEntity
  8
HIDDEN
100
AcDbSpline
 70
0
 71
1
 72
4
 73
2
 74
0
 40
0.0
 40
0.0
 40
1.0
 40
1.0
 10
-5.981876123746663
 20
-110.46600175681124
 30
0.0
 10
-5.98150799717999
 20
-110.47070338874943
 30
0.0
  0
SPLINE
  5
4C4
330
17
100
AcDbEntity
  8
HIDDEN
100
AcDbSpline
 70
0
 71
1
 72
4
 73
2
 74
0
 40
0.0
 40
0.0
 40
1.0
 40
1.0
 10
-5.981414908051793
 20
-110.47188483669565
 30
0.0
 10
-5.981135441252761
 20
-110.47541396423593
 30
0.0
  0
SPLINE
  5
4C5
330
17
100
AcDbEntity
  8
HIDDEN
100
AcDbSpline
 70
0
 71
1
 72
4
 73
2
 74
0
 40
0.0
 40
0.0
 40
1.0
 40
1.0
 10
-5.981040885682729
 20
-110.47660206535522
 30
0.0
 10
-5.980836594031588
 20
-110.47915889055304
 30
0.0
  0
SPLINE
  5
4C6
330
17
100
AcDbEntity
  8
HIDDEN
100
AcDbSpline
 70
0
 71
1
 72
4
 73
2
 74
0
 40
0.0
 40
0.0
 40
1.0
 40
1.0
 10
-5.980836104032742
 20
-110.47916500665927
 30
0.0
 10
-5.9805376259278535
 20
-110.48287608633741
 30
0.0
  0
SPLINE
  5
4C7
330
17
100
AcDbEntity
  8
HIDDEN
100
AcDbSpline
 70
0
 71
1
 72
4
 73
2
 74
0
 40
0.0
 40
0.0
 40
1.0
 40
1.0
 10
-5.980387106548077
 20
-110.4847366989072
 30
0.0
 10
-5.980236345134562
 20
-110.48659312503153
 30
0.0
  0
SPLINE
  5
4C8
330
17
100
AcDbEntity
  8
HIDDEN
100
AcDbSpline
 70
0
 71
1
 72
4
 73
2
 74
0
 40
0.0
 40
0.0
 40
1.0
 40
1.0
 10
-5.980160097338425
 20
-110.48752930578135
 30
0.0
 10
-5.979932751714097
 20
-110.49031000518283
 30
0.0
  0
SPLINE
  5
4C9
330
17
100
AcDbEntity
  8
HIDDEN
100
AcDbSpline
 70
0
 71
2
 72
6
 73
3
 74
0
 40
0.0
 40
0.0
 40
0.0
 40
1.0
 40
1.0
 40
1.0
 10
-5.979855519791994
 20
-110.49125103506073
 30
0.0
 10
-5.951293213012039
 20
-110.83893531298203
 30
0.0
 10
-5.8825069424502745
 20
-111.18157185418117
 30
0.0
  0
SPLINE
  5
4CA
330
17
100
AcDbEntity
  8
HIDDEN
100
AcDbSpline
 70
0
 71
1
 72
4
 73
2
 74
0
 40
0.0
 40
0.0
 40
1.0
 40
1.0
 10
-5.861640197182515
 20
-111.28108320639235
 30
0.0
 10
-5.860632391462097
 20
-111.28568579193036
 30
0.0
  0
SPLINE
  5
4CB
330
17
100
AcDbEntity
  8
HIDDEN
100
AcDbSpline
 70
0
 71
1
 72
4
 73
2
 74
0
 40
0.0
 40
0.0
 40
1.0
 40
1.0
 10
-5.860627440871532
 20
-111.28570835835049
 30
0.0
 10
-5.859614336137298
 20
-111.2903177188858
 30
0.0
  0
SPLINE
  5
4CC
330
17
100
AcDbEntity
  8
HIDDEN
100
AcDbSpline
 70
0
 71
1
 72
4
 73
2
 74
0
 40
0.0
 40
0.0
 40
1.0
 40
1.0
 10
-5.859611024474932
 20
-111.29033275777603
 30
0.0
 10
-5.858592611314637
 20
-111.29494887895338
 30
0.0
  0
SPLINE
  5
4CD
330
17
100
AcDbEntity
  8
HIDDEN
100
AcDbSpline
 70
0
 71
1
 72
4
 73
2
 74
0
 40
0.0
 40
0.0
 40
1.0
 40
1.0
 10
-5.858590948550065
 20
-111.29495640159087
 30
0.0
 10
-5.857567213657015
 20
-111.29957928671791
 30
0.0
  0
SPLINE
  5
4CE
330
17
100
AcDbEntity
  8
HIDDEN
100
AcDbSpline
 70
0
 71
1
 72
4
 73
2
 74
0
 40
0.0
 40
0.0
 40
1.0
 40
1.0
 10
-5.718811473217426
 20
-111.81526729415461
 30
0.0
 10
-5.703715366779339
 20
-111.8621576269538
 30
0.0
  0
SPLINE
  5
4CF
330
17
100
AcDbEntity
  8
HIDDEN
100
AcDbSpline
 70
0
 71
1
 72
4
 73
2
 74
0
 40
0.0
 40
0.0
 40
1.0
 40
1.0
 10
-5.703714792232615
 20
-111.8621593867668
 30
0.0
 10
-5.7027590447213345
 20
-111.86508425829079
 30
0.0
  0
SPLINE
  5
4D0
330
17
100
AcDbEntity
  8
HIDDEN
100
AcDbSpline
 70
0
 71
1
 72
4
 73
2
 74
0
 40
0.0
 40
0.0
 40
1.0
 40
1.0
 10
-5.702758435904782
 20
-111.86508611983248
 30
0.0
 10
-5.701801216349729
 20
-111.86801041263791
 30
0.0
  0
SPLINE
  5
4D1
330
17
100
AcDbEntity
  8
HIDDEN
100
AcDbSpline
 70
0
 71
1
 72
4
 73
2
 74
0
 40
0.0
 40
0.0
 40
1.0
 40
1.0
 10
-5.7018005735026
 20
-111.86801237482419
 30
0.0
 10
-5.700841881898476
 20
-111.87093608920694
 30
0.0
  0
SPLINE
  5
4D2
330
17
100
AcDbEntity
  8
HIDDEN
100
AcDbSpline
 70
0
 71
1
 72
4
 73
2
 74
0
 40
0.0
 40
0.0
 40
1.0
 40
1.0
 10
-5.700841205266009
 20
-111.87093815094079
 30
0.0
 10
-5.699881041601259
 20
-111.87386128721175
 30
0.0
  0
SPLINE
  5
4D3
330
17
100
AcDbEntity
  8
HIDDEN
100
AcDbSpline
 70
0
 71
1
 72
4
 73
2
 74
0
 40
0.0
 40
0.0
 40
1.0
 40
1.0
 10
-5.699880331435374
 20
-111.87386344738148
 30
0.0
 10
-5.698918695692168
 20
-111.87678600586646
 30
0.0
  0
SPLINE
  5
4D4
330
17
100
AcDbEntity
  8
HIDDEN
100
AcDbSpline
 70
0
 71
1
 72
4
 73
2
 74
0
 40
0.0
 40
0.0
 40
1.0
 40
1.0
 10
-5.698917952251481
 20
-111.87678826334555
 30
0.0
 10
-5.697954844406109
 20
-111.87971024438407
 30
0.0
  0
SPLINE
  5
4D5
330
17
100
AcDbEntity
  8
HIDDEN
100
AcDbSpline
 70
0
 71
1
 72
4
 73
2
 74
0
 40
0.0
 40
0.0
 40
1.0
 40
1.0
 10
-5.697954067955539
 20
-111.87971259803254
 30
0.0
 10
-5.696989487978392
 20
-111.88263400197775
 30
0.0
  0
SPLINE
  5
4D6
330
17
100
AcDbEntity
  8
HIDDEN
100
AcDbSpline
 70
0
 71
1
 72
4
 73
2
 74
0
 40
0.0
 40
0.0
 40
1.0
 40
1.0
 10
-5.696988678789177
 20
-111.88263645064225
 30
0.0
 10
-5.696022626644057
 20
-111.88555727786289
 30
0.0
  0
SPLINE
  5
4D7
330
17
100
AcDbEntity
  8
HIDDEN
100
AcDbSpline
 70
0
 71
1
 72
4
 73
2
 74
0
 40
0.0
 40
0.0
 40
1.0
 40
1.0
 10
-5.696021784994453
 20
-111.88555982037462
 30
0.0
 10
-5.695054260639413
 20
-111.88848007125239
 30
0.0
  0
SPLINE
  5
4D8
330
17
100
AcDbEntity
  8
HIDDEN
100
AcDbSpline
 70
0
 71
1
 72
4
 73
2
 74
0
 40
0.0
 40
0.0
 40
1.0
 40
1.0
 10
-5.6950533868138375
 20
-111.88848270642987
 30
0.0
 10
-5.694084390200723
 20
-111.89140238136073
 30
0.0
  0
SPLINE
  5
4D9
330
17
100
AcDbEntity
  8
HIDDEN
100
AcDbSpline
 70
0
 71
1
 72
4
 73
2
 74
0
 40
0.0
 40
0.0
 40
1.0
 40
1.0
 10
-5.6940834844902275
 20
-111.89140510800834
 30
0.0
 10
-5.693113015565088
 20
-111.89432420740118
 30
0.0
  0
SPLINE
  5
4DA
330
17
100
AcDbEntity
  8
HIDDEN
100
AcDbSpline
 70
0
 71
1
 72
4
 73
2
 74
0
 40
0.0
 40
0.0
 40
1.0
 40
1.0
 10
-5.693112078266943
 20
-111.89432702431066
 30
0.0
 10
-5.692140136969338
 20
-111.8972455485893
 30
0.0
  0
SPLINE
  5
4DB
330
17
100
AcDbEntity
  8
HIDDEN
100
AcDbSpline
 70
0
 71
1
 72
4
 73
2
 74
0
 40
0.0
 40
0.0
 40
1.0
 40
1.0
 10
-5.6921391683877225
 20
-111.89724845453762
 30
0.0
 10
-5.691165754651134
 20
-111.90016640413947
 30
0.0
  0
SPLINE
  5
4DC
330
17
100
AcDbEntity
  8
HIDDEN
100
AcDbSpline
 70
0
 71
1
 72
4
 73
2
 74
0
 40
0.0
 40
0.0
 40
1.0
 40
1.0
 10
-5.691164755096727
 20
-111.90016939789027
 30
0.0
 10
-5.690189868848973
 20
-111.9030867732649
 30
0.0
  0
SPLINE
  5
4DD
330
17
100
AcDbEntity
  8
HIDDEN
100
AcDbSpline
 70
0
 71
1
 72
4
 73
2
 74
0
 40
0.0
 40
0.0
 40
1.0
 40
1.0
 10
-5.690188838638537
 20
-111.90308985356984
 30
0.0
 10
-5.689212479800865
 20
-111.90600665518173
 30
0.0
  0
SPLINE
  5
4DE
330
17
100
AcDbEntity
  8
HIDDEN
100
AcDbSpline
 70
0
 71
1
 72
4
 73
2
 74
0
 40
0.0
 40
0.0
 40
1.0
 40
1.0
 10
-5.6892114192581555
 20
-111.90600982077774
 30
0.0
 10
-5.688233587746089
 20
-111.90892604910357
 30
0.0
  0
SPLINE
  5
4DF
330
17
100
AcDbEntity
  8
HIDDEN
100
AcDbSpline
 70
0
 71
1
 72
4
 73
2
 74
0
 40
0.0
 40
0.0
 40
1.0
 40
1.0
 10
-5.688232497201007
 20
-111.90892929871568
 30
0.0
 10
-5.687253192923885
 20
-111.91184495424567
 30
0.0
  0
SPLINE
  5
4E0
330
17
100
AcDbEntity
  8
HIDDEN
100
AcDbSpline
 70
0
 71
1
 72
4
 73
2
 74
0
 40
0.0
 40
0.0
 40
1.0
 40
1.0
 10
-5.687252072712932
 20
-111.91184828658544
 30
0.0
 10
-5.686271295573876
 20
-111.91476336982333
 30
0.0
  0
SPLINE
  5
4E1
330
17
100
AcDbEntity
  8
HIDDEN
100
AcDbSpline
 70
0
 71
1
 72
4
 73
2
 74
0
 40
0.0
 40
0.0
 40
1.0
 40
1.0
 10
-5.686270146040194
 20
-111.91476678358919
 30
0.0
 10
-5.685287895936531
 20
-111.91768129505087
 30
0.0
  0
SPLINE
  5
4E2
330
17
100
AcDbEntity
  8
HIDDEN
100
AcDbSpline
 70
0
 71
1
 72
4
 73
2
 74
0
 40
0.0
 40
0.0
 40
1.0
 40
1.0
 10
-5.685286717429477
 20
-111.91768478892914
 30
0.0
 10
-5.684302994252036
 20
-111.92059872914467
 30
0.0
  0
SPLINE
  5
4E3
330
17
100
AcDbEntity
  8
HIDDEN
100
AcDbSpline
 70
0
 71
1
 72
4
 73
2
 74
0
 40
0.0
 40
0.0
 40
1.0
 40
1.0
 10
-5.6843017871278825
 20
-111.92060230180778
 30
0.0
 10
-5.683316590761862
 20
-111.92351567131877
 30
0.0
  0
SPLINE
  5
4E4
330
17
100
AcDbEntity
  8
HIDDEN
100
AcDbSpline
 70
0
 71
2
 72
6
 73
3
 74
0
 40
0.0
 40
0.0
 40
0.0
 40
1.0
 40
1.0
 40
1.0
 10
-5.683315355382934
 20
-111.92351932142785
 30
0.0
 10
-5.543174934833281
 20
-112.33749592344233
 30
0.0
 10
-5.344375957397595
 20
-112.727204728019
 30
0.0
  0
SPLINE
  5
4E5
330
17
100
AcDbEntity
  8
HIDDEN
100
AcDbSpline
 70
0
 71
1
 72
4
 73
2
 74
0
 40
0.0
 40
0.0
 40
1.0
 40
1.0
 10
-5.344369306369773
 20
-112.72721776168905
 30
0.0
 10
-5.342325345465158
 20
-112.73121949063108
 30
0.0
  0
SPLINE
  5
4E6
330
17
100
AcDbEntity
  8
HIDDEN
100
AcDbSpline
 70
0
 71
1
 72
4
 73
2
 74
0
 40
0.0
 40
0.0
 40
1.0
 40
1.0
 10
-5.342318727870708
 20
-112.7312324347527
 30
0.0
 10
-5.3402717070055665
 20
-112.73523273203959
 30
0.0
  0
SPLINE
  5
4E7
330
17
100
AcDbEntity
  8
HIDDEN
100
AcDbSpline
 70
0
 71
1
 72
4
 73
2
 74
0
 40
0.0
 40
0.0
 40
1.0
 40
1.0
 10
-5.34026512465225
 20
-112.73524558339625
 30
0.0
 10
-5.338215043161332
 20
-112.73924444989706
 30
0.0
  0
SPLINE
  5
4E8
330
17
100
AcDbEntity
  8
HIDDEN
100
AcDbSpline
 70
0
 71
1
 72
4
 73
2
 74
0
 40
0.0
 40
0.0
 40
1.0
 40
1.0
 10
-5.338208497846888
 20
-112.73925720530985
 30
0.0
 10
-5.33615535507506
 20
-112.74325464186046
 30
0.0
  0
SPLINE
  5
4E9
330
17
100
AcDbEntity
  8
HIDDEN
100
AcDbSpline
 70
0
 71
1
 72
4
 73
2
 74
0
 40
0.0
 40
0.0
 40
1.0
 40
1.0
 10
-5.33614884858888
 20
-112.7432672981847
 30
0.0
 10
-5.334092643893345
 20
-112.74726330558356
 30
0.0
  0
SPLINE
  5
4EA
330
17
100
AcDbEntity
  8
HIDDEN
100
AcDbSpline
 70
0
 71
1
 72
4
 73
2
 74
0
 40
0.0
 40
0.0
 40
1.0
 40
1.0
 10
-5.3340861780142355
 20
-112.7472758597129
 30
0.0
 10
-5.332026910763226
 20
-112.75127043872386
 30
0.0
  0
SPLINE
  5
4EB
330
17
100
AcDbEntity
  8
HIDDEN
100
AcDbSpline
 70
0
 71
1
 72
4
 73
2
 74
0
 40
0.0
 40
0.0
 40
1.0
 40
1.0
 10
-5.332020487260734
 20
-112.75128288758745
 30
0.0
 10
-5.329958156835031
 20
-112.7552760389371
 30
0.0
  0
SPLINE
  5
4EC
330
17
100
AcDbEntity
  8
HIDDEN
100
AcDbSpline
 70
0
 71
1
 72
4
 73
2
 74
0
 40
0.0
 40
0.0
 40
1.0
 40
1.0
 10
-5.329951777467906
 20
-112.75528837950233
 30
0.0
 10
-5.327886383260241
 20
-112.75928010388137
 30
0.0
  0
SPLINE
  5
4ED
330
17
100
AcDbEntity
  8
HIDDEN
100
AcDbSpline
 70
0
 71
1
 72
4
 73
2
 74
0
 40
0.0
 40
0.0
 40
1.0
 40
1.0
 10
-5.327880049777047
 20
-112.75929233315244
 30
0.0
 10
-5.325811591193272
 20
-112.76328263121368
 30
0.0
  0
SPLINE
  5
4EE
330
17
100
AcDbEntity
  8
HIDDEN
100
AcDbSpline
 70
0
 71
1
 72
4
 73
2
 74
0
 40
0.0
 40
0.0
 40
1.0
 40
1.0
 10
-5.325805305331206
 20
-112.76329474623364
 30
0.0
 10
-5.323733781789699
 20
-112.76728361859332
 30
0.0
  0
SPLINE
  5
4EF
330
17
100
AcDbEntity
  8
HIDDEN
100
AcDbSpline
 70
0
 71
1
 72
4
 73
2
 74
0
 40
0.0
 40
0.0
 40
1.0
 40
1.0
 10
-5.323727545275197
 20
-112.76729561644265
 30
0.0
 10
-5.32165295620767
 20
-112.77128306367933
 30
0.0
  0
SPLINE
  5
4F0
330
17
100
AcDbEntity
  8
HIDDEN
100
AcDbSpline
 70
0
 71
1
 72
4
 73
2
 74
0
 40
0.0
 40
0.0
 40
1.0
 40
1.0
 10
-5.321646770755585
 20
-112.77129494147721
 30
0.0
 10
-5.319569115607571
 20
-112.77528096413096
 30
0.0
  0
SPLINE
  5
4F1
330
17
100
AcDbEntity
  8
HIDDEN
100
AcDbSpline
 70
0
 71
1
 72
4
 73
2
 74
0
 40
0.0
 40
0.0
 40
1.0
 40
1.0
 10
-5.319562982920699
 20
-112.77529271903597
 30
0.0
 10
-5.31748226115093
 20
-112.77927731760974
 30
0.0
  0
SPLINE
  5
4F2
330
17
100
AcDbEntity
  8
HIDDEN
100
AcDbSpline
 70
0
 71
1
 72
4
 73
2
 74
0
 40
0.0
 40
0.0
 40
1.0
 40
1.0
 10
-5.317476182920625
 20
-112.7792889468185
 30
0.0
 10
-5.31539239400259
 20
-112.78327212177561
 30
0.0
  0
SPLINE
  5
4F3
330
17
100
AcDbEntity
  8
HIDDEN
100
AcDbSpline
 70
0
 71
1
 72
4
 73
2
 74
0
 40
0.0
 40
0.0
 40
1.0
 40
1.0
 10
-5.315386371907202
 20
-112.78328362252535
 30
0.0
 10
-5.313299515328541
 20
-112.78726537429068
 30
0.0
  0
SPLINE
  5
4F4
330
17
100
AcDbEntity
  8
HIDDEN
100
AcDbSpline
 70
0
 71
1
 72
4
 73
2
 74
0
 40
0.0
 40
0.0
 40
1.0
 40
1.0
 10
-5.313293551034028
 20
-112.7872767438579
 30
0.0
 10
-5.311203626297364
 20
-112.7912570728168
 30
0.0
  0
SPLINE
  5
4F5
330
17
100
AcDbEntity
  8
HIDDEN
100
AcDbSpline
 70
0
 71
1
 72
4
 73
2
 74
0
 40
0.0
 40
0.0
 40
1.0
 40
1.0
 10
-5.31119772145646
 20
-112.79126830851862
 30
0.0
 10
-5.309104728079155
 20
-112.79524721501747
 30
0.0
  0
SPLINE
  5
4F6
330
17
100
AcDbEntity
  8
HIDDEN
100
AcDbSpline
 70
0
 71
1
 72
4
 73
2
 74
0
 40
0.0
 40
0.0
 40
1.0
 40
1.0
 10
-5.309098884331608
 20
-112.79525831421084
 30
0.0
 10
-5.307002821846602
 20
-112.79923579855573
 30
0.0
  0
SPLINE
  5
4F7
330
17
100
AcDbEntity
  8
HIDDEN
100
AcDbSpline
 70
0
 71
1
 72
4
 73
2
 74
0
 40
0.0
 40
0.0
 40
1.0
 40
1.0
 10
-5.30699704081834
 20
-112.79924675863879
 30
0.0
 10
-5.304897908774633
 20
-112.803222821095
 30
0.0
  0
SPLINE
  5
4F8
330
17
100
AcDbEntity
  8
HIDDEN
100
AcDbSpline
 70
0
 71
1
 72
4
 73
2
 74
0
 40
0.0
 40
0.0
 40
1.0
 40
1.0
 10
-5.3048921920772765
 20
-112.8032336395077
 30
0.0
 10
-5.302789990038957
 20
-112.80720828030174
 30
0.0
  0
SPLINE
  5
4F9
330
17
100
AcDbEntity
  8
HIDDEN
100
AcDbSpline
 70
0
 71
1
 72
4
 73
2
 74
0
 40
0.0
 40
0.0
 40
1.0
 40
1.0
 10
-5.302784339270798
 20
-112.80721895452368
 30
0.0
 10
-5.300679066819339
 20
-112.81119217383926
 30
0.0
  0
SPLINE
  5
4FA
330
17
100
AcDbEntity
  8
HIDDEN
100
AcDbSpline
 70
0
 71
1
 72
4
 73
2
 74
0
 40
0.0
 40
0.0
 40
1.0
 40
1.0
 10
-5.3006734835630365
 20
-112.81120270139384
 30
0.0
 10
-5.298565140295603
 20
-112.81517449937523
 30
0.0
  0
SPLINE
  5
4FB
330
17
100
AcDbEntity
  8
HIDDEN
100
AcDbSpline
 70
0
 71
1
 72
4
 73
2
 74
0
 40
0.0
 40
0.0
 40
1.0
 40
1.0
 10
-5.298559626119881
 20
-112.8151848778262
 30
0.0
 10
-5.296448211651266
 20
-112.81915525457504
 30
0.0
  0
SPLINE
  5
4FC
330
17
100
AcDbEntity
  8
HIDDEN
100
AcDbSpline
 70
0
 71
1
 72
4
 73
2
 74
0
 40
0.0
 40
0.0
 40
1.0
 40
1.0
 10
-5.296442768108973
 20
-112.81916548152972
 30
0.0
 10
-5.29432828207136
 20
-112.82313443710561
 30
0.0
  0
SPLINE
  5
4FD
330
17
100
AcDbEntity
  8
HIDDEN
100
AcDbSpline
 70
0
 71
1
 72
4
 73
2
 74
0
 40
0.0
 40
0.0
 40
1.0
 40
1.0
 10
-5.294322910699707
 20
-112.82314451021428
 30
0.0
 10
-5.292205352742068
 20
-112.82711204463628
 30
0.0
  0
SPLINE
  5
4FE
330
17
100
AcDbEntity
  8
HIDDEN
100
AcDbSpline
 70
0
 71
1
 72
4
 73
2
 74
0
 40
0.0
 40
0.0
 40
1.0
 40
1.0
 10
-5.292200055063236
 20
-112.8271219615907
 30
0.0
 10
-5.290079424853272
 20
-112.83108807483399
 30
0.0
  0
SPLINE
  5
4FF
330
17
100
AcDbEntity
  8
HIDDEN
100
AcDbSpline
 70
0
 71
1
 72
4
 73
2
 74
0
 40
0.0
 40
0.0
 40
1.0
 40
1.0
 10
-5.290074202372461
 20
-112.83109783337082
 30
0.0
 10
-5.28795049959564
 20
-112.83506252536861
 30
0.0
  0
SPLINE
  5
500
330
17
100
AcDbEntity
  8
HIDDEN
100
AcDbSpline
 70
0
 71
1
 72
4
 73
2
 74
0
 40
0.0
 40
0.0
 40
1.0
 40
1.0
 10
-5.287945353802042
 20
-112.83507212326727
 30
0.0
 10
-5.285818578162819
 20
-112.83903539390916
 30
0.0
  0
SPLINE
  5
501
330
17
100
AcDbEntity
  8
HIDDEN
100
AcDbSpline
 70
0
 71
1
 72
4
 73
2
 74
0
 40
0.0
 40
0.0
 40
1.0
 40
1.0
 10
-5.285813510528387
 20
-112.83904482899375
 30
0.0
 10
-5.283683661749601
 20
-112.84300667812683
 30
0.0
  0
SPLINE
  5
502
330
17
100
AcDbEntity
  8
HIDDEN
100
AcDbSpline
 70
0
 71
1
 72
4
 73
2
 74
0
 40
0.0
 40
0.0
 40
1.0
 40
1.0
 10
-5.283678673729657
 20
-112.84301594826483
 30
0.0
 10
-5.28154575155413
 20
-112.84697637569117
 30
0.0
  0
SPLINE
  5
503
330
17
100
AcDbEntity
  8
HIDDEN
100
AcDbSpline
 70
0
 71
1
 72
4
 73
2
 74
0
 40
0.0
 40
0.0
 40
1.0
 40
1.0
 10
-5.281540844585772
 20
-112.84698547879609
 30
0.0
 10
-5.2794048487749645
 20
-112.85094448427543
 30
0.0
  0
SPLINE
  5
504
330
17
100
AcDbEntity
  8
HIDDEN
100
AcDbSpline
 70
0
 71
1
 72
4
 73
2
 74
0
 40
0.0
 40
0.0
 40
1.0
 40
1.0
 10
-5.279400024278395
 20
-112.85095341830393
 30
0.0
 10
-5.2772609546143805
 20
-112.85491100155045
 30
0.0
  0
SPLINE
  5
505
330
17
100
AcDbEntity
  8
HIDDEN
100
AcDbSpline
 70
0
 71
1
 72
4
 73
2
 74
0
 40
0.0
 40
0.0
 40
1.0
 40
1.0
 10
-5.277256213990947
 20
-112.85491976450578
 30
0.0
 10
-5.275114070275807
 20
-112.85887592518947
 30
0.0
  0
SPLINE
  5
506
330
17
100
AcDbEntity
  8
HIDDEN
100
AcDbSpline
 70
0
 71
1
 72
4
 73
2
 74
0
 40
0.0
 40
0.0
 40
1.0
 40
1.0
 10
-5.275109414908599
 20
-112.85888451511997
 30
0.0
 10
-5.272964196964924
 20
-112.86283925286602
 30
0.0
  0
SPLINE
  5
507
330
17
100
AcDbEntity
  8
HIDDEN
100
AcDbSpline
 70
0
 71
1
 72
4
 73
2
 74
0
 40
0.0
 40
0.0
 40
1.0
 40
1.0
 10
-5.272959628218272
 20
-112.86284766786585
 30
0.0
 10
-5.27081133588967
 20
-112.86680098225392
 30
0.0
  0
SPLINE
  5
508
330
17
100
AcDbEntity
  8
HIDDEN
100
AcDbSpline
 70
0
 71
1
 72
4
 73
2
 74
0
 40
0.0
 40
0.0
 40
1.0
 40
1.0
 10
-5.27080685510864
 20
-112.86680922046361
 30
0.0
 10
-5.268655488259862
 20
-112.87076111102806
 30
0.0
  0
SPLINE
  5
509
330
17
100
AcDbEntity
  8
HIDDEN
100
AcDbSpline
 70
0
 71
1
 72
4
 73
2
 74
0
 40
0.0
 40
0.0
 40
1.0
 40
1.0
 10
-5.26865109677013
 20
-112.87076917063442
 30
0.0
 10
-5.266496655287581
 20
-112.8747196368636
 30
0.0
  0
SPLINE
  5
50A
330
17
100
AcDbEntity
  8
HIDDEN
100
AcDbSpline
 70
0
 71
1
 72
4
 73
2
 74
0
 40
0.0
 40
0.0
 40
1.0
 40
1.0
 10
-5.266492354394915
 20
-112.87472751610042
 30
0.0
 10
-5.264334838186796
 20
-112.87867655743676
 30
0.0
  0
SPLINE
  5
50B
330
17
100
AcDbEntity
  8
HIDDEN
100
AcDbSpline
 70
0
 71
1
 72
4
 73
2
 74
0
 40
0.0
 40
0.0
 40
1.0
 40
1.0
 10
-5.264330629176918
 20
-112.87868425458458
 30
0.0
 10
-5.262170038174105
 20
-112.88263187042332
 30
0.0
  0
SPLINE
  5
50C
330
17
100
AcDbEntity
  8
HIDDEN
100
AcDbSpline
 70
0
 71
1
 72
4
 73
2
 74
0
 40
0.0
 40
0.0
 40
1.0
 40
1.0
 10
-5.262165922311819
 20
-112.88263938381098
 30
0.0
 10
-5.260002256467256
 20
-112.88658557350155
 30
0.0
  0
SPLINE
  5
50D
330
17
100
AcDbEntity
  8
HIDDEN
100
AcDbSpline
 70
0
 71
1
 72
4
 73
2
 74
0
 40
0.0
 40
0.0
 40
1.0
 40
1.0
 10
-5.2599982349970436
 20
-112.8865929015045
 30
0.0
 10
-5.257831494286998
 20
-112.8905376643486
 30
0.0
  0
SPLINE
  5
50E
330
17
100
AcDbEntity
  8
HIDDEN
100
AcDbSpline
 70
0
 71
1
 72
4
 73
2
 74
0
 40
0.0
 40
0.0
 40
1.0
 40
1.0
 10
-5.257827568431763
 20
-112.89054480539106
 30
0.0
 10
-5.255657752855603
 20
-112.89448814064328
 30
0.0
  0
SPLINE
  5
50F
330
17
100
AcDbEntity
  8
HIDDEN
100
AcDbSpline
 70
0
 71
1
 72
4
 73
2
 74
0
 40
0.0
 40
0.0
 40
1.0
 40
1.0
 10
-5.255653923816904
 20
-112.89449509319742
 30
0.0
 10
-5.253481033397607
 20
-112.89843700006485
 30
0.0
  0
SPLINE
  5
510
330
17
100
AcDbEntity
  8
HIDDEN
100
AcDbSpline
 70
0
 71
1
 72
4
 73
2
 74
0
 40
0.0
 40
0.0
 40
1.0
 40
1.0
 10
-5.253477302355145
 20
-112.8984437626514
 30
0.0
 10
-5.25130133713981
 20
-112.90238424029278
 30
0.0
  0
SPLINE
  5
511
330
17
100
AcDbEntity
  8
HIDDEN
100
AcDbSpline
 70
0
 71
1
 72
4
 73
2
 74
0
 40
0.0
 40
0.0
 40
1.0
 40
1.0
 10
-5.251297705250906
 20
-112.90239081148167
 30
0.0
 10
-5.249118665311286
 20
-112.90632985900703
 30
0.0
  0
SPLINE
  5
512
330
17
100
AcDbEntity
  8
HIDDEN
100
AcDbSpline
 70
0
 71
1
 72
4
 73
2
 74
0
 40
0.0
 40
0.0
 40
1.0
 40
1.0
 10
-5.249115133710357
 20
-112.90633623741783
 30
0.0
 10
-5.246933019142248
 20
-112.91027385388972
 30
0.0
  0
SPLINE
  5
513
330
17
100
AcDbEntity
  8
HIDDEN
100
AcDbSpline
 70
0
 71
1
 72
4
 73
2
 74
0
 40
0.0
 40
0.0
 40
1.0
 40
1.0
 10
-5.246929588941425
 20
-112.91028003819056
 30
0.0
 10
-5.244744399866308
 20
-112.91421622262143
 30
0.0
  0
SPLINE
  5
514
330
17
100
AcDbEntity
  8
HIDDEN
100
AcDbSpline
 70
0
 71
1
 72
4
 73
2
 74
0
 40
0.0
 40
0.0
 40
1.0
 40
1.0
 10
-5.244741072153776
 20
-112.91422221153131
 30
0.0
 10
-5.242552808718598
 20
-112.91815696288442
 30
0.0
  0
SPLINE
  5
515
330
17
100
AcDbEntity
  8
HIDDEN
100
AcDbSpline
 70
0
 71
1
 72
4
 73
2
 74
0
 40
0.0
 40
0.0
 40
1.0
 40
1.0
 10
-5.242549584558826
 20
-112.91816275517257
 30
0.0
 10
-5.240358246935771
 20
-112.92209607236262
 30
0.0
  0
SPLINE
  5
516
330
17
100
AcDbEntity
  8
HIDDEN
100
AcDbSpline
 70
0
 71
1
 72
4
 73
2
 74
0
 40
0.0
 40
0.0
 40
1.0
 40
1.0
 10
-5.240355127369744
 20
-112.9221016668478
 30
0.0
 10
-5.238160715757129
 20
-112.92603354873958
 30
0.0
  0
SPLINE
  5
517
330
17
100
AcDbEntity
  8
HIDDEN
100
AcDbSpline
 70
0
 71
1
 72
4
 73
2
 74
0
 40
0.0
 40
0.0
 40
1.0
 40
1.0
 10
-5.238157701801443
 20
-112.92603894429126
 30
0.0
 10
-5.235960216424626
 20
-112.92996938969858
 30
0.0
  0
SPLINE
  5
518
330
17
100
AcDbEntity
  8
HIDDEN
100
AcDbSpline
 70
0
 71
1
 72
4
 73
2
 74
0
 40
0.0
 40
0.0
 40
1.0
 40
1.0
 10
-5.235957309070584
 20
-112.92997458523834
 30
0.0
 10
-5.233756750181366
 20
-112.9339035929253
 30
0.0
  0
SPLINE
  5
519
330
17
100
AcDbEntity
  8
HIDDEN
100
AcDbSpline
 70
0
 71
1
 72
4
 73
2
 74
0
 40
0.0
 40
0.0
 40
1.0
 40
1.0
 10
-5.233753950395576
 20
-112.93390858742526
 30
0.0
 10
-5.231550318273483
 20
-112.93783615610425
 30
0.0
  0
SPLINE
  5
51A
330
17
100
AcDbEntity
  8
HIDDEN
100
AcDbSpline
 70
0
 71
1
 72
4
 73
2
 74
0
 40
0.0
 40
0.0
 40
1.0
 40
1.0
 10
-5.231547626996576
 20
-112.93784094858918
 30
0.0
 10
-5.229340921947875
 20
-112.94176707692324
 30
0.0
  0
SPLINE
  5
51B
330
17
100
AcDbEntity
  8
HIDDEN
100
AcDbSpline
 70
0
 71
1
 72
4
 73
2
 74
0
 40
0.0
 40
0.0
 40
1.0
 40
1.0
 10
-5.229338340095488
 20
-112.94177166646828
 30
0.0
 10
-5.227128562455238
 20
-112.9456963530675
 30
0.0
  0
SPLINE
  5
51C
330
17
100
AcDbEntity
  8
HIDDEN
100
AcDbSpline
 70
0
 71
1
 72
4
 73
2
 74
0
 40
0.0
 40
0.0
 40
1.0
 40
1.0
 10
-5.227126090915961
 20
-112.9457007388016
 30
0.0
 10
-5.2249132410474175
 20
-112.94962398222481
 30
0.0
  0
SPLINE
  5
51D
330
17
100
AcDbEntity
  8
HIDDEN
100
AcDbSpline
 70
0
 71
1
 72
4
 73
2
 74
0
 40
0.0
 40
0.0
 40
1.0
 40
1.0
 10
-5.224910880683394
 20
-112.9496281633292
 30
0.0
 10
-5.222694958978154
 20
-112.95354996208384
 30
0.0
  0
SPLINE
  5
51E
330
17
100
AcDbEntity
  8
HIDDEN
100
AcDbSpline
 70
0
 71
1
 72
4
 73
2
 74
0
 40
0.0
 40
0.0
 40
1.0
 40
1.0
 10
-5.222692710624932
 20
-112.95355393779201
 30
0.0
 10
-5.220473717503475
 20
-112.95747429033369
 30
0.0
  0
SPLINE
  5
51F
330
17
100
AcDbEntity
  8
HIDDEN
100
AcDbSpline
 70
0
 71
1
 72
4
 73
2
 74
0
 40
0.0
 40
0.0
 40
1.0
 40
1.0
 10
-5.220471581969461
 20
-112.9574780599319
 30
0.0
 10
-5.218249517882461
 20
-112.96139696466244
 30
0.0
  0
SPLINE
  5
520
330
17
100
AcDbEntity
  8
HIDDEN
100
AcDbSpline
 70
0
 71
1
 72
4
 73
2
 74
0
 40
0.0
 40
0.0
 40
1.0
 40
1.0
 10
-5.218247495947622
 20
-112.96140052749183
 30
0.0
 10
-5.216022361374947
 20
-112.96531798276129
 30
0.0
  0
SPLINE
  5
521
330
17
100
AcDbEntity
  8
HIDDEN
100
AcDbSpline
 70
0
 71
1
 72
4
 73
2
 74
0
 40
0.0
 40
0.0
 40
1.0
 40
1.0
 10
-5.2160204537917965
 20
-112.96532133821557
 30
0.0
 10
-5.21379224924421
 20
-112.96923734231962
 30
0.0
  0
SPLINE
  5
522
330
17
100
AcDbEntity
  8
HIDDEN
100
AcDbSpline
 70
0
 71
1
 72
4
 73
2
 74
0
 40
0.0
 40
0.0
 40
1.0
 40
1.0
 10
-5.213790456736115
 20
-112.96924048984783
 30
0.0
 10
-5.2115591827538985
 20
-112.97315504103071
 30
0.0
  0
SPLINE
  5
523
330
17
100
AcDbEntity
  8
HIDDEN
100
AcDbSpline
 70
0
 71
1
 72
4
 73
2
 74
0
 40
0.0
 40
0.0
 40
1.0
 40
1.0
 10
-5.211557506016451
 20
-112.97315798013435
 30
0.0
 10
-5.20932316317187
 20
-112.97707107658468
 30
0.0
  0
SPLINE
  5
524
330
17
100
AcDbEntity
  8
HIDDEN
100
AcDbSpline
 70
0
 71
1
 72
4
 73
2
 74
0
 40
0.0
 40
0.0
 40
1.0
 40
1.0
 10
-5.209321602870428
 20
-112.97707380682176
 30
0.0
 10
-5.207084191766363
 20
-112.98098544667563
 30
0.0
  0
SPLINE
  5
525
330
17
100
AcDbEntity
  8
HIDDEN
100
AcDbSpline
 70
0
 71
1
 72
4
 73
2
 74
0
 40
0.0
 40
0.0
 40
1.0
 40
1.0
 10
-5.207082748537408
 20
-112.98098796765757
 30
0.0
 10
-5.204842269809051
 20
-112.98489814899565
 30
0.0
  0
SPLINE
  5
526
330
17
100
AcDbEntity
  8
HIDDEN
100
AcDbSpline
 70
0
 71
1
 72
4
 73
2
 74
0
 40
0.0
 40
0.0
 40
1.0
 40
1.0
 10
-5.204840944258504
 20
-112.9849004603904
 30
0.0
 10
-5.202597398572757
 20
-112.98880918123945
 30
0.0
  0
SPLINE
  5
527
330
17
100
AcDbEntity
  8
HIDDEN
100
AcDbSpline
 70
0
 71
1
 72
4
 73
2
 74
0
 40
0.0
 40
0.0
 40
1.0
 40
1.0
 10
-5.202596191276581
 20
-112.98881128276977
 30
0.0
 10
-5.200349579332989
 20
-112.99271854110142
 30
0.0
  0
SPLINE
  5
528
330
17
100
AcDbEntity
  8
HIDDEN
100
AcDbSpline
 70
0
 71
1
 72
4
 73
2
 74
0
 40
0.0
 40
0.0
 40
1.0
 40
1.0
 10
-5.200348490836237
 20
-112.9927204325461
 30
0.0
 10
-5.1980988133667765
 20
-112.99662622627773
 30
0.0
  0
SPLINE
  5
529
330
17
100
AcDbEntity
  8
HIDDEN
100
AcDbSpline
 70
0
 71
1
 72
4
 73
2
 74
0
 40
0.0
 40
0.0
 40
1.0
 40
1.0
 10
-5.177287083955859
 20
-113.03244100746988
 30
0.0
 10
-5.174583288272201
 20
-113.03705248656925
 30
0.0
  0
SPLINE
  5
52A
330
17
100
AcDbEntity
  8
HIDDEN
100
AcDbSpline
 70
0
 71
1
 72
4
 73
2
 74
0
 40
0.0
 40
0.0
 40
1.0
 40
1.0
 10
-5.174568680525741
 20
-113.03707737536676
 30
0.0
 10
-5.169163338827637
 20
-113.04626827279974
 30
0.0
  0
SPLINE
  5
52B
330
17
100
AcDbEntity
  8
HIDDEN
100
AcDbSpline
 70
0
 71
1
 72
4
 73
2
 74
0
 40
0.0
 40
0.0
 40
1.0
 40
1.0
 10
-5.1655443589104655
 20
-113.05240093850637
 30
0.0
 10
-5.1637340306733615
 20
-113.05546246478139
 30
0.0
  0
SPLINE
  5
52C
330
17
100
AcDbEntity
  8
HIDDEN
100
AcDbSpline
 70
0
 71
1
 72
4
 73
2
 74
0
 40
0.0
 40
0.0
 40
1.0
 40
1.0
 10
-5.160107914970407
 20
-113.0615823227514
 30
0.0
 10
-5.158292129172892
 20
-113.06464065155825
 30
0.0
  0
SPLINE
  5
52D
330
17
100
AcDbEntity
  8
HIDDEN
100
AcDbSpline
 70
0
 71
1
 72
4
 73
2
 74
0
 40
0.0
 40
0.0
 40
1.0
 40
1.0
 10
-5.154655104020479
 20
-113.0707541047031
 30
0.0
 10
-5.152833866478792
 20
-113.07380922592185
 30
0.0
  0
SPLINE
  5
52E
330
17
100
AcDbEntity
  8
HIDDEN
100
AcDbSpline
 70
0
 71
1
 72
4
 73
2
 74
0
 40
0.0
 40
0.0
 40
1.0
 40
1.0
 10
-5.152804778403446
 20
-113.07385798770122
 30
0.0
 10
-5.150558162042282
 20
-113.07762093706015
 30
0.0
  0
SPLINE
  5
52F
330
17
100
AcDbEntity
  8
HIDDEN
100
AcDbSpline
 70
0
 71
1
 72
4
 73
2
 74
0
 40
0.0
 40
0.0
 40
1.0
 40
1.0
 10
-5.150554254985254
 20
-113.07762747571314
 30
0.0
 10
-5.148308789766466
 20
-113.08138225767914
 30
0.0
  0
SPLINE
  5
530
330
17
100
AcDbEntity
  8
HIDDEN
100
AcDbSpline
 70
0
 71
1
 72
4
 73
2
 74
0
 40
0.0
 40
0.0
 40
1.0
 40
1.0
 10
-5.14830096557294
 20
-113.08139533013974
 30
0.0
 10
-5.1460566628382765
 20
-113.08514194738169
 30
0.0
  0
SPLINE
  5
531
330
17
100
AcDbEntity
  8
HIDDEN
100
AcDbSpline
 70
0
 71
2
 72
6
 73
3
 74
0
 40
0.0
 40
0.0
 40
0.0
 40
1.0
 40
1.0
 40
1.0
 10
-4.990131560430904
 20
-113.33145418834705
 30
0.0
 10
-4.86298862304657
 20
-113.52189602683134
 30
0.0
 10
-4.721658968062975
 20
-113.70215296512897
 30
0.0
  0
SPLINE
  5
532
330
17
100
AcDbEntity
  8
HIDDEN
100
AcDbSpline
 70
0
 71
1
 72
4
 73
2
 74
0
 40
0.0
 40
0.0
 40
1.0
 40
1.0
 10
-4.720935958029317
 20
-113.7030748936689
 30
0.0
 10
-4.719519828146973
 20
-113.70487956345782
 30
0.0
  0
SPLINE
  5
533
330
17
100
AcDbEntity
  8
HIDDEN
100
AcDbSpline
 70
0
 71
1
 72
4
 73
2
 74
0
 40
0.0
 40
0.0
 40
1.0
 40
1.0
 10
-4.718800089496565
 20
-113.70579623069068
 30
0.0
 10
-4.717379109304169
 20
-113.70760493138101
 30
0.0
  0
SPLINE
  5
534
330
17
100
AcDbEntity
  8
HIDDEN
100
AcDbSpline
 70
0
 71
1
 72
4
 73
2
 74
0
 40
0.0
 40
0.0
 40
1.0
 40
1.0
 10
-4.716662647453708
 20
-113.7085163419149
 30
0.0
 10
-4.715236812251758
 20
-113.7103290679656
 30
0.0
  0
SPLINE
  5
535
330
17
100
AcDbEntity
  8
HIDDEN
100
AcDbSpline
 70
0
 71
1
 72
4
 73
2
 74
0
 40
0.0
 40
0.0
 40
1.0
 40
1.0
 10
-4.7143162713514775
 20
-113.71149863019241
 30
0.0
 10
-4.712519149772292
 20
-113.71378018350163
 30
0.0
  0
SPLINE
  5
536
330
17
100
AcDbEntity
  8
HIDDEN
100
AcDbSpline
 70
0
 71
1
 72
4
 73
2
 74
0
 40
0.0
 40
0.0
 40
1.0
 40
1.0
 10
-4.7116033568323195
 20
-113.71494196405176
 30
0.0
 10
-4.70979895436312
 20
-113.71722931737607
 30
0.0
  0
SPLINE
  5
537
330
17
100
AcDbEntity
  8
HIDDEN
100
AcDbSpline
 70
0
 71
3
 72
8
 73
4
 74
0
 40
0.0
 40
0.0
 40
0.0
 40
0.0
 40
1.0
 40
1.0
 40
1.0
 40
1.0
 10
-4.707417712455301
 20
-113.72024440985653
 30
0.0
 10
-4.066768069395312
 20
-114.53291988490054
 30
0.0
 10
-3.2114811802376964
 20
-115.17408787363341
 30
0.0
 10
-2.252436971552797
 20
-115.56116242864648
 30
0.0
  0
SPLINE
  5
538
330
17
100
AcDbEntity
  8
HIDDEN
100
AcDbSpline
 70
0
 71
2
 72
6
 73
3
 74
0
 40
0.0
 40
0.0
 40
0.0
 40
1.0
 40
1.0
 40
1.0
 10
-2.0260562129815654
 20
-115.64757436980051
 30
0.0
 10
-1.5455203180573993
 20
-115.81985670082943
 30
0.0
 10
-1.0433064507711594
 20
-115.90859639099158
 30
0.0
  0
SPLINE
  5
539
330
17
100
AcDbEntity
  8
HIDDEN
100
AcDbSpline
 70
0
 71
2
 72
6
 73
3
 74
0
 40
0.0
 40
0.0
 40
0.0
 40
1.0
 40
1.0
 40
1.0
 10
-0.8477744858113434
 20
-115.93980455391318
 30
0.0
 10
-0.19701880674313518
 20
-116.03236190443442
 30
0.0
 10
0.4566075535033351
 20
-115.98260057801231
 30
0.0
  0
SPLINE
  5
53A
330
17
100
AcDbEntity
  8
HIDDEN
100
AcDbSpline
 70
0
 71
2
 72
6
 73
3
 74
0
 40
0.0
 40
0.0
 40
0.0
 40
1.0
 40
1.0
 40
1.0
 10
0.7952941576787895
 20
-115.94705870003263
 30
0.0
 10
0.9740444682968558
 20
-115.92315035840333
 30
0.0
 10
1.1508473652398872
 20
-115.8885949281302
 30
0.0
  0
SPLINE
  5
53B
330
17
100
AcDbEntity
  8
HIDDEN
100
AcDbSpline
 70
0
 71
1
 72
4
 73
2
 74
0
 40
0.0
 40
0.0
 40
1.0
 40
1.0
 10
1.3734263150583108
 20
-115.84069346291565
 30
0.0
 10
1.3924327446003146
 20
-115.83619148358133
 30
0.0
  0
SPLINE
  5
53C
330
17
100
AcDbEntity
  8
HIDDEN
100
AcDbSpline
 70
0
 71
1
 72
4
 73
2
 74
0
 40
0.0
 40
0.0
 40
1.0
 40
1.0
 10
1.392453644354159
 20
-115.83618649715714
 30
0.0
 10
1.3957029629186493
 20
-115.83541028741024
 30
0.0
  0
SPLINE
  5
53D
330
17
100
AcDbEntity
  8
HIDDEN
100
AcDbSpline
 70
0
 71
1
 72
4
 73
2
 74
0
 40
0.0
 40
0.0
 40
1.0
 40
1.0
 10
1.395716893322631
 20
-115.83540695554441
 30
0.0
 10
1.3989727080984518
 20
-115.83462726718395
 30
0.0
  0
SPLINE
  5
53E
330
17
100
AcDbEntity
  8
HIDDEN
100
AcDbSpline
 70
0
 71
1
 72
4
 73
2
 74
0
 40
0.0
 40
0.0
 40
1.0
 40
1.0
 10
1.3989796711930889
 20
-115.83462559763382
 30
0.0
 10
1.4022419791121918
 20
-115.83384242321037
 30
0.0
  0
SPLINE
  5
53F
330
17
100
AcDbEntity
  8
HIDDEN
100
AcDbSpline
 70
0
 71
2
 72
6
 73
3
 74
0
 40
0.0
 40
0.0
 40
0.0
 40
1.0
 40
1.0
 40
1.0
 10
1.5462836264993822
 20
-115.79732757518829
 30
0.0
 10
2.0196041218754903
 20
-115.67094211670799
 30
0.0
 10
2.4647806220103723
 20
-115.47036162535116
 30
0.0
  0
SPLINE
  5
540
330
17
100
AcDbEntity
  8
HIDDEN
100
AcDbSpline
 70
0
 71
1
 72
4
 73
2
 74
0
 40
0.0
 40
0.0
 40
1.0
 40
1.0
 10
2.4648032621148066
 20
-115.4703514243434
 30
0.0
 10
2.47288448428882
 20
-115.46670304227918
 30
0.0
  0
SPLINE
  5
541
330
17
100
AcDbEntity
  8
HIDDEN
100
AcDbSpline
 70
0
 71
1
 72
4
 73
2
 74
0
 40
0.0
 40
0.0
 40
1.0
 40
1.0
 10
2.472907325513839
 20
-115.46669270990392
 30
0.0
 10
2.4809826956339194
 20
-115.46303255415356
 30
0.0
  0
SPLINE
  5
542
330
17
100
AcDbEntity
  8
HIDDEN
100
AcDbSpline
 70
0
 71
1
 72
4
 73
2
 74
0
 40
0.0
 40
0.0
 40
1.0
 40
1.0
 10
2.4810057270103227
 20
-115.46302209462084
 30
0.0
 10
2.489075239222241
 20
-115.45935016977938
 30
0.0
  0
SPLINE
  5
543
330
17
100
AcDbEntity
  8
HIDDEN
100
AcDbSpline
 70
0
 71
1
 72
4
 73
2
 74
0
 40
0.0
 40
0.0
 40
1.0
 40
1.0
 10
2.489098449861277
 20
-115.45933958731959
 30
0.0
 10
2.4971620982502274
 20
-115.45565589798062
 30
0.0
  0
SPLINE
  5
544
330
17
100
AcDbEntity
  8
HIDDEN
100
AcDbSpline
 70
0
 71
1
 72
4
 73
2
 74
0
 40
0.0
 40
0.0
 40
1.0
 40
1.0
 10
2.4971854773435602
 20
-115.45564519684437
 30
0.0
 10
2.5052432559320765
 20
-115.45194974760115
 30
0.0
  0
SPLINE
  5
545
330
17
100
AcDbEntity
  8
HIDDEN
100
AcDbSpline
 70
0
 71
1
 72
4
 73
2
 74
0
 40
0.0
 40
0.0
 40
1.0
 40
1.0
 10
2.5052667927538397
 20
-115.45193893205763
 30
0.0
 10
2.513318695501803
 20
-115.44823172750367
 30
0.0
  0
SPLINE
  5
546
330
17
100
AcDbEntity
  8
HIDDEN
100
AcDbSpline
 70
0
 71
1
 72
4
 73
2
 74
0
 40
0.0
 40
0.0
 40
1.0
 40
1.0
 10
2.5133423794085594
 20
-115.44822080184036
 30
0.0
 10
2.521388400211121
 20
-115.44450184657057
 30
0.0
  0
SPLINE
  5
547
330
17
100
AcDbEntity
  8
HIDDEN
100
AcDbSpline
 70
0
 71
1
 72
4
 73
2
 74
0
 40
0.0
 40
0.0
 40
1.0
 40
1.0
 10
2.5214122206439074
 20
-115.44449081509177
 30
0.0
 10
2.5294523533315107
 20
-115.44076011370313
 30
0.0
  0
SPLINE
  5
548
330
17
100
AcDbEntity
  8
HIDDEN
100
AcDbSpline
 70
0
 71
1
 72
4
 73
2
 74
0
 40
0.0
 40
0.0
 40
1.0
 40
1.0
 10
2.5294762998157845
 20
-115.44074898072958
 30
0.0
 10
2.537510538152099
 20
-115.43700653782221
 30
0.0
  0
SPLINE
  5
549
330
17
100
AcDbEntity
  8
HIDDEN
100
AcDbSpline
 70
0
 71
1
 72
4
 73
2
 74
0
 40
0.0
 40
0.0
 40
1.0
 40
1.0
 10
2.5375346002997725
 20
-115.43699530768964
 30
0.0
 10
2.5455629379824147
 20
-115.43324112786709
 30
0.0
  0
SPLINE
  5
54A
330
17
100
AcDbEntity
  8
HIDDEN
100
AcDbSpline
 70
0
 71
1
 72
4
 73
2
 74
0
 40
0.0
 40
0.0
 40
1.0
 40
1.0
 10
2.5455871054911006
 20
-115.43322980492613
 30
0.0
 10
2.5536095361481985
 20
-115.42946389279726
 30
0.0
  0
SPLINE
  5
54B
330
17
100
AcDbEntity
  8
HIDDEN
100
AcDbSpline
 70
0
 71
1
 72
4
 73
2
 74
0
 40
0.0
 40
0.0
 40
1.0
 40
1.0
 10
2.553633798804617
 20
-115.42945248141133
 30
0.0
 10
2.5616503159962343
 20
-115.42567484159015
 30
0.0
  0
SPLINE
  5
54C
330
17
100
AcDbEntity
  8
HIDDEN
100
AcDbSpline
 70
0
 71
1
 72
4
 73
2
 74
0
 40
0.0
 40
0.0
 40
1.0
 40
1.0
 10
2.561674663674756
 20
-115.42566334613574
 30
0.0
 10
2.569685260889461
 20
-115.4218739832435
 30
0.0
  0
SPLINE
  5
54D
330
17
100
AcDbEntity
  8
HIDDEN
100
AcDbSpline
 70
0
 71
1
 72
4
 73
2
 74
0
 40
0.0
 40
0.0
 40
1.0
 40
1.0
 10
2.5697096835555078
 20
-115.42186240810787
 30
0.0
 10
2.577714354211812
 20
-115.41806132677277
 30
0.0
  0
SPLINE
  5
54E
330
17
100
AcDbEntity
  8
HIDDEN
100
AcDbSpline
 70
0
 71
1
 72
4
 73
2
 74
0
 40
0.0
 40
0.0
 40
1.0
 40
1.0
 10
2.5777388419203815
 20
-115.41804967635429
 30
0.0
 10
2.5857375793640207
 20
-115.41423688121324
 30
0.0
  0
SPLINE
  5
54F
330
17
100
AcDbEntity
  8
HIDDEN
100
AcDbSpline
 70
0
 71
1
 72
4
 73
2
 74
0
 40
0.0
 40
0.0
 40
1.0
 40
1.0
 10
2.5857621222623832
 20
-115.41422515991961
 30
0.0
 10
2.593754919767062
 20
-115.41040065561837
 30
0.0
  0
SPLINE
  5
550
330
17
100
AcDbEntity
  8
HIDDEN
100
AcDbSpline
 70
0
 71
1
 72
4
 73
2
 74
0
 40
0.0
 40
0.0
 40
1.0
 40
1.0
 10
2.593779508093976
 20
-115.4103888678664
 30
0.0
 10
2.6017663588586664
 20
-115.4065526590613
 30
0.0
  0
SPLINE
  5
551
330
17
100
AcDbEntity
  8
HIDDEN
100
AcDbSpline
 70
0
 71
1
 72
4
 73
2
 74
0
 40
0.0
 40
0.0
 40
1.0
 40
1.0
 10
2.6017909829470574
 20
-115.40654080927509
 30
0.0
 10
2.6097718800960594
 20
-115.40269290063348
 30
0.0
  0
SPLINE
  5
552
330
17
100
AcDbEntity
  8
HIDDEN
100
AcDbSpline
 70
0
 71
1
 72
4
 73
2
 74
0
 40
0.0
 40
0.0
 40
1.0
 40
1.0
 10
2.6097965303729227
 20
-115.40268099324399
 30
0.0
 10
2.617771466954557
 20
-115.3988213894454
 30
0.0
  0
SPLINE
  5
553
330
17
100
AcDbEntity
  8
HIDDEN
100
AcDbSpline
 70
0
 71
1
 72
4
 73
2
 74
0
 40
0.0
 40
0.0
 40
1.0
 40
1.0
 10
2.6177961339422344
 20
-115.39880942888922
 30
0.0
 10
2.625765102928919
 20
-115.39493813462582
 30
0.0
  0
SPLINE
  5
554
330
17
100
AcDbEntity
  8
HIDDEN
100
AcDbSpline
 70
0
 71
1
 72
4
 73
2
 74
0
 40
0.0
 40
0.0
 40
1.0
 40
1.0
 10
2.625789777244994
 20
-115.39492612534475
 30
0.0
 10
2.6337527715312508
 20
-115.3910431453228
 30
0.0
  0
SPLINE
  5
555
330
17
100
AcDbEntity
  8
HIDDEN
100
AcDbSpline
 70
0
 71
1
 72
4
 73
2
 74
0
 40
0.0
 40
0.0
 40
1.0
 40
1.0
 10
2.6337774438905113
 20
-115.39103109176219
 30
0.0
 10
2.641734456293052
 20
-115.38713643070238
 30
0.0
  0
SPLINE
  5
556
330
17
100
AcDbEntity
  8
HIDDEN
100
AcDbSpline
 70
0
 71
1
 72
4
 73
2
 74
0
 40
0.0
 40
0.0
 40
1.0
 40
1.0
 10
2.6417591175073722
 20
-115.38712433731087
 30
0.0
 10
2.649710140762436
 20
-115.38321799995043
 30
0.0
  0
SPLINE
  5
557
330
17
100
AcDbEntity
  8
HIDDEN
100
AcDbSpline
 70
0
 71
1
 72
4
 73
2
 74
0
 40
0.0
 40
0.0
 40
1.0
 40
1.0
 10
2.649734781743412
 20
-115.38320587117776
 30
0.0
 10
2.6576798085082327
 20
-115.37928786226998
 30
0.0
  0
SPLINE
  5
558
330
17
100
AcDbEntity
  8
HIDDEN
100
AcDbSpline
 70
0
 71
1
 72
4
 73
2
 74
0
 40
0.0
 40
0.0
 40
1.0
 40
1.0
 10
2.657704420265679
 20
-115.37927570256747
 30
0.0
 10
2.6656434431165206
 20
-115.37534602688336
 30
0.0
  0
SPLINE
  5
559
330
17
100
AcDbEntity
  8
HIDDEN
100
AcDbSpline
 70
0
 71
1
 72
4
 73
2
 74
0
 40
0.0
 40
0.0
 40
1.0
 40
1.0
 10
2.665668016760409
 20
-115.37533384070204
 30
0.0
 10
2.6736010281913005
 20
-115.3713925030315
 30
0.0
  0
SPLINE
  5
55A
330
17
100
AcDbEntity
  8
HIDDEN
100
AcDbSpline
 70
0
 71
1
 72
4
 73
2
 74
0
 40
0.0
 40
0.0
 40
1.0
 40
1.0
 10
2.6736255549329955
 20
-115.37138029482121
 30
0.0
 10
2.6815525473565214
 20
-115.36742729997304
 30
0.0
  0
SPLINE
  5
55B
330
17
100
AcDbEntity
  8
HIDDEN
100
AcDbSpline
 70
0
 71
1
 72
4
 73
2
 74
0
 40
0.0
 40
0.0
 40
1.0
 40
1.0
 10
2.6815770185079586
 20
-115.36741507418202
 30
0.0
 10
2.6894979842519415
 20
-115.36345042698633
 30
0.0
  0
SPLINE
  5
55C
330
17
100
AcDbEntity
  8
HIDDEN
100
AcDbSpline
 70
0
 71
1
 72
4
 73
2
 74
0
 40
0.0
 40
0.0
 40
1.0
 40
1.0
 10
2.6895223912289152
 20
-115.36343818805904
 30
0.0
 10
2.6974373225379056
 20
-115.3594618933669
 30
0.0
  0
SPLINE
  5
55D
330
17
100
AcDbEntity
  8
HIDDEN
100
AcDbSpline
 70
0
 71
1
 72
4
 73
2
 74
0
 40
0.0
 40
0.0
 40
1.0
 40
1.0
 10
2.6974616568585454
 20
-115.35944964574415
 30
0.0
 10
2.70537054589258
 20
-115.35546170842886
 30
0.0
  0
SPLINE
  5
55E
330
17
100
AcDbEntity
  8
HIDDEN
100
AcDbSpline
 70
0
 71
1
 72
4
 73
2
 74
0
 40
0.0
 40
0.0
 40
1.0
 40
1.0
 10
2.823646166311503
 20
-115.29405537553808
 30
0.0
 10
2.83145724057167
 20
-115.28988184108718
 30
0.0
  0
SPLINE
  5
55F
330
17
100
AcDbEntity
  8
HIDDEN
100
AcDbSpline
 70
0
 71
1
 72
4
 73
2
 74
0
 40
0.0
 40
0.0
 40
1.0
 40
1.0
 10
2.831479145413417
 20
-115.28987011626516
 30
0.0
 10
2.839284030430452
 20
-115.28568502641038
 30
0.0
  0
SPLINE
  5
560
330
17
100
AcDbEntity
  8
HIDDEN
100
AcDbSpline
 70
0
 71
1
 72
4
 73
2
 74
0
 40
0.0
 40
0.0
 40
1.0
 40
1.0
 10
2.8393057283795384
 20
-115.28567337097972
 30
0.0
 10
2.8471044146652362
 20
-115.28147673116503
 30
0.0
  0
SPLINE
  5
561
330
17
100
AcDbEntity
  8
HIDDEN
100
AcDbSpline
 70
0
 71
1
 72
4
 73
2
 74
0
 40
0.0
 40
0.0
 40
1.0
 40
1.0
 10
2.84712589932932
 20
-115.28146514929603
 30
0.0
 10
2.854918377298556
 20
-115.27725696500625
 30
0.0
  0
SPLINE
  5
562
330
17
100
AcDbEntity
  8
HIDDEN
100
AcDbSpline
 70
0
 71
1
 72
4
 73
2
 74
0
 40
0.0
 40
0.0
 40
1.0
 40
1.0
 10
2.854939642400706
 20
-115.27724546084497
 30
0.0
 10
2.8627259023696396
 20
-115.27302573760736
 30
0.0
  0
SPLINE
  5
563
330
17
100
AcDbEntity
  8
HIDDEN
100
AcDbSpline
 70
0
 71
1
 72
4
 73
2
 74
0
 40
0.0
 40
0.0
 40
1.0
 40
1.0
 10
2.8627469417501064
 20
-115.27301431527394
 30
0.0
 10
2.870526973936403
 20
-115.26878305865895
 30
0.0
  0
SPLINE
  5
564
330
17
100
AcDbEntity
  8
HIDDEN
100
AcDbSpline
 70
0
 71
1
 72
4
 73
2
 74
0
 40
0.0
 40
0.0
 40
1.0
 40
1.0
 10
2.870547781552374
 20
-115.26877172224684
 30
0.0
 10
2.8783215760747582
 20
-115.2645289378689
 30
0.0
  0
SPLINE
  5
565
330
17
100
AcDbEntity
  8
HIDDEN
100
AcDbSpline
 70
0
 71
1
 72
4
 73
2
 74
0
 40
0.0
 40
0.0
 40
1.0
 40
1.0
 10
2.8783421460007705
 20
-115.26451769144401
 30
0.0
 10
2.886109692877918
 20
-115.26026338496294
 30
0.0
  0
SPLINE
  5
566
330
17
100
AcDbEntity
  8
HIDDEN
100
AcDbSpline
 70
0
 71
1
 72
4
 73
2
 74
0
 40
0.0
 40
0.0
 40
1.0
 40
1.0
 10
2.886130019306945
 20
-115.26025223256218
 30
0.0
 10
2.893891308457045
 20
-115.25598640968425
 30
0.0
  0
SPLINE
  5
567
330
17
100
AcDbEntity
  8
HIDDEN
100
AcDbSpline
 70
0
 71
2
 72
6
 73
3
 74
0
 40
0.0
 40
0.0
 40
0.0
 40
1.0
 40
1.0
 40
1.0
 10
2.893911385700899
 20
-115.25597535531449
 30
0.0
 10
3.3499273050928235
 20
-115.00474741486299
 30
0.0
 10
3.7552416663859596
 20
-114.67954697608147
 30
0.0
  0
SPLINE
  5
568
330
17
100
AcDbEntity
  8
HIDDEN
100
AcDbSpline
 70
0
 71
1
 72
4
 73
2
 74
0
 40
0.0
 40
0.0
 40
1.0
 40
1.0
 10
3.7552552484357946
 20
-114.67953607672914
 30
0.0
 10
3.7621494388418792
 20
-114.67399523684088
 30
0.0
  0
SPLINE
  5
569
330
17
100
AcDbEntity
  8
HIDDEN
100
AcDbSpline
 70
0
 71
1
 72
4
 73
2
 74
0
 40
0.0
 40
0.0
 40
1.0
 40
1.0
 10
3.7621630437812286
 20
-114.67398428604507
 30
0.0
 10
3.7690489517688324
 20
-114.6684333425027
 30
0.0
  0
SPLINE
  5
56A
330
17
100
AcDbEntity
  8
HIDDEN
100
AcDbSpline
 70
0
 71
1
 72
4
 73
2
 74
0
 40
0.0
 40
0.0
 40
1.0
 40
1.0
 10
3.7690625700592113
 20
-114.66842234777437
 30
0.0
 10
3.7759401914283215
 20
-114.66286130451721
 30
0.0
  0
SPLINE
  5
56B
330
17
100
AcDbEntity
  8
HIDDEN
100
AcDbSpline
 70
0
 71
1
 72
4
 73
2
 74
0
 40
0.0
 40
0.0
 40
1.0
 40
1.0
 10
3.7759538134098514
 20
-114.66285027353483
 30
0.0
 10
3.782823144096397
 20
-114.65727913434863
 30
0.0
  0
SPLINE
  5
56C
330
17
100
AcDbEntity
  8
HIDDEN
100
AcDbSpline
 70
0
 71
1
 72
4
 73
2
 74
0
 40
0.0
 40
0.0
 40
1.0
 40
1.0
 10
3.7828367599892543
 20
-114.65726807495825
 30
0.0
 10
3.789697796065423
 20
-114.6516868434736
 30
0.0
  0
SPLINE
  5
56D
330
17
100
AcDbEntity
  8
HIDDEN
100
AcDbSpline
 70
0
 71
1
 72
4
 73
2
 74
0
 40
0.0
 40
0.0
 40
1.0
 40
1.0
 10
3.789711395969544
 20
-114.65167576369079
 30
0.0
 10
3.7965641336440843
 20
-114.64608444338124
 30
0.0
  0
SPLINE
  5
56E
330
17
100
AcDbEntity
  8
HIDDEN
100
AcDbSpline
 70
0
 71
1
 72
4
 73
2
 74
0
 40
0.0
 40
0.0
 40
1.0
 40
1.0
 10
3.7965777075388347
 20
-114.64607335139277
 30
0.0
 10
3.8034221431555695
 20
-114.64047194557423
 30
0.0
  0
SPLINE
  5
56F
330
17
100
AcDbEntity
  8
HIDDEN
100
AcDbSpline
 70
0
 71
1
 72
4
 73
2
 74
0
 40
0.0
 40
0.0
 40
1.0
 40
1.0
 10
3.8034356809011847
 20
-114.6404608497387
 30
0.0
 10
3.810271810939323
 20
-114.63484936156817
 30
0.0
  0
SPLINE
  5
570
330
17
100
AcDbEntity
  8
HIDDEN
100
AcDbSpline
 70
0
 71
1
 72
4
 73
2
 74
0
 40
0.0
 40
0.0
 40
1.0
 40
1.0
 10
3.8102853022766334
 20
-114.63483827041728
 30
0.0
 10
3.8171131233504427
 20
-114.629216702891
 30
0.0
  0
SPLINE
  5
571
330
17
100
AcDbEntity
  8
HIDDEN
100
AcDbSpline
 70
0
 71
1
 72
4
 73
2
 74
0
 40
0.0
 40
0.0
 40
1.0
 40
1.0
 10
3.8171265579011484
 20
-114.6292056251313
 30
0.0
 10
3.8239460667590643
 20
-114.62357398108423
 30
0.0
  0
SPLINE
  5
572
330
17
100
AcDbEntity
  8
HIDDEN
100
AcDbSpline
 70
0
 71
1
 72
4
 73
2
 74
0
 40
0.0
 40
0.0
 40
1.0
 40
1.0
 10
3.823959434026629
 20
-114.62356292559782
 30
0.0
 10
3.8307706275515256
 20
-114.61792120770168
 30
0.0
  0
SPLINE
  5
573
330
17
100
AcDbEntity
  8
HIDDEN
100
AcDbSpline
 70
0
 71
1
 72
4
 73
2
 74
0
 40
0.0
 40
0.0
 40
1.0
 40
1.0
 10
3.8307839169208955
 20
-114.61791018354795
 30
0.0
 10
3.837586792129169
 20
-114.61225839431044
 30
0.0
  0
SPLINE
  5
574
330
17
100
AcDbEntity
  8
HIDDEN
100
AcDbSpline
 70
0
 71
1
 72
4
 73
2
 74
0
 40
0.0
 40
0.0
 40
1.0
 40
1.0
 10
3.837599992867666
 20
-114.61224741072684
 30
0.0
 10
3.8443945469094936
 20
-114.60658555248975
 30
0.0
  0
SPLINE
  5
575
330
17
100
AcDbEntity
  8
HIDDEN
100
AcDbSpline
 70
0
 71
1
 72
4
 73
2
 74
0
 40
0.0
 40
0.0
 40
1.0
 40
1.0
 10
3.844407648166534
 20
-114.60657461889392
 30
0.0
 10
3.851193878324949
 20
-114.60090269383244
 30
0.0
  0
SPLINE
  5
576
330
17
100
AcDbEntity
  8
HIDDEN
100
AcDbSpline
 70
0
 71
1
 72
4
 73
2
 74
0
 40
0.0
 40
0.0
 40
1.0
 40
1.0
 10
3.8512068691329673
 20
-114.60089181982244
 30
0.0
 10
3.857984772823523
 20
-114.59520982994394
 30
0.0
  0
SPLINE
  5
577
330
17
100
AcDbEntity
  8
HIDDEN
100
AcDbSpline
 70
0
 71
1
 72
4
 73
2
 74
0
 40
0.0
 40
0.0
 40
1.0
 40
1.0
 10
3.8579976420983106
 20
-114.59519902530013
 30
0.0
 10
3.8647672168693026
 20
-114.58950697244188
 30
0.0
  0
SPLINE
  5
578
330
17
100
AcDbEntity
  8
HIDDEN
100
AcDbSpline
 70
0
 71
1
 72
4
 73
2
 74
0
 40
0.0
 40
0.0
 40
1.0
 40
1.0
 10
3.8647799534097587
 20
-114.58949624712855
 30
0.0
 10
3.8715411969407008
 20
-114.58379413295762
 30
0.0
  0
SPLINE
  5
579
330
17
100
AcDbEntity
  8
HIDDEN
100
AcDbSpline
 70
0
 71
1
 72
4
 73
2
 74
0
 40
0.0
 40
0.0
 40
1.0
 40
1.0
 10
3.8715537894302887
 20
-114.5837834971231
 30
0.0
 10
3.8783066995327378
 20
-114.5780713231343
 30
0.0
  0
SPLINE
  5
57A
330
17
100
AcDbEntity
  8
HIDDEN
100
AcDbSpline
 70
0
 71
1
 72
4
 73
2
 74
0
 40
0.0
 40
0.0
 40
1.0
 40
1.0
 10
3.8783191365387513
 20
-114.57806078711359
 30
0.0
 10
3.8850637111559134
 20
-114.5723385546277
 30
0.0
  0
SPLINE
  5
57B
330
17
100
AcDbEntity
  8
HIDDEN
100
AcDbSpline
 70
0
 71
1
 72
4
 73
2
 74
0
 40
0.0
 40
0.0
 40
1.0
 40
1.0
 10
3.8850759811297664
 20
-114.57232812894365
 30
0.0
 10
3.8918122183343886
 20
-114.56659583910796
 30
0.0
  0
SPLINE
  5
57C
330
17
100
AcDbEntity
  8
HIDDEN
100
AcDbSpline
 70
0
 71
1
 72
4
 73
2
 74
0
 40
0.0
 40
0.0
 40
1.0
 40
1.0
 10
3.891824309613754
 20
-114.56658553447096
 30
0.0
 10
3.898552207610071
 20
-114.56084318825572
 30
0.0
  0
SPLINE
  5
57D
330
17
100
AcDbEntity
  8
HIDDEN
100
AcDbSpline
 70
0
 71
1
 72
4
 73
2
 74
0
 40
0.0
 40
0.0
 40
1.0
 40
1.0
 10
3.8985641084169305
 20
-114.56083301556737
 30
0.0
 10
3.905283665539099
 20
-114.55508061376537
 30
0.0
  0
SPLINE
  5
57E
330
17
100
AcDbEntity
  8
HIDDEN
100
AcDbSpline
 70
0
 71
1
 72
4
 73
2
 74
0
 40
0.0
 40
0.0
 40
1.0
 40
1.0
 10
3.905295363981224
 20
-114.55507058411834
 30
0.0
 10
3.9120065786917837
 20
-114.54930812734491
 30
0.0
  0
SPLINE
  5
57F
330
17
100
AcDbEntity
  8
HIDDEN
100
AcDbSpline
 70
0
 71
1
 72
4
 73
2
 74
0
 40
0.0
 40
0.0
 40
1.0
 40
1.0
 10
3.9120180627643566
 20
-114.5492982520236
 30
0.0
 10
3.91872093365672
 20
-114.54352574071244
 30
0.0
  0
SPLINE
  5
580
330
17
100
AcDbEntity
  8
HIDDEN
100
AcDbSpline
 70
0
 71
1
 72
4
 73
2
 74
0
 40
0.0
 40
0.0
 40
1.0
 40
1.0
 10
3.9187321912397644
 20
-114.54351603119679
 30
0.0
 10
3.9254267170349144
 20
-114.53773346560129
 30
0.0
  0
SPLINE
  5
581
330
17
100
AcDbEntity
  8
HIDDEN
100
AcDbSpline
 70
0
 71
1
 72
4
 73
2
 74
0
 40
0.0
 40
0.0
 40
1.0
 40
1.0
 10
3.925437735896619
 20
-114.5377239335655
 30
0.0
 10
3.932123915444424
 20
-114.53193131375576
 30
0.0
  0
SPLINE
  5
582
330
17
100
AcDbEntity
  8
HIDDEN
100
AcDbSpline
 70
0
 71
1
 72
4
 73
2
 74
0
 40
0.0
 40
0.0
 40
1.0
 40
1.0
 10
3.932134683239794
 20
-114.53192197107128
 30
0.0
 10
3.938812515518026
 20
-114.52611929693362
 30
0.0
  0
SPLINE
  5
583
330
17
100
AcDbEntity
  8
HIDDEN
100
AcDbSpline
 70
0
 71
1
 72
4
 73
2
 74
0
 40
0.0
 40
0.0
 40
1.0
 40
1.0
 10
3.938823019789834
 20
-114.52611015566961
 30
0.0
 10
3.945492503903142
 20
-114.52029742690527
 30
0.0
  0
SPLINE
  5
584
330
17
100
AcDbEntity
  8
HIDDEN
100
AcDbSpline
 70
0
 71
1
 72
4
 73
2
 74
0
 40
0.0
 40
0.0
 40
1.0
 40
1.0
 10
3.9455027320829936
 20
-114.52028849932984
 30
0.0
 10
3.9521638672647947
 20
-114.51446571545202
 30
0.0
  0
SPLINE
  5
585
330
17
100
AcDbEntity
  8
HIDDEN
100
AcDbSpline
 70
0
 71
1
 72
4
 73
2
 74
0
 40
0.0
 40
0.0
 40
1.0
 40
1.0
 10
3.952173806671193
 20
-114.5144570140353
 30
0.0
 10
3.9588265922803325
 20
-114.50862417436998
 30
0.0
  0
SPLINE
  5
586
330
17
100
AcDbEntity
  8
HIDDEN
100
AcDbSpline
 70
0
 71
1
 72
4
 73
2
 74
0
 40
0.0
 40
0.0
 40
1.0
 40
1.0
 10
3.9588362301219755
 20
-114.50861571178316
 30
0.0
 10
3.965480665644016
 20
-114.5027728154665
 30
0.0
  0
SPLINE
  5
587
330
17
100
AcDbEntity
  8
HIDDEN
100
AcDbSpline
 70
0
 71
1
 72
4
 73
2
 74
0
 40
0.0
 40
0.0
 40
1.0
 40
1.0
 10
3.965489989018544
 20
-114.50276460458451
 30
0.0
 10
3.9721260740647386
 20
-114.49691165056197
 30
0.0
  0
SPLINE
  5
588
330
17
100
AcDbEntity
  8
HIDDEN
100
AcDbSpline
 70
0
 71
1
 72
4
 73
2
 74
0
 40
0.0
 40
0.0
 40
1.0
 40
1.0
 10
3.972135069959744
 20
-114.49690370446444
 30
0.0
 10
3.978762804267143
 20
-114.49104069148885
 30
0.0
  0
SPLINE
  5
589
330
17
100
AcDbEntity
  8
HIDDEN
100
AcDbSpline
 70
0
 71
1
 72
4
 73
2
 74
0
 40
0.0
 40
0.0
 40
1.0
 40
1.0
 10
3.9787714595599963
 20
-114.49103302346174
 30
0.0
 10
3.9853908429904044
 20
-114.48515995009257
 30
0.0
  0
SPLINE
  5
58A
330
17
100
AcDbEntity
  8
HIDDEN
100
AcDbSpline
 70
0
 71
1
 72
4
 73
2
 74
0
 40
0.0
 40
0.0
 40
1.0
 40
1.0
 10
3.9853991444493433
 20
-114.48515257362924
 30
0.0
 10
3.9920101769894094
 20
-114.47926943823036
 30
0.0
  0
SPLINE
  5
58B
330
17
100
AcDbEntity
  8
HIDDEN
100
AcDbSpline
 70
0
 71
1
 72
4
 73
2
 74
0
 40
0.0
 40
0.0
 40
1.0
 40
1.0
 10
3.9920181112734063
 20
-114.47926236703346
 30
0.0
 10
3.9986207930341635
 20
-114.47336916777242
 30
0.0
  0
SPLINE
  5
58C
330
17
100
AcDbEntity
  8
HIDDEN
100
AcDbSpline
 70
0
 71
1
 72
4
 73
2
 74
0
 40
0.0
 40
0.0
 40
1.0
 40
1.0
 10
3.9986283466933674
 20
-114.4733624157547
 30
0.0
 10
4.005222677909723
 20
-114.46745915060103
 30
0.0
  0
SPLINE
  5
58D
330
17
100
AcDbEntity
  8
HIDDEN
100
AcDbSpline
 70
0
 71
1
 72
4
 73
2
 74
0
 40
0.0
 40
0.0
 40
1.0
 40
1.0
 10
4.005229837385998
 20
-114.4674527318876
 30
0.0
 10
4.011815818415665
 20
-114.46153939861178
 30
0.0
  0
SPLINE
  5
58E
330
17
100
AcDbEntity
  8
HIDDEN
100
AcDbSpline
 70
0
 71
1
 72
4
 73
2
 74
0
 40
0.0
 40
0.0
 40
1.0
 40
1.0
 10
4.011822570043576
 20
-114.46153332753994
 30
0.0
 10
4.01840020136716
 20
-114.45560992371202
 30
0.0
  0
SPLINE
  5
58F
330
17
100
AcDbEntity
  8
HIDDEN
100
AcDbSpline
 70
0
 71
1
 72
4
 73
2
 74
0
 40
0.0
 40
0.0
 40
1.0
 40
1.0
 10
4.018406531373931
 20
-114.45560421483381
 30
0.0
 10
4.024975813594964
 20
-114.44967073782107
 30
0.0
  0
SPLINE
  5
590
330
17
100
AcDbEntity
  8
HIDDEN
100
AcDbSpline
 70
0
 71
1
 72
4
 73
2
 74
0
 40
0.0
 40
0.0
 40
1.0
 40
1.0
 10
4.024981708100405
 20
-114.44966540590494
 30
0.0
 10
4.025772775026757
 20
-114.44894971194748
 30
0.0
  0
SPLINE
  5
591
330
17
100
AcDbEntity
  8
HIDDEN
100
AcDbSpline
 70
0
 71
1
 72
4
 73
2
 74
0
 40
0.0
 40
0.0
 40
1.0
 40
1.0
 10
4.025774093277193
 20
-114.44894851908674
 30
0.0
 10
4.026563714395448
 20
-114.44823387762312
 30
0.0
  0
SPLINE
  5
592
330
17
100
AcDbEntity
  8
HIDDEN
100
AcDbSpline
 70
0
 71
1
 72
4
 73
2
 74
0
 40
0.0
 40
0.0
 40
1.0
 40
1.0
 10
4.026566350687554
 20
-114.44823149123704
 30
0.0
 10
4.027354526179764
 20
-114.44751790295612
 30
0.0
  0
SPLINE
  5
593
330
17
100
AcDbEntity
  8
HIDDEN
100
AcDbSpline
 70
0
 71
1
 72
4
 73
2
 74
0
 40
0.0
 40
0.0
 40
1.0
 40
1.0
 10
4.027358480308438
 20
-114.44751432237668
 30
0.0
 10
4.100074730814939
 20
-114.38056928139277
 30
0.0
  0
SPLINE
  5
594
330
17
100
AcDbEntity
  8
HIDDEN
100
AcDbSpline
 70
0
 71
1
 72
4
 73
2
 74
0
 40
0.0
 40
0.0
 40
1.0
 40
1.0
 10
4.100079880548394
 20
-114.3805644613993
 30
0.0
 10
4.100854810723934
 20
-114.37983902092944
 30
0.0
  0
SPLINE
  5
595
330
17
100
AcDbEntity
  8
HIDDEN
100
AcDbSpline
 70
0
 71
1
 72
4
 73
2
 74
0
 40
0.0
 40
0.0
 40
1.0
 40
1.0
 10
4.100858670637723
 20
-114.37983540687917
 30
0.0
 10
4.101634760679324
 20
-114.37910862144638
 30
0.0
  0
SPLINE
  5
596
330
17
100
AcDbEntity
  8
HIDDEN
100
AcDbSpline
 70
0
 71
1
 72
4
 73
2
 74
0
 40
0.0
 40
0.0
 40
1.0
 40
1.0
 10
4.101637332369567
 20
-114.37910621270515
 30
0.0
 10
4.102414580658351
 20
-114.37837808296459
 30
0.0
  0
SPLINE
  5
597
330
17
100
AcDbEntity
  8
HIDDEN
100
AcDbSpline
 70
0
 71
1
 72
4
 73
2
 74
0
 40
0.0
 40
0.0
 40
1.0
 40
1.0
 10
4.102542660222512
 20
-114.3782580725818
 30
0.0
 10
4.103194270638279
 20
-114.37764740550544
 30
0.0
  0
SPLINE
  5
598
330
17
100
AcDbEntity
  8
HIDDEN
100
AcDbSpline
 70
0
 71
1
 72
4
 73
2
 74
0
 40
0.0
 40
0.0
 40
1.0
 40
1.0
 10
4.103280266466767
 20
-114.37756679953736
 30
0.0
 10
4.121994020252773
 20
-114.35995015333089
 30
0.0
  0
SPLINE
  5
599
330
17
100
AcDbEntity
  8
HIDDEN
100
AcDbSpline
 70
0
 71
2
 72
6
 73
3
 74
0
 40
0.0
 40
0.0
 40
0.0
 40
1.0
 40
1.0
 40
1.0
 10
4.140576124757238
 20
-114.3423069226112
 30
0.0
 10
4.392134990968966
 20
-114.10242132908397
 30
0.0
 10
4.614492257042818
 20
-113.83490041187797
 30
0.0
  0
SPLINE
  5
59A
330
17
100
AcDbEntity
  8
HIDDEN
100
AcDbSpline
 70
0
 71
1
 72
4
 73
2
 74
0
 40
0.0
 40
0.0
 40
1.0
 40
1.0
 10
4.680071352913341
 20
-113.75458812967912
 30
0.0
 10
4.681573708837586
 20
-113.7527146839559
 30
0.0
  0
SPLINE
  5
59B
330
17
100
AcDbEntity
  8
HIDDEN
100
AcDbSpline
 70
0
 71
1
 72
4
 73
2
 74
0
 40
0.0
 40
0.0
 40
1.0
 40
1.0
 10
4.681581288591056
 20
-113.75270522806747
 30
0.0
 10
4.68352493725226
 20
-113.75027919637316
 30
0.0
  0
SPLINE
  5
59C
330
17
100
AcDbEntity
  8
HIDDEN
100
AcDbSpline
 70
0
 71
1
 72
4
 73
2
 74
0
 40
0.0
 40
0.0
 40
1.0
 40
1.0
 10
4.683532095940594
 20
-113.7502702562483
 30
0.0
 10
4.685474916070442
 20
-113.74784267247959
 30
0.0
  0
SPLINE
  5
59D
330
17
100
AcDbEntity
  8
HIDDEN
100
AcDbSpline
 70
0
 71
1
 72
4
 73
2
 74
0
 40
0.0
 40
0.0
 40
1.0
 40
1.0
 10
4.68548165044813
 20
-113.74783425328434
 30
0.0
 10
4.687423644758612
 20
-113.7454051128721
 30
0.0
  0
SPLINE
  5
59E
330
17
100
AcDbEntity
  8
HIDDEN
100
AcDbSpline
 70
0
 71
1
 72
4
 73
2
 74
0
 40
0.0
 40
0.0
 40
1.0
 40
1.0
 10
4.715033777412696
 20
-113.71058706122963
 30
0.0
 10
4.718816301185349
 20
-113.7057755698115
 30
0.0
  0
SPLINE
  5
59F
330
17
100
AcDbEntity
  8
HIDDEN
100
AcDbSpline
 70
0
 71
1
 72
4
 73
2
 74
0
 40
0.0
 40
0.0
 40
1.0
 40
1.0
 10
4.719264102064651
 20
-113.7052052834847
 30
0.0
 10
4.723052229186921
 20
-113.7003753181668
 30
0.0
  0
SPLINE
  5
5A0
330
17
100
AcDbEntity
  8
HIDDEN
100
AcDbSpline
 70
0
 71
1
 72
4
 73
2
 74
0
 40
0.0
 40
0.0
 40
1.0
 40
1.0
 10
4.723494332539147
 20
-113.69981096072036
 30
0.0
 10
4.727282062813025
 20
-113.69497011495724
 30
0.0
  0
SPLINE
  5
5A1
330
17
100
AcDbEntity
  8
HIDDEN
100
AcDbSpline
 70
0
 71
1
 72
4
 73
2
 74
0
 40
0.0
 40
0.0
 40
1.0
 40
1.0
 10
4.7272842807312525
 20
-113.69496727738832
 30
0.0
 10
4.731499724227158
 20
-113.6895677536098
 30
0.0
  0
SPLINE
  5
5A2
330
17
100
AcDbEntity
  8
HIDDEN
100
AcDbSpline
 70
0
 71
1
 72
4
 73
2
 74
0
 40
0.0
 40
0.0
 40
1.0
 40
1.0
 10
4.731925688624852
 20
-113.68902143201646
 30
0.0
 10
4.735709070734195
 20
-113.68416333016685
 30
0.0
  0
SPLINE
  5
5A3
330
17
100
AcDbEntity
  8
HIDDEN
100
AcDbSpline
 70
0
 71
1
 72
4
 73
2
 74
0
 40
0.0
 40
0.0
 40
1.0
 40
1.0
 10
4.73614554234242
 20
-113.68360221080411
 30
0.0
 10
4.739912314971232
 20
-113.6787540131995
 30
0.0
  0
SPLINE
  5
5A4
330
17
100
AcDbEntity
  8
HIDDEN
100
AcDbSpline
 70
0
 71
1
 72
4
 73
2
 74
0
 40
0.0
 40
0.0
 40
1.0
 40
1.0
 10
4.740356574885723
 20
-113.67818153248353
 30
0.0
 10
4.755857634403869
 20
-113.6581167279547
 30
0.0
  0
SPLINE
  5
5A5
330
17
100
AcDbEntity
  8
HIDDEN
100
AcDbSpline
 70
0
 71
1
 72
4
 73
2
 74
0
 40
0.0
 40
0.0
 40
1.0
 40
1.0
 10
4.755858764122392
 20
-113.65811525922555
 30
0.0
 10
4.757445049380072
 20
-113.65605202853868
 30
0.0
  0
SPLINE
  5
5A6
330
17
100
AcDbEntity
  8
HIDDEN
100
AcDbSpline
 70
0
 71
1
 72
4
 73
2
 74
0
 40
0.0
 40
0.0
 40
1.0
 40
1.0
 10
4.757446280142459
 20
-113.65605042700597
 30
0.0
 10
4.759031580527648
 20
-113.65398662395026
 30
0.0
  0
SPLINE
  5
5A7
330
17
100
AcDbEntity
  8
HIDDEN
100
AcDbSpline
 70
0
 71
1
 72
4
 73
2
 74
0
 40
0.0
 40
0.0
 40
1.0
 40
1.0
 10
4.759032910228585
 20
-113.65398489211813
 30
0.0
 10
4.760617227541859
 20
-113.65192051454213
 30
0.0
  0
SPLINE
  5
5A8
330
17
100
AcDbEntity
  8
HIDDEN
100
AcDbSpline
 70
0
 71
1
 72
4
 73
2
 74
0
 40
0.0
 40
0.0
 40
1.0
 40
1.0
 10
4.760618654092138
 20
-113.65191865490057
 30
0.0
 10
4.762201990118111
 20
-113.6498537006671
 30
0.0
  0
SPLINE
  5
5A9
330
17
100
AcDbEntity
  8
HIDDEN
100
AcDbSpline
 70
0
 71
1
 72
4
 73
2
 74
0
 40
0.0
 40
0.0
 40
1.0
 40
1.0
 10
4.762203511444612
 20
-113.64985171569228
 30
0.0
 10
4.76378586795189
 20
-113.64778618267823
 30
0.0
  0
SPLINE
  5
5AA
330
17
100
AcDbEntity
  8
HIDDEN
100
AcDbSpline
 70
0
 71
1
 72
4
 73
2
 74
0
 40
0.0
 40
0.0
 40
1.0
 40
1.0
 10
4.763787481997587
 20
-113.64778407483209
 30
0.0
 10
4.765368860738823
 20
-113.64571796092855
 30
0.0
  0
SPLINE
  5
5AB
330
17
100
AcDbEntity
  8
HIDDEN
100
AcDbSpline
 70
0
 71
1
 72
4
 73
2
 74
0
 40
0.0
 40
0.0
 40
1.0
 40
1.0
 10
4.765370565462742
 20
-113.64571573265891
 30
0.0
 10
4.7669509681746085
 20
-113.6436490357712
 30
0.0
  0
SPLINE
  5
5AC
330
17
100
AcDbEntity
  8
HIDDEN
100
AcDbSpline
 70
0
 71
1
 72
4
 73
2
 74
0
 40
0.0
 40
0.0
 40
1.0
 40
1.0
 10
4.76695276155186
 20
-113.64364668951166
 30
0.0
 10
4.7685321899550885
 20
-113.64157940755965
 30
0.0
  0
SPLINE
  5
5AD
330
17
100
AcDbEntity
  8
HIDDEN
100
AcDbSpline
 70
0
 71
1
 72
4
 73
2
 74
0
 40
0.0
 40
0.0
 40
1.0
 40
1.0
 10
4.7685340699768215
 20
-113.64157694572961
 30
0.0
 10
4.770112525776204
 20
-113.63950907664733
 30
0.0
  0
SPLINE
  5
5AE
330
17
100
AcDbEntity
  8
HIDDEN
100
AcDbSpline
 70
0
 71
1
 72
4
 73
2
 74
0
 40
0.0
 40
0.0
 40
1.0
 40
1.0
 10
4.770114490449616
 20
-113.63950650165204
 30
0.0
 10
4.771691975334013
 20
-113.63743804338789
 30
0.0
  0
SPLINE
  5
5AF
330
17
100
AcDbEntity
  8
HIDDEN
100
AcDbSpline
 70
0
 71
1
 72
4
 73
2
 74
0
 40
0.0
 40
0.0
 40
1.0
 40
1.0
 10
4.77169402268232
 20
-113.63743535761802
 30
0.0
 10
4.773270538324672
 20
-113.63536630813519
 30
0.0
  0
SPLINE
  5
5B0
330
17
100
AcDbEntity
  8
HIDDEN
100
AcDbSpline
 70
0
 71
1
 72
4
 73
2
 74
0
 40
0.0
 40
0.0
 40
1.0
 40
1.0
 10
4.773272666387122
 20
-113.6353635139672
 30
0.0
 10
4.774848214444464
 20
-113.63329387124301
 30
0.0
  0
SPLINE
  5
5B1
330
17
100
AcDbEntity
  8
HIDDEN
100
AcDbSpline
 70
0
 71
1
 72
4
 73
2
 74
0
 40
0.0
 40
0.0
 40
1.0
 40
1.0
 10
4.774850421276302
 20
-113.63329097103883
 30
0.0
 10
4.77642500338977
 20
-113.63122073306536
 30
0.0
  0
SPLINE
  5
5B2
330
17
100
AcDbEntity
  8
HIDDEN
100
AcDbSpline
 70
0
 71
1
 72
4
 73
2
 74
0
 40
0.0
 40
0.0
 40
1.0
 40
1.0
 10
4.776427287062245
 20
-113.63121772917265
 30
0.0
 10
4.778000904857099
 20
-113.62914689395643
 30
0.0
  0
SPLINE
  5
5B3
330
17
100
AcDbEntity
  8
HIDDEN
100
AcDbSpline
 70
0
 71
1
 72
4
 73
2
 74
0
 40
0.0
 40
0.0
 40
1.0
 40
1.0
 10
4.778003263457434
 20
-113.6291437887081
 30
0.0
 10
4.779575918543051
 20
-113.6270723542706
 30
0.0
  0
SPLINE
  5
5B4
330
17
100
AcDbEntity
  8
HIDDEN
100
AcDbSpline
 70
0
 71
1
 72
4
 73
2
 74
0
 40
0.0
 40
0.0
 40
1.0
 40
1.0
 10
4.779578350174448
 20
-113.627069149985
 30
0.0
 10
4.781150044144347
 20
-113.62499711436209
 30
0.0
  0
SPLINE
  5
5B5
330
17
100
AcDbEntity
  8
HIDDEN
100
AcDbSpline
 70
0
 71
1
 72
4
 73
2
 74
0
 40
0.0
 40
0.0
 40
1.0
 40
1.0
 10
4.781152546925981
 20
-113.62499381334337
 30
0.0
 10
4.782723281357821
 20
-113.62292117458557
 30
0.0
  0
SPLINE
  5
5B6
330
17
100
AcDbEntity
  8
HIDDEN
100
AcDbSpline
 70
0
 71
1
 72
4
 73
2
 74
0
 40
0.0
 40
0.0
 40
1.0
 40
1.0
 10
4.827963194516639
 20
-113.562410870922
 30
0.0
 10
4.829505798278695
 20
-113.56031930668577
 30
0.0
  0
SPLINE
  5
5B7
330
17
100
AcDbEntity
  8
HIDDEN
100
AcDbSpline
 70
0
 71
1
 72
4
 73
2
 74
0
 40
0.0
 40
0.0
 40
1.0
 40
1.0
 10
4.829509660373676
 20
-113.56031406782114
 30
0.0
 10
4.831051345707587
 20
-113.55822184758438
 30
0.0
  0
SPLINE
  5
5B8
330
17
100
AcDbEntity
  8
HIDDEN
100
AcDbSpline
 70
0
 71
1
 72
4
 73
2
 74
0
 40
0.0
 40
0.0
 40
1.0
 40
1.0
 10
4.831055227123768
 20
-113.55821657772142
 30
0.0
 10
4.832595995106303
 20
-113.55612370003101
 30
0.0
  0
SPLINE
  5
5B9
330
17
100
AcDbEntity
  8
HIDDEN
100
AcDbSpline
 70
0
 71
1
 72
4
 73
2
 74
0
 40
0.0
 40
0.0
 40
1.0
 40
1.0
 10
4.832599894482878
 20
-113.55611840096537
 30
0.0
 10
4.834139746175333
 20
-113.55402486438436
 30
0.0
  0
SPLINE
  5
5BA
330
17
100
AcDbEntity
  8
HIDDEN
100
AcDbSpline
 70
0
 71
1
 72
4
 73
2
 74
0
 40
0.0
 40
0.0
 40
1.0
 40
1.0
 10
4.834143662167081
 20
-113.55401953789583
 30
0.0
 10
4.835682598615351
 20
-113.55192534100372
 30
0.0
  0
SPLINE
  5
5BB
330
17
100
AcDbEntity
  8
HIDDEN
100
AcDbSpline
 70
0
 71
1
 72
4
 73
2
 74
0
 40
0.0
 40
0.0
 40
1.0
 40
1.0
 10
4.83568652989255
 20
-113.5519199888557
 30
0.0
 10
4.837224552127092
 20
-113.5498251302482
 30
0.0
  0
SPLINE
  5
5BC
330
17
100
AcDbEntity
  8
HIDDEN
100
AcDbSpline
 70
0
 71
1
 72
4
 73
2
 74
0
 40
0.0
 40
0.0
 40
1.0
 40
1.0
 10
4.8372284973755475
 20
-113.54981975418775
 30
0.0
 10
4.838765606411424
 20
-113.5477242324771
 30
0.0
  0
SPLINE
  5
5BD
330
17
100
AcDbEntity
  8
HIDDEN
100
AcDbSpline
 70
0
 71
1
 72
4
 73
2
 74
0
 40
0.0
 40
0.0
 40
1.0
 40
1.0
 10
4.838769564332445
 20
-113.54771883423518
 30
0.0
 10
4.840305761169315
 20
-113.54562264805003
 30
0.0
  0
SPLINE
  5
5BE
330
17
100
AcDbEntity
  8
HIDDEN
100
AcDbSpline
 70
0
 71
1
 72
4
 73
2
 74
0
 40
0.0
 40
0.0
 40
1.0
 40
1.0
 10
4.8403097304797065
 20
-113.54561722934092
 30
0.0
 10
4.841845016101875
 20
-113.54352037732652
 30
0.0
  0
SPLINE
  5
5BF
330
17
100
AcDbEntity
  8
HIDDEN
100
AcDbSpline
 70
0
 71
1
 72
4
 73
2
 74
0
 40
0.0
 40
0.0
 40
1.0
 40
1.0
 10
4.841848995533894
 20
-113.5435149398482
 30
0.0
 10
4.8433833709102885
 20
-113.54141742066633
 30
0.0
  0
SPLINE
  5
5C0
330
17
100
AcDbEntity
  8
HIDDEN
100
AcDbSpline
 70
0
 71
1
 72
4
 73
2
 74
0
 40
0.0
 40
0.0
 40
1.0
 40
1.0
 10
4.843387359211684
 20
-113.54141196610044
 30
0.0
 10
4.844920825295874
 20
-113.53931377842943
 30
0.0
  0
SPLINE
  5
5C1
330
17
100
AcDbEntity
  8
HIDDEN
100
AcDbSpline
 70
0
 71
1
 72
4
 73
2
 74
0
 40
0.0
 40
0.0
 40
1.0
 40
1.0
 10
4.8449248212298315
 20
-113.53930830844081
 30
0.0
 10
4.846457378960068
 20
-113.53720945097564
 30
0.0
  0
SPLINE
  5
5C2
330
17
100
AcDbEntity
  8
HIDDEN
100
AcDbSpline
 70
0
 71
1
 72
4
 73
2
 74
0
 40
0.0
 40
0.0
 40
1.0
 40
1.0
 10
4.846461381305202
 20
-113.53720396721293
 30
0.0
 10
4.847993031604407
 20
-113.5351044386653
 30
0.0
  0
SPLINE
  5
5C3
330
17
100
AcDbEntity
  8
HIDDEN
100
AcDbSpline
 70
0
 71
1
 72
4
 73
2
 74
0
 40
0.0
 40
0.0
 40
1.0
 40
1.0
 10
4.847997039154755
 20
-113.53509894276016
 30
0.0
 10
4.849527782930544
 20
-113.53299874185853
 30
0.0
  0
SPLINE
  5
5C4
330
17
100
AcDbEntity
  8
HIDDEN
100
AcDbSpline
 70
0
 71
1
 72
4
 73
2
 74
0
 40
0.0
 40
0.0
 40
1.0
 40
1.0
 10
4.8495317944955545
 20
-113.53299323542628
 30
0.0
 10
4.851061632640235
 20
-113.53089236091587
 30
0.0
  0
SPLINE
  5
5C5
330
17
100
AcDbEntity
  8
HIDDEN
100
AcDbSpline
 70
0
 71
1
 72
4
 73
2
 74
0
 40
0.0
 40
0.0
 40
1.0
 40
1.0
 10
4.851065647044761
 20
-113.53088684555482
 30
0.0
 10
4.852594580435385
 20
-113.52878529619781
 30
0.0
  0
SPLINE
  5
5C6
330
17
100
AcDbEntity
  8
HIDDEN
100
AcDbSpline
 70
0
 71
1
 72
4
 73
2
 74
0
 40
0.0
 40
0.0
 40
1.0
 40
1.0
 10
4.852598596519629
 20
-113.52877977348969
 30
0.0
 10
4.854126626017964
 20
-113.52667754806502
 30
0.0
  0
SPLINE
  5
5C7
330
17
100
AcDbEntity
  8
HIDDEN
100
AcDbSpline
 70
0
 71
1
 72
4
 73
2
 74
0
 40
0.0
 40
0.0
 40
1.0
 40
1.0
 10
4.8541306426375215
 20
-113.52667201957482
 30
0.0
 10
4.85565776909009
 20
-113.52456911687844
 30
0.0
  0
SPLINE
  5
5C8
330
17
100
AcDbEntity
  8
HIDDEN
100
AcDbSpline
 70
0
 71
1
 72
4
 73
2
 74
0
 40
0.0
 40
0.0
 40
1.0
 40
1.0
 10
4.855661785115892
 20
-113.52456358415407
 30
0.0
 10
4.85718800935398
 20
-113.52246000299888
 30
0.0
  0
SPLINE
  5
5C9
330
17
100
AcDbEntity
  8
HIDDEN
100
AcDbSpline
 70
0
 71
1
 72
4
 73
2
 74
0
 40
0.0
 40
0.0
 40
1.0
 40
1.0
 10
4.857192023672301
 20
-113.5224544675716
 30
0.0
 10
4.858717346511957
 20
-113.52035020678744
 30
0.0
  0
SPLINE
  5
5CA
330
17
100
AcDbEntity
  8
HIDDEN
100
AcDbSpline
 70
0
 71
1
 72
4
 73
2
 74
0
 40
0.0
 40
0.0
 40
1.0
 40
1.0
 10
4.858721358024393
 20
-113.5203446701714
 30
0.0
 10
4.860245780266478
 20
-113.51823972860538
 30
0.0
  0
SPLINE
  5
5CB
330
17
100
AcDbEntity
  8
HIDDEN
100
AcDbSpline
 70
0
 71
1
 72
4
 73
2
 74
0
 40
0.0
 40
0.0
 40
1.0
 40
1.0
 10
4.860249787889933
 20
-113.51823419229788
 30
0.0
 10
4.8617733103200935
 20
-113.51612856881417
 30
0.0
  0
SPLINE
  5
5CC
330
17
100
AcDbEntity
  8
HIDDEN
100
AcDbSpline
 70
0
 71
1
 72
4
 73
2
 74
0
 40
0.0
 40
0.0
 40
1.0
 40
1.0
 10
4.861777312986763
 20
-113.51612303429516
 30
0.0
 10
4.863299936375484
 20
-113.51401672777504
 30
0.0
  0
SPLINE
  5
5CD
330
17
100
AcDbEntity
  8
HIDDEN
100
AcDbSpline
 70
0
 71
1
 72
4
 73
2
 74
0
 40
0.0
 40
0.0
 40
1.0
 40
1.0
 10
4.863303933032839
 20
-113.51401119650777
 30
0.0
 10
4.86482565813543
 20
-113.51190420584979
 30
0.0
  0
SPLINE
  5
5CE
330
17
100
AcDbEntity
  8
HIDDEN
100
AcDbSpline
 70
0
 71
1
 72
4
 73
2
 74
0
 40
0.0
 40
0.0
 40
1.0
 40
1.0
 10
4.864829647746213
 20
-113.5118986792802
 30
0.0
 10
4.866350475302824
 20
-113.50979100340012
 30
0.0
  0
SPLINE
  5
5CF
330
17
100
AcDbEntity
  8
HIDDEN
100
AcDbSpline
 70
0
 71
1
 72
4
 73
2
 74
0
 40
0.0
 40
0.0
 40
1.0
 40
1.0
 10
4.866354456845028
 20
-113.50978548295691
 30
0.0
 10
4.8678743875806925
 20
-113.50767712078792
 30
0.0
  0
SPLINE
  5
5D0
330
17
100
AcDbEntity
  8
HIDDEN
100
AcDbSpline
 70
0
 71
1
 72
4
 73
2
 74
0
 40
0.0
 40
0.0
 40
1.0
 40
1.0
 10
4.867878360047537
 20
-113.50767160788271
 30
0.0
 10
4.869397394672146
 20
-113.5055625583752
 30
0.0
  0
SPLINE
  5
5D1
330
17
100
AcDbEntity
  8
HIDDEN
100
AcDbSpline
 70
0
 71
1
 72
4
 73
2
 74
0
 40
0.0
 40
0.0
 40
1.0
 40
1.0
 10
4.869401357072079
 20
-113.5055570544022
 30
0.0
 10
4.870919496280433
 20
-113.50344731652419
 30
0.0
  0
SPLINE
  5
5D2
330
17
100
AcDbEntity
  8
HIDDEN
100
AcDbSpline
 70
0
 71
1
 72
4
 73
2
 74
0
 40
0.0
 40
0.0
 40
1.0
 40
1.0
 10
4.8709234476371
 20
-113.50344182286028
 30
0.0
 10
4.872440692108896
 20
-113.5013313955971
 30
0.0
  0
SPLINE
  5
5D3
330
17
100
AcDbEntity
  8
HIDDEN
100
AcDbSpline
 70
0
 71
1
 72
4
 73
2
 74
0
 40
0.0
 40
0.0
 40
1.0
 40
1.0
 10
4.872444631461152
 20
-113.50132591360197
 30
0.0
 10
4.873960981861009
 20
-113.4992147959564
 30
0.0
  0
SPLINE
  5
5D4
330
17
100
AcDbEntity
  8
HIDDEN
100
AcDbSpline
 70
0
 71
1
 72
4
 73
2
 74
0
 40
0.0
 40
0.0
 40
1.0
 40
1.0
 10
4.873964908262863
 20
-113.49920932697209
 30
0.0
 10
4.875480365240346
 20
-113.49709751796469
 30
0.0
  0
SPLINE
  5
5D5
330
17
100
AcDbEntity
  8
HIDDEN
100
AcDbSpline
 70
0
 71
1
 72
4
 73
2
 74
0
 40
0.0
 40
0.0
 40
1.0
 40
1.0
 10
4.875484277760986
 20
-113.4970920633159
 30
0.0
 10
4.876998841950606
 20
-113.49497956198462
 30
0.0
  0
SPLINE
  5
5D6
330
17
100
AcDbEntity
  8
HIDDEN
100
AcDbSpline
 70
0
 71
1
 72
4
 73
2
 74
0
 40
0.0
 40
0.0
 40
1.0
 40
1.0
 10
4.877002739674351
 20
-113.49497412297842
 30
0.0
 10
4.878516411695593
 20
-113.49286092837889
 30
0.0
  0
SPLINE
  5
5D7
330
17
100
AcDbEntity
  8
HIDDEN
100
AcDbSpline
 70
0
 71
1
 72
4
 73
2
 74
0
 40
0.0
 40
0.0
 40
1.0
 40
1.0
 10
4.878520293721901
 20
-113.49285550630506
 30
0.0
 10
4.8800330741792175
 20
-113.49074161751068
 30
0.0
  0
SPLINE
  5
5D8
330
17
100
AcDbEntity
  8
HIDDEN
100
AcDbSpline
 70
0
 71
1
 72
4
 73
2
 74
0
 40
0.0
 40
0.0
 40
1.0
 40
1.0
 10
4.880036939622666
 20
-113.49073621364104
 30
0.0
 10
4.881548829105533
 20
-113.48862162974294
 30
0.0
  0
SPLINE
  5
5D9
330
17
100
AcDbEntity
  8
HIDDEN
100
AcDbSpline
 70
0
 71
1
 72
4
 73
2
 74
0
 40
0.0
 40
0.0
 40
1.0
 40
1.0
 10
4.881552677095787
 20
-113.48861624533185
 30
0.0
 10
4.883063676178661
 20
-113.48650096543895
 30
0.0
  0
SPLINE
  5
5DA
330
17
100
AcDbEntity
  8
HIDDEN
100
AcDbSpline
 70
0
 71
1
 72
4
 73
2
 74
0
 40
0.0
 40
0.0
 40
1.0
 40
1.0
 10
4.883067505860494
 20
-113.48649560172313
 30
0.0
 10
4.884577615102891
 20
-113.48437962496217
 30
0.0
  0
SPLINE
  5
5DB
330
17
100
AcDbEntity
  8
HIDDEN
100
AcDbSpline
 70
0
 71
1
 72
4
 73
2
 74
0
 40
0.0
 40
0.0
 40
1.0
 40
1.0
 10
4.884581425636119
 20
-113.48437428316032
 30
0.0
 10
4.886090645582575
 20
-113.48225760867592
 30
0.0
  0
SPLINE
  5
5DC
330
17
100
AcDbEntity
  8
HIDDEN
100
AcDbSpline
 70
0
 71
1
 72
4
 73
2
 74
0
 40
0.0
 40
0.0
 40
1.0
 40
1.0
 10
4.886094436142093
 20
-113.48225228998925
 30
0.0
 10
4.887602767322219
 20
-113.48013491694391
 30
0.0
  0
SPLINE
  5
5DD
330
17
100
AcDbEntity
  8
HIDDEN
100
AcDbSpline
 70
0
 71
1
 72
4
 73
2
 74
0
 40
0.0
 40
0.0
 40
1.0
 40
1.0
 10
4.887606537097941
 20
-113.48012962255558
 30
0.0
 10
4.889113980026421
 20
-113.47801155013002
 30
0.0
  0
SPLINE
  5
5DE
330
17
100
AcDbEntity
  8
HIDDEN
100
AcDbSpline
 70
0
 71
1
 72
4
 73
2
 74
0
 40
0.0
 40
0.0
 40
1.0
 40
1.0
 10
4.889117728223294
 20
-113.4780062812053
 30
0.0
 10
4.890624283399891
 20
-113.47588750859805
 30
0.0
  0
SPLINE
  5
5DF
330
17
100
AcDbEntity
  8
HIDDEN
100
AcDbSpline
 70
0
 71
1
 72
4
 73
2
 74
0
 40
0.0
 40
0.0
 40
1.0
 40
1.0
 10
4.890628009237874
 20
-113.47588226628426
 30
0.0
 10
4.892133677147468
 20
-113.47376279271197
 30
0.0
  0
SPLINE
  5
5E0
330
17
100
AcDbEntity
  8
HIDDEN
100
AcDbSpline
 70
0
 71
1
 72
4
 73
2
 74
0
 40
0.0
 40
0.0
 40
1.0
 40
1.0
 10
4.892137379861506
 20
-113.47375757813857
 30
0.0
 10
4.893642160974087
 20
-113.47163740283607
 30
0.0
  0
SPLINE
  5
5E1
330
17
100
AcDbEntity
  8
HIDDEN
100
AcDbSpline
 70
0
 71
1
 72
4
 73
2
 74
0
 40
0.0
 40
0.0
 40
1.0
 40
1.0
 10
4.893645839814113
 20
-113.4716322171144
 30
0.0
 10
4.895149734584823
 20
-113.46951133933464
 30
0.0
  0
SPLINE
  5
5E2
330
17
100
AcDbEntity
  8
HIDDEN
100
AcDbSpline
 70
0
 71
1
 72
4
 73
2
 74
0
 40
0.0
 40
0.0
 40
1.0
 40
1.0
 10
4.895153388815711
 20
-113.4695061835579
 30
0.0
 10
4.896656397684836
 20
-113.46738460257201
 30
0.0
  0
SPLINE
  5
5E3
330
17
100
AcDbEntity
  8
HIDDEN
100
AcDbSpline
 70
0
 71
1
 72
4
 73
2
 74
0
 40
0.0
 40
0.0
 40
1.0
 40
1.0
 10
4.896660026586424
 20
-113.46737947781543
 30
0.0
 10
4.898162149979417
 20
-113.46525719291299
 30
0.0
  0
SPLINE
  5
5E4
330
17
100
AcDbEntity
  8
HIDDEN
100
AcDbSpline
 70
0
 71
1
 72
4
 73
2
 74
0
 40
0.0
 40
0.0
 40
1.0
 40
1.0
 10
4.898165752846464
 20
-113.46525210023327
 30
0.0
 10
4.899666991173974
 20
-113.4631291107221
 30
0.0
  0
SPLINE
  5
5E5
330
17
100
AcDbEntity
  8
HIDDEN
100
AcDbSpline
 70
0
 71
1
 72
4
 73
2
 74
0
 40
0.0
 40
0.0
 40
1.0
 40
1.0
 10
4.89967056731615
 20
-113.46312405115809
 30
0.0
 10
4.901170920974014
 20
-113.46100035636418
 30
0.0
  0
SPLINE
  5
5E6
330
17
100
AcDbEntity
  8
HIDDEN
100
AcDbSpline
 70
0
 71
1
 72
4
 73
2
 74
0
 40
0.0
 40
0.0
 40
1.0
 40
1.0
 10
4.90117446971589
 20
-113.46099533093624
 30
0.0
 10
4.902673939085171
 20
-113.45887093020428
 30
0.0
  0
SPLINE
  5
5E7
330
17
100
AcDbEntity
  8
HIDDEN
100
AcDbSpline
 70
0
 71
1
 72
4
 73
2
 74
0
 40
0.0
 40
0.0
 40
1.0
 40
1.0
 10
4.902677459766201
 20
-113.45886593991449
 30
0.0
 10
4.904176045213182
 20
-113.4567408326075
 30
0.0
  0
SPLINE
  5
5E8
330
17
100
AcDbEntity
  8
HIDDEN
100
AcDbSpline
 70
0
 71
1
 72
4
 73
2
 74
0
 40
0.0
 40
0.0
 40
1.0
 40
1.0
 10
4.904179537187689
 20
-113.45673587843962
 30
0.0
 10
4.905677239063914
 20
-113.4546100639391
 30
0.0
  0
SPLINE
  5
5E9
330
17
100
AcDbEntity
  8
HIDDEN
100
AcDbSpline
 70
0
 71
1
 72
4
 73
2
 74
0
 40
0.0
 40
0.0
 40
1.0
 40
1.0
 10
4.905680701701062
 20
-113.45460514685834
 30
0.0
 10
4.907177520343346
 20
-113.45247862456443
 30
0.0
  0
SPLINE
  5
5EA
330
17
100
AcDbEntity
  8
HIDDEN
100
AcDbSpline
 70
0
 71
1
 72
4
 73
2
 74
0
 40
0.0
 40
0.0
 40
1.0
 40
1.0
 10
4.907180953027129
 20
-113.45247374551772
 30
0.0
 10
4.908676888757555
 20
-113.45034651484914
 30
0.0
  0
SPLINE
  5
5EB
330
17
100
AcDbEntity
  8
HIDDEN
100
AcDbSpline
 70
0
 71
1
 72
4
 73
2
 74
0
 40
0.0
 40
0.0
 40
1.0
 40
1.0
 10
4.908680290886787
 20
-113.45034167476454
 30
0.0
 10
4.910175344012744
 20
-113.44821373515866
 30
0.0
  0
SPLINE
  5
5EC
330
17
100
AcDbEntity
  8
HIDDEN
100
AcDbSpline
 70
0
 71
1
 72
4
 73
2
 74
0
 40
0.0
 40
0.0
 40
1.0
 40
1.0
 10
4.910178715001048
 20
-113.44820893494611
 30
0.0
 10
4.911672885815233
 20
-113.44608028585904
 30
0.0
  0
SPLINE
  5
5ED
330
17
100
AcDbEntity
  8
HIDDEN
100
AcDbSpline
 70
0
 71
1
 72
4
 73
2
 74
0
 40
0.0
 40
0.0
 40
1.0
 40
1.0
 10
4.911676225091
 20
-113.44607552640942
 30
0.0
 10
4.913169513871445
 20
-113.44394616731601
 30
0.0
  0
SPLINE
  5
5EE
330
17
100
AcDbEntity
  8
HIDDEN
100
AcDbSpline
 70
0
 71
1
 72
4
 73
2
 74
0
 40
0.0
 40
0.0
 40
1.0
 40
1.0
 10
4.913172820877853
 20
-113.44394144950186
 30
0.0
 10
4.914665227887935
 20
-113.44181137989565
 30
0.0
  0
SPLINE
  5
5EF
330
17
100
AcDbEntity
  8
HIDDEN
100
AcDbSpline
 70
0
 71
1
 72
4
 73
2
 74
0
 40
0.0
 40
0.0
 40
1.0
 40
1.0
 10
4.914668502082895
 20
-113.44180670457067
 30
0.0
 10
4.916160027571356
 20
-113.43967592396419
 30
0.0
  0
SPLINE
  5
5F0
330
17
100
AcDbEntity
  8
HIDDEN
100
AcDbSpline
 70
0
 71
1
 72
4
 73
2
 74
0
 40
0.0
 40
0.0
 40
1.0
 40
1.0
 10
4.916163268427521
 20
-113.43967129196332
 30
0.0
 10
4.917653912628499
 20
-113.43753979988796
 30
0.0
  0
SPLINE
  5
5F1
330
17
100
AcDbEntity
  8
HIDDEN
100
AcDbSpline
 70
0
 71
1
 72
4
 73
2
 74
0
 40
0.0
 40
0.0
 40
1.0
 40
1.0
 10
4.91765711963323
 20
-113.43753521202746
 30
0.0
 10
4.919146882766231
 20
-113.43540300803346
 30
0.0
  0
SPLINE
  5
5F2
330
17
100
AcDbEntity
  8
HIDDEN
100
AcDbSpline
 70
0
 71
1
 72
4
 73
2
 74
0
 40
0.0
 40
0.0
 40
1.0
 40
1.0
 10
4.9191500554216026
 20
-113.43539846511045
 30
0.0
 10
4.920638937691575
 20
-113.43326554876724
 30
0.0
  0
SPLINE
  5
5F3
330
17
100
AcDbEntity
  8
HIDDEN
100
AcDbSpline
 70
0
 71
1
 72
4
 73
2
 74
0
 40
0.0
 40
0.0
 40
1.0
 40
1.0
 10
4.920642075514335
 20
-113.43326105156021
 30
0.0
 10
4.922130077111634
 20
-113.43112742245606
 30
0.0
  0
SPLINE
  5
5F4
330
17
100
AcDbEntity
  8
HIDDEN
100
AcDbSpline
 70
0
 71
1
 72
4
 73
2
 74
0
 40
0.0
 40
0.0
 40
1.0
 40
1.0
 10
4.922133179633207
 20
-113.43112297172434
 30
0.0
 10
4.923620300733653
 20
-113.4289886294668
 30
0.0
  0
SPLINE
  5
5F5
330
17
100
AcDbEntity
  8
HIDDEN
100
AcDbSpline
 70
0
 71
1
 72
4
 73
2
 74
0
 40
0.0
 40
0.0
 40
1.0
 40
1.0
 10
4.923623367500108
 20
-113.42898422595088
 30
0.0
 10
4.925109608264977
 20
-113.42684917016645
 30
0.0
  0
SPLINE
  5
5F6
330
17
100
AcDbEntity
  8
HIDDEN
100
AcDbSpline
 70
0
 71
1
 72
4
 73
2
 74
0
 40
0.0
 40
0.0
 40
1.0
 40
1.0
 10
4.92511263883701
 20
-113.42684481458762
 30
0.0
 10
4.926597999413076
 20
-113.42470904492218
 30
0.0
  0
SPLINE
  5
5F7
330
17
100
AcDbEntity
  8
HIDDEN
100
AcDbSpline
 70
0
 71
1
 72
4
 73
2
 74
0
 40
0.0
 40
0.0
 40
1.0
 40
1.0
 10
4.9266009933660015
 20
-113.42470473798268
 30
0.0
 10
4.928085473885517
 20
-113.42256825410117
 30
0.0
  0
SPLINE
  5
5F8
330
17
100
AcDbEntity
  8
HIDDEN
100
AcDbSpline
 70
0
 71
1
 72
4
 73
2
 74
0
 40
0.0
 40
0.0
 40
1.0
 40
1.0
 10
4.928088430809258
 20
-113.42256399648426
 30
0.0
 10
4.929572031390012
 20
-113.42042679807093
 30
0.0
  0
SPLINE
  5
5F9
330
17
100
AcDbEntity
  8
HIDDEN
100
AcDbSpline
 70
0
 71
1
 72
4
 73
2
 74
0
 40
0.0
 40
0.0
 40
1.0
 40
1.0
 10
4.92957495088905
 20
-113.42042259044038
 30
0.0
 10
4.931057671634351
 20
-113.41828467719901
 30
0.0
  0
SPLINE
  5
5FA
330
17
100
AcDbEntity
  8
HIDDEN
100
AcDbSpline
 70
0
 71
1
 72
4
 73
2
 74
0
 40
0.0
 40
0.0
 40
1.0
 40
1.0
 10
4.931060553327759
 20
-113.41828052019957
 30
0.0
 10
4.932542394326456
 20
-113.41614189185293
 30
0.0
  0
SPLINE
  5
5FB
330
17
100
AcDbEntity
  8
HIDDEN
100
AcDbSpline
 70
0
 71
1
 72
4
 73
2
 74
0
 40
0.0
 40
0.0
 40
1.0
 40
1.0
 10
4.932545237847846
 20
-113.41613778611
 30
0.0
 10
4.934026199174381
 20
-113.41399844240075
 30
0.0
  0
SPLINE
  5
5FC
330
17
100
AcDbEntity
  8
HIDDEN
100
AcDbSpline
 70
0
 71
1
 72
4
 73
2
 74
0
 40
0.0
 40
0.0
 40
1.0
 40
1.0
 10
4.934029004171885
 20
-113.41399438852025
 30
0.0
 10
4.935509085886279
 20
-113.41185432921034
 30
0.0
  0
SPLINE
  5
5FD
330
17
100
AcDbEntity
  8
HIDDEN
100
AcDbSpline
 70
0
 71
1
 72
4
 73
2
 74
0
 40
0.0
 40
0.0
 40
1.0
 40
1.0
 10
4.935511852022541
 20
-113.41185032777898
 30
0.0
 10
4.936991054170404
 20
-113.40970955264962
 30
0.0
  0
SPLINE
  5
5FE
330
17
100
AcDbEntity
  8
HIDDEN
100
AcDbSpline
 70
0
 71
1
 72
4
 73
2
 74
0
 40
0.0
 40
0.0
 40
1.0
 40
1.0
 10
4.936993781122576
 20
-113.40970560423462
 30
0.0
 10
4.93847210373516
 20
-113.40756411308699
 30
0.0
  0
SPLINE
  5
5FF
330
17
100
AcDbEntity
  8
HIDDEN
100
AcDbSpline
 70
0
 71
1
 72
4
 73
2
 74
0
 40
0.0
 40
0.0
 40
1.0
 40
1.0
 10
4.938474791194856
 20
-113.40756021823611
 30
0.0
 10
4.939952234289037
 20
-113.40541801089088
 30
0.0
  0
SPLINE
  5
600
330
17
100
AcDbEntity
  8
HIDDEN
100
AcDbSpline
 70
0
 71
1
 72
4
 73
2
 74
0
 40
0.0
 40
0.0
 40
1.0
 40
1.0
 10
4.939954881962333
 20
-113.4054141701321
 30
0.0
 10
4.9414314455406405
 20
-113.40327124642951
 30
0.0
  0
SPLINE
  5
601
330
17
100
AcDbEntity
  8
HIDDEN
100
AcDbSpline
 70
0
 71
1
 72
4
 73
2
 74
0
 40
0.0
 40
0.0
 40
1.0
 40
1.0
 10
4.941434053148068
 20
-113.40326746027166
 30
0.0
 10
4.942909737198718
 20
-113.40112382007173
 30
0.0
  0
SPLINE
  5
602
330
17
100
AcDbEntity
  8
HIDDEN
100
AcDbSpline
 70
0
 71
1
 72
4
 73
2
 74
0
 40
0.0
 40
0.0
 40
1.0
 40
1.0
 10
4.942912304475216
 20
-113.40112008900365
 30
0.0
 10
4.944387108972107
 20
-113.39897573218627
 30
0.0
  0
SPLINE
  5
603
330
17
100
AcDbEntity
  8
HIDDEN
100
AcDbSpline
 70
0
 71
1
 72
4
 73
2
 74
0
 40
0.0
 40
0.0
 40
1.0
 40
1.0
 10
4.944389635667023
 20
-113.39897205667717
 30
0.0
 10
4.945863560569774
 20
-113.396826983142
 30
0.0
  0
SPLINE
  5
604
330
17
100
AcDbEntity
  8
HIDDEN
100
AcDbSpline
 70
0
 71
1
 72
4
 73
2
 74
0
 40
0.0
 40
0.0
 40
1.0
 40
1.0
 10
4.945866046446849
 20
-113.39682336364152
 30
0.0
 10
4.9473390917007904
 20
-113.39467757330792
 30
0.0
  0
SPLINE
  5
605
330
17
100
AcDbEntity
  8
HIDDEN
100
AcDbSpline
 70
0
 71
1
 72
4
 73
2
 74
0
 40
0.0
 40
0.0
 40
1.0
 40
1.0
 10
4.9473415365381275
 20
-113.39467401024578
 30
0.0
 10
4.948813702074348
 20
-113.39252750305332
 30
0.0
  0
SPLINE
  5
606
330
17
100
AcDbEntity
  8
HIDDEN
100
AcDbSpline
 70
0
 71
1
 72
4
 73
2
 74
0
 40
0.0
 40
0.0
 40
1.0
 40
1.0
 10
4.948816105664415
 20
-113.39252399683946
 30
0.0
 10
4.9502873913997565
 20
-113.39037677274737
 30
0.0
  0
SPLINE
  5
607
330
17
100
AcDbEntity
  8
HIDDEN
100
AcDbSpline
 70
0
 71
1
 72
4
 73
2
 74
0
 40
0.0
 40
0.0
 40
1.0
 40
1.0
 10
4.9502897535493435
 20
-113.39037332377183
 30
0.0
 10
4.95176015938644
 20
-113.38822538275957
 30
0.0
  0
SPLINE
  5
608
330
17
100
AcDbEntity
  8
HIDDEN
100
AcDbSpline
 70
0
 71
1
 72
4
 73
2
 74
0
 40
0.0
 40
0.0
 40
1.0
 40
1.0
 10
4.95176247991666
 20
-113.38822199139256
 30
0.0
 10
4.9532320057439385
 20
-113.38607333345956
 30
0.0
  0
SPLINE
  5
609
330
17
100
AcDbEntity
  8
HIDDEN
100
AcDbSpline
 70
0
 71
1
 72
4
 73
2
 74
0
 40
0.0
 40
0.0
 40
1.0
 40
1.0
 10
4.953234284490195
 20
-113.38607000005106
 30
0.0
 10
4.9547029301819006
 20
-113.38392062521697
 30
0.0
  0
SPLINE
  5
60A
330
17
100
AcDbEntity
  8
HIDDEN
100
AcDbSpline
 70
0
 71
1
 72
4
 73
2
 74
0
 40
0.0
 40
0.0
 40
1.0
 40
1.0
 10
4.954705166993885
 20
-113.38391735009719
 30
0.0
 10
4.956172932410111
 20
-113.38176725840168
 30
0.0
  0
SPLINE
  5
60B
330
17
100
AcDbEntity
  8
HIDDEN
100
AcDbSpline
 70
0
 71
1
 72
4
 73
2
 74
0
 40
0.0
 40
0.0
 40
1.0
 40
1.0
 10
4.956175127151765
 20
-113.38176404188073
 30
0.0
 10
4.957642012138441
 20
-113.37961323338368
 30
0.0
  0
SPLINE
  5
60C
330
17
100
AcDbEntity
  8
HIDDEN
100
AcDbSpline
 70
0
 71
2
 72
6
 73
3
 74
0
 40
0.0
 40
0.0
 40
0.0
 40
1.0
 40
1.0
 40
1.0
 10
4.957644164687955
 20
-113.37961007575139
 30
0.0
 10
5.111290521728044
 20
-113.15423842298496
 30
0.0
 10
5.2441771306088105
 20
-112.91523686912271
 30
0.0
  0
SPLINE
  5
60D
330
17
100
AcDbEntity
  8
HIDDEN
100
AcDbSpline
 70
0
 71
1
 72
4
 73
2
 74
0
 40
0.0
 40
0.0
 40
1.0
 40
1.0
 10
5.287998907320586
 20
-112.83497219972023
 30
0.0
 10
5.2924290088407355
 20
-112.8266932994699
 30
0.0
  0
SPLINE
  5
60E
330
17
100
AcDbEntity
  8
HIDDEN
100
AcDbSpline
 70
0
 71
1
 72
4
 73
2
 74
0
 40
0.0
 40
0.0
 40
1.0
 40
1.0
 10
5.292430354552573
 20
-112.8266907798872
 30
0.0
 10
5.294974418258769
 20
-112.82192234769269
 30
0.0
  0
SPLINE
  5
60F
330
17
100
AcDbEntity
  8
HIDDEN
100
AcDbSpline
 70
0
 71
1
 72
4
 73
2
 74
0
 40
0.0
 40
0.0
 40
1.0
 40
1.0
 10
5.294976418057499
 20
-112.82191859532485
 30
0.0
 10
5.297515595727163
 20
-112.81714897424528
 30
0.0
  0
SPLINE
  5
610
330
17
100
AcDbEntity
  8
HIDDEN
100
AcDbSpline
 70
0
 71
1
 72
4
 73
2
 74
0
 40
0.0
 40
0.0
 40
1.0
 40
1.0
 10
5.297518236395572
 20
-112.81714400858813
 30
0.0
 10
5.300052538852695
 20
-112.8123731827781
 30
0.0
  0
SPLINE
  5
611
330
17
100
AcDbEntity
  8
HIDDEN
100
AcDbSpline
 70
0
 71
1
 72
4
 73
2
 74
0
 40
0.0
 40
0.0
 40
1.0
 40
1.0
 10
5.300055807266078
 20
-112.81236702328809
 30
0.0
 10
5.30258524524247
 20
-112.80759497694893
 30
0.0
  0
SPLINE
  5
612
330
17
100
AcDbEntity
  8
HIDDEN
100
AcDbSpline
 70
0
 71
1
 72
4
 73
2
 74
0
 40
0.0
 40
0.0
 40
1.0
 40
1.0
 10
5.302589128376403
 20
-112.80758764302783
 30
0.0
 10
5.3051137125080325
 20
-112.80281436041548
 30
0.0
  0
SPLINE
  5
613
330
17
100
AcDbEntity
  8
HIDDEN
100
AcDbSpline
 70
0
 71
1
 72
4
 73
2
 74
0
 40
0.0
 40
0.0
 40
1.0
 40
1.0
 10
5.305118197438
 20
-112.80280587141016
 30
0.0
 10
5.3076379382632926
 20
-112.7980313368389
 30
0.0
  0
SPLINE
  5
614
330
17
100
AcDbEntity
  8
HIDDEN
100
AcDbSpline
 70
0
 71
1
 72
4
 73
2
 74
0
 40
0.0
 40
0.0
 40
1.0
 40
1.0
 10
5.3076430121653795
 20
-112.79802171203951
 30
0.0
 10
5.3101579201241895
 20
-112.79324590988475
 30
0.0
  0
SPLINE
  5
615
330
17
100
AcDbEntity
  8
HIDDEN
100
AcDbSpline
 70
0
 71
1
 72
4
 73
2
 74
0
 40
0.0
 40
0.0
 40
1.0
 40
1.0
 10
5.310163570275781
 20
-112.79323516852247
 30
0.0
 10
5.312673655710294
 20
-112.78845808321981
 30
0.0
  0
SPLINE
  5
616
330
17
100
AcDbEntity
  8
HIDDEN
100
AcDbSpline
 70
0
 71
1
 72
4
 73
2
 74
0
 40
0.0
 40
0.0
 40
1.0
 40
1.0
 10
5.312679869489022
 20
-112.78844624446822
 30
0.0
 10
5.315185142643385
 20
-112.78366786051487
 30
0.0
  0
SPLINE
  5
617
330
17
100
AcDbEntity
  8
HIDDEN
100
AcDbSpline
 70
0
 71
1
 72
4
 73
2
 74
0
 40
0.0
 40
0.0
 40
1.0
 40
1.0
 10
5.315191907527462
 20
-112.78365494348827
 30
0.0
 10
5.31769237854868
 20
-112.77887524544235
 30
0.0
  0
SPLINE
  5
618
330
17
100
AcDbEntity
  8
HIDDEN
100
AcDbSpline
 70
0
 71
1
 72
4
 73
2
 74
0
 40
0.0
 40
0.0
 40
1.0
 40
1.0
 10
5.3176996821159666
 20
-112.77886126919708
 30
0.0
 10
5.320195361052258
 20
-112.77408024168125
 30
0.0
  0
SPLINE
  5
619
330
17
100
AcDbEntity
  8
HIDDEN
100
AcDbSpline
 70
0
 71
1
 72
4
 73
2
 74
0
 40
0.0
 40
0.0
 40
1.0
 40
1.0
 10
5.320203190981892
 20
-112.77406522521159
 30
0.0
 10
5.32269408778487
 20
-112.76928285290978
 30
0.0
  0
SPLINE
  5
61A
330
17
100
AcDbEntity
  8
HIDDEN
100
AcDbSpline
 70
0
 71
1
 72
4
 73
2
 74
0
 40
0.0
 40
0.0
 40
1.0
 40
1.0
 10
5.322702431855083
 20
-112.7692668151515
 30
0.0
 10
5.325188556379393
 20
-112.76448308281047
 30
0.0
  0
SPLINE
  5
61B
330
17
100
AcDbEntity
  8
HIDDEN
100
AcDbSpline
 70
0
 71
1
 72
4
 73
2
 74
0
 40
0.0
 40
0.0
 40
1.0
 40
1.0
 10
5.32519740246787
 20
-112.76446604263921
 30
0.0
 10
5.327678764470816
 20
-112.75968093507001
 30
0.0
  0
SPLINE
  5
61C
330
17
100
AcDbEntity
  8
HIDDEN
100
AcDbSpline
 70
0
 71
1
 72
4
 73
2
 74
0
 40
0.0
 40
0.0
 40
1.0
 40
1.0
 10
5.327688100555071
 20
-112.75966291129981
 30
0.0
 10
5.33016470969753
 20
-112.75487641337685
 30
0.0
  0
SPLINE
  5
61D
330
17
100
AcDbEntity
  8
HIDDEN
100
AcDbSpline
 70
0
 71
1
 72
4
 73
2
 74
0
 40
0.0
 40
0.0
 40
1.0
 40
1.0
 10
5.330174523853969
 20
-112.75485742476118
 30
0.0
 10
5.332646389701291
 20
-112.75006952142118
 30
0.0
  0
SPLINE
  5
61E
330
17
100
AcDbEntity
  8
HIDDEN
100
AcDbSpline
 70
0
 71
1
 72
4
 73
2
 74
0
 40
0.0
 40
0.0
 40
1.0
 40
1.0
 10
5.332656670104381
 20
-112.75004958665384
 30
0.0
 10
5.3351238021247624
 20
-112.74526026289992
 30
0.0
  0
SPLINE
  5
61F
330
17
100
AcDbEntity
  8
HIDDEN
100
AcDbSpline
 70
0
 71
1
 72
4
 73
2
 74
0
 40
0.0
 40
0.0
 40
1.0
 40
1.0
 10
5.335134537048566
 20
-112.74523940061118
 30
0.0
 10
5.337596944615219
 20
-112.74044864150929
 30
0.0
  0
SPLINE
  5
620
330
17
100
AcDbEntity
  8
HIDDEN
100
AcDbSpline
 70
0
 71
1
 72
4
 73
2
 74
0
 40
0.0
 40
0.0
 40
1.0
 40
1.0
 10
5.337608122431298
 20
-112.74042687026919
 30
0.0
 10
5.340065814822097
 20
-112.73563466094977
 30
0.0
  0
SPLINE
  5
621
330
17
100
AcDbEntity
  8
HIDDEN
100
AcDbSpline
 70
0
 71
1
 72
4
 73
2
 74
0
 40
0.0
 40
0.0
 40
1.0
 40
1.0
 10
5.340077423999865
 20
-112.73561199926664
 30
0.0
 10
5.342530410396348
 20
-112.7308183249273
 30
0.0
  0
SPLINE
  5
622
330
17
100
AcDbEntity
  8
HIDDEN
100
AcDbSpline
 70
0
 71
1
 72
4
 73
2
 74
0
 40
0.0
 40
0.0
 40
1.0
 40
1.0
 10
5.342542439504015
 20
-112.73079479124507
 30
0.0
 10
5.344990728993565
 20
-112.72599963714711
 30
0.0
  0
SPLINE
  5
623
330
17
100
AcDbEntity
  8
HIDDEN
100
AcDbSpline
 70
0
 71
1
 72
4
 73
2
 74
0
 40
0.0
 40
0.0
 40
1.0
 40
1.0
 10
5.345003166696035
 20
-112.72597524984877
 30
0.0
 10
5.347446768270881
 20
-112.72117860131999
 30
0.0
  0
SPLINE
  5
624
330
17
100
AcDbEntity
  8
HIDDEN
100
AcDbSpline
 70
0
 71
1
 72
4
 73
2
 74
0
 40
0.0
 40
0.0
 40
1.0
 40
1.0
 10
5.347459603330687
 20
-112.72115337872475
 30
0.0
 10
5.3498985258894525
 20
-112.71635522115719
 30
0.0
  0
SPLINE
  5
625
330
17
100
AcDbEntity
  8
HIDDEN
100
AcDbSpline
 70
0
 71
1
 72
4
 73
2
 74
0
 40
0.0
 40
0.0
 40
1.0
 40
1.0
 10
5.3499117471652795
 20
-112.71632918152281
 30
0.0
 10
5.352345999511357
 20
-112.71152950037671
 30
0.0
  0
SPLINE
  5
626
330
17
100
AcDbEntity
  8
HIDDEN
100
AcDbSpline
 70
0
 71
1
 72
4
 73
2
 74
0
 40
0.0
 40
0.0
 40
1.0
 40
1.0
 10
5.352359595959589
 20
-112.71150266189545
 30
0.0
 10
5.354789186803318
 20
-112.70670144269599
 30
0.0
  0
SPLINE
  5
627
330
17
100
AcDbEntity
  8
HIDDEN
100
AcDbSpline
 70
0
 71
1
 72
4
 73
2
 74
0
 40
0.0
 40
0.0
 40
1.0
 40
1.0
 10
5.35480314747595
 20
-112.70667382349798
 30
0.0
 10
5.3572280854329986
 20
-112.701871051839
 30
0.0
  0
SPLINE
  5
628
330
17
100
AcDbEntity
  8
HIDDEN
100
AcDbSpline
 70
0
 71
1
 72
4
 73
2
 74
0
 40
0.0
 40
0.0
 40
1.0
 40
1.0
 10
5.357242399479196
 20
-112.70184266998845
 30
0.0
 10
5.359662693073359
 20
-112.69703833152792
 30
0.0
  0
SPLINE
  5
629
330
17
100
AcDbEntity
  8
HIDDEN
100
AcDbSpline
 70
0
 71
1
 72
4
 73
2
 74
0
 40
0.0
 40
0.0
 40
1.0
 40
1.0
 10
5.359677349736684
 20
-112.69700920502765
 30
0.0
 10
5.36209300739702
 20
-112.69220328549414
 30
0.0
  0
SPLINE
  5
62A
330
17
100
AcDbEntity
  8
HIDDEN
100
AcDbSpline
 70
0
 71
1
 72
4
 73
2
 74
0
 40
0.0
 40
0.0
 40
1.0
 40
1.0
 10
5.362107996018294
 20
-112.69217343227922
 30
0.0
 10
5.364519026082538
 20
-112.68736591746585
 30
0.0
  0
SPLINE
  5
62B
330
17
100
AcDbEntity
  8
HIDDEN
100
AcDbSpline
 70
0
 71
1
 72
4
 73
2
 74
0
 40
0.0
 40
0.0
 40
1.0
 40
1.0
 10
5.364534336096458
 20
-112.68733535540943
 30
0.0
 10
5.366940746808808
 20
-112.68252623117925
 30
0.0
  0
SPLINE
  5
62C
330
17
100
AcDbEntity
  8
HIDDEN
100
AcDbSpline
 70
0
 71
1
 72
4
 73
2
 74
0
 40
0.0
 40
0.0
 40
1.0
 40
1.0
 10
5.366956367746115
 20
-112.68249497808743
 30
0.0
 10
5.369358167258748
 20
-112.6776842303711
 30
0.0
  0
SPLINE
  5
62D
330
17
100
AcDbEntity
  8
HIDDEN
100
AcDbSpline
 70
0
 71
1
 72
4
 73
2
 74
0
 40
0.0
 40
0.0
 40
1.0
 40
1.0
 10
5.36937408874476
 20
-112.67765230398508
 30
0.0
 10
5.371771285117507
 20
-112.67283991878237
 30
0.0
  0
SPLINE
  5
62E
330
17
100
AcDbEntity
  8
HIDDEN
100
AcDbSpline
 70
0
 71
1
 72
4
 73
2
 74
0
 40
0.0
 40
0.0
 40
1.0
 40
1.0
 10
5.371787496872418
 20
-112.67280733677708
 30
0.0
 10
5.374180098074277
 20
-112.66799330015473
 30
0.0
  0
SPLINE
  5
62F
330
17
100
AcDbEntity
  8
HIDDEN
100
AcDbSpline
 70
0
 71
1
 72
4
 73
2
 74
0
 40
0.0
 40
0.0
 40
1.0
 40
1.0
 10
5.374196589911666
 20
-112.6679600801409
 30
0.0
 10
5.37658460381984
 20
-112.66314437823526
 30
0.0
  0
SPLINE
  5
630
330
17
100
AcDbEntity
  8
HIDDEN
100
AcDbSpline
 70
0
 71
1
 72
4
 73
2
 74
0
 40
0.0
 40
0.0
 40
1.0
 40
1.0
 10
5.489101256014079
 20
-112.4227603198667
 30
0.0
 10
5.491268010194149
 20
-112.41784528207252
 30
0.0
  0
SPLINE
  5
631
330
17
100
AcDbEntity
  8
HIDDEN
100
AcDbSpline
 70
0
 71
1
 72
4
 73
2
 74
0
 40
0.0
 40
0.0
 40
1.0
 40
1.0
 10
5.491287400037583
 20
-112.41780124452437
 30
0.0
 10
5.493449854051031
 20
-112.41288393220212
 30
0.0
  0
SPLINE
  5
632
330
17
100
AcDbEntity
  8
HIDDEN
100
AcDbSpline
 70
0
 71
1
 72
4
 73
2
 74
0
 40
0.0
 40
0.0
 40
1.0
 40
1.0
 10
5.493469117267
 20
-112.41284007486993
 30
0.0
 10
5.495627274630828
 20
-112.40792047811107
 30
0.0
  0
SPLINE
  5
633
330
17
100
AcDbEntity
  8
HIDDEN
100
AcDbSpline
 70
0
 71
1
 72
4
 73
2
 74
0
 40
0.0
 40
0.0
 40
1.0
 40
1.0
 10
5.495646405625252
 20
-112.40787681473165
 30
0.0
 10
5.497800269780531
 20
-112.40295492371038
 30
0.0
  0
SPLINE
  5
634
330
17
100
AcDbEntity
  8
HIDDEN
100
AcDbSpline
 70
0
 71
1
 72
4
 73
2
 74
0
 40
0.0
 40
0.0
 40
1.0
 40
1.0
 10
5.4978192630380285
 20
-112.40291146794071
 30
0.0
 10
5.4999688373502025
 20
-112.39798727291428
 30
0.0
  0
SPLINE
  5
635
330
17
100
AcDbEntity
  8
HIDDEN
100
AcDbSpline
 70
0
 71
1
 72
4
 73
2
 74
0
 40
0.0
 40
0.0
 40
1.0
 40
1.0
 10
5.499987687433786
 20
-112.39794403833116
 30
0.0
 10
5.502132975192988
 20
-112.39301752964008
 30
0.0
  0
SPLINE
  5
636
330
17
100
AcDbEntity
  8
HIDDEN
100
AcDbSpline
 70
0
 71
1
 72
4
 73
2
 74
0
 40
0.0
 40
0.0
 40
1.0
 40
1.0
 10
5.50215167674374
 20
-112.39297452974007
 30
0.0
 10
5.504292681165662
 20
-112.38804569780696
 30
0.0
  0
SPLINE
  5
637
330
17
100
AcDbEntity
  8
HIDDEN
100
AcDbSpline
 70
0
 71
1
 72
4
 73
2
 74
0
 40
0.0
 40
0.0
 40
1.0
 40
1.0
 10
5.504311228901885
 20
-112.38800294600738
 30
0.0
 10
5.5064479531264325
 20
-112.38307178134114
 30
0.0
  0
SPLINE
  5
638
330
17
100
AcDbEntity
  8
HIDDEN
100
AcDbSpline
 70
0
 71
1
 72
4
 73
2
 74
0
 40
0.0
 40
0.0
 40
1.0
 40
1.0
 10
5.506466341844983
 20
-112.3830292909759
 30
0.0
 10
5.5085987889382535
 20
-112.37809578416817
 30
0.0
  0
SPLINE
  5
639
330
17
100
AcDbEntity
  8
HIDDEN
100
AcDbSpline
 70
0
 71
1
 72
4
 73
2
 74
0
 40
0.0
 40
0.0
 40
1.0
 40
1.0
 10
5.508617013512576
 20
-112.37805356849154
 30
0.0
 10
5.510745186466623
 20
-112.37311771021794
 30
0.0
  0
SPLINE
  5
63A
330
17
100
AcDbEntity
  8
HIDDEN
100
AcDbSpline
 70
0
 71
1
 72
4
 73
2
 74
0
 40
0.0
 40
0.0
 40
1.0
 40
1.0
 10
5.510763241846981
 20
-112.37307578240296
 30
0.0
 10
5.512887143580127
 20
-112.36813756342366
 30
0.0
  0
SPLINE
  5
63B
330
17
100
AcDbEntity
  8
HIDDEN
100
AcDbSpline
 70
0
 71
1
 72
4
 73
2
 74
0
 40
0.0
 40
0.0
 40
1.0
 40
1.0
 10
5.512905024793328
 20
-112.36809593656186
 30
0.0
 10
5.515024658149942
 20
-112.36315534772278
 30
0.0
  0
SPLINE
  5
63C
330
17
100
AcDbEntity
  8
HIDDEN
100
AcDbSpline
 70
0
 71
1
 72
4
 73
2
 74
0
 40
0.0
 40
0.0
 40
1.0
 40
1.0
 10
5.51504236029952
 20
-112.36311403482286
 30
0.0
 10
5.517157728051418
 20
-112.35817106705353
 30
0.0
  0
SPLINE
  5
63D
330
17
100
AcDbEntity
  8
HIDDEN
100
AcDbSpline
 70
0
 71
1
 72
4
 73
2
 74
0
 40
0.0
 40
0.0
 40
1.0
 40
1.0
 10
5.51717524631626
 20
-112.35813008104353
 30
0.0
 10
5.5192863511619485
 20
-112.3531847253598
 30
0.0
  0
SPLINE
  5
63E
330
17
100
AcDbEntity
  8
HIDDEN
100
AcDbSpline
 70
0
 71
1
 72
4
 73
2
 74
0
 40
0.0
 40
0.0
 40
1.0
 40
1.0
 10
5.51930368079706
 20
-112.35314407908432
 30
0.0
 10
5.521410525362596
 20
-112.34819632658728
 30
0.0
  0
SPLINE
  5
63F
330
17
100
AcDbEntity
  8
HIDDEN
100
AcDbSpline
 70
0
 71
1
 72
4
 73
2
 74
0
 40
0.0
 40
0.0
 40
1.0
 40
1.0
 10
5.5214276616982225
 20
-112.34815603280873
 30
0.0
 10
5.523530248537522
 20
-112.34320587468505
 30
0.0
  0
SPLINE
  5
640
330
17
100
AcDbEntity
  8
HIDDEN
100
AcDbSpline
 70
0
 71
1
 72
4
 73
2
 74
0
 40
0.0
 40
0.0
 40
1.0
 40
1.0
 10
5.523547186978879
 20
-112.34316594608316
 30
0.0
 10
5.525645518574057
 20
-112.33821337360513
 30
0.0
  0
SPLINE
  5
641
330
17
100
AcDbEntity
  8
HIDDEN
100
AcDbSpline
 70
0
 71
1
 72
4
 73
2
 74
0
 40
0.0
 40
0.0
 40
1.0
 40
1.0
 10
5.5256622546009595
 20
-112.33817382277695
 30
0.0
 10
5.527756333362632
 20
-112.33321882730289
 30
0.0
  0
SPLINE
  5
642
330
17
100
AcDbEntity
  8
HIDDEN
100
AcDbSpline
 70
0
 71
1
 72
4
 73
2
 74
0
 40
0.0
 40
0.0
 40
1.0
 40
1.0
 10
5.527772862529222
 20
-112.33317966676245
 30
0.0
 10
5.529862690796303
 20
-112.32822223973804
 30
0.0
  0
SPLINE
  5
643
330
17
100
AcDbEntity
  8
HIDDEN
100
AcDbSpline
 70
0
 71
1
 72
4
 73
2
 74
0
 40
0.0
 40
0.0
 40
1.0
 40
1.0
 10
5.529879008731246
 20
-112.32818348191492
 30
0.0
 10
5.531964588771801
 20
-112.32322361487226
 30
0.0
  0
SPLINE
  5
644
330
17
100
AcDbEntity
  8
HIDDEN
100
AcDbSpline
 70
0
 71
2
 72
6
 73
3
 74
0
 40
0.0
 40
0.0
 40
0.0
 40
1.0
 40
1.0
 40
1.0
 10
5.531980691177452
 20
-112.32318527211255
 30
0.0
 10
5.7144969300696555
 20
-111.88863202464148
 30
0.0
 10
5.8273740541036005
 20
-111.42888472592176
 30
0.0
  0
SPLINE
  5
645
330
17
100
AcDbEntity
  8
HIDDEN
100
AcDbSpline
 70
0
 71
2
 72
6
 73
3
 74
0
 40
0.0
 40
0.0
 40
0.0
 40
1.0
 40
1.0
 40
1.0
 10
5.941326713500307
 20
-110.83704063467951
 30
0.0
 10
5.999952697564217
 20
-110.42069313610801
 30
0.0
 10
6.000000000000001
 20
-110.0
 30
0.0
  0
CIRCLE
  5
646
330
17
100
AcDbEntity
  8
HIDDEN
100
AcDbCircle
 10
0.0
 20
-110.0
 30
0.0
 40
6.0
  0
CIRCLE
  5
647
330
17
100
AcDbEntity
  8
HIDDEN
100
AcDbCircle
 10
0.0
 20
-110.0
 30
0.0
 40
6.0
  0
CIRCLE
  5
648
330
17
100
AcDbEntity
  8
HIDDEN
100
AcDbCircle
 10
0.0
 20
7.771561172376096e-16
 30
0.0
 40
6.0
  0
CIRCLE
  5
649
330
17
100
AcDbEntity
  8
HIDDEN
100
AcDbCircle
 10
0.0
 20
-7.771561172376096e-16
 30
0.0
 40
6.0
  0
LINE
  5
64A
330
17
100
AcDbEntity
  8
HIDDEN
100
AcDbLine
 10
16.0
 20
-4.634379810483566
 30
0.0
 11
16.0
 21
0.0
 31
0.0
  0
ARC
  5
64B
330
17
100
AcDbEntity
  8
HIDDEN
100
AcDbCircle
 10
0.0
 20
0.0
 30
0.0
 40
16.0
100
AcDbArc
 50
0.0
 51
180.0
  0
ARC
  5
64C
330
17
100
AcDbEntity
  8
HIDDEN
100
AcDbCircle
 10
0.0
 20
-110.0
 30
0.0
 40
16.0
100
AcDbArc
 50
180.0
 51
324.96260022988474
  0
LINE
  5
64D
330
17
100
AcDbEntity
  8
HIDDEN
100
AcDbLine
 10
-16.0
 20
-110.0
 30
0.0
 11
-16.0
 21
0.0
 31
0.0
  0
LINE
  5
64E
330
17
100
AcDbEntity
  8
HIDDEN
100
AcDbLine
 10
-16.0
 20
-110.0
 30
0.0
 11
-16.0
 21
0.0
 31
0.0
  0
ARC
  5
64F
330
17
100
AcDbEntity
  8
HIDDEN
100
AcDbCircle
 10
0.0
 20
0.0
 30
0.0
 40
16.0
100
AcDbArc
 50
0.0
 51
180.0
  0
ARC
  5
650
330
17
100
AcDbEntity
  8
HIDDEN
100
AcDbCircle
 10
0.0
 20
-110.0
 30
0.0
 40
16.0
100
AcDbArc
 50
180.0
 51
324.9626002298854
  0
LINE
  5
651
330
17
100
AcDbEntity
  8
HIDDEN
100
AcDbLine
 10
16.0
 20
-4.634379810483722
 30
0.0
 11
16.0
 21
0.0
 31
0.0
  0
ENDSEC
  0
SECTION
  2
OBJECTS
  0
DICTIONARY
  5
A
330
0
100
AcDbDictionary
281
1
  3
ACAD_COLOR
350
B
  3
ACAD_GROUP
350
C
  3
ACAD_LAYOUT
350
D
  3
ACAD_MATERIAL
350
E
  3
ACAD_MLEADERSTYLE
350
F
  3
ACAD_MLINESTYLE
350
10
  3
ACAD_PLOTSETTINGS
350
11
  3
ACAD_PLOTSTYLENAME
350
12
  3
ACAD_SCALELIST
350
14
  3
ACAD_TABLESTYLE
350
15
  3
ACAD_VISUALSTYLE
350
16
  3
EZDXF_META
350
2D
  0
DICTIONARY
  5
B
330
A
100
AcDbDictionary
281
1
  0
DICTIONARY
  5
C
330
A
100
AcDbDictionary
281
1
  0
DICTIONARY
  5
D
330
A
100
AcDbDictionary
281
1
  3
Model
350
1A
  3
Layout1
350
1E
  0
DICTIONARY
  5
E
330
A
100
AcDbDictionary
281
1
  3
ByBlock
350
1F
  3
ByLayer
350
20
  3
Global
350
21
  0
DICTIONARY
  5
F
330
A
100
AcDbDictionary
281
1
  3
Standard
350
2C
  0
DICTIONARY
  5
10
330
A
100
AcDbDictionary
281
1
  3
Standard
350
22
  0
DICTIONARY
  5
11
330
A
100
AcDbDictionary
281
1
  0
ACDBDICTIONARYWDFLT
  5
12
330
A
100
AcDbDictionary
281
1
  3
Normal
350
13
100
AcDbDictionaryWithDefault
340
13
  0
ACDBPLACEHOLDER
  5
13
330
12
  0
DICTIONARY
  5
14
330
A
100
AcDbDictionary
281
1
  0
DICTIONARY
  5
15
330
A
100
AcDbDictionary
281
1
  0
DICTIONARY
  5
16
330
A
100
AcDbDictionary
281
1
  0
LAYOUT
  5
1A
330
D
100
AcDbPlotSettings
  1

  4
A3
  6

 40
7.5
 41
20.0
 42
7.5
 43
20.0
 44
420.0
 45
297.0
 46
0.0
 47
0.0
 48
0.0
 49
0.0
140
0.0
141
0.0
142
1.0
143
1.0
 70
1024
 72
1
 73
0
 74
5
  7

 75
16
 76
0
 77
2
 78
300
147
1.0
148
0.0
149
0.0
100
AcDbLayout
  1
Model
 70
1
 71
0
 10
0.0
 20
0.0
 11
420.0
 21
297.0
 12
0.0
 22
0.0
 32
0.0
 14
1e+20
 24
1e+20
 34
1e+20
 15
-1e+20
 25
-1e+20
 35
-1e+20
146
0.0
 13
0.0
 23
0.0
 33
0.0
 16
1.0
 26
0.0
 36
0.0
 17
0.0
 27
1.0
 37
0.0
 76
1
330
17
  0
LAYOUT
  5
1E
330
D
100
AcDbPlotSettings
  1

  4
A3
  6

 40
7.5
 41
20.0
 42
7.5
 43
20.0
 44
420.0
 45
297.0
 46
0.0
 47
0.0
 48
0.0
 49
0.0
140
0.0
141
0.0
142
1.0
143
1.0
 70
0
 72
1
 73
0
 74
5
  7

 75
16
 76
0
 77
2
 78
300
147
1.0
148
0.0
149
0.0
100
AcDbLayout
  1
Layout1
 70
1
 71
1
 10
0.0
 20
0.0
 11
420.0
 21
297.0
 12
0.0
 22
0.0
 32
0.0
 14
1e+20
 24
1e+20
 34
1e+20
 15
-1e+20
 25
-1e+20
 35
-1e+20
146
0.0
 13
0.0
 23
0.0
 33
0.0
 16
1.0
 26
0.0
 36
0.0
 17
0.0
 27
1.0
 37
0.0
 76
1
330
1B
  0
MATERIAL
  5
1F
102
{ACAD_REACTORS
330
E
102
}
330
E
100
AcDbMaterial
  1
ByBlock
  2

 70
0
 40
1.0
 71
1
 41
1.0
 91
-1023410177
 42
1.0
 72
1
  3

 73
1
 74
1
 75
1
 44
0.5
 73
0
 45
1.0
 46
1.0
 77
1
  4

 78
1
 79
1
170
1
 48
1.0
171
1
  6

172
1
173
1
174
1
140
1.0
141
1.0
175
1
  7

176
1
177
1
178
1
143
1.0
179
1
  8

270
1
271
1
272
1
145
1.0
146
1.0
273
1
  9

274
1
275
1
276
1
 42
1.0
 72
1
  3

 73
1
 74
1
 75
1
 94
63
  0
MATERIAL
  5
20
102
{ACAD_REACTORS
330
E
102
}
330
E
100
AcDbMaterial
  1
ByLayer
  2

 70
0
 40
1.0
 71
1
 41
1.0
 91
-1023410177
 42
1.0
 72
1
  3

 73
1
 74
1
 75
1
 44
0.5
 73
0
 45
1.0
 46
1.0
 77
1
  4

 78
1
 79
1
170
1
 48
1.0
171
1
  6

172
1
173
1
174
1
140
1.0
141
1.0
175
1
  7

176
1
177
1
178
1
143
1.0
179
1
  8

270
1
271
1
272
1
145
1.0
146
1.0
273
1
  9

274
1
275
1
276
1
 42
1.0
 72
1
  3

 73
1
 74
1
 75
1
 94
63
  0
MATERIAL
  5
21
102
{ACAD_REACTORS
330
E
102
}
330
E
100
AcDbMaterial
  1
Global
  2

 70
0
 40
1.0
 71
1
 41
1.0
 91
-1023410177
 42
1.0
 72
1
  3

 73
1
 74
1
 75
1
 44
0.5
 73
0
 45
1.0
 46
1.0
 77
1
  4

 78
1
 79
1
170
1
 48
1.0
171
1
  6

172
1
173
1
174
1
140
1.0
141
1.0
175
1
  7

176
1
177
1
178
1
143
1.0
179
1
  8

270
1
271
1
272
1
145
1.0
146
1.0
273
1
  9

274
1
275
1
276
1
 42
1.0
 72
1
  3

 73
1
 74
1
 75
1
 94
63
  0
MLINESTYLE
  5
22
102
{ACAD_REACTORS
330
10
102
}
330
10
100
AcDbMlineStyle
  2
Standard
 70
0
  3

 62
256
 51
90.0
 52
90.0
 71
2
 49
0.5
 62
256
  6
BYLAYER
 49
-0.5
 62
256
  6
BYLAYER
  0
MLEADERSTYLE
  5
2C
102
{ACAD_REACTORS
330
F
102
}
330
F
100
AcDbMLeaderStyle
179
2
170
2
171
1
172
0
 90
2
 40
0.0
 41
0.0
173
1
 91
-1056964608
 92
-2
290
1
 42
2.0
291
1
 43
8.0
  3
Standard
 44
4.0
300

342
29
174
1
175
1
176
0
178
1
 93
-1056964608
 45
4.0
292
0
297
0
 46
4.0
 94
-1056964608
 47
1.0
 49
1.0
140
1.0
294
1
141
0.0
177
0
142
1.0
295
0
296
0
143
3.75
271
0
272
9
273
9
  0
DICTIONARY
  5
2D
330
A
100
AcDbDictionary
280
1
281
1
  3
CREATED_BY_EZDXF
350
2E
  3
WRITTEN_BY_EZDXF
350
655
  0
DICTIONARYVAR
  5
2E
330
2D
100
DictionaryVariables
280
0
  1
1.4.4 @ 2026-10-05T07:37:27.374085+00:00
  0
DICTIONARYVAR
  5
655
330
2D
100
DictionaryVariables
280
0
  1
1.4.4 @ 2026-10-05T07:37:37.474214+00:00
  0
ENDSEC
  0
EOF
