ISO-10303-21;
HEADER;
FILE_DESCRIPTION(('Open CASCADE Model'),'2;1');
FILE_NAME('Q4-204','2026-10-05T14:37:39',('Author'),('Open CASCADE'),
  'Open CASCADE STEP processor 8.0','build123d','Unknown');
FILE_SCHEMA(('AUTOMOTIVE_DESIGN { 1 0 10303 214 1 1 1 1 }'));
ENDSEC;
DATA;
#1 = APPLICATION_PROTOCOL_DEFINITION('international standard',
  'automotive_design',2000,#2);
#2 = APPLICATION_CONTEXT(
  'core data for automotive mechanical design processes');
#3 = SHAPE_DEFINITION_REPRESENTATION(#4,#10);
#4 = PRODUCT_DEFINITION_SHAPE('','',#5);
#5 = PRODUCT_DEFINITION('design','',#6,#9);
#6 = PRODUCT_DEFINITION_FORMATION('','',#7);
#7 = PRODUCT('Q4-204','Q4-204','',(#8));
#8 = PRODUCT_CONTEXT('',#2,'mechanical');
#9 = PRODUCT_DEFINITION_CONTEXT('part definition',#2,'design');
#10 = ADVANCED_BREP_SHAPE_REPRESENTATION('',(#11,#15),#3529);
#11 = AXIS2_PLACEMENT_3D('',#12,#13,#14);
#12 = CARTESIAN_POINT('',(0.,0.,0.));
#13 = DIRECTION('',(0.,0.,1.));
#14 = DIRECTION('',(1.,0.,-0.));
#15 = MANIFOLD_SOLID_BREP('',#16);
#16 = CLOSED_SHELL('',(#17,#3095,#3145,#3195,#3268,#3318,#3368,#3423,
    #3427,#3456,#3490,#3519,#3525));
#17 = ADVANCED_FACE('',(#18,#876,#1329,#1720,#2125,#2639),#32,.F.);
#18 = FACE_BOUND('',#19,.F.);
#19 = EDGE_LOOP('',(#20,#91,#141,#142,#209,#318,#361,#476,#499,#549,#550
    ,#675,#718,#822));
#20 = ORIENTED_EDGE('',*,*,#21,.F.);
#21 = EDGE_CURVE('',#22,#24,#26,.T.);
#22 = VERTEX_POINT('',#23);
#23 = CARTESIAN_POINT('',(14.51392,0.,18.));
#24 = VERTEX_POINT('',#25);
#25 = CARTESIAN_POINT('',(13.562701758996,-2.511401088254E-15,
    -141.0065391182));
#26 = SEAM_CURVE('',#27,(#31,#84),.PCURVE_S1.);
#27 = B_SPLINE_CURVE_WITH_KNOTS('',2,(#28,#29,#30),.UNSPECIFIED.,.F.,.F.
  ,(3,3),(0.,1.),.PIECEWISE_BEZIER_KNOTS.);
#28 = CARTESIAN_POINT('',(14.51392,8.646711388483E-15,18.));
#29 = CARTESIAN_POINT('',(26.644163668544,-2.301054359164E-15,
    -69.85658132125));
#30 = CARTESIAN_POINT('',(10.76032,-2.683319591813E-15,-158.));
#31 = PCURVE('',#32,#78);
#32 = B_SPLINE_SURFACE_WITH_KNOTS('',14,2,(
    (#33,#34,#35)
    ,(#36,#37,#38)
    ,(#39,#40,#41)
    ,(#42,#43,#44)
    ,(#45,#46,#47)
    ,(#48,#49,#50)
    ,(#51,#52,#53)
    ,(#54,#55,#56)
    ,(#57,#58,#59)
    ,(#60,#61,#62)
    ,(#63,#64,#65)
    ,(#66,#67,#68)
    ,(#69,#70,#71)
    ,(#72,#73,#74)
    ,(#75,#76,#77
    )),.UNSPECIFIED.,.T.,.F.,.F.,(15,15),(3,3),(0.,1.),(0.,1.),
  .PIECEWISE_BEZIER_KNOTS.);
#33 = CARTESIAN_POINT('',(14.51392,8.646711388483E-15,18.));
#34 = CARTESIAN_POINT('',(26.644163668544,-2.301054359164E-15,
    -69.85658132125));
#35 = CARTESIAN_POINT('',(10.76032,-2.683319591813E-15,-158.));
#36 = CARTESIAN_POINT('',(14.513920000002,4.487989505132,18.));
#37 = CARTESIAN_POINT('',(26.644163668548,5.897852865506,-69.85658132125
    ));
#38 = CARTESIAN_POINT('',(10.760319999999,3.141592653591,-158.));
#39 = CARTESIAN_POINT('',(11.365642314692,8.975980666875,18.));
#40 = CARTESIAN_POINT('',(23.979514222971,11.795707908036,
    -69.85658132125));
#41 = CARTESIAN_POINT('',(8.426252060903,6.283186466815,-158.));
#42 = CARTESIAN_POINT('',(5.06908291934,12.328193465735,18.));
#43 = CARTESIAN_POINT('',(18.650211925435,16.200989568992,
    -69.85658132125));
#44 = CARTESIAN_POINT('',(3.75811319879,8.629735426006,-158.));
#45 = CARTESIAN_POINT('',(-3.43414753347,13.408975958254,18.));
#46 = CARTESIAN_POINT('',(11.453220244022,17.621290599836,
    -69.85658132125));
#47 = CARTESIAN_POINT('',(-2.546005929923,9.386283170795,-158.));
#48 = CARTESIAN_POINT('',(-12.26100635304,11.489768610112,18.));
#49 = CARTESIAN_POINT('',(3.982314939628,15.099180745322,-69.85658132125
    ));
#50 = CARTESIAN_POINT('',(-9.090056434255,8.042838027052,-158.));
#51 = CARTESIAN_POINT('',(-18.99932653453,6.658852452629,18.));
#52 = CARTESIAN_POINT('',(-1.720886280679,8.750673764703,-69.85658132125
    ));
#53 = CARTESIAN_POINT('',(-14.08570760304,4.661196716876,-158.));
#54 = CARTESIAN_POINT('',(-21.53616962385,1.500601675017E-10,18.));
#55 = CARTESIAN_POINT('',(-3.868027735704,1.715100619839E-10,
    -69.85658132125));
#56 = CARTESIAN_POINT('',(-15.96647058335,6.620854704855E-11,-158.));
#57 = CARTESIAN_POINT('',(-18.99932653453,-6.658852452904,18.));
#58 = CARTESIAN_POINT('',(-1.720886280695,-8.750673765018,
    -69.85658132125));
#59 = CARTESIAN_POINT('',(-14.08570760305,-4.661196716997,-158.));
#60 = CARTESIAN_POINT('',(-12.26100635304,-11.4897686099,18.));
#61 = CARTESIAN_POINT('',(3.982314939649,-15.09918074507,-69.85658132125
    ));
#62 = CARTESIAN_POINT('',(-9.090056434251,-8.042838026958,-158.));
#63 = CARTESIAN_POINT('',(-3.434147533471,-13.40897595838,18.));
#64 = CARTESIAN_POINT('',(11.453220244004,-17.62129059999,
    -69.85658132125));
#65 = CARTESIAN_POINT('',(-2.546005929927,-9.386283170854,-158.));
#66 = CARTESIAN_POINT('',(5.06908291934,-12.32819346566,18.));
#67 = CARTESIAN_POINT('',(18.650211925445,-16.20098956891,
    -69.85658132125));
#68 = CARTESIAN_POINT('',(3.758113198793,-8.629735425976,-158.));
#69 = CARTESIAN_POINT('',(11.365642314693,-8.975980666898,18.));
#70 = CARTESIAN_POINT('',(23.979514222967,-11.79570790806,
    -69.85658132125));
#71 = CARTESIAN_POINT('',(8.426252060902,-6.283186466826,-158.));
#72 = CARTESIAN_POINT('',(14.513920000002,-4.487989505126,18.));
#73 = CARTESIAN_POINT('',(26.644163668549,-5.8978528655,-69.85658132125)
  );
#74 = CARTESIAN_POINT('',(10.76032,-3.141592653589,-158.));
#75 = CARTESIAN_POINT('',(14.51392,-1.266957077649E-14,18.));
#76 = CARTESIAN_POINT('',(26.644163668543,-2.210128798172E-15,
    -69.85658132125));
#77 = CARTESIAN_POINT('',(10.76032,-2.683319656332E-15,-158.));
#78 = DEFINITIONAL_REPRESENTATION('',(#79),#83);
#79 = LINE('',#80,#81);
#80 = CARTESIAN_POINT('',(0.,0.));
#81 = VECTOR('',#82,1.);
#82 = DIRECTION('',(0.,1.));
#83 = ( GEOMETRIC_REPRESENTATION_CONTEXT(2) 
PARAMETRIC_REPRESENTATION_CONTEXT() REPRESENTATION_CONTEXT('2D SPACE',''
  ) );
#84 = PCURVE('',#32,#85);
#85 = DEFINITIONAL_REPRESENTATION('',(#86),#90);
#86 = LINE('',#87,#88);
#87 = CARTESIAN_POINT('',(1.,0.));
#88 = VECTOR('',#89,1.);
#89 = DIRECTION('',(0.,1.));
#90 = ( GEOMETRIC_REPRESENTATION_CONTEXT(2) 
PARAMETRIC_REPRESENTATION_CONTEXT() REPRESENTATION_CONTEXT('2D SPACE',''
  ) );
#91 = ORIENTED_EDGE('',*,*,#92,.T.);
#92 = EDGE_CURVE('',#22,#22,#93,.T.);
#93 = SURFACE_CURVE('',#94,(#110,#117),.PCURVE_S1.);
#94 = B_SPLINE_CURVE_WITH_KNOTS('',14,(#95,#96,#97,#98,#99,#100,#101,
    #102,#103,#104,#105,#106,#107,#108,#109),.UNSPECIFIED.,.T.,.F.,(15,
    15),(0.,1.),.PIECEWISE_BEZIER_KNOTS.);
#95 = CARTESIAN_POINT('',(14.51392,8.646711388483E-15,18.));
#96 = CARTESIAN_POINT('',(14.513920000002,4.487989505132,18.));
#97 = CARTESIAN_POINT('',(11.365642314692,8.975980666875,18.));
#98 = CARTESIAN_POINT('',(5.06908291934,12.328193465735,18.));
#99 = CARTESIAN_POINT('',(-3.43414753347,13.408975958254,18.));
#100 = CARTESIAN_POINT('',(-12.26100635304,11.489768610112,18.));
#101 = CARTESIAN_POINT('',(-18.99932653453,6.658852452629,18.));
#102 = CARTESIAN_POINT('',(-21.53616962385,1.500601675017E-10,18.));
#103 = CARTESIAN_POINT('',(-18.99932653453,-6.658852452904,18.));
#104 = CARTESIAN_POINT('',(-12.26100635304,-11.4897686099,18.));
#105 = CARTESIAN_POINT('',(-3.434147533471,-13.40897595838,18.));
#106 = CARTESIAN_POINT('',(5.06908291934,-12.32819346566,18.));
#107 = CARTESIAN_POINT('',(11.365642314693,-8.975980666898,18.));
#108 = CARTESIAN_POINT('',(14.513920000002,-4.487989505126,18.));
#109 = CARTESIAN_POINT('',(14.51392,-1.266957077649E-14,18.));
#110 = PCURVE('',#32,#111);
#111 = DEFINITIONAL_REPRESENTATION('',(#112),#116);
#112 = LINE('',#113,#114);
#113 = CARTESIAN_POINT('',(0.,0.));
#114 = VECTOR('',#115,1.);
#115 = DIRECTION('',(1.,0.));
#116 = ( GEOMETRIC_REPRESENTATION_CONTEXT(2) 
PARAMETRIC_REPRESENTATION_CONTEXT() REPRESENTATION_CONTEXT('2D SPACE',''
  ) );
#117 = PCURVE('',#118,#123);
#118 = PLANE('',#119);
#119 = AXIS2_PLACEMENT_3D('',#120,#121,#122);
#120 = CARTESIAN_POINT('',(14.51392,8.646711388483E-15,18.));
#121 = DIRECTION('',(0.,0.,1.));
#122 = DIRECTION('',(-1.,-2.290321961468E-16,0.));
#123 = DEFINITIONAL_REPRESENTATION('',(#124),#140);
#124 = B_SPLINE_CURVE_WITH_KNOTS('',14,(#125,#126,#127,#128,#129,#130,
    #131,#132,#133,#134,#135,#136,#137,#138,#139),.UNSPECIFIED.,.T.,.F.,
  (15,15),(0.,1.),.PIECEWISE_BEZIER_KNOTS.);
#125 = CARTESIAN_POINT('',(0.,0.));
#126 = CARTESIAN_POINT('',(-2.194828590752E-12,-4.487989505131));
#127 = CARTESIAN_POINT('',(3.148277685308,-8.975980666875));
#128 = CARTESIAN_POINT('',(9.44483708066,-12.32819346573));
#129 = CARTESIAN_POINT('',(17.94806753347,-13.40897595825));
#130 = CARTESIAN_POINT('',(26.774926353042,-11.48976861011));
#131 = CARTESIAN_POINT('',(33.513246534531,-6.658852452629));
#132 = CARTESIAN_POINT('',(36.050089623852,-1.500597774215E-10));
#133 = CARTESIAN_POINT('',(33.513246534532,6.658852452904));
#134 = CARTESIAN_POINT('',(26.774926353041,11.489768609902));
#135 = CARTESIAN_POINT('',(17.948067533471,13.408975958386));
#136 = CARTESIAN_POINT('',(9.44483708066,12.328193465669));
#137 = CARTESIAN_POINT('',(3.148277685307,8.975980666898));
#138 = CARTESIAN_POINT('',(-2.103954960597E-12,4.487989505126));
#139 = CARTESIAN_POINT('',(-5.329070518201E-15,2.131628216497E-14));
#140 = ( GEOMETRIC_REPRESENTATION_CONTEXT(2) 
PARAMETRIC_REPRESENTATION_CONTEXT() REPRESENTATION_CONTEXT('2D SPACE',''
  ) );
#141 = ORIENTED_EDGE('',*,*,#21,.T.);
#142 = ORIENTED_EDGE('',*,*,#143,.T.);
#143 = EDGE_CURVE('',#24,#144,#146,.T.);
#144 = VERTEX_POINT('',#145);
#145 = CARTESIAN_POINT('',(13.6,-1.158938153186,-140.));
#146 = SURFACE_CURVE('',#147,(#164,#184),.PCURVE_S1.);
#147 = B_SPLINE_CURVE_WITH_KNOTS('',8,(#148,#149,#150,#151,#152,#153,
    #154,#155,#156,#157,#158,#159,#160,#161,#162,#163),.UNSPECIFIED.,.F.
  ,.F.,(9,7,9),(0.,0.496429584692,1.),.UNSPECIFIED.);
#148 = CARTESIAN_POINT('',(13.562701758996,-1.7763568394E-14,
    -141.0065391182));
#149 = CARTESIAN_POINT('',(13.562701758996,-6.551773966997E-02,
    -141.0065391182));
#150 = CARTESIAN_POINT('',(13.563516720728,-0.134975384833,
    -140.9955613164));
#151 = CARTESIAN_POINT('',(13.565314255878,-0.207965550361,
    -140.9713194575));
#152 = CARTESIAN_POINT('',(13.568167738335,-0.283663062075,
    -140.932258317));
#153 = CARTESIAN_POINT('',(13.571828057643,-0.361321847907,
    -140.8794100776));
#154 = CARTESIAN_POINT('',(13.575842860131,-0.439803923229,
    -140.8155322629));
#155 = CARTESIAN_POINT('',(13.579823957365,-0.517430278226,
    -140.744245679));
#156 = CARTESIAN_POINT('',(13.587197653101,-0.667500304117,
    -140.5947606535));
#157 = CARTESIAN_POINT('',(13.590635464107,-0.740956990711,
    -140.5153774552));
#158 = CARTESIAN_POINT('',(13.593640574091,-0.812924335391,
    -140.4332413065));
#159 = CARTESIAN_POINT('',(13.59612674,-0.883716743153,-140.3490900902)
  );
#160 = CARTESIAN_POINT('',(13.598038892638,-0.953550123385,
    -140.2634134098));
#161 = CARTESIAN_POINT('',(13.59933864602,-1.022602709219,
    -140.1765540515));
#162 = CARTESIAN_POINT('',(13.6,-1.0910173908,-140.0887095066));
#163 = CARTESIAN_POINT('',(13.6,-1.158938153186,-140.));
#164 = PCURVE('',#32,#165);
#165 = DEFINITIONAL_REPRESENTATION('',(#166),#183);
#166 = B_SPLINE_CURVE_WITH_KNOTS('',8,(#167,#168,#169,#170,#171,#172,
    #173,#174,#175,#176,#177,#178,#179,#180,#181,#182),.UNSPECIFIED.,.F.
  ,.F.,(9,7,9),(0.,0.496429584692,1.),.UNSPECIFIED.);
#167 = CARTESIAN_POINT('',(1.,0.903588223852));
#168 = CARTESIAN_POINT('',(0.998712327618,0.903588223852));
#169 = CARTESIAN_POINT('',(0.997347221084,0.903525931924));
#170 = CARTESIAN_POINT('',(0.995912974872,0.903388375043));
#171 = CARTESIAN_POINT('',(0.994426235426,0.903166728257));
#172 = CARTESIAN_POINT('',(0.992902195609,0.902866848292));
#173 = CARTESIAN_POINT('',(0.991363443664,0.902504381961));
#174 = CARTESIAN_POINT('',(0.989842865002,0.902099874825));
#175 = CARTESIAN_POINT('',(0.986905547985,0.901251638667));
#176 = CARTESIAN_POINT('',(0.985469016789,0.900801186854));
#177 = CARTESIAN_POINT('',(0.984062700656,0.900335112923));
#178 = CARTESIAN_POINT('',(0.982680281387,0.899857603834));
#179 = CARTESIAN_POINT('',(0.981317377479,0.899371437744));
#180 = CARTESIAN_POINT('',(0.979970354108,0.898878559725));
#181 = CARTESIAN_POINT('',(0.97863627644,0.898380090394));
#182 = CARTESIAN_POINT('',(0.977312194776,0.89787671193));
#183 = ( GEOMETRIC_REPRESENTATION_CONTEXT(2) 
PARAMETRIC_REPRESENTATION_CONTEXT() REPRESENTATION_CONTEXT('2D SPACE',''
  ) );
#184 = PCURVE('',#185,#190);
#185 = CYLINDRICAL_SURFACE('',#186,13.6);
#186 = AXIS2_PLACEMENT_3D('',#187,#188,#189);
#187 = CARTESIAN_POINT('',(0.,3.5,-140.));
#188 = DIRECTION('',(-0.,1.,-0.));
#189 = DIRECTION('',(1.,0.,0.));
#190 = DEFINITIONAL_REPRESENTATION('',(#191),#208);
#191 = B_SPLINE_CURVE_WITH_KNOTS('',8,(#192,#193,#194,#195,#196,#197,
    #198,#199,#200,#201,#202,#203,#204,#205,#206,#207),.UNSPECIFIED.,.F.
  ,.F.,(9,7,9),(0.,0.496429584692,1.),.UNSPECIFIED.);
#192 = CARTESIAN_POINT('',(-6.209107345468,-3.5));
#193 = CARTESIAN_POINT('',(-6.209107345468,-3.56551773967));
#194 = CARTESIAN_POINT('',(-6.209916759007,-3.634975384833));
#195 = CARTESIAN_POINT('',(-6.211704136216,-3.707965550361));
#196 = CARTESIAN_POINT('',(-6.214583948022,-3.783663062076));
#197 = CARTESIAN_POINT('',(-6.218479075747,-3.861321847907));
#198 = CARTESIAN_POINT('',(-6.223185054526,-3.939803923229));
#199 = CARTESIAN_POINT('',(-6.228434773094,-4.017430278226));
#200 = CARTESIAN_POINT('',(-6.239439683193,-4.167500304117));
#201 = CARTESIAN_POINT('',(-6.245282048542,-4.240956990711));
#202 = CARTESIAN_POINT('',(-6.251325282939,-4.312924335391));
#203 = CARTESIAN_POINT('',(-6.257515260626,-4.383716743153));
#204 = CARTESIAN_POINT('',(-6.263816251809,-4.453550123385));
#205 = CARTESIAN_POINT('',(-6.270203391424,-4.522602709219));
#206 = CARTESIAN_POINT('',(-6.276662549334,-4.5910173908));
#207 = CARTESIAN_POINT('',(-6.28318530718,-4.658938153186));
#208 = ( GEOMETRIC_REPRESENTATION_CONTEXT(2) 
PARAMETRIC_REPRESENTATION_CONTEXT() REPRESENTATION_CONTEXT('2D SPACE',''
  ) );
#209 = ORIENTED_EDGE('',*,*,#210,.F.);
#210 = EDGE_CURVE('',#211,#144,#213,.T.);
#211 = VERTEX_POINT('',#212);
#212 = CARTESIAN_POINT('',(13.6,-3.5,-133.8272689318));
#213 = SURFACE_CURVE('',#214,(#245,#279),.PCURVE_S1.);
#214 = B_SPLINE_CURVE_WITH_KNOTS('',8,(#215,#216,#217,#218,#219,#220,
    #221,#222,#223,#224,#225,#226,#227,#228,#229,#230,#231,#232,#233,
    #234,#235,#236,#237,#238,#239,#240,#241,#242,#243,#244),
  .UNSPECIFIED.,.F.,.F.,(9,7,7,7,9),(0.,0.3059546793,0.593165034086,
    0.786329164987,1.),.UNSPECIFIED.);
#215 = CARTESIAN_POINT('',(13.6,-3.5,-133.8272689318));
#216 = CARTESIAN_POINT('',(13.6,-3.443717649274,-134.0521186002));
#217 = CARTESIAN_POINT('',(13.6,-3.37729811189,-134.3131030463));
#218 = CARTESIAN_POINT('',(13.6,-3.3057709428,-134.5874236809));
#219 = CARTESIAN_POINT('',(13.6,-3.232570039744,-134.8600953888));
#220 = CARTESIAN_POINT('',(13.6,-3.159756859037,-135.1239844793));
#221 = CARTESIAN_POINT('',(13.6,-3.087340866214,-135.3795953949));
#222 = CARTESIAN_POINT('',(13.6,-3.013132800258,-135.6350146396));
#223 = CARTESIAN_POINT('',(13.6,-2.855274637823,-136.1596038357));
#224 = CARTESIAN_POINT('',(13.6,-2.776701011989,-136.4129485198));
#225 = CARTESIAN_POINT('',(13.6,-2.695788859293,-136.6655691992));
#226 = CARTESIAN_POINT('',(13.6,-2.612308180548,-136.9173725268));
#227 = CARTESIAN_POINT('',(13.6,-2.525981500649,-137.1682282093));
#228 = CARTESIAN_POINT('',(13.6,-2.436473090103,-137.4179653526));
#229 = CARTESIAN_POINT('',(13.6,-2.343355997049,-137.6663610616));
#230 = CARTESIAN_POINT('',(13.6,-2.180570149969,-138.0790631462));
#231 = CARTESIAN_POINT('',(13.6,-2.115209115418,-138.2391962684));
#232 = CARTESIAN_POINT('',(13.6,-2.049942413909,-138.3935555479));
#233 = CARTESIAN_POINT('',(13.6,-1.98476729592,-138.5421837982));
#234 = CARTESIAN_POINT('',(13.6,-1.919680964734,-138.685121335));
#235 = CARTESIAN_POINT('',(13.6,-1.854680576442,-138.822405976));
#236 = CARTESIAN_POINT('',(13.6,-1.789763239944,-138.954073041));
#237 = CARTESIAN_POINT('',(13.6,-1.653205540098,-139.2196228215));
#238 = CARTESIAN_POINT('',(13.6,-1.582371663789,-139.3507242205));
#239 = CARTESIAN_POINT('',(13.6,-1.511682259869,-139.4751916061));
#240 = CARTESIAN_POINT('',(13.6,-1.440658488561,-139.5938658274));
#241 = CARTESIAN_POINT('',(13.6,-1.369166631578,-139.7067440395));
#242 = CARTESIAN_POINT('',(13.6,-1.29753510675,-139.8130565291));
#243 = CARTESIAN_POINT('',(13.6,-1.226770712836,-139.9114056925));
#244 = CARTESIAN_POINT('',(13.6,-1.158938153186,-140.));
#245 = PCURVE('',#32,#246);
#246 = DEFINITIONAL_REPRESENTATION('',(#247),#278);
#247 = B_SPLINE_CURVE_WITH_KNOTS('',8,(#248,#249,#250,#251,#252,#253,
    #254,#255,#256,#257,#258,#259,#260,#261,#262,#263,#264,#265,#266,
    #267,#268,#269,#270,#271,#272,#273,#274,#275,#276,#277),
  .UNSPECIFIED.,.F.,.F.,(9,7,7,7,9),(0.,0.3059546793,0.593165034086,
    0.786329164987,1.),.UNSPECIFIED.);
#248 = CARTESIAN_POINT('',(0.932540776008,0.862847805037));
#249 = CARTESIAN_POINT('',(0.933590720712,0.864123850782));
#250 = CARTESIAN_POINT('',(0.934831449455,0.865604959168));
#251 = CARTESIAN_POINT('',(0.936170171427,0.867161742373));
#252 = CARTESIAN_POINT('',(0.937543300414,0.86870915755));
#253 = CARTESIAN_POINT('',(0.93891193756,0.870206722742));
#254 = CARTESIAN_POINT('',(0.940275670538,0.871657301953));
#255 = CARTESIAN_POINT('',(0.941675588429,0.873106786404));
#256 = CARTESIAN_POINT('',(0.944660418784,0.876083771484));
#257 = CARTESIAN_POINT('',(0.946148960789,0.877521466532));
#258 = CARTESIAN_POINT('',(0.947684795132,0.878955045273));
#259 = CARTESIAN_POINT('',(0.949272531739,0.880383978055));
#260 = CARTESIAN_POINT('',(0.950917726041,0.881807525578));
#261 = CARTESIAN_POINT('',(0.952627091568,0.883224718165));
#262 = CARTESIAN_POINT('',(0.954409149267,0.884634291079));
#263 = CARTESIAN_POINT('',(0.957531351085,0.886976242444));
#264 = CARTESIAN_POINT('',(0.958786732335,0.887884943022));
#265 = CARTESIAN_POINT('',(0.960042015429,0.888760876007));
#266 = CARTESIAN_POINT('',(0.961297194052,0.889604284732));
#267 = CARTESIAN_POINT('',(0.962552261554,0.890415398334));
#268 = CARTESIAN_POINT('',(0.963807210951,0.89119443175));
#269 = CARTESIAN_POINT('',(0.965062034924,0.89194158572));
#270 = CARTESIAN_POINT('',(0.967704617303,0.893448462682));
#271 = CARTESIAN_POINT('',(0.969077085812,0.894192402514));
#272 = CARTESIAN_POINT('',(0.970448339923,0.894898695427));
#273 = CARTESIAN_POINT('',(0.971827595673,0.895572113156));
#274 = CARTESIAN_POINT('',(0.973217426789,0.896212639805));
#275 = CARTESIAN_POINT('',(0.974611411233,0.896815907918));
#276 = CARTESIAN_POINT('',(0.97598983258,0.89737398716));
#277 = CARTESIAN_POINT('',(0.977312194776,0.89787671193));
#278 = ( GEOMETRIC_REPRESENTATION_CONTEXT(2) 
PARAMETRIC_REPRESENTATION_CONTEXT() REPRESENTATION_CONTEXT('2D SPACE',''
  ) );
#279 = PCURVE('',#280,#285);
#280 = PLANE('',#281);
#281 = AXIS2_PLACEMENT_3D('',#282,#283,#284);
#282 = CARTESIAN_POINT('',(13.6,3.5,-140.));
#283 = DIRECTION('',(-1.,0.,0.));
#284 = DIRECTION('',(0.,0.,1.));
#285 = DEFINITIONAL_REPRESENTATION('',(#286),#317);
#286 = B_SPLINE_CURVE_WITH_KNOTS('',8,(#287,#288,#289,#290,#291,#292,
    #293,#294,#295,#296,#297,#298,#299,#300,#301,#302,#303,#304,#305,
    #306,#307,#308,#309,#310,#311,#312,#313,#314,#315,#316),
  .UNSPECIFIED.,.F.,.F.,(9,7,7,7,9),(0.,0.3059546793,0.593165034086,
    0.786329164987,1.),.UNSPECIFIED.);
#287 = CARTESIAN_POINT('',(6.172731068116,-7.));
#288 = CARTESIAN_POINT('',(5.947881399719,-6.943717649274));
#289 = CARTESIAN_POINT('',(5.686896953654,-6.87729811189));
#290 = CARTESIAN_POINT('',(5.412576319044,-6.8057709428));
#291 = CARTESIAN_POINT('',(5.139904611126,-6.732570039744));
#292 = CARTESIAN_POINT('',(4.876015520676,-6.659756859037));
#293 = CARTESIAN_POINT('',(4.62040460508,-6.587340866214));
#294 = CARTESIAN_POINT('',(4.36498536035,-6.513132800258));
#295 = CARTESIAN_POINT('',(3.840396164201,-6.355274637823));
#296 = CARTESIAN_POINT('',(3.587051480119,-6.276701011989));
#297 = CARTESIAN_POINT('',(3.334430800736,-6.195788859293));
#298 = CARTESIAN_POINT('',(3.082627473185,-6.112308180548));
#299 = CARTESIAN_POINT('',(2.831771790672,-6.025981500649));
#300 = CARTESIAN_POINT('',(2.58203464738,-5.936473090103));
#301 = CARTESIAN_POINT('',(2.333638938363,-5.843355997049));
#302 = CARTESIAN_POINT('',(1.920936853759,-5.680570149969));
#303 = CARTESIAN_POINT('',(1.760803731533,-5.615209115418));
#304 = CARTESIAN_POINT('',(1.606444452062,-5.549942413909));
#305 = CARTESIAN_POINT('',(1.457816201742,-5.48476729592));
#306 = CARTESIAN_POINT('',(1.314878664923,-5.419680964734));
#307 = CARTESIAN_POINT('',(1.177594023908,-5.354680576442));
#308 = CARTESIAN_POINT('',(1.045926958957,-5.289763239944));
#309 = CARTESIAN_POINT('',(0.780377178443,-5.153205540098));
#310 = CARTESIAN_POINT('',(0.64927577941,-5.082371663789));
#311 = CARTESIAN_POINT('',(0.524808393898,-5.011682259869));
#312 = CARTESIAN_POINT('',(0.406134172511,-4.940658488561));
#313 = CARTESIAN_POINT('',(0.29325596045,-4.869166631578));
#314 = CARTESIAN_POINT('',(0.186943470823,-4.79753510675));
#315 = CARTESIAN_POINT('',(8.859430744217E-02,-4.726770712836));
#316 = CARTESIAN_POINT('',(0.,-4.658938153186));
#317 = ( GEOMETRIC_REPRESENTATION_CONTEXT(2) 
PARAMETRIC_REPRESENTATION_CONTEXT() REPRESENTATION_CONTEXT('2D SPACE',''
  ) );
#318 = ORIENTED_EDGE('',*,*,#319,.T.);
#319 = EDGE_CURVE('',#211,#320,#322,.T.);
#320 = VERTEX_POINT('',#321);
#321 = CARTESIAN_POINT('',(11.361307985553,-3.5,-147.4753381767));
#322 = SURFACE_CURVE('',#323,(#332,#344),.PCURVE_S1.);
#323 = B_SPLINE_CURVE_WITH_KNOTS('',7,(#324,#325,#326,#327,#328,#329,
    #330,#331),.UNSPECIFIED.,.F.,.F.,(8,8),(0.,1.),
  .PIECEWISE_BEZIER_KNOTS.);
#324 = CARTESIAN_POINT('',(13.6,-3.5,-133.8272689318));
#325 = CARTESIAN_POINT('',(13.178900711186,-3.5,-136.6623324816));
#326 = CARTESIAN_POINT('',(12.737730626782,-3.5,-139.4943990202));
#327 = CARTESIAN_POINT('',(12.276041968154,-3.5,-142.3232503846));
#328 = CARTESIAN_POINT('',(11.793265393454,-3.5,-145.148615119));
#329 = CARTESIAN_POINT('',(11.28864651363,-3.5,-147.9701571229));
#330 = CARTESIAN_POINT('',(10.761178846934,-3.5,-150.787464028));
#331 = CARTESIAN_POINT('',(10.209334806961,-3.5,-153.6));
#332 = PCURVE('',#32,#333);
#333 = DEFINITIONAL_REPRESENTATION('',(#334),#343);
#334 = B_SPLINE_CURVE_WITH_KNOTS('',7,(#335,#336,#337,#338,#339,#340,
    #341,#342),.UNSPECIFIED.,.F.,.F.,(8,8),(0.,1.),
  .PIECEWISE_BEZIER_KNOTS.);
#335 = CARTESIAN_POINT('',(0.932540776008,0.862847805037));
#336 = CARTESIAN_POINT('',(0.931218846659,0.878937091732));
#337 = CARTESIAN_POINT('',(0.929788521972,0.895008386829));
#338 = CARTESIAN_POINT('',(0.928236751247,0.91106045619));
#339 = CARTESIAN_POINT('',(0.926547684483,0.927091763673));
#340 = CARTESIAN_POINT('',(0.924701485264,0.943100406914));
#341 = CARTESIAN_POINT('',(0.922673001948,0.959084051565));
#342 = CARTESIAN_POINT('',(0.9204272489,0.975039663931));
#343 = ( GEOMETRIC_REPRESENTATION_CONTEXT(2) 
PARAMETRIC_REPRESENTATION_CONTEXT() REPRESENTATION_CONTEXT('2D SPACE',''
  ) );
#344 = PCURVE('',#345,#350);
#345 = PLANE('',#346);
#346 = AXIS2_PLACEMENT_3D('',#347,#348,#349);
#347 = CARTESIAN_POINT('',(-4.021882742763E-16,-3.5,1.053579881492E-15)
  );
#348 = DIRECTION('',(0.,-1.,0.));
#349 = DIRECTION('',(1.,0.,0.));
#350 = DEFINITIONAL_REPRESENTATION('',(#351),#360);
#351 = B_SPLINE_CURVE_WITH_KNOTS('',7,(#352,#353,#354,#355,#356,#357,
    #358,#359),.UNSPECIFIED.,.F.,.F.,(8,8),(0.,1.),
  .PIECEWISE_BEZIER_KNOTS.);
#352 = CARTESIAN_POINT('',(13.6,-133.8272689318));
#353 = CARTESIAN_POINT('',(13.178900711186,-136.6623324816));
#354 = CARTESIAN_POINT('',(12.737730626782,-139.4943990202));
#355 = CARTESIAN_POINT('',(12.276041968154,-142.3232503846));
#356 = CARTESIAN_POINT('',(11.793265393454,-145.148615119));
#357 = CARTESIAN_POINT('',(11.28864651363,-147.9701571229));
#358 = CARTESIAN_POINT('',(10.761178846934,-150.787464028));
#359 = CARTESIAN_POINT('',(10.209334806961,-153.6));
#360 = ( GEOMETRIC_REPRESENTATION_CONTEXT(2) 
PARAMETRIC_REPRESENTATION_CONTEXT() REPRESENTATION_CONTEXT('2D SPACE',''
  ) );
#361 = ORIENTED_EDGE('',*,*,#362,.F.);
#362 = EDGE_CURVE('',#363,#320,#365,.T.);
#363 = VERTEX_POINT('',#364);
#364 = CARTESIAN_POINT('',(13.252494591598,-2.542536479959E-15,
    -143.0547319194));
#365 = SURFACE_CURVE('',#366,(#399,#435),.PCURVE_S1.);
#366 = B_SPLINE_CURVE_WITH_KNOTS('',7,(#367,#368,#369,#370,#371,#372,
    #373,#374,#375,#376,#377,#378,#379,#380,#381,#382,#383,#384,#385,
    #386,#387,#388,#389,#390,#391,#392,#393,#394,#395,#396,#397,#398),
  .UNSPECIFIED.,.F.,.F.,(8,6,6,6,6,8),(0.,7.240253157114E-02,
    0.200183179125,0.350373348266,0.612272572268,1.),.UNSPECIFIED.);
#367 = CARTESIAN_POINT('',(13.252494591598,-1.731947918415E-14,
    -143.0547319194));
#368 = CARTESIAN_POINT('',(13.252494591598,-4.939741945477E-02,
    -143.0547319194));
#369 = CARTESIAN_POINT('',(13.25098850149,-9.871942174255E-02,
    -143.0612916247));
#370 = CARTESIAN_POINT('',(13.248063811184,-0.147464754721,
    -143.0739704185));
#371 = CARTESIAN_POINT('',(13.243838956218,-0.195275869856,
    -143.0921716223));
#372 = CARTESIAN_POINT('',(13.238463317763,-0.241938922223,
    -143.1151424954));
#373 = CARTESIAN_POINT('',(13.23211722262,-0.287383770507,
    -143.1419742352));
#374 = CARTESIAN_POINT('',(13.212472088842,-0.40986783259,
    -143.2238909229));
#375 = CARTESIAN_POINT('',(13.197467280388,-0.484494096037,
    -143.2853964639));
#376 = CARTESIAN_POINT('',(13.180664369181,-0.556509845332,
    -143.3526477219));
#377 = CARTESIAN_POINT('',(13.162437948243,-0.626392301701,
    -143.4236757314));
#378 = CARTESIAN_POINT('',(13.143011779264,-0.694491985108,
    -143.4973362533));
#379 = CARTESIAN_POINT('',(13.122513524533,-0.761203699179,
    -143.5729675745));
#380 = CARTESIAN_POINT('',(13.075589076032,-0.904259935758,
    -143.7413757842));
#381 = CARTESIAN_POINT('',(13.048407674475,-0.98130269031,
    -143.8360760893));
#382 = CARTESIAN_POINT('',(13.019538281603,-1.05811934917,
    -143.9335413698));
#383 = CARTESIAN_POINT('',(12.98908756603,-1.134678713761,
    -144.0330892936));
#384 = CARTESIAN_POINT('',(12.957139244865,-1.210945950866,
    -144.1342176482));
#385 = CARTESIAN_POINT('',(12.923754827709,-1.286910804182,
    -144.2365607375));
#386 = CARTESIAN_POINT('',(12.828299113915,-1.49456013363,
    -144.5200535138));
#387 = CARTESIAN_POINT('',(12.763849454249,-1.624599501962,
    -144.7017456992));
#388 = CARTESIAN_POINT('',(12.69572661887,-1.753215042169,
    -144.8841452018));
#389 = CARTESIAN_POINT('',(12.623963055148,-1.880587189069,
    -145.0668845402));
#390 = CARTESIAN_POINT('',(12.548578419009,-2.006855166176,
    -145.2496667076));
#391 = CARTESIAN_POINT('',(12.469570119978,-2.132089910779,
    -145.4323012466));
#392 = CARTESIAN_POINT('',(12.264570356388,-2.440298736866,
    -145.8845687046));
#393 = CARTESIAN_POINT('',(12.134254273385,-2.622088681762,
    -146.1538187768));
#394 = CARTESIAN_POINT('',(11.995944056558,-2.801861093851,
    -146.4218642712));
#395 = CARTESIAN_POINT('',(11.84957397703,-2.979604884032,
    -146.6883549897));
#396 = CARTESIAN_POINT('',(11.695069338855,-3.155272588874,
    -146.9529630371));
#397 = CARTESIAN_POINT('',(11.532344761748,-3.328774596392,
    -147.2153899168));
#398 = CARTESIAN_POINT('',(11.361307386214,-3.5000006,-147.4753390876));
#399 = PCURVE('',#32,#400);
#400 = DEFINITIONAL_REPRESENTATION('',(#401),#434);
#401 = B_SPLINE_CURVE_WITH_KNOTS('',7,(#402,#403,#404,#405,#406,#407,
    #408,#409,#410,#411,#412,#413,#414,#415,#416,#417,#418,#419,#420,
    #421,#422,#423,#424,#425,#426,#427,#428,#429,#430,#431,#432,#433),
  .UNSPECIFIED.,.F.,.F.,(8,6,6,6,6,8),(0.,7.240253157114E-02,
    0.200183179125,0.350373348266,0.612272572268,1.),.UNSPECIFIED.);
#402 = CARTESIAN_POINT('',(1.,0.91521017412));
#403 = CARTESIAN_POINT('',(0.999014154502,0.91521017412));
#404 = CARTESIAN_POINT('',(0.998029821945,0.915247394806));
#405 = CARTESIAN_POINT('',(0.997056714389,0.915319336041));
#406 = CARTESIAN_POINT('',(0.99610173952,0.91542261216));
#407 = CARTESIAN_POINT('',(0.995169000649,0.915552951978));
#408 = CARTESIAN_POINT('',(0.994259796717,0.915705198784));
#409 = CARTESIAN_POINT('',(0.991806879758,0.916170004445));
#410 = CARTESIAN_POINT('',(0.990309585381,0.916518994339));
#411 = CARTESIAN_POINT('',(0.988861511716,0.916900585611));
#412 = CARTESIAN_POINT('',(0.987453042146,0.917303605976));
#413 = CARTESIAN_POINT('',(0.986077151856,0.917721562814));
#414 = CARTESIAN_POINT('',(0.984725880668,0.918150701447));
#415 = CARTESIAN_POINT('',(0.981820487039,0.919106262507));
#416 = CARTESIAN_POINT('',(0.980250806786,0.919643598268));
#417 = CARTESIAN_POINT('',(0.978680421663,0.920196621549));
#418 = CARTESIAN_POINT('',(0.977109681332,0.920761460653));
#419 = CARTESIAN_POINT('',(0.975539043539,0.921335265929));
#420 = CARTESIAN_POINT('',(0.973968484398,0.921915962354));
#421 = CARTESIAN_POINT('',(0.969657756654,0.923524501561));
#422 = CARTESIAN_POINT('',(0.96693858832,0.924555419817));
#423 = CARTESIAN_POINT('',(0.964228647236,0.925590347306));
#424 = CARTESIAN_POINT('',(0.961523146034,0.926627198918));
#425 = CARTESIAN_POINT('',(0.958818086395,0.927664289442));
#426 = CARTESIAN_POINT('',(0.956110785354,0.928700538254));
#427 = CARTESIAN_POINT('',(0.949383942465,0.931266645302));
#428 = CARTESIAN_POINT('',(0.945359232674,0.932794326471));
#429 = CARTESIAN_POINT('',(0.941317533416,0.934315164196));
#430 = CARTESIAN_POINT('',(0.937254612192,0.93582717168));
#431 = CARTESIAN_POINT('',(0.933166753795,0.937328488723));
#432 = CARTESIAN_POINT('',(0.92905083934,0.938817421984));
#433 = CARTESIAN_POINT('',(0.924903860352,0.940292289269));
#434 = ( GEOMETRIC_REPRESENTATION_CONTEXT(2) 
PARAMETRIC_REPRESENTATION_CONTEXT() REPRESENTATION_CONTEXT('2D SPACE',''
  ) );
#435 = PCURVE('',#436,#441);
#436 = CYLINDRICAL_SURFACE('',#437,13.6);
#437 = AXIS2_PLACEMENT_3D('',#438,#439,#440);
#438 = CARTESIAN_POINT('',(0.,3.5,-140.));
#439 = DIRECTION('',(-0.,1.,-0.));
#440 = DIRECTION('',(1.,0.,0.));
#441 = DEFINITIONAL_REPRESENTATION('',(#442),#475);
#442 = B_SPLINE_CURVE_WITH_KNOTS('',7,(#443,#444,#445,#446,#447,#448,
    #449,#450,#451,#452,#453,#454,#455,#456,#457,#458,#459,#460,#461,
    #462,#463,#464,#465,#466,#467,#468,#469,#470,#471,#472,#473,#474),
  .UNSPECIFIED.,.F.,.F.,(8,6,6,6,6,8),(0.,7.240253157114E-02,
    0.200183179125,0.350373348266,0.612272572268,1.),.UNSPECIFIED.);
#443 = CARTESIAN_POINT('',(-6.05663980537,-3.5));
#444 = CARTESIAN_POINT('',(-6.05663980537,-3.549397419455));
#445 = CARTESIAN_POINT('',(-6.056144921058,-3.598719421743));
#446 = CARTESIAN_POINT('',(-6.055188176355,-3.647464754721));
#447 = CARTESIAN_POINT('',(-6.05381427849,-3.695275869856));
#448 = CARTESIAN_POINT('',(-6.052079617997,-3.741938922223));
#449 = CARTESIAN_POINT('',(-6.050052268716,-3.787383770507));
#450 = CARTESIAN_POINT('',(-6.043858195841,-3.90986783259));
#451 = CARTESIAN_POINT('',(-6.039203129762,-3.984494096037));
#452 = CARTESIAN_POINT('',(-6.034106305706,-4.056509845332));
#453 = CARTESIAN_POINT('',(-6.028714648287,-4.126392301701));
#454 = CARTESIAN_POINT('',(-6.02311345419,-4.194491985108));
#455 = CARTESIAN_POINT('',(-6.017351839049,-4.261203699179));
#456 = CARTESIAN_POINT('',(-6.004497175647,-4.404259935758));
#457 = CARTESIAN_POINT('',(-5.997252983129,-4.48130269031));
#458 = CARTESIAN_POINT('',(-5.989779083372,-4.55811934917));
#459 = CARTESIAN_POINT('',(-5.982125150068,-4.634678713761));
#460 = CARTESIAN_POINT('',(-5.974327532479,-4.710945950866));
#461 = CARTESIAN_POINT('',(-5.966412410467,-4.786910804182));
#462 = CARTESIAN_POINT('',(-5.944417411196,-4.99456013363));
#463 = CARTESIAN_POINT('',(-5.930243924518,-5.124599501962));
#464 = CARTESIAN_POINT('',(-5.915930496877,-5.253215042169));
#465 = CARTESIAN_POINT('',(-5.901498490697,-5.380587189069));
#466 = CARTESIAN_POINT('',(-5.886963841851,-5.506855166176));
#467 = CARTESIAN_POINT('',(-5.872334284187,-5.632089910779));
#468 = CARTESIAN_POINT('',(-5.835822599216,-5.940298736866));
#469 = CARTESIAN_POINT('',(-5.813834833229,-6.122088681762));
#470 = CARTESIAN_POINT('',(-5.791668163388,-6.301861093851));
#471 = CARTESIAN_POINT('',(-5.76932579206,-6.479604884032));
#472 = CARTESIAN_POINT('',(-5.746808027836,-6.655272588874));
#473 = CARTESIAN_POINT('',(-5.724111585407,-6.828774596392));
#474 = CARTESIAN_POINT('',(-5.701231369068,-7.0000006));
#475 = ( GEOMETRIC_REPRESENTATION_CONTEXT(2) 
PARAMETRIC_REPRESENTATION_CONTEXT() REPRESENTATION_CONTEXT('2D SPACE',''
  ) );
#476 = ORIENTED_EDGE('',*,*,#477,.T.);
#477 = EDGE_CURVE('',#363,#478,#480,.T.);
#478 = VERTEX_POINT('',#479);
#479 = CARTESIAN_POINT('',(10.76032,0.,-158.));
#480 = SEAM_CURVE('',#481,(#485,#492),.PCURVE_S1.);
#481 = B_SPLINE_CURVE_WITH_KNOTS('',2,(#482,#483,#484),.UNSPECIFIED.,.F.
  ,.F.,(3,3),(0.,1.),.PIECEWISE_BEZIER_KNOTS.);
#482 = CARTESIAN_POINT('',(14.51392,8.646711388483E-15,18.));
#483 = CARTESIAN_POINT('',(26.644163668544,-2.301054359164E-15,
    -69.85658132125));
#484 = CARTESIAN_POINT('',(10.76032,-2.683319591813E-15,-158.));
#485 = PCURVE('',#32,#486);
#486 = DEFINITIONAL_REPRESENTATION('',(#487),#491);
#487 = LINE('',#488,#489);
#488 = CARTESIAN_POINT('',(1.,0.));
#489 = VECTOR('',#490,1.);
#490 = DIRECTION('',(0.,1.));
#491 = ( GEOMETRIC_REPRESENTATION_CONTEXT(2) 
PARAMETRIC_REPRESENTATION_CONTEXT() REPRESENTATION_CONTEXT('2D SPACE',''
  ) );
#492 = PCURVE('',#32,#493);
#493 = DEFINITIONAL_REPRESENTATION('',(#494),#498);
#494 = LINE('',#495,#496);
#495 = CARTESIAN_POINT('',(0.,0.));
#496 = VECTOR('',#497,1.);
#497 = DIRECTION('',(0.,1.));
#498 = ( GEOMETRIC_REPRESENTATION_CONTEXT(2) 
PARAMETRIC_REPRESENTATION_CONTEXT() REPRESENTATION_CONTEXT('2D SPACE',''
  ) );
#499 = ORIENTED_EDGE('',*,*,#500,.F.);
#500 = EDGE_CURVE('',#478,#478,#501,.T.);
#501 = SURFACE_CURVE('',#502,(#518,#525),.PCURVE_S1.);
#502 = B_SPLINE_CURVE_WITH_KNOTS('',14,(#503,#504,#505,#506,#507,#508,
    #509,#510,#511,#512,#513,#514,#515,#516,#517),.UNSPECIFIED.,.T.,.F.,
  (15,15),(0.,1.),.PIECEWISE_BEZIER_KNOTS.);
#503 = CARTESIAN_POINT('',(10.76032,-2.683319591813E-15,-158.));
#504 = CARTESIAN_POINT('',(10.760319999999,3.141592653591,-158.));
#505 = CARTESIAN_POINT('',(8.426252060903,6.283186466815,-158.));
#506 = CARTESIAN_POINT('',(3.75811319879,8.629735426006,-158.));
#507 = CARTESIAN_POINT('',(-2.546005929923,9.386283170795,-158.));
#508 = CARTESIAN_POINT('',(-9.090056434255,8.042838027052,-158.));
#509 = CARTESIAN_POINT('',(-14.08570760304,4.661196716876,-158.));
#510 = CARTESIAN_POINT('',(-15.96647058335,6.620854704855E-11,-158.));
#511 = CARTESIAN_POINT('',(-14.08570760305,-4.661196716997,-158.));
#512 = CARTESIAN_POINT('',(-9.090056434251,-8.042838026958,-158.));
#513 = CARTESIAN_POINT('',(-2.546005929927,-9.386283170854,-158.));
#514 = CARTESIAN_POINT('',(3.758113198793,-8.629735425976,-158.));
#515 = CARTESIAN_POINT('',(8.426252060902,-6.283186466826,-158.));
#516 = CARTESIAN_POINT('',(10.76032,-3.141592653589,-158.));
#517 = CARTESIAN_POINT('',(10.76032,-2.683319656332E-15,-158.));
#518 = PCURVE('',#32,#519);
#519 = DEFINITIONAL_REPRESENTATION('',(#520),#524);
#520 = LINE('',#521,#522);
#521 = CARTESIAN_POINT('',(0.,1.));
#522 = VECTOR('',#523,1.);
#523 = DIRECTION('',(1.,0.));
#524 = ( GEOMETRIC_REPRESENTATION_CONTEXT(2) 
PARAMETRIC_REPRESENTATION_CONTEXT() REPRESENTATION_CONTEXT('2D SPACE',''
  ) );
#525 = PCURVE('',#526,#531);
#526 = PLANE('',#527);
#527 = AXIS2_PLACEMENT_3D('',#528,#529,#530);
#528 = CARTESIAN_POINT('',(10.76032,-2.683319591813E-15,-158.));
#529 = DIRECTION('',(0.,0.,-1.));
#530 = DIRECTION('',(-1.,1.453213659942E-16,0.));
#531 = DEFINITIONAL_REPRESENTATION('',(#532),#548);
#532 = B_SPLINE_CURVE_WITH_KNOTS('',14,(#533,#534,#535,#536,#537,#538,
    #539,#540,#541,#542,#543,#544,#545,#546,#547),.UNSPECIFIED.,.T.,.F.,
  (15,15),(0.,1.),.PIECEWISE_BEZIER_KNOTS.);
#533 = CARTESIAN_POINT('',(0.,0.));
#534 = CARTESIAN_POINT('',(7.145519899747E-13,3.141592653591));
#535 = CARTESIAN_POINT('',(2.334067939097,6.283186466815));
#536 = CARTESIAN_POINT('',(7.00220680121,8.629735426006));
#537 = CARTESIAN_POINT('',(13.306325929923,9.386283170795));
#538 = CARTESIAN_POINT('',(19.850376434255,8.042838027052));
#539 = CARTESIAN_POINT('',(24.846027603049,4.661196716876));
#540 = CARTESIAN_POINT('',(26.726790583352,6.620734639443E-11));
#541 = CARTESIAN_POINT('',(24.846027603051,-4.661196716997));
#542 = CARTESIAN_POINT('',(19.850376434251,-8.042838026958));
#543 = CARTESIAN_POINT('',(13.306325929927,-9.386283170854));
#544 = CARTESIAN_POINT('',(7.002206801207,-8.629735425976));
#545 = CARTESIAN_POINT('',(2.334067939098,-6.283186466826));
#546 = CARTESIAN_POINT('',(4.898179471387E-13,-3.141592653589));
#547 = CARTESIAN_POINT('',(3.552713678801E-15,-6.45190091337E-23));
#548 = ( GEOMETRIC_REPRESENTATION_CONTEXT(2) 
PARAMETRIC_REPRESENTATION_CONTEXT() REPRESENTATION_CONTEXT('2D SPACE',''
  ) );
#549 = ORIENTED_EDGE('',*,*,#477,.F.);
#550 = ORIENTED_EDGE('',*,*,#551,.F.);
#551 = EDGE_CURVE('',#552,#363,#554,.T.);
#552 = VERTEX_POINT('',#553);
#553 = CARTESIAN_POINT('',(11.361307985553,3.5,-147.4753381767));
#554 = SURFACE_CURVE('',#555,(#593,#634),.PCURVE_S1.);
#555 = B_SPLINE_CURVE_WITH_KNOTS('',8,(#556,#557,#558,#559,#560,#561,
    #562,#563,#564,#565,#566,#567,#568,#569,#570,#571,#572,#573,#574,
    #575,#576,#577,#578,#579,#580,#581,#582,#583,#584,#585,#586,#587,
    #588,#589,#590,#591,#592),.UNSPECIFIED.,.F.,.F.,(9,7,7,7,7,9),(0.,
    0.38197351219,0.588677103407,0.803489277455,0.906165638522,1.),
  .UNSPECIFIED.);
#556 = CARTESIAN_POINT('',(11.361307386214,3.5000006,-147.4753390876));
#557 = CARTESIAN_POINT('',(11.50902262886,3.352122450027,-147.2508357898
    ));
#558 = CARTESIAN_POINT('',(11.650664157624,3.202581218406,
    -147.0245220017));
#559 = CARTESIAN_POINT('',(11.786287690482,3.051443317604,-146.796576011
    ));
#560 = CARTESIAN_POINT('',(11.915945423611,2.898765189856,
    -146.5671771383));
#561 = CARTESIAN_POINT('',(12.039684950731,2.744586027898,
    -146.3365150445));
#562 = CARTESIAN_POINT('',(12.157549227948,2.588926361095,
    -146.1047915868));
#563 = CARTESIAN_POINT('',(12.269574040788,2.431775447308,
    -145.8722362625));
#564 = CARTESIAN_POINT('',(12.433252094336,2.187156928623,-145.513025879
    ));
#565 = CARTESIAN_POINT('',(12.489019630716,2.100803711023,
    -145.3867441018));
#566 = CARTESIAN_POINT('',(12.543085798865,2.013977591574,-145.260358171
    ));
#567 = CARTESIAN_POINT('',(12.595451835517,1.926658529241,
    -145.1339257731));
#568 = CARTESIAN_POINT('',(12.646116745692,1.838820049214,-145.007514488
    ));
#569 = CARTESIAN_POINT('',(12.695076538579,1.750425160689,
    -144.8812071188));
#570 = CARTESIAN_POINT('',(12.74232240818,1.661417751608,-144.75511292)
  );
#571 = CARTESIAN_POINT('',(12.835138792528,1.478482086004,
    -144.4987244483));
#572 = CARTESIAN_POINT('',(12.880549866453,1.38453841753,-144.3685178289
    ));
#573 = CARTESIAN_POINT('',(12.924076474298,1.289741244176,
    -144.2388768765));
#574 = CARTESIAN_POINT('',(12.965693038825,1.193927250333,
    -144.1100220921));
#575 = CARTESIAN_POINT('',(13.005354579338,1.096923850794,-143.982253641
    ));
#576 = CARTESIAN_POINT('',(13.042963083128,0.99842627628,-143.8561407696
    ));
#577 = CARTESIAN_POINT('',(13.078396704883,0.898067189916,-143.732415013
    ));
#578 = CARTESIAN_POINT('',(13.127092219392,0.745471278051,
    -143.5556946137));
#579 = CARTESIAN_POINT('',(13.142093719117,0.696020912634,
    -143.5001426867));
#580 = CARTESIAN_POINT('',(13.156309814614,0.646471238228,
    -143.4464406316));
#581 = CARTESIAN_POINT('',(13.169692045163,0.596825353492,
    -143.3949028758));
#582 = CARTESIAN_POINT('',(13.182182176643,0.547088190611,
    -143.3459081695));
#583 = CARTESIAN_POINT('',(13.193712201526,0.497266515288,
    -143.2998995853));
#584 = CARTESIAN_POINT('',(13.204204338885,0.447368926751,
    -143.2573845185));
#585 = CARTESIAN_POINT('',(13.222131114649,0.351745370476,
    -143.1837959719));
#586 = CARTESIAN_POINT('',(13.230003865511,0.304952188967,-143.15097129)
  );
#587 = CARTESIAN_POINT('',(13.236988264632,0.256851256524,
    -143.1214772883));
#588 = CARTESIAN_POINT('',(13.242896795236,0.207401754368,
    -143.0962617822));
#589 = CARTESIAN_POINT('',(13.247555446107,0.156697101633,
    -143.0762037557));
#590 = CARTESIAN_POINT('',(13.250803711591,0.104964955367,
    -143.0621133612));
#591 = CARTESIAN_POINT('',(13.252494591598,5.256721053099E-02,
    -143.0547319194));
#592 = CARTESIAN_POINT('',(13.252494591598,2.452932107893E-16,
    -143.0547319194));
#593 = PCURVE('',#32,#594);
#594 = DEFINITIONAL_REPRESENTATION('',(#595),#633);
#595 = B_SPLINE_CURVE_WITH_KNOTS('',8,(#596,#597,#598,#599,#600,#601,
    #602,#603,#604,#605,#606,#607,#608,#609,#610,#611,#612,#613,#614,
    #615,#616,#617,#618,#619,#620,#621,#622,#623,#624,#625,#626,#627,
    #628,#629,#630,#631,#632),.UNSPECIFIED.,.F.,.F.,(9,7,7,7,7,9),(0.,
    0.38197351219,0.588677103407,0.803489277455,0.906165638522,1.),
  .UNSPECIFIED.);
#596 = CARTESIAN_POINT('',(7.509613964824E-02,0.940292289269));
#597 = CARTESIAN_POINT('',(7.151463001885E-02,0.939018530372));
#598 = CARTESIAN_POINT('',(6.795581546344E-02,0.937734493304));
#599 = CARTESIAN_POINT('',(6.441789083888E-02,0.936441189443));
#600 = CARTESIAN_POINT('',(6.089899529421E-02,0.935139636048));
#601 = CARTESIAN_POINT('',(5.739704682317E-02,0.933830909077));
#602 = CARTESIAN_POINT('',(5.390969886743E-02,0.932516153711));
#603 = CARTESIAN_POINT('',(5.043407832993E-02,0.93119667199));
#604 = CARTESIAN_POINT('',(4.508920696563E-02,0.929158559667));
#605 = CARTESIAN_POINT('',(4.321467498527E-02,0.92844205162));
#606 = CARTESIAN_POINT('',(4.134169716369E-02,0.927724950705));
#607 = CARTESIAN_POINT('',(3.946947551243E-02,0.927007584225));
#608 = CARTESIAN_POINT('',(3.759709251663E-02,0.92629033562));
#609 = CARTESIAN_POINT('',(3.572342870846E-02,0.925573674713));
#610 = CARTESIAN_POINT('',(3.384699060513E-02,0.924858221416));
#611 = CARTESIAN_POINT('',(3.001050601934E-02,0.923403479925));
#612 = CARTESIAN_POINT('',(2.805092038313E-02,0.922664688924));
#613 = CARTESIAN_POINT('',(2.608368723174E-02,0.921929105482));
#614 = CARTESIAN_POINT('',(2.410514180711E-02,0.921197980754));
#615 = CARTESIAN_POINT('',(2.211147014552E-02,0.920473017921));
#616 = CARTESIAN_POINT('',(2.009623541276E-02,0.919757446981));
#617 = CARTESIAN_POINT('',(1.805176159039E-02,0.919055418802));
#618 = CARTESIAN_POINT('',(1.495609091832E-02,0.918052693048));
#619 = CARTESIAN_POINT('',(1.395484623464E-02,0.917737486557));
#620 = CARTESIAN_POINT('',(1.295345932088E-02,0.917432776034));
#621 = CARTESIAN_POINT('',(1.195190939587E-02,0.917140345613));
#622 = CARTESIAN_POINT('',(1.095019788523E-02,0.91686234441));
#623 = CARTESIAN_POINT('',(9.948348421368E-03,0.916601286525));
#624 = CARTESIAN_POINT('',(8.946406843475E-03,0.916360051039));
#625 = CARTESIAN_POINT('',(7.028760064761E-03,0.915942500672));
#626 = CARTESIAN_POINT('',(6.091416846013E-03,0.91575624927));
#627 = CARTESIAN_POINT('',(5.128920652752E-03,0.915588896453));
#628 = CARTESIAN_POINT('',(4.140395396874E-03,0.915445820296));
#629 = CARTESIAN_POINT('',(3.127579790701E-03,0.915332008315));
#630 = CARTESIAN_POINT('',(2.094827346979E-03,0.91525205746));
#631 = CARTESIAN_POINT('',(1.04910637888E-03,0.91521017412));
#632 = CARTESIAN_POINT('',(0.,0.91521017412));
#633 = ( GEOMETRIC_REPRESENTATION_CONTEXT(2) 
PARAMETRIC_REPRESENTATION_CONTEXT() REPRESENTATION_CONTEXT('2D SPACE',''
  ) );
#634 = PCURVE('',#436,#635);
#635 = DEFINITIONAL_REPRESENTATION('',(#636),#674);
#636 = B_SPLINE_CURVE_WITH_KNOTS('',8,(#637,#638,#639,#640,#641,#642,
    #643,#644,#645,#646,#647,#648,#649,#650,#651,#652,#653,#654,#655,
    #656,#657,#658,#659,#660,#661,#662,#663,#664,#665,#666,#667,#668,
    #669,#670,#671,#672,#673),.UNSPECIFIED.,.F.,.F.,(9,7,7,7,7,9),(0.,
    0.38197351219,0.588677103407,0.803489277455,0.906165638522,1.),
  .UNSPECIFIED.);
#637 = CARTESIAN_POINT('',(-5.701231369068,5.999999999062E-07));
#638 = CARTESIAN_POINT('',(-5.720991709156,-0.147877549973));
#639 = CARTESIAN_POINT('',(-5.740617785442,-0.297418781594));
#640 = CARTESIAN_POINT('',(-5.760112652584,-0.448556682396));
#641 = CARTESIAN_POINT('',(-5.779478499917,-0.601234810144));
#642 = CARTESIAN_POINT('',(-5.798716049117,-0.755413972102));
#643 = CARTESIAN_POINT('',(-5.817824486323,-0.911073638905));
#644 = CARTESIAN_POINT('',(-5.836800366344,-1.068224552692));
#645 = CARTESIAN_POINT('',(-5.865825639906,-1.312843071377));
#646 = CARTESIAN_POINT('',(-5.875975494988,-1.399196288977));
#647 = CARTESIAN_POINT('',(-5.886082061409,-1.486022408426));
#648 = CARTESIAN_POINT('',(-5.89614307175,-1.573341470759));
#649 = CARTESIAN_POINT('',(-5.906155472008,-1.661179950786));
#650 = CARTESIAN_POINT('',(-5.916115030155,-1.749574839311));
#651 = CARTESIAN_POINT('',(-5.926015502846,-1.838582248392));
#652 = CARTESIAN_POINT('',(-5.946064902482,-2.021517913996));
#653 = CARTESIAN_POINT('',(-5.956203777928,-2.11546158247));
#654 = CARTESIAN_POINT('',(-5.966258005359,-2.210258755825));
#655 = CARTESIAN_POINT('',(-5.97621320985,-2.306072749667));
#656 = CARTESIAN_POINT('',(-5.986048934072,-2.403076149206));
#657 = CARTESIAN_POINT('',(-5.995724522713,-2.50157372372));
#658 = CARTESIAN_POINT('',(-6.005187256089,-2.601932810084));
#659 = CARTESIAN_POINT('',(-6.018665691197,-2.754528721949));
#660 = CARTESIAN_POINT('',(-6.022896646352,-2.803979087366));
#661 = CARTESIAN_POINT('',(-6.026981260291,-2.853528761772));
#662 = CARTESIAN_POINT('',(-6.03089639131,-2.903174646508));
#663 = CARTESIAN_POINT('',(-6.034614102306,-2.952911809389));
#664 = CARTESIAN_POINT('',(-6.038101660783,-3.002733484712));
#665 = CARTESIAN_POINT('',(-6.041321538844,-3.052631073249));
#666 = CARTESIAN_POINT('',(-6.046890703027,-3.148254629524));
#667 = CARTESIAN_POINT('',(-6.049372726499,-3.195047811033));
#668 = CARTESIAN_POINT('',(-6.051601368059,-3.243148743476));
#669 = CARTESIAN_POINT('',(-6.053505655042,-3.292598245632));
#670 = CARTESIAN_POINT('',(-6.055019757684,-3.343302898367));
#671 = CARTESIAN_POINT('',(-6.056082989117,-3.395035044633));
#672 = CARTESIAN_POINT('',(-6.05663980537,-3.447432789469));
#673 = CARTESIAN_POINT('',(-6.05663980537,-3.5));
#674 = ( GEOMETRIC_REPRESENTATION_CONTEXT(2) 
PARAMETRIC_REPRESENTATION_CONTEXT() REPRESENTATION_CONTEXT('2D SPACE',''
  ) );
#675 = ORIENTED_EDGE('',*,*,#676,.F.);
#676 = EDGE_CURVE('',#677,#552,#679,.T.);
#677 = VERTEX_POINT('',#678);
#678 = CARTESIAN_POINT('',(13.6,3.5,-133.8272689318));
#679 = SURFACE_CURVE('',#680,(#689,#701),.PCURVE_S1.);
#680 = B_SPLINE_CURVE_WITH_KNOTS('',7,(#681,#682,#683,#684,#685,#686,
    #687,#688),.UNSPECIFIED.,.F.,.F.,(8,8),(0.,1.),
  .PIECEWISE_BEZIER_KNOTS.);
#681 = CARTESIAN_POINT('',(13.6,3.5,-133.8272689318));
#682 = CARTESIAN_POINT('',(13.178900711186,3.5,-136.6623324816));
#683 = CARTESIAN_POINT('',(12.737730626781,3.5,-139.4943990202));
#684 = CARTESIAN_POINT('',(12.276041968155,3.5,-142.3232503846));
#685 = CARTESIAN_POINT('',(11.793265393452,3.5,-145.148615119));
#686 = CARTESIAN_POINT('',(11.288646513631,3.5,-147.9701571229));
#687 = CARTESIAN_POINT('',(10.761178846934,3.5,-150.787464028));
#688 = CARTESIAN_POINT('',(10.209334806961,3.5,-153.6));
#689 = PCURVE('',#32,#690);
#690 = DEFINITIONAL_REPRESENTATION('',(#691),#700);
#691 = B_SPLINE_CURVE_WITH_KNOTS('',7,(#692,#693,#694,#695,#696,#697,
    #698,#699),.UNSPECIFIED.,.F.,.F.,(8,8),(0.,1.),
  .PIECEWISE_BEZIER_KNOTS.);
#692 = CARTESIAN_POINT('',(6.745922399217E-02,0.862847805037));
#693 = CARTESIAN_POINT('',(6.878115334077E-02,0.878937091732));
#694 = CARTESIAN_POINT('',(7.021147802805E-02,0.89500838683));
#695 = CARTESIAN_POINT('',(7.176324875323E-02,0.91106045619));
#696 = CARTESIAN_POINT('',(7.345231551721E-02,0.927091763673));
#697 = CARTESIAN_POINT('',(7.529851473574E-02,0.943100406914));
#698 = CARTESIAN_POINT('',(7.732699805167E-02,0.959084051565));
#699 = CARTESIAN_POINT('',(7.957275110016E-02,0.975039663931));
#700 = ( GEOMETRIC_REPRESENTATION_CONTEXT(2) 
PARAMETRIC_REPRESENTATION_CONTEXT() REPRESENTATION_CONTEXT('2D SPACE',''
  ) );
#701 = PCURVE('',#702,#707);
#702 = PLANE('',#703);
#703 = AXIS2_PLACEMENT_3D('',#704,#705,#706);
#704 = CARTESIAN_POINT('',(-4.021882742763E-16,3.5,1.053579881492E-15));
#705 = DIRECTION('',(0.,-1.,0.));
#706 = DIRECTION('',(1.,0.,0.));
#707 = DEFINITIONAL_REPRESENTATION('',(#708),#717);
#708 = B_SPLINE_CURVE_WITH_KNOTS('',7,(#709,#710,#711,#712,#713,#714,
    #715,#716),.UNSPECIFIED.,.F.,.F.,(8,8),(0.,1.),
  .PIECEWISE_BEZIER_KNOTS.);
#709 = CARTESIAN_POINT('',(13.6,-133.8272689318));
#710 = CARTESIAN_POINT('',(13.178900711186,-136.6623324816));
#711 = CARTESIAN_POINT('',(12.737730626781,-139.4943990202));
#712 = CARTESIAN_POINT('',(12.276041968155,-142.3232503846));
#713 = CARTESIAN_POINT('',(11.793265393452,-145.148615119));
#714 = CARTESIAN_POINT('',(11.288646513631,-147.9701571229));
#715 = CARTESIAN_POINT('',(10.761178846934,-150.787464028));
#716 = CARTESIAN_POINT('',(10.209334806961,-153.6));
#717 = ( GEOMETRIC_REPRESENTATION_CONTEXT(2) 
PARAMETRIC_REPRESENTATION_CONTEXT() REPRESENTATION_CONTEXT('2D SPACE',''
  ) );
#718 = ORIENTED_EDGE('',*,*,#719,.T.);
#719 = EDGE_CURVE('',#677,#720,#722,.T.);
#720 = VERTEX_POINT('',#721);
#721 = CARTESIAN_POINT('',(13.6,1.158938153186,-140.));
#722 = SURFACE_CURVE('',#723,(#754,#788),.PCURVE_S1.);
#723 = B_SPLINE_CURVE_WITH_KNOTS('',8,(#724,#725,#726,#727,#728,#729,
    #730,#731,#732,#733,#734,#735,#736,#737,#738,#739,#740,#741,#742,
    #743,#744,#745,#746,#747,#748,#749,#750,#751,#752,#753),
  .UNSPECIFIED.,.F.,.F.,(9,7,7,7,9),(0.,0.305954679283,0.593165034073,
    0.786329164975,1.),.UNSPECIFIED.);
#724 = CARTESIAN_POINT('',(13.6,3.5,-133.8272689318));
#725 = CARTESIAN_POINT('',(13.6,3.443717649253,-134.0521186003));
#726 = CARTESIAN_POINT('',(13.6,3.37729811187,-134.3131030464));
#727 = CARTESIAN_POINT('',(13.6,3.305770942776,-134.587423681));
#728 = CARTESIAN_POINT('',(13.6,3.23257003974,-134.8600953888));
#729 = CARTESIAN_POINT('',(13.6,3.159756859019,-135.1239844793));
#730 = CARTESIAN_POINT('',(13.6,3.087340866201,-135.3795953949));
#731 = CARTESIAN_POINT('',(13.6,3.013132800235,-135.6350146397));
#732 = CARTESIAN_POINT('',(13.6,2.855274637806,-136.1596038358));
#733 = CARTESIAN_POINT('',(13.6,2.776701011971,-136.4129485199));
#734 = CARTESIAN_POINT('',(13.6,2.695788859275,-136.6655691993));
#735 = CARTESIAN_POINT('',(13.6,2.61230818053,-136.9173725268));
#736 = CARTESIAN_POINT('',(13.6,2.525981500631,-137.1682282093));
#737 = CARTESIAN_POINT('',(13.6,2.436473090085,-137.4179653526));
#738 = CARTESIAN_POINT('',(13.6,2.343355997031,-137.6663610616));
#739 = CARTESIAN_POINT('',(13.6,2.180570149952,-138.0790631462));
#740 = CARTESIAN_POINT('',(13.6,2.1152091154,-138.2391962685));
#741 = CARTESIAN_POINT('',(13.6,2.049942413891,-138.3935555479));
#742 = CARTESIAN_POINT('',(13.6,1.984767295902,-138.5421837982));
#743 = CARTESIAN_POINT('',(13.6,1.919680964716,-138.6851213351));
#744 = CARTESIAN_POINT('',(13.6,1.854680576425,-138.8224059761));
#745 = CARTESIAN_POINT('',(13.6,1.789763239927,-138.954073041));
#746 = CARTESIAN_POINT('',(13.6,1.653205540077,-139.2196228215));
#747 = CARTESIAN_POINT('',(13.6,1.582371663772,-139.3507242206));
#748 = CARTESIAN_POINT('',(13.6,1.511682259855,-139.4751916061));
#749 = CARTESIAN_POINT('',(13.6,1.440658488547,-139.5938658275));
#750 = CARTESIAN_POINT('',(13.6,1.36916663156,-139.7067440395));
#751 = CARTESIAN_POINT('',(13.6,1.297535106725,-139.8130565292));
#752 = CARTESIAN_POINT('',(13.6,1.226770712812,-139.9114056925));
#753 = CARTESIAN_POINT('',(13.6,1.158938153186,-140.));
#754 = PCURVE('',#32,#755);
#755 = DEFINITIONAL_REPRESENTATION('',(#756),#787);
#756 = B_SPLINE_CURVE_WITH_KNOTS('',8,(#757,#758,#759,#760,#761,#762,
    #763,#764,#765,#766,#767,#768,#769,#770,#771,#772,#773,#774,#775,
    #776,#777,#778,#779,#780,#781,#782,#783,#784,#785,#786),
  .UNSPECIFIED.,.F.,.F.,(9,7,7,7,9),(0.,0.305954679283,0.593165034073,
    0.786329164975,1.),.UNSPECIFIED.);
#757 = CARTESIAN_POINT('',(6.745922399217E-02,0.862847805037));
#758 = CARTESIAN_POINT('',(6.640927928774E-02,0.864123850782));
#759 = CARTESIAN_POINT('',(6.516855054417E-02,0.865604959169));
#760 = CARTESIAN_POINT('',(6.382982857285E-02,0.867161742374));
#761 = CARTESIAN_POINT('',(6.245669958544E-02,0.86870915755));
#762 = CARTESIAN_POINT('',(6.108806243976E-02,0.870206722742));
#763 = CARTESIAN_POINT('',(5.972432946223E-02,0.871657301954));
#764 = CARTESIAN_POINT('',(5.832441157103E-02,0.873106786405));
#765 = CARTESIAN_POINT('',(5.533958121607E-02,0.876083771485));
#766 = CARTESIAN_POINT('',(5.385103921037E-02,0.877521466532));
#767 = CARTESIAN_POINT('',(5.231520486741E-02,0.878955045274));
#768 = CARTESIAN_POINT('',(5.072746826066E-02,0.880383978056));
#769 = CARTESIAN_POINT('',(4.908227395877E-02,0.881807525579));
#770 = CARTESIAN_POINT('',(4.737290843167E-02,0.883224718165));
#771 = CARTESIAN_POINT('',(4.559085073295E-02,0.884634291079));
#772 = CARTESIAN_POINT('',(4.246864891513E-02,0.886976242444));
#773 = CARTESIAN_POINT('',(4.121326766515E-02,0.887884943022));
#774 = CARTESIAN_POINT('',(3.995798457093E-02,0.888760876007));
#775 = CARTESIAN_POINT('',(3.870280594791E-02,0.889604284733));
#776 = CARTESIAN_POINT('',(3.744773844586E-02,0.890415398334));
#777 = CARTESIAN_POINT('',(3.619278904886E-02,0.89119443175));
#778 = CARTESIAN_POINT('',(3.493796507531E-02,0.891941585721));
#779 = CARTESIAN_POINT('',(3.229538269679E-02,0.893448462683));
#780 = CARTESIAN_POINT('',(3.092291418747E-02,0.894192402515));
#781 = CARTESIAN_POINT('',(2.955166007678E-02,0.894898695427));
#782 = CARTESIAN_POINT('',(2.817240432705E-02,0.895572113156));
#783 = CARTESIAN_POINT('',(2.67825732105E-02,0.896212639805));
#784 = CARTESIAN_POINT('',(2.538858876688E-02,0.896815907918));
#785 = CARTESIAN_POINT('',(2.401016741946E-02,0.89737398716));
#786 = CARTESIAN_POINT('',(2.268780522427E-02,0.89787671193));
#787 = ( GEOMETRIC_REPRESENTATION_CONTEXT(2) 
PARAMETRIC_REPRESENTATION_CONTEXT() REPRESENTATION_CONTEXT('2D SPACE',''
  ) );
#788 = PCURVE('',#280,#789);
#789 = DEFINITIONAL_REPRESENTATION('',(#790),#821);
#790 = B_SPLINE_CURVE_WITH_KNOTS('',8,(#791,#792,#793,#794,#795,#796,
    #797,#798,#799,#800,#801,#802,#803,#804,#805,#806,#807,#808,#809,
    #810,#811,#812,#813,#814,#815,#816,#817,#818,#819,#820),
  .UNSPECIFIED.,.F.,.F.,(9,7,7,7,9),(0.,0.305954679283,0.593165034073,
    0.786329164975,1.),.UNSPECIFIED.);
#791 = CARTESIAN_POINT('',(6.172731068116,0.));
#792 = CARTESIAN_POINT('',(5.947881399634,-5.628235074689E-02));
#793 = CARTESIAN_POINT('',(5.686896953578,-0.12270188813));
#794 = CARTESIAN_POINT('',(5.412576318955,-0.194229057224));
#795 = CARTESIAN_POINT('',(5.139904611113,-0.26742996026));
#796 = CARTESIAN_POINT('',(4.876015520607,-0.340243140981));
#797 = CARTESIAN_POINT('',(4.620404605033,-0.412659133799));
#798 = CARTESIAN_POINT('',(4.364985360271,-0.486867199765));
#799 = CARTESIAN_POINT('',(3.840396164144,-0.644725362194));
#800 = CARTESIAN_POINT('',(3.587051480063,-0.723298988029));
#801 = CARTESIAN_POINT('',(3.334430800682,-0.804211140725));
#802 = CARTESIAN_POINT('',(3.082627473133,-0.88769181947));
#803 = CARTESIAN_POINT('',(2.831771790622,-0.974018499369));
#804 = CARTESIAN_POINT('',(2.582034647332,-1.063526909915));
#805 = CARTESIAN_POINT('',(2.333638938317,-1.156644002969));
#806 = CARTESIAN_POINT('',(1.920936853716,-1.319429850048));
#807 = CARTESIAN_POINT('',(1.760803731491,-1.3847908846));
#808 = CARTESIAN_POINT('',(1.606444452021,-1.450057586109));
#809 = CARTESIAN_POINT('',(1.457816201703,-1.515232704098));
#810 = CARTESIAN_POINT('',(1.314878664885,-1.580319035284));
#811 = CARTESIAN_POINT('',(1.177594023871,-1.645319423575));
#812 = CARTESIAN_POINT('',(1.045926958922,-1.710236760073));
#813 = CARTESIAN_POINT('',(0.780377178404,-1.846794459923));
#814 = CARTESIAN_POINT('',(0.64927577938,-1.917628336228));
#815 = CARTESIAN_POINT('',(0.524808393875,-1.988317740145));
#816 = CARTESIAN_POINT('',(0.406134172488,-2.059341511453));
#817 = CARTESIAN_POINT('',(0.293255960421,-2.13083336844));
#818 = CARTESIAN_POINT('',(0.186943470787,-2.202464893275));
#819 = CARTESIAN_POINT('',(8.859430741106E-02,-2.273229287188));
#820 = CARTESIAN_POINT('',(0.,-2.341061846814));
#821 = ( GEOMETRIC_REPRESENTATION_CONTEXT(2) 
PARAMETRIC_REPRESENTATION_CONTEXT() REPRESENTATION_CONTEXT('2D SPACE',''
  ) );
#822 = ORIENTED_EDGE('',*,*,#823,.T.);
#823 = EDGE_CURVE('',#720,#24,#824,.T.);
#824 = SURFACE_CURVE('',#825,(#840,#858),.PCURVE_S1.);
#825 = B_SPLINE_CURVE_WITH_KNOTS('',7,(#826,#827,#828,#829,#830,#831,
    #832,#833,#834,#835,#836,#837,#838,#839),.UNSPECIFIED.,.F.,.F.,(8,6,
    8),(0.,0.527588349989,1.),.UNSPECIFIED.);
#826 = CARTESIAN_POINT('',(13.6,1.158938153186,-140.));
#827 = CARTESIAN_POINT('',(13.6,1.082133260155,-140.1003128341));
#828 = CARTESIAN_POINT('',(13.5991367063,1.004680241284,-140.1995008931)
  );
#829 = CARTESIAN_POINT('',(13.597445525452,0.92635929074,-140.2973738766
    ));
#830 = CARTESIAN_POINT('',(13.594968062223,0.846950522038,
    -140.3935938716));
#831 = CARTESIAN_POINT('',(13.591775190104,0.766143863637,
    -140.4875080127));
#832 = CARTESIAN_POINT('',(13.587972013804,0.683571829087,
    -140.5782200705));
#833 = CARTESIAN_POINT('',(13.580057203268,0.521919213091,
    -140.7402140552));
#834 = CARTESIAN_POINT('',(13.576029649085,0.443605662956,
    -140.8123048409));
#835 = CARTESIAN_POINT('',(13.571865677879,0.362098212257,
    -140.8791290513));
#836 = CARTESIAN_POINT('',(13.567819986579,0.276749958609,
    -140.9377366249));
#837 = CARTESIAN_POINT('',(13.564427385411,0.18762740039,-140.9832553929
    ));
#838 = CARTESIAN_POINT('',(13.562701758996,9.448270365117E-02,
    -141.0065391182));
#839 = CARTESIAN_POINT('',(13.562701758996,3.08707746283E-16,
    -141.0065391182));
#840 = PCURVE('',#32,#841);
#841 = DEFINITIONAL_REPRESENTATION('',(#842),#857);
#842 = B_SPLINE_CURVE_WITH_KNOTS('',7,(#843,#844,#845,#846,#847,#848,
    #849,#850,#851,#852,#853,#854,#855,#856),.UNSPECIFIED.,.F.,.F.,(8,6,
    8),(0.,0.527588349989,1.),.UNSPECIFIED.);
#843 = CARTESIAN_POINT('',(2.268780522427E-02,0.89787671193));
#844 = CARTESIAN_POINT('',(2.119053182767E-02,0.898445933001));
#845 = CARTESIAN_POINT('',(1.968014409144E-02,0.89900877035));
#846 = CARTESIAN_POINT('',(1.815213563729E-02,0.899564144177));
#847 = CARTESIAN_POINT('',(1.660198613133E-02,0.900110137068));
#848 = CARTESIAN_POINT('',(1.502339342388E-02,0.900643044467));
#849 = CARTESIAN_POINT('',(1.340891334614E-02,0.901157780908));
#850 = CARTESIAN_POINT('',(1.024508470541E-02,0.902076997873));
#851 = CARTESIAN_POINT('',(8.711069408311E-03,0.902486068352));
#852 = CARTESIAN_POINT('',(7.113061295151E-03,0.902865253674));
#853 = CARTESIAN_POINT('',(5.438248504948E-03,0.903197814196));
#854 = CARTESIAN_POINT('',(3.68759466987E-03,0.903456103759));
#855 = CARTESIAN_POINT('',(1.856943915604E-03,0.903588223852));
#856 = CARTESIAN_POINT('',(0.,0.903588223852));
#857 = ( GEOMETRIC_REPRESENTATION_CONTEXT(2) 
PARAMETRIC_REPRESENTATION_CONTEXT() REPRESENTATION_CONTEXT('2D SPACE',''
  ) );
#858 = PCURVE('',#185,#859);
#859 = DEFINITIONAL_REPRESENTATION('',(#860),#875);
#860 = B_SPLINE_CURVE_WITH_KNOTS('',7,(#861,#862,#863,#864,#865,#866,
    #867,#868,#869,#870,#871,#872,#873,#874),.UNSPECIFIED.,.F.,.F.,(8,6,
    8),(0.,0.527588349989,1.),.UNSPECIFIED.);
#861 = CARTESIAN_POINT('',(-6.28318530718,-2.341061846814));
#862 = CARTESIAN_POINT('',(-6.275809363492,-2.417866739845));
#863 = CARTESIAN_POINT('',(-6.268516123621,-2.495319758716));
#864 = CARTESIAN_POINT('',(-6.261318926534,-2.57364070926));
#865 = CARTESIAN_POINT('',(-6.254242023537,-2.653049477962));
#866 = CARTESIAN_POINT('',(-6.247332935518,-2.733856136363));
#867 = CARTESIAN_POINT('',(-6.240657231489,-2.816428170913));
#868 = CARTESIAN_POINT('',(-6.228731700385,-2.978080786909));
#869 = CARTESIAN_POINT('',(-6.223422767737,-3.056394337044));
#870 = CARTESIAN_POINT('',(-6.218499857495,-3.137901787743));
#871 = CARTESIAN_POINT('',(-6.214180347949,-3.223250041391));
#872 = CARTESIAN_POINT('',(-6.210824076235,-3.31237259961));
#873 = CARTESIAN_POINT('',(-6.209107345468,-3.405517296349));
#874 = CARTESIAN_POINT('',(-6.209107345468,-3.5));
#875 = ( GEOMETRIC_REPRESENTATION_CONTEXT(2) 
PARAMETRIC_REPRESENTATION_CONTEXT() REPRESENTATION_CONTEXT('2D SPACE',''
  ) );
#876 = FACE_BOUND('',#877,.F.);
#877 = EDGE_LOOP('',(#878));
#878 = ORIENTED_EDGE('',*,*,#879,.F.);
#879 = EDGE_CURVE('',#880,#880,#882,.T.);
#880 = VERTEX_POINT('',#881);
#881 = CARTESIAN_POINT('',(6.,10.240805375043,-3.743491742592E-15));
#882 = SURFACE_CURVE('',#883,(#1002,#1163),.PCURVE_S1.);
#883 = B_SPLINE_CURVE_WITH_KNOTS('',8,(#884,#885,#886,#887,#888,#889,
    #890,#891,#892,#893,#894,#895,#896,#897,#898,#899,#900,#901,#902,
    #903,#904,#905,#906,#907,#908,#909,#910,#911,#912,#913,#914,#915,
    #916,#917,#918,#919,#920,#921,#922,#923,#924,#925,#926,#927,#928,
    #929,#930,#931,#932,#933,#934,#935,#936,#937,#938,#939,#940,#941,
    #942,#943,#944,#945,#946,#947,#948,#949,#950,#951,#952,#953,#954,
    #955,#956,#957,#958,#959,#960,#961,#962,#963,#964,#965,#966,#967,
    #968,#969,#970,#971,#972,#973,#974,#975,#976,#977,#978,#979,#980,
    #981,#982,#983,#984,#985,#986,#987,#988,#989,#990,#991,#992,#993,
    #994,#995,#996,#997,#998,#999,#1000,#1001),.UNSPECIFIED.,.T.,.F.,(9,
    6,6,6,7,7,7,7,7,7,7,7,7,7,7,7,7,9),(0.,0.175586765537,0.449591204715
    ,0.724301478431,1.,9.511805634178,14.024478270857,16.383185574564,
    20.368051108579,25.732936447284,32.919147114982,39.654820170492,
    42.702957012461,45.800582023309,48.941833962865,51.102024798033,
    53.553729519204,60.525813685375),.UNSPECIFIED.);
#884 = CARTESIAN_POINT('',(6.,10.240805375043,-7.038891828765E-15));
#885 = CARTESIAN_POINT('',(6.,10.240146444986,1.399356596736E-02));
#886 = CARTESIAN_POINT('',(5.999962700045,10.239493998195,
    2.79878138298E-02));
#887 = CARTESIAN_POINT('',(5.999888095037,10.23884805425,
    4.19826137434E-02));
#888 = CARTESIAN_POINT('',(5.999776179876,10.238208632733,
    5.597783586425E-02));
#889 = CARTESIAN_POINT('',(5.999626949463,10.237575753227,
    6.997335034844E-02));
#890 = CARTESIAN_POINT('',(5.999440398701,10.236949435314,
    8.396902735206E-02));
#891 = CARTESIAN_POINT('',(5.998867162015,10.235362594837,0.119805144933
    ));
#892 = CARTESIAN_POINT('',(5.99804917887,10.233819030228,0.155640625459)
  );
#893 = CARTESIAN_POINT('',(5.997459746564,10.232894434981,0.177479926526
    ));
#894 = CARTESIAN_POINT('',(5.996779399951,10.231986033499,0.199318027057
    ));
#895 = CARTESIAN_POINT('',(5.996008135241,10.23109388564,0.221154445093)
  );
#896 = CARTESIAN_POINT('',(5.99514594864,10.230218051261,0.242988698679)
  );
#897 = CARTESIAN_POINT('',(5.993237268862,10.228496915207,0.286708151184
    ));
#898 = CARTESIAN_POINT('',(5.990963933651,10.226841681361,0.330415057975
    ));
#899 = CARTESIAN_POINT('',(5.989734418231,10.226029560888,0.352293006834
    ));
#900 = CARTESIAN_POINT('',(5.988413530014,10.225234044546,0.374166869111
    ));
#901 = CARTESIAN_POINT('',(5.987001281872,10.224455175418,0.396036173768
    ));
#902 = CARTESIAN_POINT('',(5.985497686679,10.223692996585,0.417900449765
    ));
#903 = CARTESIAN_POINT('',(5.982302090311,10.222199423995,0.46169663753)
  );
#904 = CARTESIAN_POINT('',(5.978739893461,10.220773198873,0.505468856346
    ));
#905 = CARTESIAN_POINT('',(5.976863644778,10.220075730267,0.52738778549)
  );
#906 = CARTESIAN_POINT('',(5.974895470962,10.219395212948,0.549299775744
    ));
#907 = CARTESIAN_POINT('',(5.972835399208,10.218731673869,0.571204364552
    ));
#908 = CARTESIAN_POINT('',(5.970683456713,10.218085139982,0.593101089357
    ));
#909 = CARTESIAN_POINT('',(5.968439670674,10.217455638241,0.6149894876)
  );
#910 = CARTESIAN_POINT('',(5.893995616491,10.197934886945,1.312371377857
    ));
#911 = CARTESIAN_POINT('',(5.734353554562,10.195273686116,1.979704817127
    ));
#912 = CARTESIAN_POINT('',(5.48830044033,10.209478633079,2.623438274693)
  );
#913 = CARTESIAN_POINT('',(5.160661056519,10.23792234052,3.230674050991)
  );
#914 = CARTESIAN_POINT('',(4.757714922756,10.275145187226,3.789939827318
    ));
#915 = CARTESIAN_POINT('',(4.28743706113,10.314485743385,4.291177910187)
  );
#916 = CARTESIAN_POINT('',(3.759052342003,10.349015654685,4.725468679934
    ));
#917 = CARTESIAN_POINT('',(2.878904154056,10.384946576757,5.276490746768
    ));
#918 = CARTESIAN_POINT('',(2.560602797717,10.394298634317,5.446676361242
    ));
#919 = CARTESIAN_POINT('',(2.230680160271,10.399613094234,5.594957643139
    ));
#920 = CARTESIAN_POINT('',(1.890999321765,10.400010084705,5.720357273273
    ));
#921 = CARTESIAN_POINT('',(1.543554803768,10.394706557108,5.82209022862)
  );
#922 = CARTESIAN_POINT('',(1.190477377693,10.383056843564,5.89958805515)
  );
#923 = CARTESIAN_POINT('',(0.834045705031,10.364597520497,5.952551675377
    ));
#924 = CARTESIAN_POINT('',(0.289928003835,10.325767612412,5.995919357312
    ));
#925 = CARTESIAN_POINT('',(0.102880529882,10.310513377912,6.004119111399
    ));
#926 = CARTESIAN_POINT('',(-8.40992301086E-02,10.293299325574,
    6.005638315277));
#927 = CARTESIAN_POINT('',(-0.270681510048,10.274106364088,
    6.000508588684));
#928 = CARTESIAN_POINT('',(-0.456545246667,10.252930941489,5.98878537025
    ));
#929 = CARTESIAN_POINT('',(-0.641378166191,10.229785126733,
    5.970546439066));
#930 = CARTESIAN_POINT('',(-0.824876871016,10.204696691277,
    5.945890436243));
#931 = CARTESIAN_POINT('',(-1.314003241798,10.132115758646,
    5.862639066918));
#932 = CARTESIAN_POINT('',(-1.616637487025,10.081098107636,
    5.792359763089));
#933 = CARTESIAN_POINT('',(-1.913243254621,10.024862384763,
    5.704663455027));
#934 = CARTESIAN_POINT('',(-2.202611947054,9.963722445005,5.600249564173
    ));
#935 = CARTESIAN_POINT('',(-2.483706772135,9.898082633918,5.479894333233
    ));
#936 = CARTESIAN_POINT('',(-2.755639978905,9.828422606734,5.344404693542
    ));
#937 = CARTESIAN_POINT('',(-3.017653333975,9.755284183826,5.194582619954
    ));
#938 = CARTESIAN_POINT('',(-3.607630800677,9.576908049105,4.811235420237
    ));
#939 = CARTESIAN_POINT('',(-3.926834765626,9.469378655101,4.566804999796
    ));
#940 = CARTESIAN_POINT('',(-4.22555496933,9.35801277063,4.299581873276)
  );
#941 = CARTESIAN_POINT('',(-4.502668537701,9.244344765637,4.011109689232
    ));
#942 = CARTESIAN_POINT('',(-4.757081960116,9.130112198939,3.702805845507
    ));
#943 = CARTESIAN_POINT('',(-4.987716136247,9.017258651944,3.375950164046
    ));
#944 = CARTESIAN_POINT('',(-5.193437957482,8.907941225159,3.031626347172
    ));
#945 = CARTESIAN_POINT('',(-5.613272147882,8.666067967898,2.186970385961
    ));
#946 = CARTESIAN_POINT('',(-5.808236961738,8.537233959799,1.669909721487
    ));
#947 = CARTESIAN_POINT('',(-5.951283778555,8.425268639939,1.124606096794
    ));
#948 = CARTESIAN_POINT('',(-6.036708237115,8.338285595763,0.557779802749
    ));
#949 = CARTESIAN_POINT('',(-6.059882765196,8.284526149235,
    -2.218955235852E-02));
#950 = CARTESIAN_POINT('',(-6.017968407387,8.270506151505,
    -0.605050091943));
#951 = CARTESIAN_POINT('',(-5.910859993572,8.297001688447,-1.17774811265
    ));
#952 = CARTESIAN_POINT('',(-5.593328312225,8.415334834883,
    -2.236183679413));
#953 = CARTESIAN_POINT('',(-5.390027483757,8.502886081909,
    -2.724370889862));
#954 = CARTESIAN_POINT('',(-5.142174533733,8.616458026963,
    -3.182316792361));
#955 = CARTESIAN_POINT('',(-4.855380229368,8.749690192574,
    -3.606964184951));
#956 = CARTESIAN_POINT('',(-4.534311633141,8.896324462317,
    -3.996417064019));
#957 = CARTESIAN_POINT('',(-4.182934738413,9.050973436922,
    -4.349590078429));
#958 = CARTESIAN_POINT('',(-3.804114118939,9.209265932876,
    -4.665905437262));
#959 = CARTESIAN_POINT('',(-3.215308958721,9.43951657252,-5.070634933183
    ));
#960 = CARTESIAN_POINT('',(-3.02653694397,9.511255445623,-5.188939207958
    ));
#961 = CARTESIAN_POINT('',(-2.832617249553,9.58264689174,-5.299332260527
    ));
#962 = CARTESIAN_POINT('',(-2.633743098821,9.653348561773,
    -5.401647840946));
#963 = CARTESIAN_POINT('',(-2.430123291227,9.723027202954,
    -5.495685638068));
#964 = CARTESIAN_POINT('',(-2.2219866664,9.791359080678,-5.5812191003));
#965 = CARTESIAN_POINT('',(-2.00958604253,9.858031304958,-5.658001288663
    ));
#966 = CARTESIAN_POINT('',(-1.573304096356,9.988507465028,-5.7946364776)
  );
#967 = CARTESIAN_POINT('',(-1.349302357753,10.052244273524,
    -5.854191430654));
#968 = CARTESIAN_POINT('',(-1.121515805317,10.113632743402,
    -5.904150616495));
#969 = CARTESIAN_POINT('',(-0.890318648329,10.172359589708,
    -5.944214256851));
#970 = CARTESIAN_POINT('',(-0.65614472635,10.228125400847,
    -5.974078247125));
#971 = CARTESIAN_POINT('',(-0.419493030119,10.280651409144,
    -5.993449577956));
#972 = CARTESIAN_POINT('',(-0.180933930315,10.329687617263,
    -6.002064731208));
#973 = CARTESIAN_POINT('',(0.302079294363,10.420995436728,
    -5.997324220318));
#974 = CARTESIAN_POINT('',(0.546604783367,10.463168778244,
    -5.983657249106));
#975 = CARTESIAN_POINT('',(0.791734303756,10.501310138284,
    -5.958483367033));
#976 = CARTESIAN_POINT('',(1.036709748513,10.535241840921,
    -5.921644200105));
#977 = CARTESIAN_POINT('',(1.280740730889,10.564845544011,
    -5.873054377124));
#978 = CARTESIAN_POINT('',(1.523005769011,10.590066341737,
    -5.812711655644));
#979 = CARTESIAN_POINT('',(1.762654876894,10.6109161267,-5.740712566761)
  );
#980 = CARTESIAN_POINT('',(2.16121627158,10.638864328237,-5.599893864988
    ));
#981 = CARTESIAN_POINT('',(2.321986818864,10.648225082852,
    -5.537097486178));
#982 = CARTESIAN_POINT('',(2.480849577114,10.655584768796,
    -5.468949898678));
#983 = CARTESIAN_POINT('',(2.637541384246,10.660985794752,
    -5.395534615697));
#984 = CARTESIAN_POINT('',(2.791811165394,10.664485142673,
    -5.316952020538));
#985 = CARTESIAN_POINT('',(2.943419555617,10.666152825745,
    -5.233318179851));
#986 = CARTESIAN_POINT('',(3.092138522607,10.66607034635,-5.144763656871
    ));
#987 = CARTESIAN_POINT('',(3.403013597902,10.662352990917,
    -4.945506096258));
#988 = CARTESIAN_POINT('',(3.564280793223,10.65824006232,-4.833422866447
    ));
#989 = CARTESIAN_POINT('',(3.721242108397,10.652124077649,-4.71538880594
    ));
#990 = CARTESIAN_POINT('',(3.873615741225,10.644154102754,
    -4.591623239046));
#991 = CARTESIAN_POINT('',(4.021145920892,10.634491307521,
    -4.462355712257));
#992 = CARTESIAN_POINT('',(4.163600274597,10.623305713473,
    -4.327823062827));
#993 = CARTESIAN_POINT('',(4.300767194175,10.610772941367,
    -4.188266487354));
#994 = CARTESIAN_POINT('',(4.806937914181,10.558105672776,
    -3.633464895835));
#995 = CARTESIAN_POINT('',(5.136963147374,10.509699863946,
    -3.184484889831));
#996 = CARTESIAN_POINT('',(5.418495901549,10.455928694885,
    -2.702239244681));
#997 = CARTESIAN_POINT('',(5.648140530959,10.401028853936,
    -2.192291672194));
#998 = CARTESIAN_POINT('',(5.823021471957,10.349061217307,
    -1.660528815388));
#999 = CARTESIAN_POINT('',(5.940856665371,10.303555745056,
    -1.113241471513));
#1000 = CARTESIAN_POINT('',(6.,10.267044115807,-0.557226895885));
#1001 = CARTESIAN_POINT('',(6.,10.240805375043,-7.105427357601E-15));
#1002 = PCURVE('',#32,#1003);
#1003 = DEFINITIONAL_REPRESENTATION('',(#1004),#1162);
#1004 = B_SPLINE_CURVE_WITH_KNOTS('',3,(#1005,#1006,#1007,#1008,#1009,
    #1010,#1011,#1012,#1013,#1014,#1015,#1016,#1017,#1018,#1019,#1020,
    #1021,#1022,#1023,#1024,#1025,#1026,#1027,#1028,#1029,#1030,#1031,
    #1032,#1033,#1034,#1035,#1036,#1037,#1038,#1039,#1040,#1041,#1042,
    #1043,#1044,#1045,#1046,#1047,#1048,#1049,#1050,#1051,#1052,#1053,
    #1054,#1055,#1056,#1057,#1058,#1059,#1060,#1061,#1062,#1063,#1064,
    #1065,#1066,#1067,#1068,#1069,#1070,#1071,#1072,#1073,#1074,#1075,
    #1076,#1077,#1078,#1079,#1080,#1081,#1082,#1083,#1084,#1085,#1086,
    #1087,#1088,#1089,#1090,#1091,#1092,#1093,#1094,#1095,#1096,#1097,
    #1098,#1099,#1100,#1101,#1102,#1103,#1104,#1105,#1106,#1107,#1108,
    #1109,#1110,#1111,#1112,#1113,#1114,#1115,#1116,#1117,#1118,#1119,
    #1120,#1121,#1122,#1123,#1124,#1125,#1126,#1127,#1128,#1129,#1130,
    #1131,#1132,#1133,#1134,#1135,#1136,#1137,#1138,#1139,#1140,#1141,
    #1142,#1143,#1144,#1145,#1146,#1147,#1148,#1149,#1150,#1151,#1152,
    #1153,#1154,#1155,#1156,#1157,#1158,#1159,#1160,#1161),
  .UNSPECIFIED.,.T.,.F.,(4,1,1,1,1,1,1,1,1,1,1,1,1,1,1,1,1,1,1,1,1,1,1,1
    ,1,1,1,1,1,1,1,1,1,1,1,1,1,1,1,1,1,1,1,1,1,1,1,1,1,1,1,1,1,1,1,1,1,1
    ,1,1,1,1,1,1,1,1,1,1,1,1,1,1,1,1,1,1,1,1,1,1,1,1,1,1,1,1,1,1,1,1,1,1
    ,1,1,1,1,1,1,1,1,1,1,1,1,1,1,1,1,1,1,1,1,1,1,1,1,1,1,1,1,1,1,1,1,1,1
    ,1,1,1,1,1,1,1,1,1,1,1,1,1,1,1,1,1,1,1,1,1,1,1,1,1,1,1,1,4),(0.,
    0.393024764191,0.786049528381,1.179074292572,1.572099056763,
    1.965123820954,2.358148585144,2.751173349335,3.144198113526,
    3.537222877717,3.930247641907,4.323272406098,4.716297170289,
    5.10932193448,5.50234669867,5.895371462861,6.288396227052,
    6.681420991243,7.074445755433,7.467470519624,7.860495283815,
    8.253520048006,8.646544812196,9.039569576387,9.432594340578,
    9.825619104769,10.218643868959,10.61166863315,11.004693397341,
    11.397718161532,11.790742925722,12.183767689913,12.576792454104,
    12.969817218295,13.362841982485,13.755866746676,14.148891510867,
    14.541916275058,14.934941039248,15.327965803439,15.72099056763,
    16.114015331821,16.507040096011,16.900064860202,17.293089624393,
    17.686114388584,18.079139152774,18.472163916965,18.865188681156,
    19.258213445347,19.651238209537,20.044262973728,20.437287737919,
    20.83031250211,21.2233372663,21.616362030491,22.009386794682,
    22.402411558873,22.795436323063,23.188461087254,23.581485851445,
    23.974510615636,24.367535379826,24.760560144017,25.153584908208,
    25.546609672399,25.939634436589,26.33265920078,26.725683964971,
    27.118708729162,27.511733493352,27.904758257543,28.297783021734,
    28.690807785925,29.083832550115,29.476857314306,29.869882078497,
    30.262906842688,30.655931606878,31.048956371069,31.44198113526,
    31.835005899451,32.228030663641,32.621055427832,33.014080192023,
    33.407104956214,33.800129720404,34.193154484595,34.586179248786,
    34.979204012977,35.372228777167,35.765253541358,36.158278305549,
    36.55130306974,36.94432783393,37.337352598121,37.730377362312,
    38.123402126503,38.516426890693,38.909451654884,39.302476419075,
    39.695501183266,40.088525947456,40.481550711647,40.874575475838,
    41.267600240028,41.660625004219,42.05364976841,42.446674532601,
    42.839699296791,43.232724060982,43.625748825173,44.018773589364,
    44.411798353554,44.804823117745,45.197847881936,45.590872646127,
    45.983897410317,46.376922174508,46.769946938699,47.16297170289,
    47.55599646708,47.949021231271,48.342045995462,48.735070759653,
    49.128095523843,49.521120288034,49.914145052225,50.307169816416,
    50.700194580606,51.093219344797,51.486244108988,51.879268873179,
    52.272293637369,52.66531840156,53.058343165751,53.451367929942,
    53.844392694132,54.237417458323,54.630442222514,55.023466986705,
    55.416491750895,55.809516515086,56.202541279277,56.595566043468,
    56.988590807658,57.381615571849,57.77464033604,58.167665100231,
    58.560689864421,58.953714628612,59.346739392803,59.739764156994,
    60.132788921184,60.525813685375),.QUASI_UNIFORM_KNOTS.);
#1005 = CARTESIAN_POINT('',(0.211610013203,0.102422554444));
#1006 = CARTESIAN_POINT('',(0.211489230334,0.101947344991));
#1007 = CARTESIAN_POINT('',(0.21128792143,0.100996598348));
#1008 = CARTESIAN_POINT('',(0.211107181802,9.957211525428E-02));
#1009 = CARTESIAN_POINT('',(0.211048241596,9.815192636446E-02));
#1010 = CARTESIAN_POINT('',(0.211111247859,9.673855862245E-02));
#1011 = CARTESIAN_POINT('',(0.211296032216,9.533486748242E-02));
#1012 = CARTESIAN_POINT('',(0.211602045781,9.394354288294E-02));
#1013 = CARTESIAN_POINT('',(0.212028415243,9.256720123558E-02));
#1014 = CARTESIAN_POINT('',(0.212573966795,9.120836843481E-02));
#1015 = CARTESIAN_POINT('',(0.213237255601,8.986949101945E-02));
#1016 = CARTESIAN_POINT('',(0.214016591058,8.855293886338E-02));
#1017 = CARTESIAN_POINT('',(0.214910060737,8.72610093153E-02));
#1018 = CARTESIAN_POINT('',(0.215915552429,8.59959302221E-02));
#1019 = CARTESIAN_POINT('',(0.217030774572,8.475986260095E-02));
#1020 = CARTESIAN_POINT('',(0.218253275083,8.355490281856E-02));
#1021 = CARTESIAN_POINT('',(0.219580458591,8.238308436394E-02));
#1022 = CARTESIAN_POINT('',(0.221009602045,8.12463792269E-02));
#1023 = CARTESIAN_POINT('',(0.222537868652,8.014669889348E-02));
#1024 = CARTESIAN_POINT('',(0.224162319979,7.908589497928E-02));
#1025 = CARTESIAN_POINT('',(0.2258799263,7.806575941274E-02));
#1026 = CARTESIAN_POINT('',(0.227687574245,7.708802443719E-02));
#1027 = CARTESIAN_POINT('',(0.229582074425,7.615436131121E-02));
#1028 = CARTESIAN_POINT('',(0.231560158082,7.526638171702E-02));
#1029 = CARTESIAN_POINT('',(0.233618502478,7.442562668431E-02));
#1030 = CARTESIAN_POINT('',(0.235753635427,7.363359944469E-02));
#1031 = CARTESIAN_POINT('',(0.237962275795,7.28916313331E-02));
#1032 = CARTESIAN_POINT('',(0.240241600003,7.220086534183E-02));
#1033 = CARTESIAN_POINT('',(0.242587670123,7.156271683408E-02));
#1034 = CARTESIAN_POINT('',(0.244996730231,7.097840016142E-02));
#1035 = CARTESIAN_POINT('',(0.247464882239,7.044904290854E-02));
#1036 = CARTESIAN_POINT('',(0.24998816488,6.99756507159E-02));
#1037 = CARTESIAN_POINT('',(0.252562521544,6.955911033066E-02));
#1038 = CARTESIAN_POINT('',(0.255183793509,6.92001806355E-02));
#1039 = CARTESIAN_POINT('',(0.257847706289,6.889948498092E-02));
#1040 = CARTESIAN_POINT('',(0.260549841274,6.865750174828E-02));
#1041 = CARTESIAN_POINT('',(0.263285655988,6.847455209584E-02));
#1042 = CARTESIAN_POINT('',(0.266050307236,6.835079214703E-02));
#1043 = CARTESIAN_POINT('',(0.268839319202,6.82861772759E-02));
#1044 = CARTESIAN_POINT('',(0.271647992804,6.82805010074E-02));
#1045 = CARTESIAN_POINT('',(0.274471644955,6.83333806743E-02));
#1046 = CARTESIAN_POINT('',(0.277305656218,6.844426352978E-02));
#1047 = CARTESIAN_POINT('',(0.280145457107,6.861243560541E-02));
#1048 = CARTESIAN_POINT('',(0.282986456516,6.883702374122E-02));
#1049 = CARTESIAN_POINT('',(0.285824315748,6.91170265417E-02));
#1050 = CARTESIAN_POINT('',(0.288654751249,6.945131411455E-02));
#1051 = CARTESIAN_POINT('',(0.291473675218,6.983866020501E-02));
#1052 = CARTESIAN_POINT('',(0.294277193744,7.027776199522E-02));
#1053 = CARTESIAN_POINT('',(0.297061582392,7.076725668534E-02));
#1054 = CARTESIAN_POINT('',(0.299823271094,7.130573791287E-02));
#1055 = CARTESIAN_POINT('',(0.302558823589,7.18917693922E-02));
#1056 = CARTESIAN_POINT('',(0.305264938269,7.252390319197E-02));
#1057 = CARTESIAN_POINT('',(0.307938377466,7.320067559787E-02));
#1058 = CARTESIAN_POINT('',(0.310576169798,7.392068134953E-02));
#1059 = CARTESIAN_POINT('',(0.313174738538,7.468233293245E-02));
#1060 = CARTESIAN_POINT('',(0.315731583852,7.548435239978E-02));
#1061 = CARTESIAN_POINT('',(0.318244279431,7.632555326556E-02));
#1062 = CARTESIAN_POINT('',(0.320710244085,7.720476990136E-02));
#1063 = CARTESIAN_POINT('',(0.323126795876,7.81208772723E-02));
#1064 = CARTESIAN_POINT('',(0.325491129951,7.907278710343E-02));
#1065 = CARTESIAN_POINT('',(0.327800316068,8.005945115239E-02));
#1066 = CARTESIAN_POINT('',(0.330051289688,8.107986330147E-02));
#1067 = CARTESIAN_POINT('',(0.332240844088,8.213306344923E-02));
#1068 = CARTESIAN_POINT('',(0.334365618793,8.321814007656E-02));
#1069 = CARTESIAN_POINT('',(0.336422094585,8.433424151679E-02));
#1070 = CARTESIAN_POINT('',(0.338406557829,8.548055944544E-02));
#1071 = CARTESIAN_POINT('',(0.340315171766,8.665642100533E-02));
#1072 = CARTESIAN_POINT('',(0.342143640535,8.78609808949E-02));
#1073 = CARTESIAN_POINT('',(0.343892147461,8.909698108658E-02));
#1074 = CARTESIAN_POINT('',(0.34555270088,9.036211110655E-02));
#1075 = CARTESIAN_POINT('',(0.347118458355,9.165462147882E-02));
#1076 = CARTESIAN_POINT('',(0.348582263763,9.297243890398E-02));
#1077 = CARTESIAN_POINT('',(0.349937108143,9.431339823497E-02));
#1078 = CARTESIAN_POINT('',(0.351176088003,9.567517429088E-02));
#1079 = CARTESIAN_POINT('',(0.352292511555,9.705529307782E-02));
#1080 = CARTESIAN_POINT('',(0.353279978749,9.845112065236E-02));
#1081 = CARTESIAN_POINT('',(0.354132481742,9.985985688014E-02));
#1082 = CARTESIAN_POINT('',(0.354844513073,0.101278526823));
#1083 = CARTESIAN_POINT('',(0.355411184551,0.102703971771));
#1084 = CARTESIAN_POINT('',(0.355828355412,0.10413283955));
#1085 = CARTESIAN_POINT('',(0.356092769597,0.105561574207));
#1086 = CARTESIAN_POINT('',(0.356202200844,0.106986405942));
#1087 = CARTESIAN_POINT('',(0.35615560752,0.108403338758));
#1088 = CARTESIAN_POINT('',(0.355953287585,0.109808146401));
#1089 = CARTESIAN_POINT('',(0.355597067917,0.111196338295));
#1090 = CARTESIAN_POINT('',(0.355090399786,0.112563239709));
#1091 = CARTESIAN_POINT('',(0.354438885281,0.11390354471));
#1092 = CARTESIAN_POINT('',(0.353648058591,0.11521518286));
#1093 = CARTESIAN_POINT('',(0.352723749229,0.116496285184));
#1094 = CARTESIAN_POINT('',(0.351672019034,0.117745268502));
#1095 = CARTESIAN_POINT('',(0.350499028382,0.118960765317));
#1096 = CARTESIAN_POINT('',(0.349210943022,0.120141602));
#1097 = CARTESIAN_POINT('',(0.347813849193,0.121286769947));
#1098 = CARTESIAN_POINT('',(0.346313683138,0.122395403579));
#1099 = CARTESIAN_POINT('',(0.344716170858,0.123466760578));
#1100 = CARTESIAN_POINT('',(0.343026776803,0.124500204748));
#1101 = CARTESIAN_POINT('',(0.341250659215,0.125495190676));
#1102 = CARTESIAN_POINT('',(0.339392631314,0.126451249389));
#1103 = CARTESIAN_POINT('',(0.337457123197,0.127367975595));
#1104 = CARTESIAN_POINT('',(0.335448155834,0.128245011731));
#1105 = CARTESIAN_POINT('',(0.333369277534,0.129082044286));
#1106 = CARTESIAN_POINT('',(0.331223641914,0.129878752531));
#1107 = CARTESIAN_POINT('',(0.329013553665,0.130634931027));
#1108 = CARTESIAN_POINT('',(0.326742030211,0.131349945385));
#1109 = CARTESIAN_POINT('',(0.324412155208,0.132023058631));
#1110 = CARTESIAN_POINT('',(0.322026302126,0.132653644662));
#1111 = CARTESIAN_POINT('',(0.319586968829,0.133240930348));
#1112 = CARTESIAN_POINT('',(0.317096574069,0.13378407825));
#1113 = CARTESIAN_POINT('',(0.314557526049,0.134282177455));
#1114 = CARTESIAN_POINT('',(0.311972235935,0.134734255118));
#1115 = CARTESIAN_POINT('',(0.30934307492,0.135139290818));
#1116 = CARTESIAN_POINT('',(0.306672655658,0.13549618618));
#1117 = CARTESIAN_POINT('',(0.303963774035,0.135803802951));
#1118 = CARTESIAN_POINT('',(0.301219375157,0.136060988003));
#1119 = CARTESIAN_POINT('',(0.298442605882,0.136266586159));
#1120 = CARTESIAN_POINT('',(0.295636823039,0.136419461304));
#1121 = CARTESIAN_POINT('',(0.292805618317,0.136518517287));
#1122 = CARTESIAN_POINT('',(0.289952832548,0.136562719929));
#1123 = CARTESIAN_POINT('',(0.287082608127,0.136551123341));
#1124 = CARTESIAN_POINT('',(0.284199108235,0.136482884398));
#1125 = CARTESIAN_POINT('',(0.281307316708,0.136357309208));
#1126 = CARTESIAN_POINT('',(0.278412216682,0.136173877424));
#1127 = CARTESIAN_POINT('',(0.275518926482,0.135932248874));
#1128 = CARTESIAN_POINT('',(0.27263267758,0.135632276666));
#1129 = CARTESIAN_POINT('',(0.269758845906,0.135274023761));
#1130 = CARTESIAN_POINT('',(0.266902927873,0.134857773753));
#1131 = CARTESIAN_POINT('',(0.264070683598,0.134384075936));
#1132 = CARTESIAN_POINT('',(0.261267360578,0.133853619291));
#1133 = CARTESIAN_POINT('',(0.25849841861,0.133267339422));
#1134 = CARTESIAN_POINT('',(0.25576910082,0.132626345212));
#1135 = CARTESIAN_POINT('',(0.253084481851,0.131931911586));
#1136 = CARTESIAN_POINT('',(0.250449498241,0.131185476196));
#1137 = CARTESIAN_POINT('',(0.24786887892,0.130388605683));
#1138 = CARTESIAN_POINT('',(0.245347030392,0.129542943153));
#1139 = CARTESIAN_POINT('',(0.242888192974,0.128650227012));
#1140 = CARTESIAN_POINT('',(0.240496359045,0.127712248052));
#1141 = CARTESIAN_POINT('',(0.238175330778,0.126730849577));
#1142 = CARTESIAN_POINT('',(0.235928699744,0.125707898685));
#1143 = CARTESIAN_POINT('',(0.233759988093,0.124645329824));
#1144 = CARTESIAN_POINT('',(0.231672604187,0.123545133657));
#1145 = CARTESIAN_POINT('',(0.229669436707,0.122409104264));
#1146 = CARTESIAN_POINT('',(0.22775345108,0.121239118703));
#1147 = CARTESIAN_POINT('',(0.225927544929,0.120037071841));
#1148 = CARTESIAN_POINT('',(0.224194581084,0.118804894993));
#1149 = CARTESIAN_POINT('',(0.22255737074,0.117544552376));
#1150 = CARTESIAN_POINT('',(0.22101866785,0.116258043757));
#1151 = CARTESIAN_POINT('',(0.219581158485,0.114947405696));
#1152 = CARTESIAN_POINT('',(0.218247449618,0.113614713413));
#1153 = CARTESIAN_POINT('',(0.217020056228,0.112262082737));
#1154 = CARTESIAN_POINT('',(0.215901386992,0.110891672299));
#1155 = CARTESIAN_POINT('',(0.214893728759,0.10950568588));
#1156 = CARTESIAN_POINT('',(0.213999228886,0.108106375183));
#1157 = CARTESIAN_POINT('',(0.213219878933,0.106696042109));
#1158 = CARTESIAN_POINT('',(0.212557486503,0.105277044045));
#1159 = CARTESIAN_POINT('',(0.212013684351,0.103851789145));
#1160 = CARTESIAN_POINT('',(0.211731090176,0.102899109926));
#1161 = CARTESIAN_POINT('',(0.211610013203,0.102422554444));
#1162 = ( GEOMETRIC_REPRESENTATION_CONTEXT(2) 
PARAMETRIC_REPRESENTATION_CONTEXT() REPRESENTATION_CONTEXT('2D SPACE',''
  ) );
#1163 = PCURVE('',#1164,#1169);
#1164 = CYLINDRICAL_SURFACE('',#1165,6.);
#1165 = AXIS2_PLACEMENT_3D('',#1166,#1167,#1168);
#1166 = CARTESIAN_POINT('',(0.,20.,-4.440892098501E-15));
#1167 = DIRECTION('',(0.,-1.,2.22044604925E-16));
#1168 = DIRECTION('',(1.,0.,0.));
#1169 = DEFINITIONAL_REPRESENTATION('',(#1170),#1328);
#1170 = B_SPLINE_CURVE_WITH_KNOTS('',3,(#1171,#1172,#1173,#1174,#1175,
    #1176,#1177,#1178,#1179,#1180,#1181,#1182,#1183,#1184,#1185,#1186,
    #1187,#1188,#1189,#1190,#1191,#1192,#1193,#1194,#1195,#1196,#1197,
    #1198,#1199,#1200,#1201,#1202,#1203,#1204,#1205,#1206,#1207,#1208,
    #1209,#1210,#1211,#1212,#1213,#1214,#1215,#1216,#1217,#1218,#1219,
    #1220,#1221,#1222,#1223,#1224,#1225,#1226,#1227,#1228,#1229,#1230,
    #1231,#1232,#1233,#1234,#1235,#1236,#1237,#1238,#1239,#1240,#1241,
    #1242,#1243,#1244,#1245,#1246,#1247,#1248,#1249,#1250,#1251,#1252,
    #1253,#1254,#1255,#1256,#1257,#1258,#1259,#1260,#1261,#1262,#1263,
    #1264,#1265,#1266,#1267,#1268,#1269,#1270,#1271,#1272,#1273,#1274,
    #1275,#1276,#1277,#1278,#1279,#1280,#1281,#1282,#1283,#1284,#1285,
    #1286,#1287,#1288,#1289,#1290,#1291,#1292,#1293,#1294,#1295,#1296,
    #1297,#1298,#1299,#1300,#1301,#1302,#1303,#1304,#1305,#1306,#1307,
    #1308,#1309,#1310,#1311,#1312,#1313,#1314,#1315,#1316,#1317,#1318,
    #1319,#1320,#1321,#1322,#1323,#1324,#1325,#1326,#1327),
  .UNSPECIFIED.,.F.,.F.,(4,1,1,1,1,1,1,1,1,1,1,1,1,1,1,1,1,1,1,1,1,1,1,1
    ,1,1,1,1,1,1,1,1,1,1,1,1,1,1,1,1,1,1,1,1,1,1,1,1,1,1,1,1,1,1,1,1,1,1
    ,1,1,1,1,1,1,1,1,1,1,1,1,1,1,1,1,1,1,1,1,1,1,1,1,1,1,1,1,1,1,1,1,1,1
    ,1,1,1,1,1,1,1,1,1,1,1,1,1,1,1,1,1,1,1,1,1,1,1,1,1,1,1,1,1,1,1,1,1,1
    ,1,1,1,1,1,1,1,1,1,1,1,1,1,1,1,1,1,1,1,1,1,1,1,1,1,1,1,1,4),(0.,
    0.393024764191,0.786049528381,1.179074292572,1.572099056763,
    1.965123820954,2.358148585144,2.751173349335,3.144198113526,
    3.537222877717,3.930247641907,4.323272406098,4.716297170289,
    5.10932193448,5.50234669867,5.895371462861,6.288396227052,
    6.681420991243,7.074445755433,7.467470519624,7.860495283815,
    8.253520048006,8.646544812196,9.039569576387,9.432594340578,
    9.825619104769,10.218643868959,10.61166863315,11.004693397341,
    11.397718161532,11.790742925722,12.183767689913,12.576792454104,
    12.969817218295,13.362841982485,13.755866746676,14.148891510867,
    14.541916275058,14.934941039248,15.327965803439,15.72099056763,
    16.114015331821,16.507040096011,16.900064860202,17.293089624393,
    17.686114388584,18.079139152774,18.472163916965,18.865188681156,
    19.258213445347,19.651238209537,20.044262973728,20.437287737919,
    20.83031250211,21.2233372663,21.616362030491,22.009386794682,
    22.402411558873,22.795436323063,23.188461087254,23.581485851445,
    23.974510615636,24.367535379826,24.760560144017,25.153584908208,
    25.546609672399,25.939634436589,26.33265920078,26.725683964971,
    27.118708729162,27.511733493352,27.904758257543,28.297783021734,
    28.690807785925,29.083832550115,29.476857314306,29.869882078497,
    30.262906842688,30.655931606878,31.048956371069,31.44198113526,
    31.835005899451,32.228030663641,32.621055427832,33.014080192023,
    33.407104956214,33.800129720404,34.193154484595,34.586179248786,
    34.979204012977,35.372228777167,35.765253541358,36.158278305549,
    36.55130306974,36.94432783393,37.337352598121,37.730377362312,
    38.123402126503,38.516426890693,38.909451654884,39.302476419075,
    39.695501183266,40.088525947456,40.481550711647,40.874575475838,
    41.267600240028,41.660625004219,42.05364976841,42.446674532601,
    42.839699296791,43.232724060982,43.625748825173,44.018773589364,
    44.411798353554,44.804823117745,45.197847881936,45.590872646127,
    45.983897410317,46.376922174508,46.769946938699,47.16297170289,
    47.55599646708,47.949021231271,48.342045995462,48.735070759653,
    49.128095523843,49.521120288034,49.914145052225,50.307169816416,
    50.700194580606,51.093219344797,51.486244108988,51.879268873179,
    52.272293637369,52.66531840156,53.058343165751,53.451367929942,
    53.844392694132,54.237417458323,54.630442222514,55.023466986705,
    55.416491750895,55.809516515086,56.202541279277,56.595566043468,
    56.988590807658,57.381615571849,57.77464033604,58.167665100231,
    58.560689864421,58.953714628612,59.346739392803,59.739764156994,
    60.132788921184,60.525813685375),.QUASI_UNIFORM_KNOTS.);
#1171 = CARTESIAN_POINT('',(-8.881784197001E-16,9.759194624957));
#1172 = CARTESIAN_POINT('',(1.392141845032E-02,9.7631296981));
#1173 = CARTESIAN_POINT('',(4.177376543695E-02,9.77038610899));
#1174 = CARTESIAN_POINT('',(8.357711137937E-02,9.779389406294));
#1175 = CARTESIAN_POINT('',(0.125400492507,9.786462234135));
#1176 = CARTESIAN_POINT('',(0.167242917729,9.791587073658));
#1177 = CARTESIAN_POINT('',(0.209093349444,9.794766066984));
#1178 = CARTESIAN_POINT('',(0.250944981338,9.796026085618));
#1179 = CARTESIAN_POINT('',(0.292792362899,9.795416449667));
#1180 = CARTESIAN_POINT('',(0.334631753813,9.79300813106));
#1181 = CARTESIAN_POINT('',(0.376460680632,9.78889238464));
#1182 = CARTESIAN_POINT('',(0.41827776287,9.783179391404));
#1183 = CARTESIAN_POINT('',(0.460082512055,9.775996787893));
#1184 = CARTESIAN_POINT('',(0.501875174155,9.767488143255));
#1185 = CARTESIAN_POINT('',(0.543656588913,9.757811392513));
#1186 = CARTESIAN_POINT('',(0.585428066822,9.747137245964));
#1187 = CARTESIAN_POINT('',(0.627191278282,9.7356475888));
#1188 = CARTESIAN_POINT('',(0.6689481519,9.723533883873));
#1189 = CARTESIAN_POINT('',(0.71070077911,9.710995587947));
#1190 = CARTESIAN_POINT('',(0.752451321297,9.69823859003));
#1191 = CARTESIAN_POINT('',(0.794201920626,9.685473676866));
#1192 = CARTESIAN_POINT('',(0.835954596362,9.672915033287));
#1193 = CARTESIAN_POINT('',(0.877711179645,9.660778765076));
#1194 = CARTESIAN_POINT('',(0.919473071749,9.649281496306));
#1195 = CARTESIAN_POINT('',(0.961241607607,9.638638842905));
#1196 = CARTESIAN_POINT('',(1.003016082803,9.629064487466));
#1197 = CARTESIAN_POINT('',(1.044800394551,9.620767124408));
#1198 = CARTESIAN_POINT('',(1.086606650951,9.61394992202));
#1199 = CARTESIAN_POINT('',(1.128426590424,9.60881394712));
#1200 = CARTESIAN_POINT('',(1.170256595192,9.605551004265));
#1201 = CARTESIAN_POINT('',(1.212091281494,9.604343786876));
#1202 = CARTESIAN_POINT('',(1.253924975756,9.605364140246));
#1203 = CARTESIAN_POINT('',(1.295751071955,9.608771784092));
#1204 = CARTESIAN_POINT('',(1.337561922786,9.61471285772));
#1205 = CARTESIAN_POINT('',(1.379348609447,9.623318487885));
#1206 = CARTESIAN_POINT('',(1.421100510439,9.634703215968));
#1207 = CARTESIAN_POINT('',(1.462805598394,9.648963737819));
#1208 = CARTESIAN_POINT('',(1.50444778838,9.666176306356));
#1209 = CARTESIAN_POINT('',(1.546016919514,9.686399720101));
#1210 = CARTESIAN_POINT('',(1.587499644934,9.709671651893));
#1211 = CARTESIAN_POINT('',(1.628882982017,9.73600924775));
#1212 = CARTESIAN_POINT('',(1.670154886558,9.7654095378));
#1213 = CARTESIAN_POINT('',(1.711303930413,9.797849450628));
#1214 = CARTESIAN_POINT('',(1.752318179769,9.833284922445));
#1215 = CARTESIAN_POINT('',(1.793189074295,9.871654715604));
#1216 = CARTESIAN_POINT('',(1.833908491764,9.912878925643));
#1217 = CARTESIAN_POINT('',(1.874470746022,9.956861661618));
#1218 = CARTESIAN_POINT('',(1.914872548999,10.003492376834));
#1219 = CARTESIAN_POINT('',(1.955112688972,10.052646750242));
#1220 = CARTESIAN_POINT('',(1.99519187939,10.104187670923));
#1221 = CARTESIAN_POINT('',(2.035112558435,10.157966032817));
#1222 = CARTESIAN_POINT('',(2.07487903878,10.21382195864));
#1223 = CARTESIAN_POINT('',(2.114496596526,10.271584270063));
#1224 = CARTESIAN_POINT('',(2.153974704685,10.331076316918));
#1225 = CARTESIAN_POINT('',(2.193314036816,10.392096490907));
#1226 = CARTESIAN_POINT('',(2.232532007466,10.454457870659));
#1227 = CARTESIAN_POINT('',(2.271648428389,10.517968387748));
#1228 = CARTESIAN_POINT('',(2.31068228737,10.582425178269));
#1229 = CARTESIAN_POINT('',(2.349652852889,10.647615969498));
#1230 = CARTESIAN_POINT('',(2.388579618755,10.713318588096));
#1231 = CARTESIAN_POINT('',(2.427482564039,10.779300973392));
#1232 = CARTESIAN_POINT('',(2.466382333374,10.845321044057));
#1233 = CARTESIAN_POINT('',(2.50530046981,10.911126610256));
#1234 = CARTESIAN_POINT('',(2.54425960084,10.976455183499));
#1235 = CARTESIAN_POINT('',(2.583283883447,11.041034052133));
#1236 = CARTESIAN_POINT('',(2.622398629757,11.104579267315));
#1237 = CARTESIAN_POINT('',(2.661633171034,11.166798561096));
#1238 = CARTESIAN_POINT('',(2.701011860361,11.227379434124));
#1239 = CARTESIAN_POINT('',(2.740672793838,11.286158030605));
#1240 = CARTESIAN_POINT('',(2.780589183127,11.342694841656));
#1241 = CARTESIAN_POINT('',(2.820757542465,11.396579883302));
#1242 = CARTESIAN_POINT('',(2.861167600053,11.447387782058));
#1243 = CARTESIAN_POINT('',(2.901810068568,11.494695329144));
#1244 = CARTESIAN_POINT('',(2.942674226091,11.538083159359));
#1245 = CARTESIAN_POINT('',(2.983748170204,11.577142529254));
#1246 = CARTESIAN_POINT('',(3.025018286779,11.611481531219));
#1247 = CARTESIAN_POINT('',(3.066468847361,11.64073219201));
#1248 = CARTESIAN_POINT('',(3.10808147606,11.664557972729));
#1249 = CARTESIAN_POINT('',(3.149834538116,11.682661679772));
#1250 = CARTESIAN_POINT('',(3.191702417719,11.694793635998));
#1251 = CARTESIAN_POINT('',(3.233654663684,11.700759988119));
#1252 = CARTESIAN_POINT('',(3.275655002139,11.700430957963));
#1253 = CARTESIAN_POINT('',(3.317660099211,11.693748970042));
#1254 = CARTESIAN_POINT('',(3.359618375251,11.680736035444));
#1255 = CARTESIAN_POINT('',(3.401467586863,11.661501735098));
#1256 = CARTESIAN_POINT('',(3.443135787265,11.636245724154));
#1257 = CARTESIAN_POINT('',(3.484525046504,11.605278516429));
#1258 = CARTESIAN_POINT('',(3.525630375599,11.568915024098));
#1259 = CARTESIAN_POINT('',(3.566449307483,11.527497297762));
#1260 = CARTESIAN_POINT('',(3.606984404623,11.481388885163));
#1261 = CARTESIAN_POINT('',(3.647241559758,11.430967066411));
#1262 = CARTESIAN_POINT('',(3.687229672087,11.376616816056));
#1263 = CARTESIAN_POINT('',(3.726960162523,11.31872537615));
#1264 = CARTESIAN_POINT('',(3.766446705609,11.257677657918));
#1265 = CARTESIAN_POINT('',(3.80570504997,11.193852334281));
#1266 = CARTESIAN_POINT('',(3.844752939961,11.127618585901));
#1267 = CARTESIAN_POINT('',(3.883610124682,11.059333429416));
#1268 = CARTESIAN_POINT('',(3.92229843457,10.989339604513));
#1269 = CARTESIAN_POINT('',(3.96084198199,10.917963850907));
#1270 = CARTESIAN_POINT('',(3.999267265605,10.845515953001));
#1271 = CARTESIAN_POINT('',(4.037604006699,10.772286901132));
#1272 = CARTESIAN_POINT('',(4.075883642345,10.698552099421));
#1273 = CARTESIAN_POINT('',(4.114146973879,10.624557267059));
#1274 = CARTESIAN_POINT('',(4.15241742958,10.550571508814));
#1275 = CARTESIAN_POINT('',(4.190714437741,10.476862525655));
#1276 = CARTESIAN_POINT('',(4.229066245195,10.403672236768));
#1277 = CARTESIAN_POINT('',(4.26749625004,10.331243902295));
#1278 = CARTESIAN_POINT('',(4.306027001062,10.259814774673));
#1279 = CARTESIAN_POINT('',(4.344679482497,10.189617755158));
#1280 = CARTESIAN_POINT('',(4.38347333818,10.120880998208));
#1281 = CARTESIAN_POINT('',(4.422427834657,10.053826216393));
#1282 = CARTESIAN_POINT('',(4.461558050222,9.988674923111));
#1283 = CARTESIAN_POINT('',(4.500876178491,9.925644979606));
#1284 = CARTESIAN_POINT('',(4.540392332791,9.864948137866));
#1285 = CARTESIAN_POINT('',(4.580114027196,9.806789534915));
#1286 = CARTESIAN_POINT('',(4.620046282094,9.751365925016));
#1287 = CARTESIAN_POINT('',(4.660191444536,9.698864129154));
#1288 = CARTESIAN_POINT('',(4.700549114674,9.649459193257));
#1289 = CARTESIAN_POINT('',(4.741115479998,9.603312809951));
#1290 = CARTESIAN_POINT('',(4.781887318192,9.560567133724));
#1291 = CARTESIAN_POINT('',(4.822850665582,9.52135423076));
#1292 = CARTESIAN_POINT('',(4.863992310863,9.485780586464));
#1293 = CARTESIAN_POINT('',(4.905297735947,9.453928435185));
#1294 = CARTESIAN_POINT('',(4.946751270421,9.425854329545));
#1295 = CARTESIAN_POINT('',(4.988335442067,9.401588565494));
#1296 = CARTESIAN_POINT('',(5.030031091343,9.381134288431));
#1297 = CARTESIAN_POINT('',(5.071814917965,9.36446736292));
#1298 = CARTESIAN_POINT('',(5.113670671281,9.351532272455));
#1299 = CARTESIAN_POINT('',(5.155578322648,9.34224806788));
#1300 = CARTESIAN_POINT('',(5.197520170937,9.336506852546));
#1301 = CARTESIAN_POINT('',(5.239480021235,9.334176267916));
#1302 = CARTESIAN_POINT('',(5.281442571087,9.335101419248));
#1303 = CARTESIAN_POINT('',(5.323394425587,9.339107082477));
#1304 = CARTESIAN_POINT('',(5.365325929204,9.346000308203));
#1305 = CARTESIAN_POINT('',(5.407228788921,9.355573243708));
#1306 = CARTESIAN_POINT('',(5.449097458955,9.367605620375));
#1307 = CARTESIAN_POINT('',(5.490928277593,9.381866965897));
#1308 = CARTESIAN_POINT('',(5.532719985026,9.398119151374));
#1309 = CARTESIAN_POINT('',(5.57447130384,9.41611787371));
#1310 = CARTESIAN_POINT('',(5.616181427663,9.435614115913));
#1311 = CARTESIAN_POINT('',(5.657858735745,9.456360817908));
#1312 = CARTESIAN_POINT('',(5.699509504274,9.478109594772));
#1313 = CARTESIAN_POINT('',(5.741140517555,9.500613147518));
#1314 = CARTESIAN_POINT('',(5.782758311812,9.523626327637));
#1315 = CARTESIAN_POINT('',(5.824369322956,9.546907593788));
#1316 = CARTESIAN_POINT('',(5.865979791071,9.570220394771));
#1317 = CARTESIAN_POINT('',(5.907595726648,9.59333460125));
#1318 = CARTESIAN_POINT('',(5.949222854571,9.61602794934));
#1319 = CARTESIAN_POINT('',(5.990866556265,9.638087497893));
#1320 = CARTESIAN_POINT('',(6.032531801796,9.659311095379));
#1321 = CARTESIAN_POINT('',(6.074223072671,9.679508826995));
#1322 = CARTESIAN_POINT('',(6.115944266999,9.698504509268));
#1323 = CARTESIAN_POINT('',(6.157698603318,9.71613692774));
#1324 = CARTESIAN_POINT('',(6.199488446405,9.732261893103));
#1325 = CARTESIAN_POINT('',(6.241315321595,9.746751033353));
#1326 = CARTESIAN_POINT('',(6.269224506862,9.755251998153));
#1327 = CARTESIAN_POINT('',(6.28318530718,9.759194624957));
#1328 = ( GEOMETRIC_REPRESENTATION_CONTEXT(2) 
PARAMETRIC_REPRESENTATION_CONTEXT() REPRESENTATION_CONTEXT('2D SPACE',''
  ) );
#1329 = FACE_BOUND('',#1330,.F.);
#1330 = EDGE_LOOP('',(#1331));
#1331 = ORIENTED_EDGE('',*,*,#1332,.F.);
#1332 = EDGE_CURVE('',#1333,#1333,#1335,.T.);
#1333 = VERTEX_POINT('',#1334);
#1334 = CARTESIAN_POINT('',(6.,-10.24080537504,8.043394246386E-16));
#1335 = SURFACE_CURVE('',#1336,(#1437,#1576),.PCURVE_S1.);
#1336 = B_SPLINE_CURVE_WITH_KNOTS('',8,(#1337,#1338,#1339,#1340,#1341,
    #1342,#1343,#1344,#1345,#1346,#1347,#1348,#1349,#1350,#1351,#1352,
    #1353,#1354,#1355,#1356,#1357,#1358,#1359,#1360,#1361,#1362,#1363,
    #1364,#1365,#1366,#1367,#1368,#1369,#1370,#1371,#1372,#1373,#1374,
    #1375,#1376,#1377,#1378,#1379,#1380,#1381,#1382,#1383,#1384,#1385,
    #1386,#1387,#1388,#1389,#1390,#1391,#1392,#1393,#1394,#1395,#1396,
    #1397,#1398,#1399,#1400,#1401,#1402,#1403,#1404,#1405,#1406,#1407,
    #1408,#1409,#1410,#1411,#1412,#1413,#1414,#1415,#1416,#1417,#1418,
    #1419,#1420,#1421,#1422,#1423,#1424,#1425,#1426,#1427,#1428,#1429,
    #1430,#1431,#1432,#1433,#1434,#1435,#1436),.UNSPECIFIED.,.T.,.F.,(9,
    7,7,7,7,7,7,7,7,7,7,7,7,7,9),(0.,0.234141313055,0.330369448195,
    0.392303604879,0.505388829145,0.592014286312,0.684182250521,
    0.821410157487,1.,1.125629824844,1.227662962313,1.319000017638,
    1.413118612186,1.516794646254,1.715688703448),.UNSPECIFIED.);
#1337 = CARTESIAN_POINT('',(6.,-10.24080537504,0.));
#1338 = CARTESIAN_POINT('',(6.,-10.27187648404,-0.65985093469));
#1339 = CARTESIAN_POINT('',(5.917065818489,-10.31734057654,
    -1.317739035717));
#1340 = CARTESIAN_POINT('',(5.752063100531,-10.37506553662,
    -1.961460841657));
#1341 = CARTESIAN_POINT('',(5.508010374953,-10.44049270573,
    -2.580079834378));
#1342 = CARTESIAN_POINT('',(5.188974827186,-10.50718131387,
    -3.163429774393));
#1343 = CARTESIAN_POINT('',(4.800253913003,-10.56797118706,
    -3.701989316233));
#1344 = CARTESIAN_POINT('',(4.348239061779,-10.61567674856,
    -4.186698912209));
#1345 = CARTESIAN_POINT('',(3.632821265713,-10.65569128511,
    -4.782906103584));
#1346 = CARTESIAN_POINT('',(3.41522040265,-10.66407462642,
    -4.946003723395));
#1347 = CARTESIAN_POINT('',(3.189096580028,-10.66874938017,
    -5.097884200595));
#1348 = CARTESIAN_POINT('',(2.955216892593,-10.66931708091,
    -5.237954010704));
#1349 = CARTESIAN_POINT('',(2.714421801734,-10.66543166919,
    -5.365684345103));
#1350 = CARTESIAN_POINT('',(2.467629748829,-10.65681505531,
    -5.480621159946));
#1351 = CARTESIAN_POINT('',(2.215845035904,-10.64327409726,
    -5.582401954058));
#1352 = CARTESIAN_POINT('',(1.795611266284,-10.61277659474,
    -5.727660507922));
#1353 = CARTESIAN_POINT('',(1.629423667013,-10.59875585643,
    -5.778995514438));
#1354 = CARTESIAN_POINT('',(1.461893423596,-10.5826315703,
    -5.824718858094));
#1355 = CARTESIAN_POINT('',(1.293304422377,-10.56439460919,
    -5.86478987718));
#1356 = CARTESIAN_POINT('',(1.123936776872,-10.54405163878,
    -5.899191022514));
#1357 = CARTESIAN_POINT('',(0.954066416388,-10.52162482962,
    -5.927926194443));
#1358 = CARTESIAN_POINT('',(0.783964674633,-10.49715156914,
    -5.951019079831));
#1359 = CARTESIAN_POINT('',(0.303373882688,-10.42235750723,
    -6.00045077952));
#1360 = CARTESIAN_POINT('',(-7.04941276285E-03,-10.36738005674,
    -6.01372074011));
#1361 = CARTESIAN_POINT('',(-0.315774673443,-10.30606482067,
    -6.008577942517));
#1362 = CARTESIAN_POINT('',(-0.621420330719,-10.23886111402,
    -5.985496047194));
#1363 = CARTESIAN_POINT('',(-0.922798657838,-10.16631953095,
    -5.94506500626));
#1364 = CARTESIAN_POINT('',(-1.218897941239,-10.08906223176,
    -5.88793086549));
#1365 = CARTESIAN_POINT('',(-1.50886715977,-10.00775817422,
    -5.814751604625));
#1366 = CARTESIAN_POINT('',(-2.008888000148,-9.858255347532,
    -5.658269674212));
#1367 = CARTESIAN_POINT('',(-2.221773983292,-9.791438321936,
    -5.581338827009));
#1368 = CARTESIAN_POINT('',(-2.430377388905,-9.722953600979,
    -5.495617170051));
#1369 = CARTESIAN_POINT('',(-2.634443693291,-9.653116156588,
    -5.401353318282));
#1370 = CARTESIAN_POINT('',(-2.833742548941,-9.582251907703,
    -5.298775328562));
#1371 = CARTESIAN_POINT('',(-3.028063805349,-9.510696380347,
    -5.188084787892));
#1372 = CARTESIAN_POINT('',(-3.217212995629,-9.438794284008,
    -5.069448906423));
#1373 = CARTESIAN_POINT('',(-3.596559123373,-9.290405754105,
    -4.80844121562));
#1374 = CARTESIAN_POINT('',(-3.786009395029,-9.213935743099,
    -4.665063470978));
#1375 = CARTESIAN_POINT('',(-3.969157278786,-9.13791011282,
    -4.512998969297));
#1376 = CARTESIAN_POINT('',(-4.145752434847,-9.062784646777,
    -4.352369903921));
#1377 = CARTESIAN_POINT('',(-4.315501727999,-8.989053097708,
    -4.183286272543));
#1378 = CARTESIAN_POINT('',(-4.478072939859,-8.917246953244,
    -4.005850867772));
#1379 = CARTESIAN_POINT('',(-4.63309447412,-8.84793264003,
    -3.820162059304));
#1380 = CARTESIAN_POINT('',(-4.999102042216,-8.683102270093,
    -3.337696590152));
#1381 = CARTESIAN_POINT('',(-5.200619981463,-8.591241929326,
    -3.030697123378));
#1382 = CARTESIAN_POINT('',(-5.382970149487,-8.508256881669,
    -2.705964360959));
#1383 = CARTESIAN_POINT('',(-5.544102630062,-8.436470340679,
    -2.364560289545));
#1384 = CARTESIAN_POINT('',(-5.681862243162,-8.378265676398,
    -2.00808880374));
#1385 = CARTESIAN_POINT('',(-5.794108164542,-8.335744893292,
    -1.638850908112));
#1386 = CARTESIAN_POINT('',(-5.878991638797,-8.310267082807,
    -1.260098226938));
#1387 = CARTESIAN_POINT('',(-6.009363208859,-8.291142234912,
    -0.377180525672));
#1388 = CARTESIAN_POINT('',(-6.035184400663,-8.30941670674,
    0.129823277768));
#1389 = CARTESIAN_POINT('',(-6.011372347962,-8.356953405903,
    0.634297459728));
#1390 = CARTESIAN_POINT('',(-5.940035017174,-8.43026072359,
    1.128816612711));
#1391 = CARTESIAN_POINT('',(-5.824177067366,-8.523995727017,
    1.607895502512));
#1392 = CARTESIAN_POINT('',(-5.667272010685,-8.632815783191,
    2.067402113899));
#1393 = CARTESIAN_POINT('',(-5.472736170455,-8.751891409145,
    2.504371984035));
#1394 = CARTESIAN_POINT('',(-5.081927818251,-8.965386405115,
    3.206902298828));
#1395 = CARTESIAN_POINT('',(-4.903062708992,-9.056763296276,
    3.485253721779));
#1396 = CARTESIAN_POINT('',(-4.707433199165,-9.150060849074,
    3.75136579605));
#1397 = CARTESIAN_POINT('',(-4.495674987276,-9.244093930168,
    4.004620907747));
#1398 = CARTESIAN_POINT('',(-4.268395151253,-9.337777324203,
    4.244301669845));
#1399 = CARTESIAN_POINT('',(-4.026203468842,-9.430121027027,
    4.469617806011));
#1400 = CARTESIAN_POINT('',(-3.76972594944,-9.520227628348,
    4.679717613747));
#1401 = CARTESIAN_POINT('',(-3.280212074224,-9.67800293031,
    5.031218252262));
#1402 = CARTESIAN_POINT('',(-3.051869004073,-9.746691799424,
    5.178076623587));
#1403 = CARTESIAN_POINT('',(-2.814990545398,-9.812905616619,
    5.313724885941));
#1404 = CARTESIAN_POINT('',(-2.570064873751,-9.876220844644,
    5.437590613018));
#1405 = CARTESIAN_POINT('',(-2.317661228176,-9.936249012609,
    5.549080776969));
#1406 = CARTESIAN_POINT('',(-2.058443752461,-9.992644058271,
    5.647603407644));
#1407 = CARTESIAN_POINT('',(-1.793187111245,-10.04511118353,
    5.732593321217));
#1408 = CARTESIAN_POINT('',(-1.280745836106,-10.13665936518,
    5.867053009651));
#1409 = CARTESIAN_POINT('',(-1.034552265211,-10.17657236798,
    5.919320331826));
#1410 = CARTESIAN_POINT('',(-0.784897344163,-10.21298077122,
    5.959964741883));
#1411 = CARTESIAN_POINT('',(-0.532504035622,-10.24576007118,
    5.988668058738));
#1412 = CARTESIAN_POINT('',(-0.278134296577,-10.2748380083,
    6.005174761795));
#1413 = CARTESIAN_POINT('',(-2.258950549078E-02,-10.30019555612,
    6.009298535033));
#1414 = CARTESIAN_POINT('',(0.233288890938,-10.3218676113,6.000933656455
    ));
#1415 = CARTESIAN_POINT('',(0.751723829858,-10.35856963087,
    5.958573474066));
#1416 = CARTESIAN_POINT('',(1.014291112184,-10.37338033924,
    5.923801753609));
#1417 = CARTESIAN_POINT('',(1.275361254058,-10.38447142666,
    5.875738530656));
#1418 = CARTESIAN_POINT('',(1.534014886077,-10.39200524901,
    5.814466603366));
#1419 = CARTESIAN_POINT('',(1.789369776766,-10.396200682,5.740153691501)
  );
#1420 = CARTESIAN_POINT('',(2.040579274501,-10.39732385888,
    5.653042023468));
#1421 = CARTESIAN_POINT('',(2.286831788355,-10.39567956566,
    5.553442927846));
#1422 = CARTESIAN_POINT('',(2.792294808353,-10.38711308961,
    5.318686496465));
#1423 = CARTESIAN_POINT('',(3.050303308127,-10.37967145738,
    5.180935259778));
#1424 = CARTESIAN_POINT('',(3.300385225778,-10.36972520074,5.02896460472
    ));
#1425 = CARTESIAN_POINT('',(3.541628182801,-10.3577618289,4.863325038137
    ));
#1426 = CARTESIAN_POINT('',(3.773188550458,-10.34429510129,
    4.684621565429));
#1427 = CARTESIAN_POINT('',(3.994283619894,-10.32985079014,
    4.493503775198));
#1428 = CARTESIAN_POINT('',(4.20418639554,-10.31495266102,4.290660131398
    ));
#1429 = CARTESIAN_POINT('',(4.782140187736,-10.27163168162,
    3.666574769547));
#1430 = CARTESIAN_POINT('',(5.118831917503,-10.24332023964,
    3.215367473831));
#1431 = CARTESIAN_POINT('',(5.40684706009,-10.21879969005,2.728704048162
    ));
#1432 = CARTESIAN_POINT('',(5.641892657715,-10.20149218703,2.21277123991
    ));
#1433 = CARTESIAN_POINT('',(5.820536480386,-10.19416769721,
    1.674294053797));
#1434 = CARTESIAN_POINT('',(5.940359975881,-10.19845602719,
    1.120584004661));
#1435 = CARTESIAN_POINT('',(6.,-10.21445669495,0.559561655346));
#1436 = CARTESIAN_POINT('',(6.,-10.24080537504,1.168398155852E-16));
#1437 = PCURVE('',#32,#1438);
#1438 = DEFINITIONAL_REPRESENTATION('',(#1439),#1575);
#1439 = B_SPLINE_CURVE_WITH_KNOTS('',3,(#1440,#1441,#1442,#1443,#1444,
    #1445,#1446,#1447,#1448,#1449,#1450,#1451,#1452,#1453,#1454,#1455,
    #1456,#1457,#1458,#1459,#1460,#1461,#1462,#1463,#1464,#1465,#1466,
    #1467,#1468,#1469,#1470,#1471,#1472,#1473,#1474,#1475,#1476,#1477,
    #1478,#1479,#1480,#1481,#1482,#1483,#1484,#1485,#1486,#1487,#1488,
    #1489,#1490,#1491,#1492,#1493,#1494,#1495,#1496,#1497,#1498,#1499,
    #1500,#1501,#1502,#1503,#1504,#1505,#1506,#1507,#1508,#1509,#1510,
    #1511,#1512,#1513,#1514,#1515,#1516,#1517,#1518,#1519,#1520,#1521,
    #1522,#1523,#1524,#1525,#1526,#1527,#1528,#1529,#1530,#1531,#1532,
    #1533,#1534,#1535,#1536,#1537,#1538,#1539,#1540,#1541,#1542,#1543,
    #1544,#1545,#1546,#1547,#1548,#1549,#1550,#1551,#1552,#1553,#1554,
    #1555,#1556,#1557,#1558,#1559,#1560,#1561,#1562,#1563,#1564,#1565,
    #1566,#1567,#1568,#1569,#1570,#1571,#1572,#1573,#1574),
  .UNSPECIFIED.,.T.,.F.,(4,1,1,1,1,1,1,1,1,1,1,1,1,1,1,1,1,1,1,1,1,1,1,1
    ,1,1,1,1,1,1,1,1,1,1,1,1,1,1,1,1,1,1,1,1,1,1,1,1,1,1,1,1,1,1,1,1,1,1
    ,1,1,1,1,1,1,1,1,1,1,1,1,1,1,1,1,1,1,1,1,1,1,1,1,1,1,1,1,1,1,1,1,1,1
    ,1,1,1,1,1,1,1,1,1,1,1,1,1,1,1,1,1,1,1,1,1,1,1,1,1,1,1,1,1,1,1,1,1,1
    ,1,1,1,1,1,1,4),(0.,1.299764169279E-02,2.599528338557E-02,
    3.899292507836E-02,5.199056677115E-02,6.498820846394E-02,
    7.798585015672E-02,9.098349184951E-02,0.103981133542,0.116978775235,
    0.129976416928,0.142974058621,0.155971700313,0.168969342006,
    0.181966983699,0.194964625392,0.207962267085,0.220959908777,
    0.23395755047,0.246955192163,0.259952833856,0.272950475549,
    0.285948117241,0.298945758934,0.311943400627,0.32494104232,
    0.337938684012,0.350936325705,0.363933967398,0.376931609091,
    0.389929250784,0.402926892476,0.415924534169,0.428922175862,
    0.441919817555,0.454917459248,0.46791510094,0.480912742633,
    0.493910384326,0.506908026019,0.519905667711,0.532903309404,
    0.545900951097,0.55889859279,0.571896234483,0.584893876175,
    0.597891517868,0.610889159561,0.623886801254,0.636884442947,
    0.649882084639,0.662879726332,0.675877368025,0.688875009718,
    0.701872651411,0.714870293103,0.727867934796,0.740865576489,
    0.753863218182,0.766860859874,0.779858501567,0.79285614326,
    0.805853784953,0.818851426646,0.831849068338,0.844846710031,
    0.857844351724,0.870841993417,0.88383963511,0.896837276802,
    0.909834918495,0.922832560188,0.935830201881,0.948827843573,
    0.961825485266,0.974823126959,0.987820768652,1.000818410345,
    1.013816052037,1.02681369373,1.039811335423,1.052808977116,
    1.065806618809,1.078804260501,1.091801902194,1.104799543887,
    1.11779718558,1.130794827273,1.143792468965,1.156790110658,
    1.169787752351,1.182785394044,1.195783035736,1.208780677429,
    1.221778319122,1.234775960815,1.247773602508,1.2607712442,
    1.273768885893,1.286766527586,1.299764169279,1.312761810972,
    1.325759452664,1.338757094357,1.35175473605,1.364752377743,
    1.377750019435,1.390747661128,1.403745302821,1.416742944514,
    1.429740586207,1.442738227899,1.455735869592,1.468733511285,
    1.481731152978,1.494728794671,1.507726436363,1.520724078056,
    1.533721719749,1.546719361442,1.559717003134,1.572714644827,
    1.58571228652,1.598709928213,1.611707569906,1.624705211598,
    1.637702853291,1.650700494984,1.663698136677,1.67669577837,
    1.689693420062,1.702691061755,1.715688703448),
  .QUASI_UNIFORM_KNOTS.);
#1440 = CARTESIAN_POINT('',(0.788389986797,0.102422554444));
#1441 = CARTESIAN_POINT('',(0.788248807611,0.102978277428));
#1442 = CARTESIAN_POINT('',(0.787911451734,0.104089044854));
#1443 = CARTESIAN_POINT('',(0.787242767358,0.105749340557));
#1444 = CARTESIAN_POINT('',(0.786413622465,0.107399922129));
#1445 = CARTESIAN_POINT('',(0.785426738791,0.109037066951));
#1446 = CARTESIAN_POINT('',(0.784285132078,0.110657132021));
#1447 = CARTESIAN_POINT('',(0.782992125579,0.112256560613));
#1448 = CARTESIAN_POINT('',(0.781551300402,0.113831873026));
#1449 = CARTESIAN_POINT('',(0.779966466883,0.115379662501));
#1450 = CARTESIAN_POINT('',(0.778241634447,0.116896590573));
#1451 = CARTESIAN_POINT('',(0.776380986108,0.118379383374));
#1452 = CARTESIAN_POINT('',(0.77438885618,0.119824828423));
#1453 = CARTESIAN_POINT('',(0.772269711693,0.121229772104));
#1454 = CARTESIAN_POINT('',(0.770028138243,0.122591117604));
#1455 = CARTESIAN_POINT('',(0.767668828583,0.123905824165));
#1456 = CARTESIAN_POINT('',(0.765196581948,0.125170904743));
#1457 = CARTESIAN_POINT('',(0.762616286368,0.126383433257));
#1458 = CARTESIAN_POINT('',(0.759932989862,0.127540520145));
#1459 = CARTESIAN_POINT('',(0.757151668157,0.128639410754));
#1460 = CARTESIAN_POINT('',(0.754278156572,0.129677130584));
#1461 = CARTESIAN_POINT('',(0.751319785014,0.130650445733));
#1462 = CARTESIAN_POINT('',(0.748283356497,0.131556636174));
#1463 = CARTESIAN_POINT('',(0.745176173949,0.132393114515));
#1464 = CARTESIAN_POINT('',(0.742005797961,0.133157549025));
#1465 = CARTESIAN_POINT('',(0.73878016358,0.133847856632));
#1466 = CARTESIAN_POINT('',(0.735507580353,0.134462240109));
#1467 = CARTESIAN_POINT('',(0.732196892403,0.134999206654));
#1468 = CARTESIAN_POINT('',(0.728856561614,0.135457735982));
#1469 = CARTESIAN_POINT('',(0.725495455716,0.135837141534));
#1470 = CARTESIAN_POINT('',(0.722122163836,0.136137172702));
#1471 = CARTESIAN_POINT('',(0.718745143505,0.136357966228));
#1472 = CARTESIAN_POINT('',(0.715372711432,0.136500027821));
#1473 = CARTESIAN_POINT('',(0.712012671515,0.136564221496));
#1474 = CARTESIAN_POINT('',(0.708672332141,0.13655170723));
#1475 = CARTESIAN_POINT('',(0.705358433768,0.136463884238));
#1476 = CARTESIAN_POINT('',(0.702077235505,0.136302332685));
#1477 = CARTESIAN_POINT('',(0.698834552533,0.136068764019));
#1478 = CARTESIAN_POINT('',(0.695635805666,0.135764976719));
#1479 = CARTESIAN_POINT('',(0.692486037565,0.135392811999));
#1480 = CARTESIAN_POINT('',(0.689390021011,0.134954125495));
#1481 = CARTESIAN_POINT('',(0.686352001084,0.134450706337));
#1482 = CARTESIAN_POINT('',(0.683375709039,0.133884202413));
#1483 = CARTESIAN_POINT('',(0.680464981645,0.133256182984));
#1484 = CARTESIAN_POINT('',(0.677623631016,0.132568102873));
#1485 = CARTESIAN_POINT('',(0.674855508676,0.131821287147));
#1486 = CARTESIAN_POINT('',(0.672164550312,0.131016918893));
#1487 = CARTESIAN_POINT('',(0.669554715101,0.130155978463));
#1488 = CARTESIAN_POINT('',(0.667030678881,0.129239461623));
#1489 = CARTESIAN_POINT('',(0.664596903088,0.128268043947));
#1490 = CARTESIAN_POINT('',(0.662258563098,0.127242372853));
#1491 = CARTESIAN_POINT('',(0.66002140894,0.126163044504));
#1492 = CARTESIAN_POINT('',(0.657891799224,0.125030636173));
#1493 = CARTESIAN_POINT('',(0.655876611905,0.123845656694));
#1494 = CARTESIAN_POINT('',(0.653983489807,0.122608757161));
#1495 = CARTESIAN_POINT('',(0.652219443053,0.121319667891));
#1496 = CARTESIAN_POINT('',(0.650594420758,0.119979758411));
#1497 = CARTESIAN_POINT('',(0.649118630486,0.118590730929));
#1498 = CARTESIAN_POINT('',(0.647802486502,0.11715471309));
#1499 = CARTESIAN_POINT('',(0.646656322021,0.115674293339));
#1500 = CARTESIAN_POINT('',(0.645690123365,0.114152578224));
#1501 = CARTESIAN_POINT('',(0.644913211285,0.112593255588));
#1502 = CARTESIAN_POINT('',(0.644333883261,0.111000654858));
#1503 = CARTESIAN_POINT('',(0.643959015173,0.109379862162));
#1504 = CARTESIAN_POINT('',(0.643793599478,0.107736675081));
#1505 = CARTESIAN_POINT('',(0.643840302235,0.106078207205));
#1506 = CARTESIAN_POINT('',(0.644098571911,0.104412763062));
#1507 = CARTESIAN_POINT('',(0.644565124503,0.102746733688));
#1508 = CARTESIAN_POINT('',(0.645234595215,0.101086162714));
#1509 = CARTESIAN_POINT('',(0.646099948712,9.943642947476E-02));
#1510 = CARTESIAN_POINT('',(0.647152890454,9.780240099707E-02));
#1511 = CARTESIAN_POINT('',(0.648384218826,9.618845143073E-02));
#1512 = CARTESIAN_POINT('',(0.649784137477,9.459851050843E-02));
#1513 = CARTESIAN_POINT('',(0.651342528253,9.303609713321E-02));
#1514 = CARTESIAN_POINT('',(0.653049183531,9.150435373286E-02));
#1515 = CARTESIAN_POINT('',(0.654894024501,9.000606498029E-02));
#1516 = CARTESIAN_POINT('',(0.656867224876,8.854371367937E-02));
#1517 = CARTESIAN_POINT('',(0.658959561898,8.711938239114E-02));
#1518 = CARTESIAN_POINT('',(0.661161814837,8.573521758365E-02));
#1519 = CARTESIAN_POINT('',(0.663467661333,8.43917691634E-02));
#1520 = CARTESIAN_POINT('',(0.665872060853,8.308942951635E-02));
#1521 = CARTESIAN_POINT('',(0.668368865975,8.182961535709E-02));
#1522 = CARTESIAN_POINT('',(0.670952646576,8.061362613442E-02));
#1523 = CARTESIAN_POINT('',(0.673618165366,7.944293217814E-02));
#1524 = CARTESIAN_POINT('',(0.676360487961,7.831908203631E-02));
#1525 = CARTESIAN_POINT('',(0.679174920641,7.724371630486E-02));
#1526 = CARTESIAN_POINT('',(0.682057020957,7.621854931274E-02));
#1527 = CARTESIAN_POINT('',(0.685002508232,7.524538591142E-02));
#1528 = CARTESIAN_POINT('',(0.68800752136,7.432604300714E-02));
#1529 = CARTESIAN_POINT('',(0.691067285114,7.346272378128E-02));
#1530 = CARTESIAN_POINT('',(0.694177114122,7.265763237234E-02));
#1531 = CARTESIAN_POINT('',(0.697332227863,7.191301720395E-02));
#1532 = CARTESIAN_POINT('',(0.700527632649,7.123116790606E-02));
#1533 = CARTESIAN_POINT('',(0.703758114254,7.06143808109E-02));
#1534 = CARTESIAN_POINT('',(0.707018197867,7.006492998366E-02));
#1535 = CARTESIAN_POINT('',(0.710302107173,6.958503556854E-02));
#1536 = CARTESIAN_POINT('',(0.713603737383,6.917682537321E-02));
#1537 = CARTESIAN_POINT('',(0.716916845871,6.884227889628E-02));
#1538 = CARTESIAN_POINT('',(0.720234361624,6.858324798096E-02));
#1539 = CARTESIAN_POINT('',(0.72354927527,6.840131415635E-02));
#1540 = CARTESIAN_POINT('',(0.726854443319,6.829780078044E-02));
#1541 = CARTESIAN_POINT('',(0.730142596139,6.827374770521E-02));
#1542 = CARTESIAN_POINT('',(0.733406324862,6.832989331814E-02));
#1543 = CARTESIAN_POINT('',(0.736637949046,6.846663686614E-02));
#1544 = CARTESIAN_POINT('',(0.739830331778,6.868406873919E-02));
#1545 = CARTESIAN_POINT('',(0.7429759562,6.898193512955E-02));
#1546 = CARTESIAN_POINT('',(0.746067667313,6.93596733286E-02));
#1547 = CARTESIAN_POINT('',(0.749098517346,6.981643418527E-02));
#1548 = CARTESIAN_POINT('',(0.752061752953,7.035109765756E-02));
#1549 = CARTESIAN_POINT('',(0.754950805317,7.096229366436E-02));
#1550 = CARTESIAN_POINT('',(0.757759168974,7.164838474617E-02));
#1551 = CARTESIAN_POINT('',(0.760480817402,7.240758640846E-02));
#1552 = CARTESIAN_POINT('',(0.763109996587,7.323797472934E-02));
#1553 = CARTESIAN_POINT('',(0.765641071616,7.413746628128E-02));
#1554 = CARTESIAN_POINT('',(0.76806858791,7.510385266494E-02));
#1555 = CARTESIAN_POINT('',(0.770387236629,7.613481013954E-02));
#1556 = CARTESIAN_POINT('',(0.772591828646,7.722789570779E-02));
#1557 = CARTESIAN_POINT('',(0.774677367354,7.838061101013E-02));
#1558 = CARTESIAN_POINT('',(0.776638753231,7.959019729887E-02));
#1559 = CARTESIAN_POINT('',(0.778472163042,8.085460115459E-02));
#1560 = CARTESIAN_POINT('',(0.780172434917,8.217083287483E-02));
#1561 = CARTESIAN_POINT('',(0.781734669326,8.353573660401E-02));
#1562 = CARTESIAN_POINT('',(0.783154278457,8.494606381356E-02));
#1563 = CARTESIAN_POINT('',(0.784426990375,8.6398457116E-02));
#1564 = CARTESIAN_POINT('',(0.785548873244,8.788945673498E-02));
#1565 = CARTESIAN_POINT('',(0.78651636068,8.941549969144E-02));
#1566 = CARTESIAN_POINT('',(0.787326282029,9.097291985035E-02));
#1567 = CARTESIAN_POINT('',(0.787975895802,9.255794667703E-02));
#1568 = CARTESIAN_POINT('',(0.788462925377,9.416670343361E-02));
#1569 = CARTESIAN_POINT('',(0.788785599555,9.57952041002E-02));
#1570 = CARTESIAN_POINT('',(0.788942687274,9.743935099845E-02));
#1571 = CARTESIAN_POINT('',(0.788933567092,9.909492556078E-02));
#1572 = CARTESIAN_POINT('',(0.788758181956,0.100757599927));
#1573 = CARTESIAN_POINT('',(0.788531021104,0.101867776925));
#1574 = CARTESIAN_POINT('',(0.788389986797,0.102422554444));
#1575 = ( GEOMETRIC_REPRESENTATION_CONTEXT(2) 
PARAMETRIC_REPRESENTATION_CONTEXT() REPRESENTATION_CONTEXT('2D SPACE',''
  ) );
#1576 = PCURVE('',#1577,#1582);
#1577 = CYLINDRICAL_SURFACE('',#1578,6.);
#1578 = AXIS2_PLACEMENT_3D('',#1579,#1580,#1581);
#1579 = CARTESIAN_POINT('',(0.,20.,-4.440892098501E-15));
#1580 = DIRECTION('',(0.,-1.,2.22044604925E-16));
#1581 = DIRECTION('',(1.,0.,0.));
#1582 = DEFINITIONAL_REPRESENTATION('',(#1583),#1719);
#1583 = B_SPLINE_CURVE_WITH_KNOTS('',3,(#1584,#1585,#1586,#1587,#1588,
    #1589,#1590,#1591,#1592,#1593,#1594,#1595,#1596,#1597,#1598,#1599,
    #1600,#1601,#1602,#1603,#1604,#1605,#1606,#1607,#1608,#1609,#1610,
    #1611,#1612,#1613,#1614,#1615,#1616,#1617,#1618,#1619,#1620,#1621,
    #1622,#1623,#1624,#1625,#1626,#1627,#1628,#1629,#1630,#1631,#1632,
    #1633,#1634,#1635,#1636,#1637,#1638,#1639,#1640,#1641,#1642,#1643,
    #1644,#1645,#1646,#1647,#1648,#1649,#1650,#1651,#1652,#1653,#1654,
    #1655,#1656,#1657,#1658,#1659,#1660,#1661,#1662,#1663,#1664,#1665,
    #1666,#1667,#1668,#1669,#1670,#1671,#1672,#1673,#1674,#1675,#1676,
    #1677,#1678,#1679,#1680,#1681,#1682,#1683,#1684,#1685,#1686,#1687,
    #1688,#1689,#1690,#1691,#1692,#1693,#1694,#1695,#1696,#1697,#1698,
    #1699,#1700,#1701,#1702,#1703,#1704,#1705,#1706,#1707,#1708,#1709,
    #1710,#1711,#1712,#1713,#1714,#1715,#1716,#1717,#1718),
  .UNSPECIFIED.,.F.,.F.,(4,1,1,1,1,1,1,1,1,1,1,1,1,1,1,1,1,1,1,1,1,1,1,1
    ,1,1,1,1,1,1,1,1,1,1,1,1,1,1,1,1,1,1,1,1,1,1,1,1,1,1,1,1,1,1,1,1,1,1
    ,1,1,1,1,1,1,1,1,1,1,1,1,1,1,1,1,1,1,1,1,1,1,1,1,1,1,1,1,1,1,1,1,1,1
    ,1,1,1,1,1,1,1,1,1,1,1,1,1,1,1,1,1,1,1,1,1,1,1,1,1,1,1,1,1,1,1,1,1,1
    ,1,1,1,1,1,1,4),(0.,1.299764169279E-02,2.599528338557E-02,
    3.899292507836E-02,5.199056677115E-02,6.498820846394E-02,
    7.798585015672E-02,9.098349184951E-02,0.103981133542,0.116978775235,
    0.129976416928,0.142974058621,0.155971700313,0.168969342006,
    0.181966983699,0.194964625392,0.207962267085,0.220959908777,
    0.23395755047,0.246955192163,0.259952833856,0.272950475549,
    0.285948117241,0.298945758934,0.311943400627,0.32494104232,
    0.337938684012,0.350936325705,0.363933967398,0.376931609091,
    0.389929250784,0.402926892476,0.415924534169,0.428922175862,
    0.441919817555,0.454917459248,0.46791510094,0.480912742633,
    0.493910384326,0.506908026019,0.519905667711,0.532903309404,
    0.545900951097,0.55889859279,0.571896234483,0.584893876175,
    0.597891517868,0.610889159561,0.623886801254,0.636884442947,
    0.649882084639,0.662879726332,0.675877368025,0.688875009718,
    0.701872651411,0.714870293103,0.727867934796,0.740865576489,
    0.753863218182,0.766860859874,0.779858501567,0.79285614326,
    0.805853784953,0.818851426646,0.831849068338,0.844846710031,
    0.857844351724,0.870841993417,0.88383963511,0.896837276802,
    0.909834918495,0.922832560188,0.935830201881,0.948827843573,
    0.961825485266,0.974823126959,0.987820768652,1.000818410345,
    1.013816052037,1.02681369373,1.039811335423,1.052808977116,
    1.065806618809,1.078804260501,1.091801902194,1.104799543887,
    1.11779718558,1.130794827273,1.143792468965,1.156790110658,
    1.169787752351,1.182785394044,1.195783035736,1.208780677429,
    1.221778319122,1.234775960815,1.247773602508,1.2607712442,
    1.273768885893,1.286766527586,1.299764169279,1.312761810972,
    1.325759452664,1.338757094357,1.35175473605,1.364752377743,
    1.377750019435,1.390747661128,1.403745302821,1.416742944514,
    1.429740586207,1.442738227899,1.455735869592,1.468733511285,
    1.481731152978,1.494728794671,1.507726436363,1.520724078056,
    1.533721719749,1.546719361442,1.559717003134,1.572714644827,
    1.58571228652,1.598709928213,1.611707569906,1.624705211598,
    1.637702853291,1.650700494984,1.663698136677,1.67669577837,
    1.689693420062,1.702691061755,1.715688703448),
  .QUASI_UNIFORM_KNOTS.);
#1584 = CARTESIAN_POINT('',(6.28318530718,30.240805375043));
#1585 = CARTESIAN_POINT('',(6.266905314836,30.245401879365));
#1586 = CARTESIAN_POINT('',(6.234364782453,30.255434303297));
#1587 = CARTESIAN_POINT('',(6.185609373348,30.272819822763));
#1588 = CARTESIAN_POINT('',(6.136907060152,30.292374485157));
#1589 = CARTESIAN_POINT('',(6.088253190703,30.313882874043));
#1590 = CARTESIAN_POINT('',(6.039642011023,30.337101596872));
#1591 = CARTESIAN_POINT('',(5.9910666887,30.361757526139));
#1592 = CARTESIAN_POINT('',(5.942519601713,30.387551972112));
#1593 = CARTESIAN_POINT('',(5.893992506907,30.414163393504));
#1594 = CARTESIAN_POINT('',(5.845476704431,30.441250581079));
#1595 = CARTESIAN_POINT('',(5.796963177276,30.468455757985));
#1596 = CARTESIAN_POINT('',(5.748442720766,30.495407716223));
#1597 = CARTESIAN_POINT('',(5.699906063142,30.521724936891));
#1598 = CARTESIAN_POINT('',(5.651343992828,30.547018692909));
#1599 = CARTESIAN_POINT('',(5.602747462745,30.570896139811));
#1600 = CARTESIAN_POINT('',(5.554107810751,30.592963361165));
#1601 = CARTESIAN_POINT('',(5.505416611107,30.612828523909));
#1602 = CARTESIAN_POINT('',(5.456667008455,30.630104622491));
#1603 = CARTESIAN_POINT('',(5.407849674191,30.644413847105));
#1604 = CARTESIAN_POINT('',(5.358969047356,30.655386101532));
#1605 = CARTESIAN_POINT('',(5.310051418848,30.662667362516));
#1606 = CARTESIAN_POINT('',(5.261110493985,30.665933278575));
#1607 = CARTESIAN_POINT('',(5.212165585682,30.664888659499));
#1608 = CARTESIAN_POINT('',(5.163237521751,30.659273514077));
#1609 = CARTESIAN_POINT('',(5.114350732105,30.648867638664));
#1610 = CARTESIAN_POINT('',(5.065533361512,30.633495495561));
#1611 = CARTESIAN_POINT('',(5.016819762594,30.613032420161));
#1612 = CARTESIAN_POINT('',(4.968237402826,30.587402149304));
#1613 = CARTESIAN_POINT('',(4.919819054084,30.55658293972));
#1614 = CARTESIAN_POINT('',(4.871593223136,30.520603891254));
#1615 = CARTESIAN_POINT('',(4.823586876276,30.479544525133));
#1616 = CARTESIAN_POINT('',(4.775825715728,30.433534045298));
#1617 = CARTESIAN_POINT('',(4.728329310105,30.382743633688));
#1618 = CARTESIAN_POINT('',(4.681111668183,30.327382059619));
#1619 = CARTESIAN_POINT('',(4.634180371677,30.267689550513));
#1620 = CARTESIAN_POINT('',(4.587537804821,30.203934056967));
#1621 = CARTESIAN_POINT('',(4.541181555822,30.136407180684));
#1622 = CARTESIAN_POINT('',(4.495104887584,30.065420647575));
#1623 = CARTESIAN_POINT('',(4.449296626584,29.991302329091));
#1624 = CARTESIAN_POINT('',(4.403742316229,29.91439489288));
#1625 = CARTESIAN_POINT('',(4.358419872142,29.835045555179));
#1626 = CARTESIAN_POINT('',(4.313298805413,29.753601184707));
#1627 = CARTESIAN_POINT('',(4.268348600672,29.670421776922));
#1628 = CARTESIAN_POINT('',(4.223536098158,29.585875834374));
#1629 = CARTESIAN_POINT('',(4.178825588329,29.500340559315));
#1630 = CARTESIAN_POINT('',(4.134178620134,29.414202094213));
#1631 = CARTESIAN_POINT('',(4.089551697187,29.327852023169));
#1632 = CARTESIAN_POINT('',(4.044907279317,29.241710137013));
#1633 = CARTESIAN_POINT('',(4.000196649968,29.156192988146));
#1634 = CARTESIAN_POINT('',(3.955374765445,29.071744490147));
#1635 = CARTESIAN_POINT('',(3.910397527454,28.988832246085));
#1636 = CARTESIAN_POINT('',(3.865222134466,28.907948929011));
#1637 = CARTESIAN_POINT('',(3.819804441001,28.829608470661));
#1638 = CARTESIAN_POINT('',(3.774105530628,28.75435552812));
#1639 = CARTESIAN_POINT('',(3.728053589578,28.682706880705));
#1640 = CARTESIAN_POINT('',(3.681635117817,28.615294748913));
#1641 = CARTESIAN_POINT('',(3.634841663065,28.552760607632));
#1642 = CARTESIAN_POINT('',(3.587672515385,28.495749228175));
#1643 = CARTESIAN_POINT('',(3.540134574811,28.444892613535));
#1644 = CARTESIAN_POINT('',(3.492243410449,28.400793749534));
#1645 = CARTESIAN_POINT('',(3.444024583507,28.364007855917));
#1646 = CARTESIAN_POINT('',(3.395515125844,28.335021970267));
#1647 = CARTESIAN_POINT('',(3.346766912065,28.314233341124));
#1648 = CARTESIAN_POINT('',(3.297845626469,28.301925383663));
#1649 = CARTESIAN_POINT('',(3.24884947613,28.298247200025));
#1650 = CARTESIAN_POINT('',(3.199906435339,28.303176100422));
#1651 = CARTESIAN_POINT('',(3.151085955894,28.316527700566));
#1652 = CARTESIAN_POINT('',(3.102448071021,28.337991636663));
#1653 = CARTESIAN_POINT('',(3.0540357443,28.367152410891));
#1654 = CARTESIAN_POINT('',(3.005880595064,28.403512605739));
#1655 = CARTESIAN_POINT('',(2.958004236196,28.44651354784));
#1656 = CARTESIAN_POINT('',(2.91042013617,28.495554379517));
#1657 = CARTESIAN_POINT('',(2.863134771405,28.550009085206));
#1658 = CARTESIAN_POINT('',(2.816148599926,28.609241266204));
#1659 = CARTESIAN_POINT('',(2.769456347337,28.672617362785));
#1660 = CARTESIAN_POINT('',(2.723048386073,28.739515633732));
#1661 = CARTESIAN_POINT('',(2.676906788258,28.809341333336));
#1662 = CARTESIAN_POINT('',(2.631020090161,28.881509874598));
#1663 = CARTESIAN_POINT('',(2.585326616245,28.955542567425));
#1664 = CARTESIAN_POINT('',(2.53975685073,29.031007698901));
#1665 = CARTESIAN_POINT('',(2.494275045941,29.107446031218));
#1666 = CARTESIAN_POINT('',(2.448840744895,29.18443059502));
#1667 = CARTESIAN_POINT('',(2.403418221679,29.261550127485));
#1668 = CARTESIAN_POINT('',(2.357973174706,29.338413072813));
#1669 = CARTESIAN_POINT('',(2.31247301946,29.414645998325));
#1670 = CARTESIAN_POINT('',(2.266885942114,29.48989409567));
#1671 = CARTESIAN_POINT('',(2.221181593039,29.563819235958));
#1672 = CARTESIAN_POINT('',(2.175326606014,29.636106034021));
#1673 = CARTESIAN_POINT('',(2.129304055647,29.706431041871));
#1674 = CARTESIAN_POINT('',(2.083097009164,29.774490646365));
#1675 = CARTESIAN_POINT('',(2.036690978763,29.839997686745));
#1676 = CARTESIAN_POINT('',(1.990075169925,29.902681046022));
#1677 = CARTESIAN_POINT('',(1.943242152677,29.962287863472));
#1678 = CARTESIAN_POINT('',(1.896188087298,30.018585243222));
#1679 = CARTESIAN_POINT('',(1.848913039517,30.071362139514));
#1680 = CARTESIAN_POINT('',(1.801421186969,30.120431821299));
#1681 = CARTESIAN_POINT('',(1.753717957759,30.165636858127));
#1682 = CARTESIAN_POINT('',(1.705819966033,30.206842676253));
#1683 = CARTESIAN_POINT('',(1.657742321825,30.243952678173));
#1684 = CARTESIAN_POINT('',(1.609501570314,30.276905925876));
#1685 = CARTESIAN_POINT('',(1.561115751076,30.305678196141));
#1686 = CARTESIAN_POINT('',(1.512604794214,30.330282191298));
#1687 = CARTESIAN_POINT('',(1.463992878918,30.350767456032));
#1688 = CARTESIAN_POINT('',(1.415296413573,30.367224557072));
#1689 = CARTESIAN_POINT('',(1.366538134722,30.37977759873));
#1690 = CARTESIAN_POINT('',(1.317736174326,30.388587054413));
#1691 = CARTESIAN_POINT('',(1.268906391216,30.393845642994));
#1692 = CARTESIAN_POINT('',(1.220062661804,30.395775530876));
#1693 = CARTESIAN_POINT('',(1.171217063919,30.394625223987));
#1694 = CARTESIAN_POINT('',(1.122382146341,30.390666925971));
#1695 = CARTESIAN_POINT('',(1.073563790586,30.384192774306));
#1696 = CARTESIAN_POINT('',(1.024764232861,30.375510857111));
#1697 = CARTESIAN_POINT('',(0.975984720247,30.364942439249));
#1698 = CARTESIAN_POINT('',(0.927224401932,30.352818845312));
#1699 = CARTESIAN_POINT('',(0.878480883602,30.33947849185));
#1700 = CARTESIAN_POINT('',(0.829750942602,30.325264109783));
#1701 = CARTESIAN_POINT('',(0.781028608925,30.310519159175));
#1702 = CARTESIAN_POINT('',(0.732313366942,30.295587386705));
#1703 = CARTESIAN_POINT('',(0.683573480358,30.280798613868));
#1704 = CARTESIAN_POINT('',(0.634811736313,30.26648637242));
#1705 = CARTESIAN_POINT('',(0.586031291746,30.252973768992));
#1706 = CARTESIAN_POINT('',(0.53723400491,30.240569163061));
#1707 = CARTESIAN_POINT('',(0.488421324585,30.229562700375));
#1708 = CARTESIAN_POINT('',(0.439594448087,30.22022266845));
#1709 = CARTESIAN_POINT('',(0.390754649744,30.212791999329));
#1710 = CARTESIAN_POINT('',(0.341903555367,30.207484888546));
#1711 = CARTESIAN_POINT('',(0.293043439562,30.204483583577));
#1712 = CARTESIAN_POINT('',(0.2441775366,30.203935431777));
#1713 = CARTESIAN_POINT('',(0.195310398042,30.205950064436));
#1714 = CARTESIAN_POINT('',(0.146448252129,30.210597428245));
#1715 = CARTESIAN_POINT('',(9.759960212386E-02,30.217904268025));
#1716 = CARTESIAN_POINT('',(4.877526796106E-02,30.227858277461));
#1717 = CARTESIAN_POINT('',(1.625238740579E-02,30.236209964777));
#1718 = CARTESIAN_POINT('',(0.,30.240805375043));
#1719 = ( GEOMETRIC_REPRESENTATION_CONTEXT(2) 
PARAMETRIC_REPRESENTATION_CONTEXT() REPRESENTATION_CONTEXT('2D SPACE',''
  ) );
#1720 = FACE_BOUND('',#1721,.F.);
#1721 = EDGE_LOOP('',(#1722,#1834,#1922,#2032));
#1722 = ORIENTED_EDGE('',*,*,#1723,.F.);
#1723 = EDGE_CURVE('',#1724,#1726,#1728,.T.);
#1724 = VERTEX_POINT('',#1725);
#1725 = CARTESIAN_POINT('',(-11.70311747643,-3.5,6.927989703563));
#1726 = VERTEX_POINT('',#1727);
#1727 = CARTESIAN_POINT('',(-8.479395284496,-3.5,-150.632960811));
#1728 = SURFACE_CURVE('',#1729,(#1762,#1798),.PCURVE_S1.);
#1729 = B_SPLINE_CURVE_WITH_KNOTS('',7,(#1730,#1731,#1732,#1733,#1734,
    #1735,#1736,#1737,#1738,#1739,#1740,#1741,#1742,#1743,#1744,#1745,
    #1746,#1747,#1748,#1749,#1750,#1751,#1752,#1753,#1754,#1755,#1756,
    #1757,#1758,#1759,#1760,#1761),.UNSPECIFIED.,.F.,.F.,(8,6,6,6,6,8),(
    0.,0.252624097204,0.499350869158,0.749083373942,0.874284664602,1.),
  .UNSPECIFIED.);
#1730 = CARTESIAN_POINT('',(-12.81847358427,-3.5,13.6));
#1731 = CARTESIAN_POINT('',(-11.78623615056,-3.5,7.63091499187));
#1732 = CARTESIAN_POINT('',(-10.823277527,-3.5,1.649828760354));
#1733 = CARTESIAN_POINT('',(-9.931958375697,-3.5,-4.342627324012));
#1734 = CARTESIAN_POINT('',(-9.113941728653,-3.5,-10.34565064763));
#1735 = CARTESIAN_POINT('',(-8.370540048226,-3.5,-16.35831757927));
#1736 = CARTESIAN_POINT('',(-7.702764350021,-3.5,-22.37959038307));
#1737 = CARTESIAN_POINT('',(-6.53379321311,-3.5,-34.29632434401));
#1738 = CARTESIAN_POINT('',(-6.029068483258,-3.5,-40.1914853229));
#1739 = CARTESIAN_POINT('',(-5.597910491978,-3.5,-46.09275916925));
#1740 = CARTESIAN_POINT('',(-5.240790534877,-3.5,-51.99907062566));
#1741 = CARTESIAN_POINT('',(-4.957978959432,-3.5,-57.90932098994));
#1742 = CARTESIAN_POINT('',(-4.749539685164,-3.5,-63.82238813317));
#1743 = CARTESIAN_POINT('',(-4.479390385664,-3.5,-75.72391588542));
#1744 = CARTESIAN_POINT('',(-4.419497827834,-3.5,-81.71246917647));
#1745 = CARTESIAN_POINT('',(-4.43540866905,-3.5,-87.70156815103));
#1746 = CARTESIAN_POINT('',(-4.526662754894,-3.5,-93.69005313563));
#1747 = CARTESIAN_POINT('',(-4.692456878439,-3.5,-99.67682368055));
#1748 = CARTESIAN_POINT('',(-4.931600191277,-3.5,-105.6608392278));
#1749 = CARTESIAN_POINT('',(-5.397649443001,-3.5,-114.6393001971));
#1750 = CARTESIAN_POINT('',(-5.571192460592,-3.5,-117.6365428052));
#1751 = CARTESIAN_POINT('',(-5.762391015561,-3.5,-120.6327384775));
#1752 = CARTESIAN_POINT('',(-5.970926286075,-3.5,-123.6277816015));
#1753 = CARTESIAN_POINT('',(-6.196410881394,-3.5,-126.6215821037));
#1754 = CARTESIAN_POINT('',(-6.438354489315,-3.5,-129.6140679371));
#1755 = CARTESIAN_POINT('',(-6.954913786585,-3.5,-135.6085916399));
#1756 = CARTESIAN_POINT('',(-7.229660532695,-3.5,-138.6106301146));
#1757 = CARTESIAN_POINT('',(-7.519682184927,-3.5,-141.6112463313));
#1758 = CARTESIAN_POINT('',(-7.824154059987,-3.5,-144.6104232341));
#1759 = CARTESIAN_POINT('',(-8.141998742859,-3.5,-147.6081949527));
#1760 = CARTESIAN_POINT('',(-8.471805607832,-3.5,-150.6046551015));
#1761 = CARTESIAN_POINT('',(-8.811416309064,-3.5,-153.6));
#1762 = PCURVE('',#32,#1763);
#1763 = DEFINITIONAL_REPRESENTATION('',(#1764),#1797);
#1764 = B_SPLINE_CURVE_WITH_KNOTS('',7,(#1765,#1766,#1767,#1768,#1769,
    #1770,#1771,#1772,#1773,#1774,#1775,#1776,#1777,#1778,#1779,#1780,
    #1781,#1782,#1783,#1784,#1785,#1786,#1787,#1788,#1789,#1790,#1791,
    #1792,#1793,#1794,#1795,#1796),.UNSPECIFIED.,.F.,.F.,(8,6,6,6,6,8),(
    0.,0.252624097204,0.499350869158,0.749083373942,0.874284664602,1.),
  .UNSPECIFIED.);
#1765 = CARTESIAN_POINT('',(0.55602267078,2.503978688034E-02));
#1766 = CARTESIAN_POINT('',(0.554884661589,5.900762958917E-02));
#1767 = CARTESIAN_POINT('',(0.553943584234,9.303937271131E-02));
#1768 = CARTESIAN_POINT('',(0.553170948867,0.127131391926));
#1769 = CARTESIAN_POINT('',(0.552548501063,0.161279095812));
#1770 = CARTESIAN_POINT('',(0.552063837593,0.195477202216));
#1771 = CARTESIAN_POINT('',(0.55170887225,0.229719789391));
#1772 = CARTESIAN_POINT('',(0.551255314706,0.297480629734));
#1773 = CARTESIAN_POINT('',(0.55115092812,0.330997382512));
#1774 = CARTESIAN_POINT('',(0.551162329267,0.364544611585));
#1775 = CARTESIAN_POINT('',(0.551289107058,0.398116190661));
#1776 = CARTESIAN_POINT('',(0.551533857189,0.431705864879));
#1777 = CARTESIAN_POINT('',(0.551902540823,0.465307251099));
#1778 = CARTESIAN_POINT('',(0.552915009601,0.532929807285));
#1779 = CARTESIAN_POINT('',(0.553562093904,0.566951398573));
#1780 = CARTESIAN_POINT('',(0.554357961314,0.600971687585));
#1781 = CARTESIAN_POINT('',(0.555318342275,0.634984087999));
#1782 = CARTESIAN_POINT('',(0.556465809667,0.668982354926));
#1783 = CARTESIAN_POINT('',(0.557831563564,0.702960588285));
#1784 = CARTESIAN_POINT('',(0.560285645964,0.753935207314));
#1785 = CARTESIAN_POINT('',(0.561172713305,0.770950753237));
#1786 = CARTESIAN_POINT('',(0.562133720818,0.78795925575));
#1787 = CARTESIAN_POINT('',(0.563176320711,0.804960116986));
#1788 = CARTESIAN_POINT('',(0.564309710281,0.821952827517));
#1789 = CARTESIAN_POINT('',(0.565545333436,0.838936980401));
#1790 = CARTESIAN_POINT('',(0.568256277562,0.872957307131));
#1791 = CARTESIAN_POINT('',(0.569732567941,0.889993475406));
#1792 = CARTESIAN_POINT('',(0.571341958098,0.907020470546));
#1793 = CARTESIAN_POINT('',(0.573102947391,0.924038197947));
#1794 = CARTESIAN_POINT('',(0.575039167159,0.941046853454));
#1795 = CARTESIAN_POINT('',(0.577181028728,0.958046970298));
#1796 = CARTESIAN_POINT('',(0.57957275097,0.975039663931));
#1797 = ( GEOMETRIC_REPRESENTATION_CONTEXT(2) 
PARAMETRIC_REPRESENTATION_CONTEXT() REPRESENTATION_CONTEXT('2D SPACE',''
  ) );
#1798 = PCURVE('',#345,#1799);
#1799 = DEFINITIONAL_REPRESENTATION('',(#1800),#1833);
#1800 = B_SPLINE_CURVE_WITH_KNOTS('',7,(#1801,#1802,#1803,#1804,#1805,
    #1806,#1807,#1808,#1809,#1810,#1811,#1812,#1813,#1814,#1815,#1816,
    #1817,#1818,#1819,#1820,#1821,#1822,#1823,#1824,#1825,#1826,#1827,
    #1828,#1829,#1830,#1831,#1832),.UNSPECIFIED.,.F.,.F.,(8,6,6,6,6,8),(
    0.,0.252624097204,0.499350869158,0.749083373942,0.874284664602,1.),
  .UNSPECIFIED.);
#1801 = CARTESIAN_POINT('',(-12.81847358427,13.6));
#1802 = CARTESIAN_POINT('',(-11.78623615056,7.63091499187));
#1803 = CARTESIAN_POINT('',(-10.823277527,1.649828760354));
#1804 = CARTESIAN_POINT('',(-9.931958375697,-4.342627324012));
#1805 = CARTESIAN_POINT('',(-9.113941728653,-10.34565064763));
#1806 = CARTESIAN_POINT('',(-8.370540048226,-16.35831757927));
#1807 = CARTESIAN_POINT('',(-7.702764350021,-22.37959038307));
#1808 = CARTESIAN_POINT('',(-6.53379321311,-34.29632434401));
#1809 = CARTESIAN_POINT('',(-6.029068483258,-40.1914853229));
#1810 = CARTESIAN_POINT('',(-5.597910491978,-46.09275916925));
#1811 = CARTESIAN_POINT('',(-5.240790534877,-51.99907062566));
#1812 = CARTESIAN_POINT('',(-4.957978959432,-57.90932098994));
#1813 = CARTESIAN_POINT('',(-4.749539685164,-63.82238813317));
#1814 = CARTESIAN_POINT('',(-4.479390385664,-75.72391588542));
#1815 = CARTESIAN_POINT('',(-4.419497827834,-81.71246917647));
#1816 = CARTESIAN_POINT('',(-4.43540866905,-87.70156815103));
#1817 = CARTESIAN_POINT('',(-4.526662754894,-93.69005313563));
#1818 = CARTESIAN_POINT('',(-4.692456878439,-99.67682368055));
#1819 = CARTESIAN_POINT('',(-4.931600191277,-105.6608392278));
#1820 = CARTESIAN_POINT('',(-5.397649443001,-114.6393001971));
#1821 = CARTESIAN_POINT('',(-5.571192460592,-117.6365428052));
#1822 = CARTESIAN_POINT('',(-5.762391015561,-120.6327384775));
#1823 = CARTESIAN_POINT('',(-5.970926286075,-123.6277816015));
#1824 = CARTESIAN_POINT('',(-6.196410881394,-126.6215821037));
#1825 = CARTESIAN_POINT('',(-6.438354489315,-129.6140679371));
#1826 = CARTESIAN_POINT('',(-6.954913786585,-135.6085916399));
#1827 = CARTESIAN_POINT('',(-7.229660532695,-138.6106301146));
#1828 = CARTESIAN_POINT('',(-7.519682184927,-141.6112463313));
#1829 = CARTESIAN_POINT('',(-7.824154059987,-144.6104232341));
#1830 = CARTESIAN_POINT('',(-8.141998742859,-147.6081949527));
#1831 = CARTESIAN_POINT('',(-8.471805607832,-150.6046551015));
#1832 = CARTESIAN_POINT('',(-8.811416309064,-153.6));
#1833 = ( GEOMETRIC_REPRESENTATION_CONTEXT(2) 
PARAMETRIC_REPRESENTATION_CONTEXT() REPRESENTATION_CONTEXT('2D SPACE',''
  ) );
#1834 = ORIENTED_EDGE('',*,*,#1835,.T.);
#1835 = EDGE_CURVE('',#1724,#1836,#1838,.T.);
#1836 = VERTEX_POINT('',#1837);
#1837 = CARTESIAN_POINT('',(-11.70311747643,3.5,6.927989703563));
#1838 = SURFACE_CURVE('',#1839,(#1863,#1890),.PCURVE_S1.);
#1839 = B_SPLINE_CURVE_WITH_KNOTS('',8,(#1840,#1841,#1842,#1843,#1844,
    #1845,#1846,#1847,#1848,#1849,#1850,#1851,#1852,#1853,#1854,#1855,
    #1856,#1857,#1858,#1859,#1860,#1861,#1862),.UNSPECIFIED.,.F.,.F.,(9,
    7,7,9),(0.,0.21703216495,0.504488312994,1.),.UNSPECIFIED.);
#1840 = CARTESIAN_POINT('',(-11.70311724384,-3.5000006,6.927990096468));
#1841 = CARTESIAN_POINT('',(-11.77105686823,-3.324741029237,
    6.813222988172));
#1842 = CARTESIAN_POINT('',(-11.83492619223,-3.147397476389,
    6.702397374096));
#1843 = CARTESIAN_POINT('',(-11.89473289638,-2.967962197955,
    6.595921289917));
#1844 = CARTESIAN_POINT('',(-11.95047232732,-2.786443669306,
    6.494239932614));
#1845 = CARTESIAN_POINT('',(-12.00213016786,-2.602867630975,
    6.397833249043));
#1846 = CARTESIAN_POINT('',(-12.04968452338,-2.417279456864,
    6.307208137953));
#1847 = CARTESIAN_POINT('',(-12.0931074244,-2.229747844383,
    6.222885265461));
#1848 = CARTESIAN_POINT('',(-12.18436285752,-1.78954121985,
    6.042726479205));
#1849 = CARTESIAN_POINT('',(-12.22906757475,-1.535409173337,
    5.952006676839));
#1850 = CARTESIAN_POINT('',(-12.26637439071,-1.278303471816,
    5.874474166408));
#1851 = CARTESIAN_POINT('',(-12.29618292204,-1.018635524442,
    5.811331023542));
#1852 = CARTESIAN_POINT('',(-12.31840318751,-0.756907057743,
    5.763644827861));
#1853 = CARTESIAN_POINT('',(-12.33295834094,-0.493723589837,
    5.732218578488));
#1854 = CARTESIAN_POINT('',(-12.33979710931,-0.229808525317,
    5.717465484832));
#1855 = CARTESIAN_POINT('',(-12.33743035595,0.488711000474,
    5.722571528389));
#1856 = CARTESIAN_POINT('',(-12.31303000127,0.94302511341,5.775210427114
    ));
#1857 = CARTESIAN_POINT('',(-12.26577943143,1.392648185746,
    5.877007404348));
#1858 = CARTESIAN_POINT('',(-12.19623390456,1.834696709943,
    6.023735423534));
#1859 = CARTESIAN_POINT('',(-12.10481918362,2.267350679987,
    6.208570563599));
#1860 = CARTESIAN_POINT('',(-11.99196757919,2.68943752916,6.424792481308
    ));
#1861 = CARTESIAN_POINT('',(-11.85804039113,3.100355112682,
    6.666285946885));
#1862 = CARTESIAN_POINT('',(-11.70311724384,3.5000006,6.927990096468));
#1863 = PCURVE('',#32,#1864);
#1864 = DEFINITIONAL_REPRESENTATION('',(#1865),#1889);
#1865 = B_SPLINE_CURVE_WITH_KNOTS('',8,(#1866,#1867,#1868,#1869,#1870,
    #1871,#1872,#1873,#1874,#1875,#1876,#1877,#1878,#1879,#1880,#1881,
    #1882,#1883,#1884,#1885,#1886,#1887,#1888),.UNSPECIFIED.,.F.,.F.,(9,
    7,7,9),(0.,0.21703216495,0.504488312994,1.),.UNSPECIFIED.);
#1866 = CARTESIAN_POINT('',(0.554853286042,6.300536104299E-02));
#1867 = CARTESIAN_POINT('',(0.551973952442,6.365837703553E-02));
#1868 = CARTESIAN_POINT('',(0.549084774965,6.42889646392E-02));
#1869 = CARTESIAN_POINT('',(0.546184409104,6.489480235388E-02));
#1870 = CARTESIAN_POINT('',(0.543271758047,6.547335725649E-02));
#1871 = CARTESIAN_POINT('',(0.540345956383,6.602189872262E-02));
#1872 = CARTESIAN_POINT('',(0.537406379922,6.653754279287E-02));
#1873 = CARTESIAN_POINT('',(0.534452681654,6.701732718399E-02));
#1874 = CARTESIAN_POINT('',(0.527554006279,6.804240187986E-02));
#1875 = CARTESIAN_POINT('',(0.523597363195,6.855858178129E-02));
#1876 = CARTESIAN_POINT('',(0.519616565168,6.899972734505E-02));
#1877 = CARTESIAN_POINT('',(0.515614140078,6.935899947244E-02));
#1878 = CARTESIAN_POINT('',(0.511593620706,6.963032428173E-02));
#1879 = CARTESIAN_POINT('',(0.507559784295,6.980913319005E-02));
#1880 = CARTESIAN_POINT('',(0.503518988808,6.989307527096E-02));
#1881 = CARTESIAN_POINT('',(0.492516522354,6.986402292918E-02));
#1882 = CARTESIAN_POINT('',(0.485558402089,6.956451837831E-02));
#1883 = CARTESIAN_POINT('',(0.478646706499,6.898531436163E-02));
#1884 = CARTESIAN_POINT('',(0.471801724657,6.815046034882E-02));
#1885 = CARTESIAN_POINT('',(0.465031301171,6.709878010407E-02));
#1886 = CARTESIAN_POINT('',(0.458336584433,6.586850838289E-02));
#1887 = CARTESIAN_POINT('',(0.451712476243,6.449443746505E-02));
#1888 = CARTESIAN_POINT('',(0.445146713958,6.300536104299E-02));
#1889 = ( GEOMETRIC_REPRESENTATION_CONTEXT(2) 
PARAMETRIC_REPRESENTATION_CONTEXT() REPRESENTATION_CONTEXT('2D SPACE',''
  ) );
#1890 = PCURVE('',#1891,#1896);
#1891 = CYLINDRICAL_SURFACE('',#1892,13.6);
#1892 = AXIS2_PLACEMENT_3D('',#1893,#1894,#1895);
#1893 = CARTESIAN_POINT('',(0.,3.5,0.));
#1894 = DIRECTION('',(-0.,1.,-0.));
#1895 = DIRECTION('',(1.,0.,0.));
#1896 = DEFINITIONAL_REPRESENTATION('',(#1897),#1921);
#1897 = B_SPLINE_CURVE_WITH_KNOTS('',8,(#1898,#1899,#1900,#1901,#1902,
    #1903,#1904,#1905,#1906,#1907,#1908,#1909,#1910,#1911,#1912,#1913,
    #1914,#1915,#1916,#1917,#1918,#1919,#1920),.UNSPECIFIED.,.F.,.F.,(9,
    7,7,9),(0.,0.21703216495,0.504488312994,1.),.UNSPECIFIED.);
#1898 = CARTESIAN_POINT('',(-2.607092426864,-7.0000006));
#1899 = CARTESIAN_POINT('',(-2.616898968651,-6.824741029237));
#1900 = CARTESIAN_POINT('',(-2.62630365789,-6.647397476389));
#1901 = CARTESIAN_POINT('',(-2.635282398277,-6.467962197955));
#1902 = CARTESIAN_POINT('',(-2.64380779413,-6.286443669306));
#1903 = CARTESIAN_POINT('',(-2.651849399472,-6.102867630975));
#1904 = CARTESIAN_POINT('',(-2.659374323022,-5.917279456864));
#1905 = CARTESIAN_POINT('',(-2.666348189099,-5.729747844383));
#1906 = CARTESIAN_POINT('',(-2.6811976249,-5.28954121985));
#1907 = CARTESIAN_POINT('',(-2.688633683475,-5.035409173337));
#1908 = CARTESIAN_POINT('',(-2.694959849738,-4.778303471816));
#1909 = CARTESIAN_POINT('',(-2.700093931643,-4.518635524442));
#1910 = CARTESIAN_POINT('',(-2.703962240372,-4.256907057743));
#1911 = CARTESIAN_POINT('',(-2.706508801733,-3.993723589837));
#1912 = CARTESIAN_POINT('',(-2.707704468994,-3.729808525317));
#1913 = CARTESIAN_POINT('',(-2.707290653185,-3.011288999526));
#1914 = CARTESIAN_POINT('',(-2.703024529264,-2.55697488659));
#1915 = CARTESIAN_POINT('',(-2.694772464596,-2.107351814254));
#1916 = CARTESIAN_POINT('',(-2.682833415648,-1.665303290057));
#1917 = CARTESIAN_POINT('',(-2.667676302649,-1.232649320013));
#1918 = CARTESIAN_POINT('',(-2.649751014457,-0.81056247084));
#1919 = CARTESIAN_POINT('',(-2.629454344986,-0.399644887318));
#1920 = CARTESIAN_POINT('',(-2.607092426864,5.999999999062E-07));
#1921 = ( GEOMETRIC_REPRESENTATION_CONTEXT(2) 
PARAMETRIC_REPRESENTATION_CONTEXT() REPRESENTATION_CONTEXT('2D SPACE',''
  ) );
#1922 = ORIENTED_EDGE('',*,*,#1923,.T.);
#1923 = EDGE_CURVE('',#1836,#1924,#1926,.T.);
#1924 = VERTEX_POINT('',#1925);
#1925 = CARTESIAN_POINT('',(-8.479395284496,3.5,-150.632960811));
#1926 = SURFACE_CURVE('',#1927,(#1960,#1996),.PCURVE_S1.);
#1927 = B_SPLINE_CURVE_WITH_KNOTS('',7,(#1928,#1929,#1930,#1931,#1932,
    #1933,#1934,#1935,#1936,#1937,#1938,#1939,#1940,#1941,#1942,#1943,
    #1944,#1945,#1946,#1947,#1948,#1949,#1950,#1951,#1952,#1953,#1954,
    #1955,#1956,#1957,#1958,#1959),.UNSPECIFIED.,.F.,.F.,(8,6,6,6,6,8),(
    0.,0.252624097203,0.49935086918,0.749083373964,0.874284664625,1.),
  .UNSPECIFIED.);
#1928 = CARTESIAN_POINT('',(-12.81847358427,3.5,13.6));
#1929 = CARTESIAN_POINT('',(-11.78623615056,3.5,7.630914991848));
#1930 = CARTESIAN_POINT('',(-10.82327752701,3.5,1.649828760389));
#1931 = CARTESIAN_POINT('',(-9.931958375692,3.5,-4.342627323996));
#1932 = CARTESIAN_POINT('',(-9.113941728649,3.5,-10.34565064772));
#1933 = CARTESIAN_POINT('',(-8.370540048233,3.5,-16.35831757919));
#1934 = CARTESIAN_POINT('',(-7.702764350018,3.5,-22.37959038309));
#1935 = CARTESIAN_POINT('',(-6.533793213058,3.5,-34.29632434454));
#1936 = CARTESIAN_POINT('',(-6.029068483168,3.5,-40.19148532395));
#1937 = CARTESIAN_POINT('',(-5.597910491861,3.5,-46.09275917086));
#1938 = CARTESIAN_POINT('',(-5.240790534748,3.5,-51.99907062779));
#1939 = CARTESIAN_POINT('',(-4.957978959305,3.5,-57.90932099258));
#1940 = CARTESIAN_POINT('',(-4.749539685051,3.5,-63.82238813638));
#1941 = CARTESIAN_POINT('',(-4.47939038562,3.5,-75.72391588912));
#1942 = CARTESIAN_POINT('',(-4.419497827829,3.5,-81.7124691803));
#1943 = CARTESIAN_POINT('',(-4.435408669088,3.5,-87.70156815461));
#1944 = CARTESIAN_POINT('',(-4.526662754971,3.5,-93.6900531395));
#1945 = CARTESIAN_POINT('',(-4.692456878555,3.5,-99.67682368422));
#1946 = CARTESIAN_POINT('',(-4.931600191433,3.5,-105.6608392316));
#1947 = CARTESIAN_POINT('',(-5.397649443214,3.5,-114.6393002009));
#1948 = CARTESIAN_POINT('',(-5.571192460824,3.5,-117.6365428089));
#1949 = CARTESIAN_POINT('',(-5.762391015811,3.5,-120.6327384813));
#1950 = CARTESIAN_POINT('',(-5.970926286344,3.5,-123.6277816052));
#1951 = CARTESIAN_POINT('',(-6.196410881682,3.5,-126.6215821075));
#1952 = CARTESIAN_POINT('',(-6.43835448962,3.5,-129.6140679408));
#1953 = CARTESIAN_POINT('',(-6.954913786878,3.5,-135.6085916431));
#1954 = CARTESIAN_POINT('',(-7.229660532953,3.5,-138.6106301173));
#1955 = CARTESIAN_POINT('',(-7.519682185143,3.5,-141.6112463334));
#1956 = CARTESIAN_POINT('',(-7.824154060157,3.5,-144.6104232357));
#1957 = CARTESIAN_POINT('',(-8.141998742976,3.5,-147.6081949538));
#1958 = CARTESIAN_POINT('',(-8.471805607892,3.5,-150.6046551021));
#1959 = CARTESIAN_POINT('',(-8.811416309064,3.5,-153.6));
#1960 = PCURVE('',#32,#1961);
#1961 = DEFINITIONAL_REPRESENTATION('',(#1962),#1995);
#1962 = B_SPLINE_CURVE_WITH_KNOTS('',7,(#1963,#1964,#1965,#1966,#1967,
    #1968,#1969,#1970,#1971,#1972,#1973,#1974,#1975,#1976,#1977,#1978,
    #1979,#1980,#1981,#1982,#1983,#1984,#1985,#1986,#1987,#1988,#1989,
    #1990,#1991,#1992,#1993,#1994),.UNSPECIFIED.,.F.,.F.,(8,6,6,6,6,8),(
    0.,0.252624097203,0.49935086918,0.749083373964,0.874284664625,1.),
  .UNSPECIFIED.);
#1963 = CARTESIAN_POINT('',(0.44397732922,2.503978688034E-02));
#1964 = CARTESIAN_POINT('',(0.445115338411,5.900762958929E-02));
#1965 = CARTESIAN_POINT('',(0.446056415766,9.303937271106E-02));
#1966 = CARTESIAN_POINT('',(0.446829051133,0.127131391926));
#1967 = CARTESIAN_POINT('',(0.447451498937,0.161279095813));
#1968 = CARTESIAN_POINT('',(0.447936162407,0.195477202215));
#1969 = CARTESIAN_POINT('',(0.44829112775,0.229719789391));
#1970 = CARTESIAN_POINT('',(0.448744685294,0.297480629737));
#1971 = CARTESIAN_POINT('',(0.44884907188,0.330997382518));
#1972 = CARTESIAN_POINT('',(0.448837670733,0.364544611594));
#1973 = CARTESIAN_POINT('',(0.448710892942,0.398116190673));
#1974 = CARTESIAN_POINT('',(0.448466142811,0.431705864894));
#1975 = CARTESIAN_POINT('',(0.448097459177,0.465307251118));
#1976 = CARTESIAN_POINT('',(0.447084990399,0.532929807306));
#1977 = CARTESIAN_POINT('',(0.446437906095,0.566951398595));
#1978 = CARTESIAN_POINT('',(0.445642038685,0.600971687606));
#1979 = CARTESIAN_POINT('',(0.444681657724,0.63498408802));
#1980 = CARTESIAN_POINT('',(0.443534190333,0.668982354947));
#1981 = CARTESIAN_POINT('',(0.442168436435,0.702960588306));
#1982 = CARTESIAN_POINT('',(0.439714354035,0.753935207336));
#1983 = CARTESIAN_POINT('',(0.438827286694,0.770950753259));
#1984 = CARTESIAN_POINT('',(0.437866279181,0.787959255771));
#1985 = CARTESIAN_POINT('',(0.436823679288,0.804960117007));
#1986 = CARTESIAN_POINT('',(0.435690289717,0.821952827538));
#1987 = CARTESIAN_POINT('',(0.434454666562,0.838936980423));
#1988 = CARTESIAN_POINT('',(0.431743722437,0.872957307149));
#1989 = CARTESIAN_POINT('',(0.430267432058,0.889993475421));
#1990 = CARTESIAN_POINT('',(0.428658041901,0.907020470558));
#1991 = CARTESIAN_POINT('',(0.426897052608,0.924038197956));
#1992 = CARTESIAN_POINT('',(0.424960832841,0.94104685346));
#1993 = CARTESIAN_POINT('',(0.422818971271,0.958046970301));
#1994 = CARTESIAN_POINT('',(0.42042724903,0.975039663931));
#1995 = ( GEOMETRIC_REPRESENTATION_CONTEXT(2) 
PARAMETRIC_REPRESENTATION_CONTEXT() REPRESENTATION_CONTEXT('2D SPACE',''
  ) );
#1996 = PCURVE('',#702,#1997);
#1997 = DEFINITIONAL_REPRESENTATION('',(#1998),#2031);
#1998 = B_SPLINE_CURVE_WITH_KNOTS('',7,(#1999,#2000,#2001,#2002,#2003,
    #2004,#2005,#2006,#2007,#2008,#2009,#2010,#2011,#2012,#2013,#2014,
    #2015,#2016,#2017,#2018,#2019,#2020,#2021,#2022,#2023,#2024,#2025,
    #2026,#2027,#2028,#2029,#2030),.UNSPECIFIED.,.F.,.F.,(8,6,6,6,6,8),(
    0.,0.252624097203,0.49935086918,0.749083373964,0.874284664625,1.),
  .UNSPECIFIED.);
#1999 = CARTESIAN_POINT('',(-12.81847358427,13.6));
#2000 = CARTESIAN_POINT('',(-11.78623615056,7.630914991848));
#2001 = CARTESIAN_POINT('',(-10.82327752701,1.649828760389));
#2002 = CARTESIAN_POINT('',(-9.931958375692,-4.342627323996));
#2003 = CARTESIAN_POINT('',(-9.113941728649,-10.34565064772));
#2004 = CARTESIAN_POINT('',(-8.370540048233,-16.35831757919));
#2005 = CARTESIAN_POINT('',(-7.702764350018,-22.37959038309));
#2006 = CARTESIAN_POINT('',(-6.533793213058,-34.29632434454));
#2007 = CARTESIAN_POINT('',(-6.029068483168,-40.19148532395));
#2008 = CARTESIAN_POINT('',(-5.597910491861,-46.09275917086));
#2009 = CARTESIAN_POINT('',(-5.240790534748,-51.99907062779));
#2010 = CARTESIAN_POINT('',(-4.957978959305,-57.90932099258));
#2011 = CARTESIAN_POINT('',(-4.749539685051,-63.82238813638));
#2012 = CARTESIAN_POINT('',(-4.47939038562,-75.72391588912));
#2013 = CARTESIAN_POINT('',(-4.419497827829,-81.7124691803));
#2014 = CARTESIAN_POINT('',(-4.435408669088,-87.70156815461));
#2015 = CARTESIAN_POINT('',(-4.526662754971,-93.6900531395));
#2016 = CARTESIAN_POINT('',(-4.692456878555,-99.67682368422));
#2017 = CARTESIAN_POINT('',(-4.931600191433,-105.6608392316));
#2018 = CARTESIAN_POINT('',(-5.397649443214,-114.6393002009));
#2019 = CARTESIAN_POINT('',(-5.571192460824,-117.6365428089));
#2020 = CARTESIAN_POINT('',(-5.762391015811,-120.6327384813));
#2021 = CARTESIAN_POINT('',(-5.970926286344,-123.6277816052));
#2022 = CARTESIAN_POINT('',(-6.196410881682,-126.6215821075));
#2023 = CARTESIAN_POINT('',(-6.43835448962,-129.6140679408));
#2024 = CARTESIAN_POINT('',(-6.954913786878,-135.6085916431));
#2025 = CARTESIAN_POINT('',(-7.229660532953,-138.6106301173));
#2026 = CARTESIAN_POINT('',(-7.519682185143,-141.6112463334));
#2027 = CARTESIAN_POINT('',(-7.824154060157,-144.6104232357));
#2028 = CARTESIAN_POINT('',(-8.141998742976,-147.6081949538));
#2029 = CARTESIAN_POINT('',(-8.471805607892,-150.6046551021));
#2030 = CARTESIAN_POINT('',(-8.811416309064,-153.6));
#2031 = ( GEOMETRIC_REPRESENTATION_CONTEXT(2) 
PARAMETRIC_REPRESENTATION_CONTEXT() REPRESENTATION_CONTEXT('2D SPACE',''
  ) );
#2032 = ORIENTED_EDGE('',*,*,#2033,.F.);
#2033 = EDGE_CURVE('',#1726,#1924,#2034,.T.);
#2034 = SURFACE_CURVE('',#2035,(#2063,#2094),.PCURVE_S1.);
#2035 = B_SPLINE_CURVE_WITH_KNOTS('',6,(#2036,#2037,#2038,#2039,#2040,
    #2041,#2042,#2043,#2044,#2045,#2046,#2047,#2048,#2049,#2050,#2051,
    #2052,#2053,#2054,#2055,#2056,#2057,#2058,#2059,#2060,#2061,#2062),
  .UNSPECIFIED.,.F.,.F.,(7,5,5,5,5,7),(0.,0.219807101669,0.502698638354,
    0.683649808935,0.780506580349,1.),.UNSPECIFIED.);
#2036 = CARTESIAN_POINT('',(-8.479394861667,-3.5000006,-150.6329611482)
  );
#2037 = CARTESIAN_POINT('',(-8.640837200292,-3.270911765152,
    -150.5042168297));
#2038 = CARTESIAN_POINT('',(-8.789105971489,-3.035553720149,
    -150.3811659064));
#2039 = CARTESIAN_POINT('',(-8.924021859768,-2.794241063995,
    -150.265161518));
#2040 = CARTESIAN_POINT('',(-9.045355286623,-2.547362310507,
    -150.1576050259));
#2041 = CARTESIAN_POINT('',(-9.152850327415,-2.295397300707,
    -150.0598982043));
#2042 = CARTESIAN_POINT('',(-9.366452237422,-1.708910368234,
    -149.8618679977));
#2043 = CARTESIAN_POINT('',(-9.463334365731,-1.371373497216,
    -149.7688169175));
#2044 = CARTESIAN_POINT('',(-9.536253692866,-1.027820965964,
    -149.6969322821));
#2045 = CARTESIAN_POINT('',(-9.584712536398,-0.679988825455,
    -149.6485368149));
#2046 = CARTESIAN_POINT('',(-9.608338508892,-0.329912784265,
    -149.6249589032));
#2047 = CARTESIAN_POINT('',(-9.606399864811,0.243842348355,
    -149.6268937243));
#2048 = CARTESIAN_POINT('',(-9.595492929749,0.467647973688,
    -149.6377782754));
#2049 = CARTESIAN_POINT('',(-9.574437739391,0.69082741315,
    -149.6587866393));
#2050 = CARTESIAN_POINT('',(-9.543292397653,0.912822175827,
    -149.689685942));
#2051 = CARTESIAN_POINT('',(-9.502158976781,1.133114721136,
    -149.7300566608));
#2052 = CARTESIAN_POINT('',(-9.423880120101,1.467972573072,
    -149.8057087454));
#2053 = CARTESIAN_POINT('',(-9.393764554467,1.58409798806,
    -149.8346369739));
#2054 = CARTESIAN_POINT('',(-9.360844867807,1.699531385681,
    -149.8660320171));
#2055 = CARTESIAN_POINT('',(-9.325142544501,1.814208446375,
    -149.899797851));
#2056 = CARTESIAN_POINT('',(-9.286679966135,1.928070446532,
    -149.9358306759));
#2057 = CARTESIAN_POINT('',(-9.152112834094,2.297125263344,
    -150.0605684926));
#2058 = CARTESIAN_POINT('',(-9.044689416401,2.548716786106,
    -150.158195248));
#2059 = CARTESIAN_POINT('',(-8.923466613321,2.795234016858,
    -150.2656389091));
#2060 = CARTESIAN_POINT('',(-8.788699206071,3.036199358389,
    -150.3815034785));
#2061 = CARTESIAN_POINT('',(-8.640615757216,3.271225995835,
    -150.5043934224));
#2062 = CARTESIAN_POINT('',(-8.479394861667,3.5000006,-150.6329611482));
#2063 = PCURVE('',#32,#2064);
#2064 = DEFINITIONAL_REPRESENTATION('',(#2065),#2093);
#2065 = B_SPLINE_CURVE_WITH_KNOTS('',6,(#2066,#2067,#2068,#2069,#2070,
    #2071,#2072,#2073,#2074,#2075,#2076,#2077,#2078,#2079,#2080,#2081,
    #2082,#2083,#2084,#2085,#2086,#2087,#2088,#2089,#2090,#2091,#2092),
  .UNSPECIFIED.,.F.,.F.,(7,5,5,5,5,7),(0.,0.219807101669,0.502698638354,
    0.683649808935,0.780506580349,1.),.UNSPECIFIED.);
#2066 = CARTESIAN_POINT('',(0.577304870494,0.958207090411));
#2067 = CARTESIAN_POINT('',(0.571711335884,0.957476679494));
#2068 = CARTESIAN_POINT('',(0.56611118927,0.956778567088));
#2069 = CARTESIAN_POINT('',(0.560500440561,0.956120430366));
#2070 = CARTESIAN_POINT('',(0.554876197225,0.955510220201));
#2071 = CARTESIAN_POINT('',(0.549236443061,0.954955889899));
#2072 = CARTESIAN_POINT('',(0.536301667977,0.95383238256));
#2073 = CARTESIAN_POINT('',(0.528994470608,0.953304463703));
#2074 = CARTESIAN_POINT('',(0.521662098532,0.952896630248));
#2075 = CARTESIAN_POINT('',(0.5143091738,0.95262206095));
#2076 = CARTESIAN_POINT('',(0.506943093835,0.952488292841));
#2077 = CARTESIAN_POINT('',(0.494868281307,0.952499269952));
#2078 = CARTESIAN_POINT('',(0.490157689771,0.952561022912));
#2079 = CARTESIAN_POINT('',(0.485450448329,0.952680212818));
#2080 = CARTESIAN_POINT('',(0.480749083694,0.952855518384));
#2081 = CARTESIAN_POINT('',(0.476055593675,0.95308455931));
#2082 = CARTESIAN_POINT('',(0.46886471411,0.95351376644));
#2083 = CARTESIAN_POINT('',(0.466360338754,0.953677888755));
#2084 = CARTESIAN_POINT('',(0.463858870094,0.953856006263));
#2085 = CARTESIAN_POINT('',(0.461360432074,0.954047574142));
#2086 = CARTESIAN_POINT('',(0.458865076932,0.954252003454));
#2087 = CARTESIAN_POINT('',(0.450724877968,0.954959692715));
#2088 = CARTESIAN_POINT('',(0.445092944644,0.955513568763));
#2089 = CARTESIAN_POINT('',(0.439476471603,0.956123138786));
#2090 = CARTESIAN_POINT('',(0.433873448049,0.956780482256));
#2091 = CARTESIAN_POINT('',(0.42828099172,0.957477681365));
#2092 = CARTESIAN_POINT('',(0.422695129506,0.958207090411));
#2093 = ( GEOMETRIC_REPRESENTATION_CONTEXT(2) 
PARAMETRIC_REPRESENTATION_CONTEXT() REPRESENTATION_CONTEXT('2D SPACE',''
  ) );
#2094 = PCURVE('',#436,#2095);
#2095 = DEFINITIONAL_REPRESENTATION('',(#2096),#2124);
#2096 = B_SPLINE_CURVE_WITH_KNOTS('',6,(#2097,#2098,#2099,#2100,#2101,
    #2102,#2103,#2104,#2105,#2106,#2107,#2108,#2109,#2110,#2111,#2112,
    #2113,#2114,#2115,#2116,#2117,#2118,#2119,#2120,#2121,#2122,#2123),
  .UNSPECIFIED.,.F.,.F.,(7,5,5,5,5,7),(0.,0.219807101669,0.502698638354,
    0.683649808935,0.780506580349,1.),.UNSPECIFIED.);
#2097 = CARTESIAN_POINT('',(-4.039196803465,-7.0000006));
#2098 = CARTESIAN_POINT('',(-4.024013606953,-6.770911765152));
#2099 = CARTESIAN_POINT('',(-4.009848741557,-6.535553720149));
#2100 = CARTESIAN_POINT('',(-3.996768251775,-6.294241063995));
#2101 = CARTESIAN_POINT('',(-3.984847494871,-6.047362310507));
#2102 = CARTESIAN_POINT('',(-3.974166791971,-5.795397300707));
#2103 = CARTESIAN_POINT('',(-3.952749435177,-5.208910368234));
#2104 = CARTESIAN_POINT('',(-3.942873755616,-4.871373497216));
#2105 = CARTESIAN_POINT('',(-3.935345056099,-4.527820965964));
#2106 = CARTESIAN_POINT('',(-3.930309229613,-4.179988825455));
#2107 = CARTESIAN_POINT('',(-3.927854963672,-3.829912784265));
#2108 = CARTESIAN_POINT('',(-3.928056357408,-3.256157651645));
#2109 = CARTESIAN_POINT('',(-3.929189358213,-3.032352026312));
#2110 = CARTESIAN_POINT('',(-3.931376398643,-2.80917258685));
#2111 = CARTESIAN_POINT('',(-3.934602279935,-2.587177824173));
#2112 = CARTESIAN_POINT('',(-3.938840003466,-2.366885278864));
#2113 = CARTESIAN_POINT('',(-3.946844522527,-2.032027426928));
#2114 = CARTESIAN_POINT('',(-3.949915001541,-1.91590201194));
#2115 = CARTESIAN_POINT('',(-3.953259831558,-1.800468614319));
#2116 = CARTESIAN_POINT('',(-3.956873048201,-1.685791553625));
#2117 = CARTESIAN_POINT('',(-3.960748304103,-1.571929553468));
#2118 = CARTESIAN_POINT('',(-3.974240066764,-1.202874736656));
#2119 = CARTESIAN_POINT('',(-3.984912913237,-0.951283213894));
#2120 = CARTESIAN_POINT('',(-3.996822083355,-0.704765983142));
#2121 = CARTESIAN_POINT('',(-4.009887601461,-0.463800641611));
#2122 = CARTESIAN_POINT('',(-4.024034433049,-0.228774004165));
#2123 = CARTESIAN_POINT('',(-4.039196803465,5.999999999062E-07));
#2124 = ( GEOMETRIC_REPRESENTATION_CONTEXT(2) 
PARAMETRIC_REPRESENTATION_CONTEXT() REPRESENTATION_CONTEXT('2D SPACE',''
  ) );
#2125 = FACE_BOUND('',#2126,.F.);
#2126 = EDGE_LOOP('',(#2127));
#2127 = ORIENTED_EDGE('',*,*,#2128,.F.);
#2128 = EDGE_CURVE('',#2129,#2129,#2131,.T.);
#2129 = VERTEX_POINT('',#2130);
#2130 = CARTESIAN_POINT('',(6.,7.771805122881,-140.));
#2131 = SURFACE_CURVE('',#2132,(#2268,#2451),.PCURVE_S1.);
#2132 = B_SPLINE_CURVE_WITH_KNOTS('',8,(#2133,#2134,#2135,#2136,#2137,
    #2138,#2139,#2140,#2141,#2142,#2143,#2144,#2145,#2146,#2147,#2148,
    #2149,#2150,#2151,#2152,#2153,#2154,#2155,#2156,#2157,#2158,#2159,
    #2160,#2161,#2162,#2163,#2164,#2165,#2166,#2167,#2168,#2169,#2170,
    #2171,#2172,#2173,#2174,#2175,#2176,#2177,#2178,#2179,#2180,#2181,
    #2182,#2183,#2184,#2185,#2186,#2187,#2188,#2189,#2190,#2191,#2192,
    #2193,#2194,#2195,#2196,#2197,#2198,#2199,#2200,#2201,#2202,#2203,
    #2204,#2205,#2206,#2207,#2208,#2209,#2210,#2211,#2212,#2213,#2214,
    #2215,#2216,#2217,#2218,#2219,#2220,#2221,#2222,#2223,#2224,#2225,
    #2226,#2227,#2228,#2229,#2230,#2231,#2232,#2233,#2234,#2235,#2236,
    #2237,#2238,#2239,#2240,#2241,#2242,#2243,#2244,#2245,#2246,#2247,
    #2248,#2249,#2250,#2251,#2252,#2253,#2254,#2255,#2256,#2257,#2258,
    #2259,#2260,#2261,#2262,#2263,#2264,#2265,#2266,#2267),
  .UNSPECIFIED.,.T.,.F.,(9,7,7,7,7,7,7,7,7,7,7,7,7,7,7,7,7,7,7,9),(0.,1.
    ,4.58197617304,6.318442405051,7.843268589941,9.296894840818,
    11.138935427655,12.314482562231,14.756269219838,17.281266035851,
    19.659383197761,21.953548659199,25.109236321648,27.15792296077,
    28.280586100977,30.137492792242,31.677085945275,33.826035974739,
    36.137740256217,40.983364729145),.UNSPECIFIED.);
#2133 = CARTESIAN_POINT('',(6.,7.771805122881,-140.));
#2134 = CARTESIAN_POINT('',(6.,7.782342964342,-139.8801171408));
#2135 = CARTESIAN_POINT('',(5.997261992243,7.793481637362,
    -139.7603335757));
#2136 = CARTESIAN_POINT('',(5.991794927371,7.805200024817,
    -139.6407281488));
#2137 = CARTESIAN_POINT('',(5.983609803961,7.817474219697,-139.521376665
    ));
#2138 = CARTESIAN_POINT('',(5.972719668521,7.830277525104,
    -139.4023518902));
#2139 = CARTESIAN_POINT('',(5.959139615491,7.843580454254,
    -139.2837235515));
#2140 = CARTESIAN_POINT('',(5.942886787245,7.857350730478,
    -139.1655583366));
#2141 = CARTESIAN_POINT('',(5.856258052634,7.922426507065,
    -138.6265417973));
#2142 = CARTESIAN_POINT('',(5.754526327225,7.978817001659,
    -138.2121963203));
#2143 = CARTESIAN_POINT('',(5.619657787937,8.039160820061,
    -137.8075389304));
#2144 = CARTESIAN_POINT('',(5.452636095889,8.101520105422,
    -137.4150927234));
#2145 = CARTESIAN_POINT('',(5.254535550451,8.163710385868,
    -137.0372976827));
#2146 = CARTESIAN_POINT('',(5.02652750018,8.223413453007,-136.6765431334
    ));
#2147 = CARTESIAN_POINT('',(4.769894191002,8.27826579759,-136.3351899718
    ));
#2148 = CARTESIAN_POINT('',(4.348419606417,8.349010719437,
    -135.8606535799));
#2149 = CARTESIAN_POINT('',(4.204445568793,8.370409412109,
    -135.7108708799));
#2150 = CARTESIAN_POINT('',(4.054303990867,8.389836738483,
    -135.5665390561));
#2151 = CARTESIAN_POINT('',(3.898219766383,8.407021714768,
    -135.4279652505));
#2152 = CARTESIAN_POINT('',(3.736452115483,8.421698323405,
    -135.2954611219));
#2153 = CARTESIAN_POINT('',(3.56930057393,8.433611035701,-135.169336908)
  );
#2154 = CARTESIAN_POINT('',(3.397112080305,8.442521818376,
    -135.0498942642));
#2155 = CARTESIAN_POINT('',(3.065017372866,8.453221104539,
    -134.8386500884));
#2156 = CARTESIAN_POINT('',(2.90616265486,8.455745550548,-134.7452482266
    ));
#2157 = CARTESIAN_POINT('',(2.744009580701,8.455647734202,
    -134.6574132899));
#2158 = CARTESIAN_POINT('',(2.578862737995,8.452800193428,
    -134.5753255337));
#2159 = CARTESIAN_POINT('',(2.411047603803,8.447095573773,
    -134.4991417227));
#2160 = CARTESIAN_POINT('',(2.240911420043,8.438449970222,
    -134.4289923792));
#2161 = CARTESIAN_POINT('',(2.068824068881,8.426806269018,
    -134.3649790315));
#2162 = CARTESIAN_POINT('',(1.729641978502,8.398153651058,
    -134.2520631492));
#2163 = CARTESIAN_POINT('',(1.562671727434,8.38141923211,-134.2025887605
    ));
#2164 = CARTESIAN_POINT('',(1.394609431718,8.361910059716,
    -134.1588096571));
#2165 = CARTESIAN_POINT('',(1.225788168328,8.339624950546,
    -134.1207518758));
#2166 = CARTESIAN_POINT('',(1.056532315878,8.314584672575,
    -134.0884092542));
#2167 = CARTESIAN_POINT('',(0.887157016082,8.286830906789,
    -134.0617465562));
#2168 = CARTESIAN_POINT('',(0.717967635209,8.256425208899,
    -134.0407025969));
#2169 = CARTESIAN_POINT('',(0.335471301879,8.181659092691,
    -134.0055400129));
#2170 = CARTESIAN_POINT('',(0.122437187443,8.135737163223,-133.99477241)
  );
#2171 = CARTESIAN_POINT('',(-8.926146680101E-02,8.085840760661,
    -133.9927187758));
#2172 = CARTESIAN_POINT('',(-0.299117682642,8.032165178811,
    -133.9991466585));
#2173 = CARTESIAN_POINT('',(-0.506693426415,7.974932016335,
    -134.0137845388));
#2174 = CARTESIAN_POINT('',(-0.71161449042,7.914380137402,
    -134.0363394859));
#2175 = CARTESIAN_POINT('',(-0.913565983981,7.850758003926,
    -134.0665108705));
#2176 = CARTESIAN_POINT('',(-1.239108444797,7.741916529826,
    -134.1279249007));
#2177 = CARTESIAN_POINT('',(-1.364617320874,7.698366444962,
    -134.154830815));
#2178 = CARTESIAN_POINT('',(-1.488751416012,7.65373117974,
    -134.1846413916));
#2179 = CARTESIAN_POINT('',(-1.611455581827,7.608075148365,
    -134.2172811851));
#2180 = CARTESIAN_POINT('',(-1.732682605761,7.561462712604,
    -134.2526767202));
#2181 = CARTESIAN_POINT('',(-1.85239264894,7.51395777011,-134.2907574228
    ));
#2182 = CARTESIAN_POINT('',(-1.970552684021,7.465623342733,
    -134.3314565522));
#2183 = CARTESIAN_POINT('',(-2.32929672235,7.314528620838,
    -134.4645604201));
#2184 = CARTESIAN_POINT('',(-2.564608874395,7.209242929197,
    -134.5654219145));
#2185 = CARTESIAN_POINT('',(-2.792887766681,7.101198417757,
    -134.6767514387));
#2186 = CARTESIAN_POINT('',(-3.013988096904,6.990933300876,
    -134.7980817572));
#2187 = CARTESIAN_POINT('',(-3.227801018844,6.878987345363,
    -134.9290239992));
#2188 = CARTESIAN_POINT('',(-3.434248258161,6.765904206858,
    -135.0692801705));
#2189 = CARTESIAN_POINT('',(-3.633273208115,6.65223843666,-135.218667752
    ));
#2190 = CARTESIAN_POINT('',(-4.022912558564,6.421022240311,
    -135.5410459273));
#2191 = CARTESIAN_POINT('',(-4.21288830842,6.303543262991,-135.714568126
    ));
#2192 = CARTESIAN_POINT('',(-4.39479416554,6.186725669736,-135.897728956
    ));
#2193 = CARTESIAN_POINT('',(-4.568506433964,6.071282003922,
    -136.0906083554));
#2194 = CARTESIAN_POINT('',(-4.733780773048,5.958060822432,
    -136.2933446767));
#2195 = CARTESIAN_POINT('',(-4.890266494189,5.848070646654,
    -136.5061459571));
#2196 = CARTESIAN_POINT('',(-5.037494192222,5.742508951672,
    -136.7293280113));
#2197 = CARTESIAN_POINT('',(-5.30418998436,5.54888375004,-137.1838158556
    ));
#2198 = CARTESIAN_POINT('',(-5.424748251614,5.460178009054,
    -137.413850383));
#2199 = CARTESIAN_POINT('',(-5.535928677538,5.377912275258,
    -137.6537747406));
#2200 = CARTESIAN_POINT('',(-5.636821127627,5.303629817302,
    -137.9036243813));
#2201 = CARTESIAN_POINT('',(-5.726314729479,5.239134715189,
    -138.1631084839));
#2202 = CARTESIAN_POINT('',(-5.803156044552,5.186327060204,
    -138.4315167477));
#2203 = CARTESIAN_POINT('',(-5.866082400077,5.146872582881,
    -138.7075209695));
#2204 = CARTESIAN_POINT('',(-5.960567745431,5.097331147657,
    -139.2601287141));
#2205 = CARTESIAN_POINT('',(-5.993181524825,5.086243668746,
    -139.5365159404));
#2206 = CARTESIAN_POINT('',(-6.011022833277,5.089293122078,
    -139.8150400748));
#2207 = CARTESIAN_POINT('',(-6.013876357417,5.106365842839,
    -140.0932203871));
#2208 = CARTESIAN_POINT('',(-6.002036003103,5.136461579811,
    -140.368978156));
#2209 = CARTESIAN_POINT('',(-5.976128226253,5.1780366296,-140.6405908423
    ));
#2210 = CARTESIAN_POINT('',(-5.936995097583,5.229361264313,
    -140.9066493426));
#2211 = CARTESIAN_POINT('',(-5.814917937395,5.370294660076,
    -141.5228363514));
#2212 = CARTESIAN_POINT('',(-5.720973686903,5.467120425868,
    -141.8673510926));
#2213 = CARTESIAN_POINT('',(-5.605685299715,5.575285214586,
    -142.1993238538));
#2214 = CARTESIAN_POINT('',(-5.470538074264,5.691404515022,
    -142.5185787357));
#2215 = CARTESIAN_POINT('',(-5.316697941196,5.812745416774,
    -142.8249623806));
#2216 = CARTESIAN_POINT('',(-5.145032309101,5.93718091156,
    -143.1183809407));
#2217 = CARTESIAN_POINT('',(-4.956019896825,6.063072247667,
    -143.3988327206));
#2218 = CARTESIAN_POINT('',(-4.615468369063,6.271096976601,
    -143.8399976531));
#2219 = CARTESIAN_POINT('',(-4.474175190888,6.353007703663,
    -144.008032032));
#2220 = CARTESIAN_POINT('',(-4.325730878117,6.434549308693,
    -144.1703348037));
#2221 = CARTESIAN_POINT('',(-4.170216854213,6.51536003996,
    -144.3267327999));
#2222 = CARTESIAN_POINT('',(-4.007720635309,6.595101870705,
    -144.4769974564));
#2223 = CARTESIAN_POINT('',(-3.838343591651,6.673456600208,
    -144.6208561403));
#2224 = CARTESIAN_POINT('',(-3.662206865097,6.750124105506,
    -144.7579997404));
#2225 = CARTESIAN_POINT('',(-3.379309192,6.865756972663,-144.9593729862)
  );
#2226 = CARTESIAN_POINT('',(-3.277180933865,6.906098166392,
    -145.0285372581));
#2227 = CARTESIAN_POINT('',(-3.173097643592,6.945798938764,
    -145.0955215192));
#2228 = CARTESIAN_POINT('',(-3.067090330637,6.984812953111,
    -145.1602643341));
#2229 = CARTESIAN_POINT('',(-2.959194523956,7.023095087954,
    -145.2227012685));
#2230 = CARTESIAN_POINT('',(-2.849450757352,7.060601602683,
    -145.2827655087));
#2231 = CARTESIAN_POINT('',(-2.737905054827,7.09729030322,
    -145.3403884825));
#2232 = CARTESIAN_POINT('',(-2.437216223417,7.192384894278,
    -145.4866567928));
#2233 = CARTESIAN_POINT('',(-2.245026374654,7.249303920283,
    -145.5709481838));
#2234 = CARTESIAN_POINT('',(-2.048286396218,7.303690510306,
    -145.6480520259));
#2235 = CARTESIAN_POINT('',(-1.847284307647,7.355373097743,
    -145.7176430617));
#2236 = CARTESIAN_POINT('',(-1.642353159378,7.404198582398,
    -145.7793999503));
#2237 = CARTESIAN_POINT('',(-1.433875262032,7.450035498953,
    -145.8330139196));
#2238 = CARTESIAN_POINT('',(-1.222287107036,7.492777596287,
    -145.8781995212));
#2239 = CARTESIAN_POINT('',(-0.830486323858,7.565156184448,
    -145.9449768698));
#2240 = CARTESIAN_POINT('',(-0.651078783215,7.595786290368,
    -145.9692828323));
#2241 = CARTESIAN_POINT('',(-0.470149854482,7.624192824861,
    -145.9874817646));
#2242 = CARTESIAN_POINT('',(-0.287998686412,7.650347701679,
    -145.9994502723));
#2243 = CARTESIAN_POINT('',(-0.104936048299,7.674240064129,
    -146.0050871101));
#2244 = CARTESIAN_POINT('',(7.871570040988E-02,7.695876280325,
    -146.0043151126));
#2245 = CARTESIAN_POINT('',(0.262622640505,7.715279938443,
    -145.9970831266));
#2246 = CARTESIAN_POINT('',(0.703008966706,7.756516059352,-145.964224413
    ));
#2247 = CARTESIAN_POINT('',(0.959437676313,7.776273452303,
    -145.9324478268));
#2248 = CARTESIAN_POINT('',(1.214772157068,7.791871923393,
    -145.8879720828));
#2249 = CARTESIAN_POINT('',(1.468100129448,7.803493504841,
    -145.8308381146));
#2250 = CARTESIAN_POINT('',(1.718548102737,7.811382789772,
    -145.7611770374));
#2251 = CARTESIAN_POINT('',(1.965280027432,7.815836671427,
    -145.6791983462));
#2252 = CARTESIAN_POINT('',(2.207496826882,7.817195390326,
    -145.5851831607));
#2253 = CARTESIAN_POINT('',(2.699321827206,7.814371348694,
    -145.3657764687));
#2254 = CARTESIAN_POINT('',(2.948122028874,7.809760852095,
    -145.2385381242));
#2255 = CARTESIAN_POINT('',(3.189941619967,7.802470132305,
    -145.0981765134));
#2256 = CARTESIAN_POINT('',(3.423959614643,7.793008400077,
    -144.9451619449));
#2257 = CARTESIAN_POINT('',(3.649419972205,7.781914804386,
    -144.7800116061));
#2258 = CARTESIAN_POINT('',(3.86562367539,7.769745764787,-144.6032786428
    ));
#2259 = CARTESIAN_POINT('',(4.071922749172,7.757062175935,
    -144.4155447197));
#2260 = CARTESIAN_POINT('',(4.678124091834,7.71790951559,-143.8021133525
    ));
#2261 = CARTESIAN_POINT('',(5.043144024925,7.691518556591,
    -143.3403581721));
#2262 = CARTESIAN_POINT('',(5.356047928132,7.670391505222,
    -142.8383285281));
#2263 = CARTESIAN_POINT('',(5.611627928171,7.659551676477,
    -142.3031468591));
#2264 = CARTESIAN_POINT('',(5.805766868404,7.663193904834,
    -141.7426557963));
#2265 = CARTESIAN_POINT('',(5.935692645793,7.683670683142,
    -141.1654788668));
#2266 = CARTESIAN_POINT('',(6.,7.720730685893,-140.5810439984));
#2267 = CARTESIAN_POINT('',(6.,7.771805122881,-140.));
#2268 = PCURVE('',#32,#2269);
#2269 = DEFINITIONAL_REPRESENTATION('',(#2270),#2450);
#2270 = B_SPLINE_CURVE_WITH_KNOTS('',3,(#2271,#2272,#2273,#2274,#2275,
    #2276,#2277,#2278,#2279,#2280,#2281,#2282,#2283,#2284,#2285,#2286,
    #2287,#2288,#2289,#2290,#2291,#2292,#2293,#2294,#2295,#2296,#2297,
    #2298,#2299,#2300,#2301,#2302,#2303,#2304,#2305,#2306,#2307,#2308,
    #2309,#2310,#2311,#2312,#2313,#2314,#2315,#2316,#2317,#2318,#2319,
    #2320,#2321,#2322,#2323,#2324,#2325,#2326,#2327,#2328,#2329,#2330,
    #2331,#2332,#2333,#2334,#2335,#2336,#2337,#2338,#2339,#2340,#2341,
    #2342,#2343,#2344,#2345,#2346,#2347,#2348,#2349,#2350,#2351,#2352,
    #2353,#2354,#2355,#2356,#2357,#2358,#2359,#2360,#2361,#2362,#2363,
    #2364,#2365,#2366,#2367,#2368,#2369,#2370,#2371,#2372,#2373,#2374,
    #2375,#2376,#2377,#2378,#2379,#2380,#2381,#2382,#2383,#2384,#2385,
    #2386,#2387,#2388,#2389,#2390,#2391,#2392,#2393,#2394,#2395,#2396,
    #2397,#2398,#2399,#2400,#2401,#2402,#2403,#2404,#2405,#2406,#2407,
    #2408,#2409,#2410,#2411,#2412,#2413,#2414,#2415,#2416,#2417,#2418,
    #2419,#2420,#2421,#2422,#2423,#2424,#2425,#2426,#2427,#2428,#2429,
    #2430,#2431,#2432,#2433,#2434,#2435,#2436,#2437,#2438,#2439,#2440,
    #2441,#2442,#2443,#2444,#2445,#2446,#2447,#2448,#2449),
  .UNSPECIFIED.,.T.,.F.,(4,1,1,1,1,1,1,1,1,1,1,1,1,1,1,1,1,1,1,1,1,1,1,1
    ,1,1,1,1,1,1,1,1,1,1,1,1,1,1,1,1,1,1,1,1,1,1,1,1,1,1,1,1,1,1,1,1,1,1
    ,1,1,1,1,1,1,1,1,1,1,1,1,1,1,1,1,1,1,1,1,1,1,1,1,1,1,1,1,1,1,1,1,1,1
    ,1,1,1,1,1,1,1,1,1,1,1,1,1,1,1,1,1,1,1,1,1,1,1,1,1,1,1,1,1,1,1,1,1,1
    ,1,1,1,1,1,1,1,1,1,1,1,1,1,1,1,1,1,1,1,1,1,1,1,1,1,1,1,1,1,1,1,1,1,1
    ,1,1,1,1,1,1,1,1,1,1,1,1,1,1,1,1,4),(0.,0.23286002687,0.46572005374,
    0.69858008061,0.931440107481,1.164300134351,1.397160161221,
    1.630020188091,1.862880214961,2.095740241831,2.328600268701,
    2.561460295572,2.794320322442,3.027180349312,3.260040376182,
    3.492900403052,3.725760429922,3.958620456792,4.191480483663,
    4.424340510533,4.657200537403,4.890060564273,5.122920591143,
    5.355780618013,5.588640644883,5.821500671754,6.054360698624,
    6.287220725494,6.520080752364,6.752940779234,6.985800806104,
    7.218660832974,7.451520859845,7.684380886715,7.917240913585,
    8.150100940455,8.382960967325,8.615820994195,8.848681021065,
    9.081541047936,9.314401074806,9.547261101676,9.780121128546,
    10.012981155416,10.245841182286,10.478701209156,10.711561236027,
    10.944421262897,11.177281289767,11.410141316637,11.643001343507,
    11.875861370377,12.108721397247,12.341581424118,12.574441450988,
    12.807301477858,13.040161504728,13.273021531598,13.505881558468,
    13.738741585339,13.971601612209,14.204461639079,14.437321665949,
    14.670181692819,14.903041719689,15.135901746559,15.36876177343,
    15.6016218003,15.83448182717,16.06734185404,16.30020188091,
    16.53306190778,16.76592193465,16.998781961521,17.231641988391,
    17.464502015261,17.697362042131,17.930222069001,18.163082095871,
    18.395942122741,18.628802149612,18.861662176482,19.094522203352,
    19.327382230222,19.560242257092,19.793102283962,20.025962310832,
    20.258822337703,20.491682364573,20.724542391443,20.957402418313,
    21.190262445183,21.423122472053,21.655982498923,21.888842525794,
    22.121702552664,22.354562579534,22.587422606404,22.820282633274,
    23.053142660144,23.286002687014,23.518862713885,23.751722740755,
    23.984582767625,24.217442794495,24.450302821365,24.683162848235,
    24.916022875105,25.148882901976,25.381742928846,25.614602955716,
    25.847462982586,26.080323009456,26.313183036326,26.546043063196,
    26.778903090067,27.011763116937,27.244623143807,27.477483170677,
    27.710343197547,27.943203224417,28.176063251287,28.408923278158,
    28.641783305028,28.874643331898,29.107503358768,29.340363385638,
    29.573223412508,29.806083439378,30.038943466249,30.271803493119,
    30.504663519989,30.737523546859,30.970383573729,31.203243600599,
    31.436103627469,31.66896365434,31.90182368121,32.13468370808,
    32.36754373495,32.60040376182,32.83326378869,33.06612381556,
    33.298983842431,33.531843869301,33.764703896171,33.997563923041,
    34.230423949911,34.463283976781,34.696144003651,34.929004030522,
    35.161864057392,35.394724084262,35.627584111132,35.860444138002,
    36.093304164872,36.326164191742,36.559024218613,36.791884245483,
    37.024744272353,37.257604299223,37.490464326093,37.723324352963,
    37.956184379833,38.189044406704,38.421904433574,38.654764460444,
    38.887624487314,39.120484514184,39.353344541054,39.586204567925,
    39.819064594795,40.051924621665,40.284784648535,40.517644675405,
    40.750504702275,40.983364729145),.QUASI_UNIFORM_KNOTS.);
#2271 = CARTESIAN_POINT('',(0.200860345973,0.89787671193));
#2272 = CARTESIAN_POINT('',(0.201012076671,0.89745428406));
#2273 = CARTESIAN_POINT('',(0.201356467953,0.89661002401));
#2274 = CARTESIAN_POINT('',(0.201993843908,0.895347181702));
#2275 = CARTESIAN_POINT('',(0.202750070724,0.894089686422));
#2276 = CARTESIAN_POINT('',(0.203622991642,0.89283920243));
#2277 = CARTESIAN_POINT('',(0.204610260336,0.891597384095));
#2278 = CARTESIAN_POINT('',(0.205709200711,0.890366054355));
#2279 = CARTESIAN_POINT('',(0.2069174536,0.889146488289));
#2280 = CARTESIAN_POINT('',(0.208232542273,0.887940056543));
#2281 = CARTESIAN_POINT('',(0.20965198671,0.886748081936));
#2282 = CARTESIAN_POINT('',(0.211173288529,0.88557188014));
#2283 = CARTESIAN_POINT('',(0.212793949606,0.884412750884));
#2284 = CARTESIAN_POINT('',(0.214511480688,0.883271982276));
#2285 = CARTESIAN_POINT('',(0.216323411622,0.882150851484));
#2286 = CARTESIAN_POINT('',(0.218227300237,0.881050626227));
#2287 = CARTESIAN_POINT('',(0.220220740138,0.879972566096));
#2288 = CARTESIAN_POINT('',(0.222301369361,0.878917923225));
#2289 = CARTESIAN_POINT('',(0.22446687201,0.877887945223));
#2290 = CARTESIAN_POINT('',(0.226715002703,0.876883869286));
#2291 = CARTESIAN_POINT('',(0.229043522636,0.875906948929));
#2292 = CARTESIAN_POINT('',(0.231450462674,0.87495835872));
#2293 = CARTESIAN_POINT('',(0.2339329592,0.874039632023));
#2294 = CARTESIAN_POINT('',(0.23648831856,0.873152190046));
#2295 = CARTESIAN_POINT('',(0.239113822396,0.872297433367));
#2296 = CARTESIAN_POINT('',(0.241806573258,0.871476780827));
#2297 = CARTESIAN_POINT('',(0.24456350807,0.870691647002));
#2298 = CARTESIAN_POINT('',(0.247381372375,0.869943432844));
#2299 = CARTESIAN_POINT('',(0.250256663113,0.86923352015));
#2300 = CARTESIAN_POINT('',(0.253185714259,0.868563232716));
#2301 = CARTESIAN_POINT('',(0.25616452141,0.867933855364));
#2302 = CARTESIAN_POINT('',(0.259188728943,0.867346608963));
#2303 = CARTESIAN_POINT('',(0.262253898288,0.866802577315));
#2304 = CARTESIAN_POINT('',(0.265355404962,0.866302716057));
#2305 = CARTESIAN_POINT('',(0.268488469279,0.865847835321));
#2306 = CARTESIAN_POINT('',(0.271647998179,0.865438607912));
#2307 = CARTESIAN_POINT('',(0.274829149145,0.865075487391));
#2308 = CARTESIAN_POINT('',(0.278026779843,0.864758776091));
#2309 = CARTESIAN_POINT('',(0.281235900721,0.864488572529));
#2310 = CARTESIAN_POINT('',(0.284451672657,0.864264782356));
#2311 = CARTESIAN_POINT('',(0.287669404232,0.864087130538));
#2312 = CARTESIAN_POINT('',(0.29088445633,0.863955177133));
#2313 = CARTESIAN_POINT('',(0.294092526498,0.863868317221));
#2314 = CARTESIAN_POINT('',(0.297289683185,0.863825802917));
#2315 = CARTESIAN_POINT('',(0.300472214177,0.863826771851));
#2316 = CARTESIAN_POINT('',(0.303636773899,0.86387026359));
#2317 = CARTESIAN_POINT('',(0.306780311766,0.863955243519));
#2318 = CARTESIAN_POINT('',(0.309900058356,0.864080622016));
#2319 = CARTESIAN_POINT('',(0.312993518047,0.864245273942));
#2320 = CARTESIAN_POINT('',(0.316058395753,0.864448050526));
#2321 = CARTESIAN_POINT('',(0.319092808977,0.864687811207));
#2322 = CARTESIAN_POINT('',(0.322095137151,0.864963438109));
#2323 = CARTESIAN_POINT('',(0.325063877631,0.865273837194));
#2324 = CARTESIAN_POINT('',(0.32799768603,0.865617951016));
#2325 = CARTESIAN_POINT('',(0.330895454514,0.865994784049));
#2326 = CARTESIAN_POINT('',(0.333755859458,0.866403351697));
#2327 = CARTESIAN_POINT('',(0.336578008642,0.866842772322));
#2328 = CARTESIAN_POINT('',(0.339361122781,0.867312249154));
#2329 = CARTESIAN_POINT('',(0.342104336845,0.867811043419));
#2330 = CARTESIAN_POINT('',(0.344806747161,0.868338484865));
#2331 = CARTESIAN_POINT('',(0.347467390901,0.868893973616));
#2332 = CARTESIAN_POINT('',(0.350085241283,0.869476985581));
#2333 = CARTESIAN_POINT('',(0.352659198086,0.870087078525));
#2334 = CARTESIAN_POINT('',(0.35518807139,0.870723898199));
#2335 = CARTESIAN_POINT('',(0.357670586954,0.871387189809));
#2336 = CARTESIAN_POINT('',(0.360105301327,0.872076794309));
#2337 = CARTESIAN_POINT('',(0.362489778861,0.872792398575));
#2338 = CARTESIAN_POINT('',(0.364822562781,0.873534124724));
#2339 = CARTESIAN_POINT('',(0.367101445724,0.874302068759));
#2340 = CARTESIAN_POINT('',(0.3693238203,0.875096393414));
#2341 = CARTESIAN_POINT('',(0.371486576033,0.875917305245));
#2342 = CARTESIAN_POINT('',(0.373586110447,0.876765065131));
#2343 = CARTESIAN_POINT('',(0.375618302343,0.877639992234));
#2344 = CARTESIAN_POINT('',(0.377578488452,0.878542472014));
#2345 = CARTESIAN_POINT('',(0.379461431905,0.8794729659));
#2346 = CARTESIAN_POINT('',(0.381261289156,0.880432021566));
#2347 = CARTESIAN_POINT('',(0.382971562048,0.881420290539));
#2348 = CARTESIAN_POINT('',(0.38458443281,0.882438145922));
#2349 = CARTESIAN_POINT('',(0.386091170708,0.88348581926));
#2350 = CARTESIAN_POINT('',(0.387482039118,0.884563245982));
#2351 = CARTESIAN_POINT('',(0.388746532604,0.88567006132));
#2352 = CARTESIAN_POINT('',(0.389873584624,0.886805551595));
#2353 = CARTESIAN_POINT('',(0.390851847532,0.887968608339));
#2354 = CARTESIAN_POINT('',(0.391670028354,0.889157664784));
#2355 = CARTESIAN_POINT('',(0.392317300653,0.890370639671));
#2356 = CARTESIAN_POINT('',(0.39278377799,0.891604799382));
#2357 = CARTESIAN_POINT('',(0.393061130337,0.892856859385));
#2358 = CARTESIAN_POINT('',(0.393143096913,0.894122329221));
#2359 = CARTESIAN_POINT('',(0.393026586395,0.895395630204));
#2360 = CARTESIAN_POINT('',(0.392711919989,0.896671897309));
#2361 = CARTESIAN_POINT('',(0.392202341391,0.89794658519));
#2362 = CARTESIAN_POINT('',(0.391503648316,0.899215554084));
#2363 = CARTESIAN_POINT('',(0.390623767664,0.900475025395));
#2364 = CARTESIAN_POINT('',(0.38957232985,0.901721576664));
#2365 = CARTESIAN_POINT('',(0.388360281508,0.902952110589));
#2366 = CARTESIAN_POINT('',(0.386999409539,0.904163892884));
#2367 = CARTESIAN_POINT('',(0.385502328245,0.905354348191));
#2368 = CARTESIAN_POINT('',(0.383878728783,0.90652341681));
#2369 = CARTESIAN_POINT('',(0.382137779557,0.907670914568));
#2370 = CARTESIAN_POINT('',(0.380288041365,0.908796689112));
#2371 = CARTESIAN_POINT('',(0.378337442203,0.909900599684));
#2372 = CARTESIAN_POINT('',(0.376293273127,0.910982521354));
#2373 = CARTESIAN_POINT('',(0.374162184603,0.912042343739));
#2374 = CARTESIAN_POINT('',(0.371950186488,0.913079972015));
#2375 = CARTESIAN_POINT('',(0.369662650584,0.914095327206));
#2376 = CARTESIAN_POINT('',(0.367304307938,0.915088348319));
#2377 = CARTESIAN_POINT('',(0.364879264633,0.916058987418));
#2378 = CARTESIAN_POINT('',(0.362390940698,0.917007229025));
#2379 = CARTESIAN_POINT('',(0.3598422824,0.917933015536));
#2380 = CARTESIAN_POINT('',(0.357234935532,0.918836518902));
#2381 = CARTESIAN_POINT('',(0.354572458027,0.919717051712));
#2382 = CARTESIAN_POINT('',(0.35185785583,0.920574024589));
#2383 = CARTESIAN_POINT('',(0.349093141874,0.921407038375));
#2384 = CARTESIAN_POINT('',(0.346280457084,0.922215525508));
#2385 = CARTESIAN_POINT('',(0.343421792333,0.92299885714));
#2386 = CARTESIAN_POINT('',(0.340519085055,0.923756323911));
#2387 = CARTESIAN_POINT('',(0.33757420666,0.924487150822));
#2388 = CARTESIAN_POINT('',(0.334589002807,0.92519049652));
#2389 = CARTESIAN_POINT('',(0.331565222653,0.925865475307));
#2390 = CARTESIAN_POINT('',(0.328504919307,0.926511079428));
#2391 = CARTESIAN_POINT('',(0.325410119902,0.92712626985));
#2392 = CARTESIAN_POINT('',(0.322282930063,0.927709960032));
#2393 = CARTESIAN_POINT('',(0.319125576365,0.928261019761));
#2394 = CARTESIAN_POINT('',(0.315940408685,0.928778287085));
#2395 = CARTESIAN_POINT('',(0.312729834771,0.929260587769));
#2396 = CARTESIAN_POINT('',(0.309496643101,0.929706700527));
#2397 = CARTESIAN_POINT('',(0.306243716597,0.930115418739));
#2398 = CARTESIAN_POINT('',(0.302974099539,0.9304855503));
#2399 = CARTESIAN_POINT('',(0.299690996956,0.930815930844));
#2400 = CARTESIAN_POINT('',(0.296397794754,0.931105434578));
#2401 = CARTESIAN_POINT('',(0.29309807318,0.931352986902));
#2402 = CARTESIAN_POINT('',(0.289795635294,0.931557577905));
#2403 = CARTESIAN_POINT('',(0.28649426781,0.931718288359));
#2404 = CARTESIAN_POINT('',(0.283198148739,0.931834279543));
#2405 = CARTESIAN_POINT('',(0.279911432177,0.931904826861));
#2406 = CARTESIAN_POINT('',(0.276638346098,0.931929320564));
#2407 = CARTESIAN_POINT('',(0.273383165397,0.931907272463));
#2408 = CARTESIAN_POINT('',(0.270150306004,0.931838323326));
#2409 = CARTESIAN_POINT('',(0.266944059494,0.931722241563));
#2410 = CARTESIAN_POINT('',(0.263768735302,0.93155892542));
#2411 = CARTESIAN_POINT('',(0.260628768965,0.931348412746));
#2412 = CARTESIAN_POINT('',(0.257528388257,0.931090862902));
#2413 = CARTESIAN_POINT('',(0.254471728473,0.930786552085));
#2414 = CARTESIAN_POINT('',(0.251462824423,0.930435866284));
#2415 = CARTESIAN_POINT('',(0.248505632221,0.930039295991));
#2416 = CARTESIAN_POINT('',(0.245604040012,0.929597431879));
#2417 = CARTESIAN_POINT('',(0.242761878269,0.929110960481));
#2418 = CARTESIAN_POINT('',(0.239982928344,0.928580664432));
#2419 = CARTESIAN_POINT('',(0.237270552827,0.92800733461));
#2420 = CARTESIAN_POINT('',(0.234628172737,0.927391842048));
#2421 = CARTESIAN_POINT('',(0.232059106124,0.92673510372));
#2422 = CARTESIAN_POINT('',(0.229566616044,0.926038083949));
#2423 = CARTESIAN_POINT('',(0.227153908743,0.925301788744));
#2424 = CARTESIAN_POINT('',(0.224824138722,0.924527260964));
#2425 = CARTESIAN_POINT('',(0.222580423223,0.923715581754));
#2426 = CARTESIAN_POINT('',(0.220425799722,0.922867848579));
#2427 = CARTESIAN_POINT('',(0.218363389985,0.921985243073));
#2428 = CARTESIAN_POINT('',(0.216395783409,0.921068765465));
#2429 = CARTESIAN_POINT('',(0.214525156696,0.920119159419));
#2430 = CARTESIAN_POINT('',(0.212755181755,0.919137930806));
#2431 = CARTESIAN_POINT('',(0.21108898922,0.918126455381));
#2432 = CARTESIAN_POINT('',(0.209529668652,0.917086199037));
#2433 = CARTESIAN_POINT('',(0.208080123591,0.916018657342));
#2434 = CARTESIAN_POINT('',(0.206743096491,0.914925370654));
#2435 = CARTESIAN_POINT('',(0.20552114567,0.913807919308));
#2436 = CARTESIAN_POINT('',(0.204416633113,0.912667924442));
#2437 = CARTESIAN_POINT('',(0.203431707837,0.911507047586));
#2438 = CARTESIAN_POINT('',(0.202568289313,0.91032699086));
#2439 = CARTESIAN_POINT('',(0.201828050105,0.909129497256));
#2440 = CARTESIAN_POINT('',(0.201212398255,0.907916351178));
#2441 = CARTESIAN_POINT('',(0.200722459543,0.90668937917));
#2442 = CARTESIAN_POINT('',(0.200359059653,0.905450450901));
#2443 = CARTESIAN_POINT('',(0.200122706738,0.90420148034));
#2444 = CARTESIAN_POINT('',(0.200013572713,0.90294442738));
#2445 = CARTESIAN_POINT('',(0.200031479399,0.90168129909));
#2446 = CARTESIAN_POINT('',(0.200175866154,0.90041415377));
#2447 = CARTESIAN_POINT('',(0.200445825287,0.899145096107));
#2448 = CARTESIAN_POINT('',(0.200708529678,0.898299236866));
#2449 = CARTESIAN_POINT('',(0.200860345973,0.89787671193));
#2450 = ( GEOMETRIC_REPRESENTATION_CONTEXT(2) 
PARAMETRIC_REPRESENTATION_CONTEXT() REPRESENTATION_CONTEXT('2D SPACE',''
  ) );
#2451 = PCURVE('',#2452,#2457);
#2452 = CYLINDRICAL_SURFACE('',#2453,6.);
#2453 = AXIS2_PLACEMENT_3D('',#2454,#2455,#2456);
#2454 = CARTESIAN_POINT('',(0.,20.,-140.));
#2455 = DIRECTION('',(0.,-1.,2.22044604925E-16));
#2456 = DIRECTION('',(1.,0.,0.));
#2457 = DEFINITIONAL_REPRESENTATION('',(#2458),#2638);
#2458 = B_SPLINE_CURVE_WITH_KNOTS('',3,(#2459,#2460,#2461,#2462,#2463,
    #2464,#2465,#2466,#2467,#2468,#2469,#2470,#2471,#2472,#2473,#2474,
    #2475,#2476,#2477,#2478,#2479,#2480,#2481,#2482,#2483,#2484,#2485,
    #2486,#2487,#2488,#2489,#2490,#2491,#2492,#2493,#2494,#2495,#2496,
    #2497,#2498,#2499,#2500,#2501,#2502,#2503,#2504,#2505,#2506,#2507,
    #2508,#2509,#2510,#2511,#2512,#2513,#2514,#2515,#2516,#2517,#2518,
    #2519,#2520,#2521,#2522,#2523,#2524,#2525,#2526,#2527,#2528,#2529,
    #2530,#2531,#2532,#2533,#2534,#2535,#2536,#2537,#2538,#2539,#2540,
    #2541,#2542,#2543,#2544,#2545,#2546,#2547,#2548,#2549,#2550,#2551,
    #2552,#2553,#2554,#2555,#2556,#2557,#2558,#2559,#2560,#2561,#2562,
    #2563,#2564,#2565,#2566,#2567,#2568,#2569,#2570,#2571,#2572,#2573,
    #2574,#2575,#2576,#2577,#2578,#2579,#2580,#2581,#2582,#2583,#2584,
    #2585,#2586,#2587,#2588,#2589,#2590,#2591,#2592,#2593,#2594,#2595,
    #2596,#2597,#2598,#2599,#2600,#2601,#2602,#2603,#2604,#2605,#2606,
    #2607,#2608,#2609,#2610,#2611,#2612,#2613,#2614,#2615,#2616,#2617,
    #2618,#2619,#2620,#2621,#2622,#2623,#2624,#2625,#2626,#2627,#2628,
    #2629,#2630,#2631,#2632,#2633,#2634,#2635,#2636,#2637),
  .UNSPECIFIED.,.F.,.F.,(4,1,1,1,1,1,1,1,1,1,1,1,1,1,1,1,1,1,1,1,1,1,1,1
    ,1,1,1,1,1,1,1,1,1,1,1,1,1,1,1,1,1,1,1,1,1,1,1,1,1,1,1,1,1,1,1,1,1,1
    ,1,1,1,1,1,1,1,1,1,1,1,1,1,1,1,1,1,1,1,1,1,1,1,1,1,1,1,1,1,1,1,1,1,1
    ,1,1,1,1,1,1,1,1,1,1,1,1,1,1,1,1,1,1,1,1,1,1,1,1,1,1,1,1,1,1,1,1,1,1
    ,1,1,1,1,1,1,1,1,1,1,1,1,1,1,1,1,1,1,1,1,1,1,1,1,1,1,1,1,1,1,1,1,1,1
    ,1,1,1,1,1,1,1,1,1,1,1,1,1,1,1,1,4),(0.,0.23286002687,0.46572005374,
    0.69858008061,0.931440107481,1.164300134351,1.397160161221,
    1.630020188091,1.862880214961,2.095740241831,2.328600268701,
    2.561460295572,2.794320322442,3.027180349312,3.260040376182,
    3.492900403052,3.725760429922,3.958620456792,4.191480483663,
    4.424340510533,4.657200537403,4.890060564273,5.122920591143,
    5.355780618013,5.588640644883,5.821500671754,6.054360698624,
    6.287220725494,6.520080752364,6.752940779234,6.985800806104,
    7.218660832974,7.451520859845,7.684380886715,7.917240913585,
    8.150100940455,8.382960967325,8.615820994195,8.848681021065,
    9.081541047936,9.314401074806,9.547261101676,9.780121128546,
    10.012981155416,10.245841182286,10.478701209156,10.711561236027,
    10.944421262897,11.177281289767,11.410141316637,11.643001343507,
    11.875861370377,12.108721397247,12.341581424118,12.574441450988,
    12.807301477858,13.040161504728,13.273021531598,13.505881558468,
    13.738741585339,13.971601612209,14.204461639079,14.437321665949,
    14.670181692819,14.903041719689,15.135901746559,15.36876177343,
    15.6016218003,15.83448182717,16.06734185404,16.30020188091,
    16.53306190778,16.76592193465,16.998781961521,17.231641988391,
    17.464502015261,17.697362042131,17.930222069001,18.163082095871,
    18.395942122741,18.628802149612,18.861662176482,19.094522203352,
    19.327382230222,19.560242257092,19.793102283962,20.025962310832,
    20.258822337703,20.491682364573,20.724542391443,20.957402418313,
    21.190262445183,21.423122472053,21.655982498923,21.888842525794,
    22.121702552664,22.354562579534,22.587422606404,22.820282633274,
    23.053142660144,23.286002687014,23.518862713885,23.751722740755,
    23.984582767625,24.217442794495,24.450302821365,24.683162848235,
    24.916022875105,25.148882901976,25.381742928846,25.614602955716,
    25.847462982586,26.080323009456,26.313183036326,26.546043063196,
    26.778903090067,27.011763116937,27.244623143807,27.477483170677,
    27.710343197547,27.943203224417,28.176063251287,28.408923278158,
    28.641783305028,28.874643331898,29.107503358768,29.340363385638,
    29.573223412508,29.806083439378,30.038943466249,30.271803493119,
    30.504663519989,30.737523546859,30.970383573729,31.203243600599,
    31.436103627469,31.66896365434,31.90182368121,32.13468370808,
    32.36754373495,32.60040376182,32.83326378869,33.06612381556,
    33.298983842431,33.531843869301,33.764703896171,33.997563923041,
    34.230423949911,34.463283976781,34.696144003651,34.929004030522,
    35.161864057392,35.394724084262,35.627584111132,35.860444138002,
    36.093304164872,36.326164191742,36.559024218613,36.791884245483,
    37.024744272353,37.257604299223,37.490464326093,37.723324352963,
    37.956184379833,38.189044406704,38.421904433574,38.654764460444,
    38.887624487314,39.120484514184,39.353344541054,39.586204567925,
    39.819064594795,40.051924621665,40.284784648535,40.517644675405,
    40.750504702275,40.983364729145),.QUASI_UNIFORM_KNOTS.);
#2459 = CARTESIAN_POINT('',(0.,12.228194877119));
#2460 = CARTESIAN_POINT('',(1.240724267458E-02,12.221652446733));
#2461 = CARTESIAN_POINT('',(3.720434814213E-02,12.207955080302));
#2462 = CARTESIAN_POINT('',(7.434691040456E-02,12.185683095022));
#2463 = CARTESIAN_POINT('',(0.111434503032,12.161791474538));
#2464 = CARTESIAN_POINT('',(0.148468463235,12.136405002513));
#2465 = CARTESIAN_POINT('',(0.185449823518,12.109662495598));
#2466 = CARTESIAN_POINT('',(0.222373822898,12.081719421356));
#2467 = CARTESIAN_POINT('',(0.25925136343,12.052731160256));
#2468 = CARTESIAN_POINT('',(0.296090000055,12.022864985642));
#2469 = CARTESIAN_POINT('',(0.33289823803,11.992296164303));
#2470 = CARTESIAN_POINT('',(0.369684378314,11.96120783687));
#2471 = CARTESIAN_POINT('',(0.406456827848,11.929789922034));
#2472 = CARTESIAN_POINT('',(0.443224021138,11.898238321375));
#2473 = CARTESIAN_POINT('',(0.479994449025,11.866754085553));
#2474 = CARTESIAN_POINT('',(0.516776663826,11.835542633935));
#2475 = CARTESIAN_POINT('',(0.553579287978,11.804813010557));
#2476 = CARTESIAN_POINT('',(0.59041104891,11.774777164662));
#2477 = CARTESIAN_POINT('',(0.627280723305,11.745649331822));
#2478 = CARTESIAN_POINT('',(0.664197437167,11.717645235297));
#2479 = CARTESIAN_POINT('',(0.701169655382,11.690982164936));
#2480 = CARTESIAN_POINT('',(0.738209082733,11.665875996622));
#2481 = CARTESIAN_POINT('',(0.775313162476,11.642551866955));
#2482 = CARTESIAN_POINT('',(0.812482357076,11.621230067005));
#2483 = CARTESIAN_POINT('',(0.84971677958,11.602127728293));
#2484 = CARTESIAN_POINT('',(0.887014123513,11.585458527774));
#2485 = CARTESIAN_POINT('',(0.924370049894,11.571430701771));
#2486 = CARTESIAN_POINT('',(0.961777984115,11.560245276868));
#2487 = CARTESIAN_POINT('',(0.999228529323,11.552094080213));
#2488 = CARTESIAN_POINT('',(1.036710687659,11.547157371373));
#2489 = CARTESIAN_POINT('',(1.074209738033,11.545601786633));
#2490 = CARTESIAN_POINT('',(1.111707239193,11.547577400524));
#2491 = CARTESIAN_POINT('',(1.149184419154,11.553215404711));
#2492 = CARTESIAN_POINT('',(1.186620836283,11.562626307277));
#2493 = CARTESIAN_POINT('',(1.223994700892,11.575898246088));
#2494 = CARTESIAN_POINT('',(1.261280954672,11.59309434486));
#2495 = CARTESIAN_POINT('',(1.298457846831,11.614254439452));
#2496 = CARTESIAN_POINT('',(1.335500303502,11.639391534791));
#2497 = CARTESIAN_POINT('',(1.372385109156,11.668493933094));
#2498 = CARTESIAN_POINT('',(1.409090688809,11.701526218047));
#2499 = CARTESIAN_POINT('',(1.445596911229,11.73843018336));
#2500 = CARTESIAN_POINT('',(1.48188388242,11.779124550595));
#2501 = CARTESIAN_POINT('',(1.517935056332,11.82350964253));
#2502 = CARTESIAN_POINT('',(1.55373747382,11.871470492708));
#2503 = CARTESIAN_POINT('',(1.589279984983,11.922876902541));
#2504 = CARTESIAN_POINT('',(1.62455485142,11.977587854056));
#2505 = CARTESIAN_POINT('',(1.659556920838,12.035452876068));
#2506 = CARTESIAN_POINT('',(1.694283486703,12.096313974691));
#2507 = CARTESIAN_POINT('',(1.728734246647,12.160007675996));
#2508 = CARTESIAN_POINT('',(1.762910545127,12.226365378665));
#2509 = CARTESIAN_POINT('',(1.7968178188,12.295219934999));
#2510 = CARTESIAN_POINT('',(1.830464048314,12.366404728239));
#2511 = CARTESIAN_POINT('',(1.863858277513,12.439751888669));
#2512 = CARTESIAN_POINT('',(1.897011208877,12.515094168566));
#2513 = CARTESIAN_POINT('',(1.929936272792,12.592268468268));
#2514 = CARTESIAN_POINT('',(1.962644662287,12.671104527554));
#2515 = CARTESIAN_POINT('',(1.995152856846,12.751442921861));
#2516 = CARTESIAN_POINT('',(2.027479327702,12.833128093948));
#2517 = CARTESIAN_POINT('',(2.059642469807,12.916002894153));
#2518 = CARTESIAN_POINT('',(2.091661365991,12.999909983469));
#2519 = CARTESIAN_POINT('',(2.12355580627,13.084691311466));
#2520 = CARTESIAN_POINT('',(2.155346521275,13.170188007088));
#2521 = CARTESIAN_POINT('',(2.187055401832,13.25624011816));
#2522 = CARTESIAN_POINT('',(2.218705686001,13.342686118247));
#2523 = CARTESIAN_POINT('',(2.250322441948,13.429363070462));
#2524 = CARTESIAN_POINT('',(2.28193207436,13.516103971181));
#2525 = CARTESIAN_POINT('',(2.313551713847,13.602706898001));
#2526 = CARTESIAN_POINT('',(2.345215621306,13.68900597109));
#2527 = CARTESIAN_POINT('',(2.376953635052,13.774809923283));
#2528 = CARTESIAN_POINT('',(2.408796053596,13.859913408278));
#2529 = CARTESIAN_POINT('',(2.440772848133,13.944092664328));
#2530 = CARTESIAN_POINT('',(2.472914396742,14.027105290868));
#2531 = CARTESIAN_POINT('',(2.505251828651,14.108688843028));
#2532 = CARTESIAN_POINT('',(2.53781750351,14.188559666745));
#2533 = CARTESIAN_POINT('',(2.570645506827,14.266411578684));
#2534 = CARTESIAN_POINT('',(2.60377217905,14.341914551442));
#2535 = CARTESIAN_POINT('',(2.637236790802,14.414713157881));
#2536 = CARTESIAN_POINT('',(2.671069069724,14.48439812422));
#2537 = CARTESIAN_POINT('',(2.705294935655,14.550523188008));
#2538 = CARTESIAN_POINT('',(2.73993218737,14.61260118644));
#2539 = CARTESIAN_POINT('',(2.774991343632,14.670114459259));
#2540 = CARTESIAN_POINT('',(2.810474867537,14.722524909705));
#2541 = CARTESIAN_POINT('',(2.846376448459,14.769287570831));
#2542 = CARTESIAN_POINT('',(2.88267966307,14.809866769189));
#2543 = CARTESIAN_POINT('',(2.919356756517,14.843755712917));
#2544 = CARTESIAN_POINT('',(2.956364858971,14.870498146435));
#2545 = CARTESIAN_POINT('',(2.993649146679,14.889717718255));
#2546 = CARTESIAN_POINT('',(3.031123258854,14.901136868796));
#2547 = CARTESIAN_POINT('',(3.068672659621,14.904623550187));
#2548 = CARTESIAN_POINT('',(3.10620653496,14.900212353972));
#2549 = CARTESIAN_POINT('',(3.143644412855,14.888080113203));
#2550 = CARTESIAN_POINT('',(3.180917413,14.868528349197));
#2551 = CARTESIAN_POINT('',(3.217965860118,14.84196175229));
#2552 = CARTESIAN_POINT('',(3.25473830236,14.808866423335));
#2553 = CARTESIAN_POINT('',(3.291189931755,14.769789230042));
#2554 = CARTESIAN_POINT('',(3.327283288464,14.725314585563));
#2555 = CARTESIAN_POINT('',(3.362981650005,14.676057515978));
#2556 = CARTESIAN_POINT('',(3.398320284644,14.622533767884));
#2557 = CARTESIAN_POINT('',(3.433328870055,14.565235325616));
#2558 = CARTESIAN_POINT('',(3.468036323543,14.504626767346));
#2559 = CARTESIAN_POINT('',(3.502470561269,14.441143870172));
#2560 = CARTESIAN_POINT('',(3.536658911897,14.375193217185));
#2561 = CARTESIAN_POINT('',(3.570628375979,14.307152092809));
#2562 = CARTESIAN_POINT('',(3.604405954804,14.237368766135));
#2563 = CARTESIAN_POINT('',(3.638018969292,14.166163104315));
#2564 = CARTESIAN_POINT('',(3.671495471177,14.093827275425));
#2565 = CARTESIAN_POINT('',(3.704864427753,14.020627188387));
#2566 = CARTESIAN_POINT('',(3.738156866959,13.946801947491));
#2567 = CARTESIAN_POINT('',(3.771403572409,13.872571191112));
#2568 = CARTESIAN_POINT('',(3.804645805741,13.798113186019));
#2569 = CARTESIAN_POINT('',(3.837895254674,13.723657187871));
#2570 = CARTESIAN_POINT('',(3.871167506391,13.649410240032));
#2571 = CARTESIAN_POINT('',(3.904486897151,13.575547375798));
#2572 = CARTESIAN_POINT('',(3.937873005711,13.502243299577));
#2573 = CARTESIAN_POINT('',(3.971344608703,13.429664575894));
#2574 = CARTESIAN_POINT('',(4.004918890518,13.357972321778));
#2575 = CARTESIAN_POINT('',(4.038611958785,13.287321816808));
#2576 = CARTESIAN_POINT('',(4.072438691134,13.217863378197));
#2577 = CARTESIAN_POINT('',(4.106413786055,13.149740697127));
#2578 = CARTESIAN_POINT('',(4.14054754796,13.083099472063));
#2579 = CARTESIAN_POINT('',(4.174849875314,13.018079119677));
#2580 = CARTESIAN_POINT('',(4.209329266122,12.954814782701));
#2581 = CARTESIAN_POINT('',(4.243992541606,12.893437465386));
#2582 = CARTESIAN_POINT('',(4.278844988339,12.834073335155));
#2583 = CARTESIAN_POINT('',(4.313891209543,12.776841875564));
#2584 = CARTESIAN_POINT('',(4.34913172966,12.721860678915));
#2585 = CARTESIAN_POINT('',(4.384566228287,12.669239042369));
#2586 = CARTESIAN_POINT('',(4.420192877584,12.619078390634));
#2587 = CARTESIAN_POINT('',(4.456008410016,12.571471317482));
#2588 = CARTESIAN_POINT('',(4.492007939233,12.526500959237));
#2589 = CARTESIAN_POINT('',(4.528184834222,12.48424022827));
#2590 = CARTESIAN_POINT('',(4.564530396729,12.444751081212));
#2591 = CARTESIAN_POINT('',(4.601036487413,12.408081013242));
#2592 = CARTESIAN_POINT('',(4.637690990797,12.374267032235));
#2593 = CARTESIAN_POINT('',(4.674482342666,12.343330188147));
#2594 = CARTESIAN_POINT('',(4.711398416427,12.315276628238));
#2595 = CARTESIAN_POINT('',(4.748426770009,12.290097197846));
#2596 = CARTESIAN_POINT('',(4.785553496461,12.267767997197));
#2597 = CARTESIAN_POINT('',(4.822766201629,12.248248568544));
#2598 = CARTESIAN_POINT('',(4.860052337111,12.231483466435));
#2599 = CARTESIAN_POINT('',(4.897397828148,12.217402958548));
#2600 = CARTESIAN_POINT('',(4.934790933593,12.205921866801));
#2601 = CARTESIAN_POINT('',(4.972220919685,12.19694122657));
#2602 = CARTESIAN_POINT('',(5.009678149477,12.190349138219));
#2603 = CARTESIAN_POINT('',(5.04715381927,12.186021782938));
#2604 = CARTESIAN_POINT('',(5.084639804516,12.183824332914));
#2605 = CARTESIAN_POINT('',(5.12212850758,12.18361186375));
#2606 = CARTESIAN_POINT('',(5.159612647655,12.185230107422));
#2607 = CARTESIAN_POINT('',(5.197090394052,12.188517057546));
#2608 = CARTESIAN_POINT('',(5.234559134744,12.193303973035));
#2609 = CARTESIAN_POINT('',(5.272017623365,12.199416289539));
#2610 = CARTESIAN_POINT('',(5.309465369165,12.206674497378));
#2611 = CARTESIAN_POINT('',(5.346902661552,12.21489502073));
#2612 = CARTESIAN_POINT('',(5.384330512905,12.223891118782));
#2613 = CARTESIAN_POINT('',(5.421750389576,12.233473713901));
#2614 = CARTESIAN_POINT('',(5.459164956377,12.243452505942));
#2615 = CARTESIAN_POINT('',(5.496575050519,12.253636031127));
#2616 = CARTESIAN_POINT('',(5.533990781744,12.263835672666));
#2617 = CARTESIAN_POINT('',(5.571432275317,12.273866548855));
#2618 = CARTESIAN_POINT('',(5.608890321345,12.283537569138));
#2619 = CARTESIAN_POINT('',(5.646363563377,12.292663101714));
#2620 = CARTESIAN_POINT('',(5.683849075664,12.30106174417));
#2621 = CARTESIAN_POINT('',(5.721344741321,12.308558406727));
#2622 = CARTESIAN_POINT('',(5.75884848195,12.314985541984));
#2623 = CARTESIAN_POINT('',(5.796358340176,12.320184619066));
#2624 = CARTESIAN_POINT('',(5.8338723392,12.324007529253));
#2625 = CARTESIAN_POINT('',(5.871388404362,12.326317987846));
#2626 = CARTESIAN_POINT('',(5.90890426732,12.326992895526));
#2627 = CARTESIAN_POINT('',(5.9464173713,12.325923649184));
#2628 = CARTESIAN_POINT('',(5.983924769578,12.323017385214));
#2629 = CARTESIAN_POINT('',(6.021423016463,12.318198137885));
#2630 = CARTESIAN_POINT('',(6.058908047186,12.311407902232));
#2631 = CARTESIAN_POINT('',(6.096375045937,12.302607562521));
#2632 = CARTESIAN_POINT('',(6.133818290714,12.291777752277));
#2633 = CARTESIAN_POINT('',(6.171231000315,12.278919319069));
#2634 = CARTESIAN_POINT('',(6.208605069563,12.26405453177));
#2635 = CARTESIAN_POINT('',(6.24593109541,12.247224701181));
#2636 = CARTESIAN_POINT('',(6.270775142244,12.234741757777));
#2637 = CARTESIAN_POINT('',(6.28318530718,12.228194877119));
#2638 = ( GEOMETRIC_REPRESENTATION_CONTEXT(2) 
PARAMETRIC_REPRESENTATION_CONTEXT() REPRESENTATION_CONTEXT('2D SPACE',''
  ) );
#2639 = FACE_BOUND('',#2640,.F.);
#2640 = EDGE_LOOP('',(#2641));
#2641 = ORIENTED_EDGE('',*,*,#2642,.F.);
#2642 = EDGE_CURVE('',#2643,#2643,#2645,.T.);
#2643 = VERTEX_POINT('',#2644);
#2644 = CARTESIAN_POINT('',(6.,-7.771805122881,-140.));
#2645 = SURFACE_CURVE('',#2646,(#2768,#2929),.PCURVE_S1.);
#2646 = B_SPLINE_CURVE_WITH_KNOTS('',8,(#2647,#2648,#2649,#2650,#2651,
    #2652,#2653,#2654,#2655,#2656,#2657,#2658,#2659,#2660,#2661,#2662,
    #2663,#2664,#2665,#2666,#2667,#2668,#2669,#2670,#2671,#2672,#2673,
    #2674,#2675,#2676,#2677,#2678,#2679,#2680,#2681,#2682,#2683,#2684,
    #2685,#2686,#2687,#2688,#2689,#2690,#2691,#2692,#2693,#2694,#2695,
    #2696,#2697,#2698,#2699,#2700,#2701,#2702,#2703,#2704,#2705,#2706,
    #2707,#2708,#2709,#2710,#2711,#2712,#2713,#2714,#2715,#2716,#2717,
    #2718,#2719,#2720,#2721,#2722,#2723,#2724,#2725,#2726,#2727,#2728,
    #2729,#2730,#2731,#2732,#2733,#2734,#2735,#2736,#2737,#2738,#2739,
    #2740,#2741,#2742,#2743,#2744,#2745,#2746,#2747,#2748,#2749,#2750,
    #2751,#2752,#2753,#2754,#2755,#2756,#2757,#2758,#2759,#2760,#2761,
    #2762,#2763,#2764,#2765,#2766,#2767),.UNSPECIFIED.,.T.,.F.,(9,7,7,7,
    7,7,7,7,7,7,7,7,7,7,7,7,7,9),(0.,0.272806909831,0.39480905134,
    0.514122596526,0.603105650106,0.706157775263,0.877700277599,1.,
    1.1250081954,1.262030048656,1.452618224819,1.588280140487,
    1.657818811624,1.755783000205,1.840565117412,1.971832844664,
    2.122645692055,2.273371974815),.UNSPECIFIED.);
#2647 = CARTESIAN_POINT('',(6.,-7.771805122881,-140.));
#2648 = CARTESIAN_POINT('',(6.,-7.7199313912,-140.5901371067));
#2649 = CARTESIAN_POINT('',(5.933664105831,-7.682512462805,
    -141.1837913114));
#2650 = CARTESIAN_POINT('',(5.799611376484,-7.662243575079,
    -141.7697797654));
#2651 = CARTESIAN_POINT('',(5.599366395402,-7.659349531632,
    -142.3382378276));
#2652 = CARTESIAN_POINT('',(5.335886212133,-7.671275826984,
    -142.8801612177));
#2653 = CARTESIAN_POINT('',(5.013545526116,-7.693539723912,
    -143.3873867741));
#2654 = CARTESIAN_POINT('',(4.637857248428,-7.720828433879,
    -143.8525223793));
#2655 = CARTESIAN_POINT('',(4.02722332621,-7.759777344183,
    -144.4555359998));
#2656 = CARTESIAN_POINT('',(3.829114559837,-7.771748612932,
    -144.6323456842));
#2657 = CARTESIAN_POINT('',(3.622117037165,-7.783177522303,
    -144.7991057509));
#2658 = CARTESIAN_POINT('',(3.406794626866,-7.793580762529,
    -144.9553176196));
#2659 = CARTESIAN_POINT('',(3.183753806359,-7.802479546073,
    -145.1005063173));
#2660 = CARTESIAN_POINT('',(2.95364848661,-7.809409589966,
    -145.2342265659));
#2661 = CARTESIAN_POINT('',(2.717186297209,-7.813931057166,
    -145.3560714789));
#2662 = CARTESIAN_POINT('',(2.23842049102,-7.817308230215,
    -145.5728806962));
#2663 = CARTESIAN_POINT('',(1.996340507491,-7.816286837234,
    -145.6683873493));
#2664 = CARTESIAN_POINT('',(1.749656299541,-7.812193861392,
    -145.751847319));
#2665 = CARTESIAN_POINT('',(1.499166123185,-7.804684109062,
    -145.8229731243));
#2666 = CARTESIAN_POINT('',(1.245706260846,-7.793455354821,
    -145.8815482624));
#2667 = CARTESIAN_POINT('',(0.990151614978,-7.778257425059,
    -145.9274342277));
#2668 = CARTESIAN_POINT('',(0.733417206524,-7.758902619934,
    -145.9605825985));
#2669 = CARTESIAN_POINT('',(0.284824453487,-7.71765803531,
    -145.9963182443));
#2670 = CARTESIAN_POINT('',(9.304380896238E-02,-7.697661515593,
    -146.0045337564));
#2671 = CARTESIAN_POINT('',(-9.848812809131E-02,-7.675239686147,
    -146.0057216485));
#2672 = CARTESIAN_POINT('',(-0.289391894805,-7.650364685519,
    -145.99993819));
#2673 = CARTESIAN_POINT('',(-0.479301865906,-7.623028994498,
    -145.9872705418));
#2674 = CARTESIAN_POINT('',(-0.66786632691,-7.593245411429,
    -145.9678342992));
#2675 = CARTESIAN_POINT('',(-0.854747547301,-7.561047027531,
    -145.9417710346));
#2676 = CARTESIAN_POINT('',(-1.253726555663,-7.486463138072,
    -145.8715781018));
#2677 = CARTESIAN_POINT('',(-1.465157585517,-7.443268502149,
    -145.825240594));
#2678 = CARTESIAN_POINT('',(-1.673421454687,-7.39698342944,
    -145.7704868412));
#2679 = CARTESIAN_POINT('',(-1.878084930495,-7.347717070426,
    -145.7076057912));
#2680 = CARTESIAN_POINT('',(-2.078769299795,-7.295603554234,
    -145.6369089372));
#2681 = CARTESIAN_POINT('',(-2.275145337375,-7.240798375551,
    -145.5587195268));
#2682 = CARTESIAN_POINT('',(-2.466928979157,-7.183475205296,
    -145.4733638584));
#2683 = CARTESIAN_POINT('',(-2.965076051198,-7.024525152306,
    -145.2276881566));
#2684 = CARTESIAN_POINT('',(-3.262794908693,-6.918799999751,
    -145.055289022));
#2685 = CARTESIAN_POINT('',(-3.54609438597,-6.807472956301,
    -144.8653894189));
#2686 = CARTESIAN_POINT('',(-3.814292811855,-6.691471540155,
    -144.6593324023));
#2687 = CARTESIAN_POINT('',(-4.066897209507,-6.571811487519,
    -144.4383123439));
#2688 = CARTESIAN_POINT('',(-4.303558326419,-6.449586184367,
    -144.2033315307));
#2689 = CARTESIAN_POINT('',(-4.524017824644,-6.325976601404,
    -143.9551295335));
#2690 = CARTESIAN_POINT('',(-4.873453408381,-6.114123783376,
    -143.5078846809));
#2691 = CARTESIAN_POINT('',(-5.010464524495,-6.02595023341,
    -143.3152587919));
#2692 = CARTESIAN_POINT('',(-5.138992677111,-5.938239319099,
    -143.1162477697));
#2693 = CARTESIAN_POINT('',(-5.258897813053,-5.851531240097,
    -142.910924264));
#2694 = CARTESIAN_POINT('',(-5.369974427898,-5.766457347358,
    -142.699341604));
#2695 = CARTESIAN_POINT('',(-5.471956685804,-5.683754093927,
    -142.4815267756));
#2696 = CARTESIAN_POINT('',(-5.564509968693,-5.604278808365,
    -142.2574648379));
#2697 = CARTESIAN_POINT('',(-5.73173920621,-5.452109238736,
    -141.7915824532));
#2698 = CARTESIAN_POINT('',(-5.805952816692,-5.379622784915,
    -141.5495361564));
#2699 = CARTESIAN_POINT('',(-5.869387896687,-5.312643792828,
    -141.3009007625));
#2700 = CARTESIAN_POINT('',(-5.921372908375,-5.252494881431,
    -141.0458985346));
#2701 = CARTESIAN_POINT('',(-5.961140146359,-5.200710420098,
    -140.7850412673));
#2702 = CARTESIAN_POINT('',(-5.987895641905,-5.158928286286,
    -140.5191789235));
#2703 = CARTESIAN_POINT('',(-6.000943235131,-5.12865462122,
    -140.2496067038));
#2704 = CARTESIAN_POINT('',(-5.998883655443,-5.091329730099,
    -139.6808622667));
#2705 = CARTESIAN_POINT('',(-5.980949592884,-5.086769215868,
    -139.381017438));
#2706 = CARTESIAN_POINT('',(-5.945676192467,-5.098576815039,
    -139.0826594637));
#2707 = CARTESIAN_POINT('',(-5.893557627512,-5.126888934808,
    -138.7888819584));
#2708 = CARTESIAN_POINT('',(-5.825641360498,-5.170621146475,
    -138.5020724961));
#2709 = CARTESIAN_POINT('',(-5.743286004839,-5.227901386666,
    -138.2240635141));
#2710 = CARTESIAN_POINT('',(-5.64803474427,-5.296559084972,
    -137.9562619368));
#2711 = CARTESIAN_POINT('',(-5.393410209636,-5.482542935028,
    -137.342856674));
#2712 = CARTESIAN_POINT('',(-5.223234870811,-5.608616266745,
    -137.0070637446));
#2713 = CARTESIAN_POINT('',(-5.03368227151,-5.747832254933,
    -136.6913695727));
#2714 = CARTESIAN_POINT('',(-4.82663134872,-5.896148564994,
    -136.3950330446));
#2715 = CARTESIAN_POINT('',(-4.603490533952,-6.050397306563,
    -136.1174840006));
#2716 = CARTESIAN_POINT('',(-4.365184144109,-6.208134792262,
    -135.8582051539));
#2717 = CARTESIAN_POINT('',(-4.112069801053,-6.367562757863,
    -135.6167240857));
#2718 = CARTESIAN_POINT('',(-3.65252771,-6.641173985021,-135.233348209)
  );
#2719 = CARTESIAN_POINT('',(-3.453950720656,-6.754986538604,
    -135.0830454194));
#2720 = CARTESIAN_POINT('',(-3.247932970263,-6.868256402128,
    -134.9418793094));
#2721 = CARTESIAN_POINT('',(-3.034531503719,-6.980425868177,
    -134.8100265789));
#2722 = CARTESIAN_POINT('',(-2.813823850551,-7.090949201112,
    -134.6877800652));
#2723 = CARTESIAN_POINT('',(-2.585916871618,-7.199285319084,
    -134.5755239425));
#2724 = CARTESIAN_POINT('',(-2.350952425435,-7.304895196757,
    -134.4737212798));
#2725 = CARTESIAN_POINT('',(-1.985144252176,-7.459706752168,
    -134.336367211));
#2726 = CARTESIAN_POINT('',(-1.859383546577,-7.511307500948,
    -134.2927139563));
#2727 = CARTESIAN_POINT('',(-1.731859273116,-7.561971692209,
    -134.2520285285));
#2728 = CARTESIAN_POINT('',(-1.602610967461,-7.611623065958,
    -134.2143915282));
#2729 = CARTESIAN_POINT('',(-1.471686937989,-7.660184215824,
    -134.1798885341));
#2730 = CARTESIAN_POINT('',(-1.339145038634,-7.70757715981,
    -134.1486088174));
#2731 = CARTESIAN_POINT('',(-1.205053441731,-7.753723911035,
    -134.1206440562));
#2732 = CARTESIAN_POINT('',(-0.878515308804,-7.86169266543,
    -134.0614918073));
#2733 = CARTESIAN_POINT('',(-0.684613862827,-7.92221379484,
    -134.0336583386));
#2734 = CARTESIAN_POINT('',(-0.488021595357,-7.979889507104,
    -134.0128494456));
#2735 = CARTESIAN_POINT('',(-0.289020250546,-8.034502156905,
    -133.9993287868));
#2736 = CARTESIAN_POINT('',(-8.794198463398E-02,-8.085842573268,
    -133.9933527435));
#2737 = CARTESIAN_POINT('',(0.114826968197,-8.133716316108,
    -133.9951592005));
#2738 = CARTESIAN_POINT('',(0.318842154454,-8.177950999255,
    -134.0049532401));
#2739 = CARTESIAN_POINT('',(0.700798677499,-8.253414909225,
    -134.0384127227));
#2740 = CARTESIAN_POINT('',(0.878569281186,-8.285596161763,
    -134.0600358121));
#2741 = CARTESIAN_POINT('',(1.056566539664,-8.314853014639,
    -134.0878589757));
#2742 = CARTESIAN_POINT('',(1.234436517495,-8.341113001712,
    -134.1219545923));
#2743 = CARTESIAN_POINT('',(1.411813605231,-8.364327904211,
    -134.1623635244));
#2744 = CARTESIAN_POINT('',(1.588321224987,-8.384475041296,
    -134.2090911804));
#2745 = CARTESIAN_POINT('',(1.763572536014,-8.40155856062,
    -134.2621035759));
#2746 = CARTESIAN_POINT('',(2.205952989372,-8.437367630607,
    -134.4130131464));
#2747 = CARTESIAN_POINT('',(2.470851803176,-8.45186394379,
    -134.5196098189));
#2748 = CARTESIAN_POINT('',(2.730354716095,-8.459209254556,
    -134.640823706));
#2749 = CARTESIAN_POINT('',(2.983133979191,-8.459698110302,
    -134.7761774602));
#2750 = CARTESIAN_POINT('',(3.228022259142,-8.453766455104,
    -134.9250556064));
#2751 = CARTESIAN_POINT('',(3.463993883256,-8.44195479242,
    -135.0867413977));
#2752 = CARTESIAN_POINT('',(3.690152030536,-8.424878075075,
    -135.260441014));
#2753 = CARTESIAN_POINT('',(4.153388997647,-8.378299156908,
    -135.6576730618));
#2754 = CARTESIAN_POINT('',(4.387109993072,-8.347322041064,
    -135.8848011892));
#2755 = CARTESIAN_POINT('',(4.605897627943,-8.311259044984,
    -136.1255478029));
#2756 = CARTESIAN_POINT('',(4.808949114854,-8.271152620887,
    -136.3787726531));
#2757 = CARTESIAN_POINT('',(4.995602736234,-8.228060804955,
    -136.6433520661));
#2758 = CARTESIAN_POINT('',(5.165299267088,-8.183025154355,
    -136.9182000886));
#2759 = CARTESIAN_POINT('',(5.317548190384,-8.137045419551,
    -137.2022856343));
#2760 = CARTESIAN_POINT('',(5.586172104276,-8.04510287881,
    -137.7868378186));
#2761 = CARTESIAN_POINT('',(5.702551003528,-7.999145907636,
    -138.0872589309));
#2762 = CARTESIAN_POINT('',(5.800565307466,-7.954134167079,
    -138.3948931831));
#2763 = CARTESIAN_POINT('',(5.879742442558,-7.910973194884,
    -138.7086551614));
#2764 = CARTESIAN_POINT('',(5.939628406399,-7.870500410597,
    -139.0273758806));
#2765 = CARTESIAN_POINT('',(5.979818822419,-7.833450645007,
    -139.3497869034));
#2766 = CARTESIAN_POINT('',(6.,-7.800416726292,-139.6745025216));
#2767 = CARTESIAN_POINT('',(6.,-7.771805122881,-140.));
#2768 = PCURVE('',#32,#2769);
#2769 = DEFINITIONAL_REPRESENTATION('',(#2770),#2928);
#2770 = B_SPLINE_CURVE_WITH_KNOTS('',3,(#2771,#2772,#2773,#2774,#2775,
    #2776,#2777,#2778,#2779,#2780,#2781,#2782,#2783,#2784,#2785,#2786,
    #2787,#2788,#2789,#2790,#2791,#2792,#2793,#2794,#2795,#2796,#2797,
    #2798,#2799,#2800,#2801,#2802,#2803,#2804,#2805,#2806,#2807,#2808,
    #2809,#2810,#2811,#2812,#2813,#2814,#2815,#2816,#2817,#2818,#2819,
    #2820,#2821,#2822,#2823,#2824,#2825,#2826,#2827,#2828,#2829,#2830,
    #2831,#2832,#2833,#2834,#2835,#2836,#2837,#2838,#2839,#2840,#2841,
    #2842,#2843,#2844,#2845,#2846,#2847,#2848,#2849,#2850,#2851,#2852,
    #2853,#2854,#2855,#2856,#2857,#2858,#2859,#2860,#2861,#2862,#2863,
    #2864,#2865,#2866,#2867,#2868,#2869,#2870,#2871,#2872,#2873,#2874,
    #2875,#2876,#2877,#2878,#2879,#2880,#2881,#2882,#2883,#2884,#2885,
    #2886,#2887,#2888,#2889,#2890,#2891,#2892,#2893,#2894,#2895,#2896,
    #2897,#2898,#2899,#2900,#2901,#2902,#2903,#2904,#2905,#2906,#2907,
    #2908,#2909,#2910,#2911,#2912,#2913,#2914,#2915,#2916,#2917,#2918,
    #2919,#2920,#2921,#2922,#2923,#2924,#2925,#2926,#2927),
  .UNSPECIFIED.,.T.,.F.,(4,1,1,1,1,1,1,1,1,1,1,1,1,1,1,1,1,1,1,1,1,1,1,1
    ,1,1,1,1,1,1,1,1,1,1,1,1,1,1,1,1,1,1,1,1,1,1,1,1,1,1,1,1,1,1,1,1,1,1
    ,1,1,1,1,1,1,1,1,1,1,1,1,1,1,1,1,1,1,1,1,1,1,1,1,1,1,1,1,1,1,1,1,1,1
    ,1,1,1,1,1,1,1,1,1,1,1,1,1,1,1,1,1,1,1,1,1,1,1,1,1,1,1,1,1,1,1,1,1,1
    ,1,1,1,1,1,1,1,1,1,1,1,1,1,1,1,1,1,1,1,1,1,1,1,1,1,1,1,1,4),(0.,
    1.476215568062E-02,2.952431136124E-02,4.428646704186E-02,
    5.904862272247E-02,7.381077840309E-02,8.857293408371E-02,
    0.103335089764,0.118097245445,0.132859401126,0.147621556806,
    0.162383712487,0.177145868167,0.191908023848,0.206670179529,
    0.221432335209,0.23619449089,0.250956646571,0.265718802251,
    0.280480957932,0.295243113612,0.310005269293,0.324767424974,
    0.339529580654,0.354291736335,0.369053892015,0.383816047696,
    0.398578203377,0.413340359057,0.428102514738,0.442864670419,
    0.457626826099,0.47238898178,0.48715113746,0.501913293141,
    0.516675448822,0.531437604502,0.546199760183,0.560961915863,
    0.575724071544,0.590486227225,0.605248382905,0.620010538586,
    0.634772694267,0.649534849947,0.664297005628,0.679059161308,
    0.693821316989,0.70858347267,0.72334562835,0.738107784031,
    0.752869939712,0.767632095392,0.782394251073,0.797156406753,
    0.811918562434,0.826680718115,0.841442873795,0.856205029476,
    0.870967185156,0.885729340837,0.900491496518,0.915253652198,
    0.930015807879,0.94477796356,0.95954011924,0.974302274921,
    0.989064430601,1.003826586282,1.018588741963,1.033350897643,
    1.048113053324,1.062875209005,1.077637364685,1.092399520366,
    1.107161676046,1.121923831727,1.136685987408,1.151448143088,
    1.166210298769,1.180972454449,1.19573461013,1.210496765811,
    1.225258921491,1.240021077172,1.254783232853,1.269545388533,
    1.284307544214,1.299069699894,1.313831855575,1.328594011256,
    1.343356166936,1.358118322617,1.372880478298,1.387642633978,
    1.402404789659,1.417166945339,1.43192910102,1.446691256701,
    1.461453412381,1.476215568062,1.490977723742,1.505739879423,
    1.520502035104,1.535264190784,1.550026346465,1.564788502146,
    1.579550657826,1.594312813507,1.609074969187,1.623837124868,
    1.638599280549,1.653361436229,1.66812359191,1.68288574759,
    1.697647903271,1.712410058952,1.727172214632,1.741934370313,
    1.756696525994,1.771458681674,1.786220837355,1.800982993035,
    1.815745148716,1.830507304397,1.845269460077,1.860031615758,
    1.874793771439,1.889555927119,1.9043180828,1.91908023848,
    1.933842394161,1.948604549842,1.963366705522,1.978128861203,
    1.992891016883,2.007653172564,2.022415328245,2.037177483925,
    2.051939639606,2.066701795287,2.081463950967,2.096226106648,
    2.110988262328,2.125750418009,2.14051257369,2.15527472937,
    2.170036885051,2.184799040732,2.199561196412,2.214323352093,
    2.229085507773,2.243847663454,2.258609819135,2.273371974815),
  .QUASI_UNIFORM_KNOTS.);
#2771 = CARTESIAN_POINT('',(0.799139654027,0.89787671193));
#2772 = CARTESIAN_POINT('',(0.799313298564,0.898359935328));
#2773 = CARTESIAN_POINT('',(0.799607004745,0.899327439152));
#2774 = CARTESIAN_POINT('',(0.799884988936,0.900778649441));
#2775 = CARTESIAN_POINT('',(0.799998296822,0.902226560374));
#2776 = CARTESIAN_POINT('',(0.79994578906,0.903668048848));
#2777 = CARTESIAN_POINT('',(0.799726908359,0.905100070417));
#2778 = CARTESIAN_POINT('',(0.799341735029,0.906519667297));
#2779 = CARTESIAN_POINT('',(0.798790927024,0.907923961249));
#2780 = CARTESIAN_POINT('',(0.798075691361,0.909310151388));
#2781 = CARTESIAN_POINT('',(0.797197747148,0.910675511476));
#2782 = CARTESIAN_POINT('',(0.796159290744,0.91201738806));
#2783 = CARTESIAN_POINT('',(0.794962960375,0.913333199045));
#2784 = CARTESIAN_POINT('',(0.793611801245,0.914620432778));
#2785 = CARTESIAN_POINT('',(0.792109231668,0.915876647514));
#2786 = CARTESIAN_POINT('',(0.790459009966,0.91709947161));
#2787 = CARTESIAN_POINT('',(0.788665206359,0.918286603215));
#2788 = CARTESIAN_POINT('',(0.786732167646,0.919435814072));
#2789 = CARTESIAN_POINT('',(0.784664524284,0.920544940414));
#2790 = CARTESIAN_POINT('',(0.782467059049,0.921611924684));
#2791 = CARTESIAN_POINT('',(0.780145116849,0.922634670562));
#2792 = CARTESIAN_POINT('',(0.777701517141,0.923612230645));
#2793 = CARTESIAN_POINT('',(0.775140895845,0.924542815909));
#2794 = CARTESIAN_POINT('',(0.772467793177,0.925424787879));
#2795 = CARTESIAN_POINT('',(0.769686874531,0.926256533193));
#2796 = CARTESIAN_POINT('',(0.766802873386,0.92703650506));
#2797 = CARTESIAN_POINT('',(0.763820618895,0.927763220442));
#2798 = CARTESIAN_POINT('',(0.760745029726,0.928435273039));
#2799 = CARTESIAN_POINT('',(0.757581186414,0.929051332978));
#2800 = CARTESIAN_POINT('',(0.754334112931,0.92961019698));
#2801 = CARTESIAN_POINT('',(0.751009442647,0.930110692547));
#2802 = CARTESIAN_POINT('',(0.747612899222,0.930551809003));
#2803 = CARTESIAN_POINT('',(0.744150312088,0.930932699082));
#2804 = CARTESIAN_POINT('',(0.740627635011,0.931252688025));
#2805 = CARTESIAN_POINT('',(0.737050985046,0.931511282924));
#2806 = CARTESIAN_POINT('',(0.733426629893,0.931708185977));
#2807 = CARTESIAN_POINT('',(0.729761195182,0.931843304362));
#2808 = CARTESIAN_POINT('',(0.72606103577,0.931916783361));
#2809 = CARTESIAN_POINT('',(0.722332696875,0.931928984994));
#2810 = CARTESIAN_POINT('',(0.718582716724,0.931880494848));
#2811 = CARTESIAN_POINT('',(0.714817463461,0.931772114947));
#2812 = CARTESIAN_POINT('',(0.711043184108,0.931604849));
#2813 = CARTESIAN_POINT('',(0.707266132332,0.931379897918));
#2814 = CARTESIAN_POINT('',(0.703492147623,0.931098620631));
#2815 = CARTESIAN_POINT('',(0.699726831377,0.93076251812));
#2816 = CARTESIAN_POINT('',(0.695975541026,0.930373209038));
#2817 = CARTESIAN_POINT('',(0.692243266351,0.929932393689));
#2818 = CARTESIAN_POINT('',(0.688534693743,0.929441830414));
#2819 = CARTESIAN_POINT('',(0.684854271834,0.928903321104));
#2820 = CARTESIAN_POINT('',(0.681206063328,0.92831866021));
#2821 = CARTESIAN_POINT('',(0.677594475237,0.927689740329));
#2822 = CARTESIAN_POINT('',(0.674022801127,0.927018284002));
#2823 = CARTESIAN_POINT('',(0.670494055469,0.926305927289));
#2824 = CARTESIAN_POINT('',(0.667011209946,0.925554248298));
#2825 = CARTESIAN_POINT('',(0.663577164099,0.924764745756));
#2826 = CARTESIAN_POINT('',(0.660194785635,0.923938830895));
#2827 = CARTESIAN_POINT('',(0.656866931734,0.923077815228));
#2828 = CARTESIAN_POINT('',(0.653596475549,0.922182898069));
#2829 = CARTESIAN_POINT('',(0.650386334756,0.921255153232));
#2830 = CARTESIAN_POINT('',(0.647239495694,0.920295510792));
#2831 = CARTESIAN_POINT('',(0.644159067351,0.919304748354));
#2832 = CARTESIAN_POINT('',(0.641148239813,0.918283435588));
#2833 = CARTESIAN_POINT('',(0.638211492798,0.917232342955));
#2834 = CARTESIAN_POINT('',(0.635352473963,0.916151678296));
#2835 = CARTESIAN_POINT('',(0.632575884253,0.915041684161));
#2836 = CARTESIAN_POINT('',(0.629887171006,0.913902533578));
#2837 = CARTESIAN_POINT('',(0.62729263967,0.912734350801));
#2838 = CARTESIAN_POINT('',(0.624799451418,0.911537186235));
#2839 = CARTESIAN_POINT('',(0.622415718379,0.910311031505));
#2840 = CARTESIAN_POINT('',(0.620150376904,0.909055701568));
#2841 = CARTESIAN_POINT('',(0.618013995219,0.907771245318));
#2842 = CARTESIAN_POINT('',(0.616018638736,0.906457955042));
#2843 = CARTESIAN_POINT('',(0.614178007593,0.905116598014));
#2844 = CARTESIAN_POINT('',(0.612507163068,0.903748513448));
#2845 = CARTESIAN_POINT('',(0.61102206298,0.902355648279));
#2846 = CARTESIAN_POINT('',(0.609739025429,0.900940644687));
#2847 = CARTESIAN_POINT('',(0.608674030544,0.899506872564));
#2848 = CARTESIAN_POINT('',(0.607841973954,0.898058740013));
#2849 = CARTESIAN_POINT('',(0.607255399397,0.896601074515));
#2850 = CARTESIAN_POINT('',(0.606924143346,0.895141265611));
#2851 = CARTESIAN_POINT('',(0.606852614388,0.89368773797));
#2852 = CARTESIAN_POINT('',(0.607039332752,0.892247482388));
#2853 = CARTESIAN_POINT('',(0.607477956246,0.890826760634));
#2854 = CARTESIAN_POINT('',(0.608157994335,0.889431014045));
#2855 = CARTESIAN_POINT('',(0.609065657313,0.888064965915));
#2856 = CARTESIAN_POINT('',(0.61018456259,0.886732731937));
#2857 = CARTESIAN_POINT('',(0.611496758335,0.885437680206));
#2858 = CARTESIAN_POINT('',(0.612982302767,0.884183248768));
#2859 = CARTESIAN_POINT('',(0.614625676048,0.882968665388));
#2860 = CARTESIAN_POINT('',(0.616413180182,0.881792982071));
#2861 = CARTESIAN_POINT('',(0.618332044895,0.880655534204));
#2862 = CARTESIAN_POINT('',(0.620370801378,0.87955565722));
#2863 = CARTESIAN_POINT('',(0.622519143256,0.878492753332));
#2864 = CARTESIAN_POINT('',(0.62476792251,0.877466264853));
#2865 = CARTESIAN_POINT('',(0.627109110397,0.876475673592));
#2866 = CARTESIAN_POINT('',(0.629535771046,0.875520495133));
#2867 = CARTESIAN_POINT('',(0.632042041052,0.874600276242));
#2868 = CARTESIAN_POINT('',(0.63462310671,0.873714596354));
#2869 = CARTESIAN_POINT('',(0.637275230225,0.872863063634));
#2870 = CARTESIAN_POINT('',(0.639995638102,0.872045344931));
#2871 = CARTESIAN_POINT('',(0.642782976874,0.871261083925));
#2872 = CARTESIAN_POINT('',(0.645631952988,0.870511275399));
#2873 = CARTESIAN_POINT('',(0.64854094415,0.869796055));
#2874 = CARTESIAN_POINT('',(0.651507971737,0.869115903483));
#2875 = CARTESIAN_POINT('',(0.65453136429,0.868471412254));
#2876 = CARTESIAN_POINT('',(0.657609549409,0.867863327271));
#2877 = CARTESIAN_POINT('',(0.660741079921,0.867292521828));
#2878 = CARTESIAN_POINT('',(0.663924617987,0.866759989504));
#2879 = CARTESIAN_POINT('',(0.667158875704,0.866266841682));
#2880 = CARTESIAN_POINT('',(0.670442793369,0.865814280682));
#2881 = CARTESIAN_POINT('',(0.673774564997,0.865403714077));
#2882 = CARTESIAN_POINT('',(0.677152512776,0.865036600921));
#2883 = CARTESIAN_POINT('',(0.680574737658,0.864714491022));
#2884 = CARTESIAN_POINT('',(0.684039047716,0.86443900559));
#2885 = CARTESIAN_POINT('',(0.687542998346,0.864211811601));
#2886 = CARTESIAN_POINT('',(0.691083750546,0.864034608507));
#2887 = CARTESIAN_POINT('',(0.694657807447,0.863909102431));
#2888 = CARTESIAN_POINT('',(0.698261302127,0.863836952329));
#2889 = CARTESIAN_POINT('',(0.70188988342,0.863819742236));
#2890 = CARTESIAN_POINT('',(0.705538722015,0.863858943576));
#2891 = CARTESIAN_POINT('',(0.709202355446,0.863955869744));
#2892 = CARTESIAN_POINT('',(0.712875020382,0.864111646865));
#2893 = CARTESIAN_POINT('',(0.71655015317,0.864327149508));
#2894 = CARTESIAN_POINT('',(0.720220839683,0.864602976394));
#2895 = CARTESIAN_POINT('',(0.723880003749,0.864939435448));
#2896 = CARTESIAN_POINT('',(0.727520376456,0.865336526012));
#2897 = CARTESIAN_POINT('',(0.731134226143,0.865793880783));
#2898 = CARTESIAN_POINT('',(0.734714502066,0.86631090388));
#2899 = CARTESIAN_POINT('',(0.738253458659,0.866886589031));
#2900 = CARTESIAN_POINT('',(0.741743866885,0.867519680767));
#2901 = CARTESIAN_POINT('',(0.745178947733,0.868208709819));
#2902 = CARTESIAN_POINT('',(0.748552309599,0.868952016691));
#2903 = CARTESIAN_POINT('',(0.751857900859,0.869747776217));
#2904 = CARTESIAN_POINT('',(0.755089952034,0.870594012487));
#2905 = CARTESIAN_POINT('',(0.758242995764,0.871488633768));
#2906 = CARTESIAN_POINT('',(0.761311634416,0.872429379442));
#2907 = CARTESIAN_POINT('',(0.764291496972,0.873414150147));
#2908 = CARTESIAN_POINT('',(0.767178720717,0.87444094492));
#2909 = CARTESIAN_POINT('',(0.769969464149,0.875507733152));
#2910 = CARTESIAN_POINT('',(0.772660022551,0.876612505606));
#2911 = CARTESIAN_POINT('',(0.775246766736,0.87775327021));
#2912 = CARTESIAN_POINT('',(0.777726133798,0.878928062445));
#2913 = CARTESIAN_POINT('',(0.780094606236,0.880134950272));
#2914 = CARTESIAN_POINT('',(0.782348703686,0.881372043896));
#2915 = CARTESIAN_POINT('',(0.784484952499,0.882637489226));
#2916 = CARTESIAN_POINT('',(0.786499946502,0.883929519235));
#2917 = CARTESIAN_POINT('',(0.788390055373,0.885246271903));
#2918 = CARTESIAN_POINT('',(0.790151574138,0.886585853751));
#2919 = CARTESIAN_POINT('',(0.791780762031,0.887946341339));
#2920 = CARTESIAN_POINT('',(0.793273812884,0.889325729147));
#2921 = CARTESIAN_POINT('',(0.794626920131,0.890721936973));
#2922 = CARTESIAN_POINT('',(0.795836322219,0.892132800761));
#2923 = CARTESIAN_POINT('',(0.796898354292,0.893556068793));
#2924 = CARTESIAN_POINT('',(0.797809515313,0.894989391707));
#2925 = CARTESIAN_POINT('',(0.798566486163,0.89643033064));
#2926 = CARTESIAN_POINT('',(0.798966392186,0.897394308902));
#2927 = CARTESIAN_POINT('',(0.799139654027,0.89787671193));
#2928 = ( GEOMETRIC_REPRESENTATION_CONTEXT(2) 
PARAMETRIC_REPRESENTATION_CONTEXT() REPRESENTATION_CONTEXT('2D SPACE',''
  ) );
#2929 = PCURVE('',#2930,#2935);
#2930 = CYLINDRICAL_SURFACE('',#2931,6.);
#2931 = AXIS2_PLACEMENT_3D('',#2932,#2933,#2934);
#2932 = CARTESIAN_POINT('',(0.,20.,-140.));
#2933 = DIRECTION('',(0.,-1.,2.22044604925E-16));
#2934 = DIRECTION('',(1.,0.,0.));
#2935 = DEFINITIONAL_REPRESENTATION('',(#2936),#3094);
#2936 = B_SPLINE_CURVE_WITH_KNOTS('',3,(#2937,#2938,#2939,#2940,#2941,
    #2942,#2943,#2944,#2945,#2946,#2947,#2948,#2949,#2950,#2951,#2952,
    #2953,#2954,#2955,#2956,#2957,#2958,#2959,#2960,#2961,#2962,#2963,
    #2964,#2965,#2966,#2967,#2968,#2969,#2970,#2971,#2972,#2973,#2974,
    #2975,#2976,#2977,#2978,#2979,#2980,#2981,#2982,#2983,#2984,#2985,
    #2986,#2987,#2988,#2989,#2990,#2991,#2992,#2993,#2994,#2995,#2996,
    #2997,#2998,#2999,#3000,#3001,#3002,#3003,#3004,#3005,#3006,#3007,
    #3008,#3009,#3010,#3011,#3012,#3013,#3014,#3015,#3016,#3017,#3018,
    #3019,#3020,#3021,#3022,#3023,#3024,#3025,#3026,#3027,#3028,#3029,
    #3030,#3031,#3032,#3033,#3034,#3035,#3036,#3037,#3038,#3039,#3040,
    #3041,#3042,#3043,#3044,#3045,#3046,#3047,#3048,#3049,#3050,#3051,
    #3052,#3053,#3054,#3055,#3056,#3057,#3058,#3059,#3060,#3061,#3062,
    #3063,#3064,#3065,#3066,#3067,#3068,#3069,#3070,#3071,#3072,#3073,
    #3074,#3075,#3076,#3077,#3078,#3079,#3080,#3081,#3082,#3083,#3084,
    #3085,#3086,#3087,#3088,#3089,#3090,#3091,#3092,#3093),
  .UNSPECIFIED.,.F.,.F.,(4,1,1,1,1,1,1,1,1,1,1,1,1,1,1,1,1,1,1,1,1,1,1,1
    ,1,1,1,1,1,1,1,1,1,1,1,1,1,1,1,1,1,1,1,1,1,1,1,1,1,1,1,1,1,1,1,1,1,1
    ,1,1,1,1,1,1,1,1,1,1,1,1,1,1,1,1,1,1,1,1,1,1,1,1,1,1,1,1,1,1,1,1,1,1
    ,1,1,1,1,1,1,1,1,1,1,1,1,1,1,1,1,1,1,1,1,1,1,1,1,1,1,1,1,1,1,1,1,1,1
    ,1,1,1,1,1,1,1,1,1,1,1,1,1,1,1,1,1,1,1,1,1,1,1,1,1,1,1,1,4),(0.,
    1.476215568062E-02,2.952431136124E-02,4.428646704186E-02,
    5.904862272247E-02,7.381077840309E-02,8.857293408371E-02,
    0.103335089764,0.118097245445,0.132859401126,0.147621556806,
    0.162383712487,0.177145868167,0.191908023848,0.206670179529,
    0.221432335209,0.23619449089,0.250956646571,0.265718802251,
    0.280480957932,0.295243113612,0.310005269293,0.324767424974,
    0.339529580654,0.354291736335,0.369053892015,0.383816047696,
    0.398578203377,0.413340359057,0.428102514738,0.442864670419,
    0.457626826099,0.47238898178,0.48715113746,0.501913293141,
    0.516675448822,0.531437604502,0.546199760183,0.560961915863,
    0.575724071544,0.590486227225,0.605248382905,0.620010538586,
    0.634772694267,0.649534849947,0.664297005628,0.679059161308,
    0.693821316989,0.70858347267,0.72334562835,0.738107784031,
    0.752869939712,0.767632095392,0.782394251073,0.797156406753,
    0.811918562434,0.826680718115,0.841442873795,0.856205029476,
    0.870967185156,0.885729340837,0.900491496518,0.915253652198,
    0.930015807879,0.94477796356,0.95954011924,0.974302274921,
    0.989064430601,1.003826586282,1.018588741963,1.033350897643,
    1.048113053324,1.062875209005,1.077637364685,1.092399520366,
    1.107161676046,1.121923831727,1.136685987408,1.151448143088,
    1.166210298769,1.180972454449,1.19573461013,1.210496765811,
    1.225258921491,1.240021077172,1.254783232853,1.269545388533,
    1.284307544214,1.299069699894,1.313831855575,1.328594011256,
    1.343356166936,1.358118322617,1.372880478298,1.387642633978,
    1.402404789659,1.417166945339,1.43192910102,1.446691256701,
    1.461453412381,1.476215568062,1.490977723742,1.505739879423,
    1.520502035104,1.535264190784,1.550026346465,1.564788502146,
    1.579550657826,1.594312813507,1.609074969187,1.623837124868,
    1.638599280549,1.653361436229,1.66812359191,1.68288574759,
    1.697647903271,1.712410058952,1.727172214632,1.741934370313,
    1.756696525994,1.771458681674,1.786220837355,1.800982993035,
    1.815745148716,1.830507304397,1.845269460077,1.860031615758,
    1.874793771439,1.889555927119,1.9043180828,1.91908023848,
    1.933842394161,1.948604549842,1.963366705522,1.978128861203,
    1.992891016883,2.007653172564,2.022415328245,2.037177483925,
    2.051939639606,2.066701795287,2.081463950967,2.096226106648,
    2.110988262328,2.125750418009,2.14051257369,2.15527472937,
    2.170036885051,2.184799040732,2.199561196412,2.214323352093,
    2.229085507773,2.243847663454,2.258609819135,2.273371974815),
  .QUASI_UNIFORM_KNOTS.);
#2937 = CARTESIAN_POINT('',(6.28318530718,27.771805122881));
#2938 = CARTESIAN_POINT('',(6.268992331218,27.764316775605));
#2939 = CARTESIAN_POINT('',(6.24057543034,27.75014162107));
#2940 = CARTESIAN_POINT('',(6.197873522585,27.731369273442));
#2941 = CARTESIAN_POINT('',(6.155112541775,27.715187343311));
#2942 = CARTESIAN_POINT('',(6.112305795951,27.701645921822));
#2943 = CARTESIAN_POINT('',(6.06946450842,27.690762674633));
#2944 = CARTESIAN_POINT('',(6.026597806962,27.682519031954));
#2945 = CARTESIAN_POINT('',(5.983713192144,27.676862605781));
#2946 = CARTESIAN_POINT('',(5.940816809625,27.673708392903));
#2947 = CARTESIAN_POINT('',(5.897913721317,27.672940700366));
#2948 = CARTESIAN_POINT('',(5.855008134908,27.674415218389));
#2949 = CARTESIAN_POINT('',(5.812103612846,27.677961339846));
#2950 = CARTESIAN_POINT('',(5.769203262627,27.683384646268));
#2951 = CARTESIAN_POINT('',(5.726309919242,27.690469528217));
#2952 = CARTESIAN_POINT('',(5.683426309652,27.698981901097));
#2953 = CARTESIAN_POINT('',(5.640555262097,27.708671962093));
#2954 = CARTESIAN_POINT('',(5.597699752613,27.719277007866));
#2955 = CARTESIAN_POINT('',(5.554863592482,27.730524057661));
#2956 = CARTESIAN_POINT('',(5.512049789931,27.742133057974));
#2957 = CARTESIAN_POINT('',(5.469267696101,27.753817599503));
#2958 = CARTESIAN_POINT('',(5.426480458581,27.765301881543));
#2959 = CARTESIAN_POINT('',(5.383686836112,27.776299488167));
#2960 = CARTESIAN_POINT('',(5.340882673871,27.786525719356));
#2961 = CARTESIAN_POINT('',(5.298065844855,27.79569800809));
#2962 = CARTESIAN_POINT('',(5.255235038475,27.803538014378));
#2963 = CARTESIAN_POINT('',(5.212390291104,27.809773267065));
#2964 = CARTESIAN_POINT('',(5.169532869461,27.814138922021));
#2965 = CARTESIAN_POINT('',(5.12666620122,27.816379491479));
#2966 = CARTESIAN_POINT('',(5.083792959197,27.816250586318));
#2967 = CARTESIAN_POINT('',(5.04092373531,27.813520866859));
#2968 = CARTESIAN_POINT('',(4.998069773876,27.807974949118));
#2969 = CARTESIAN_POINT('',(4.955243335731,27.799414937901));
#2970 = CARTESIAN_POINT('',(4.912457965056,27.787662221931));
#2971 = CARTESIAN_POINT('',(4.86972897851,27.772559414665));
#2972 = CARTESIAN_POINT('',(4.827073327942,27.753972031053));
#2973 = CARTESIAN_POINT('',(4.7845119809,27.731791655556));
#2974 = CARTESIAN_POINT('',(4.742062664693,27.705933717911));
#2975 = CARTESIAN_POINT('',(4.699745386265,27.676340806289));
#2976 = CARTESIAN_POINT('',(4.657580221516,27.642982477028));
#2977 = CARTESIAN_POINT('',(4.615585597188,27.605853945949));
#2978 = CARTESIAN_POINT('',(4.573778993235,27.564976060136));
#2979 = CARTESIAN_POINT('',(4.532178437267,27.520396594444));
#2980 = CARTESIAN_POINT('',(4.490797936495,27.472184715352));
#2981 = CARTESIAN_POINT('',(4.449649522162,27.42043126327));
#2982 = CARTESIAN_POINT('',(4.408743200854,27.365247390963));
#2983 = CARTESIAN_POINT('',(4.368085603333,27.306761054105));
#2984 = CARTESIAN_POINT('',(4.327680639142,27.245115873736));
#2985 = CARTESIAN_POINT('',(4.287530119324,27.180470549395));
#2986 = CARTESIAN_POINT('',(4.247631994744,27.11299414051));
#2987 = CARTESIAN_POINT('',(4.207988209991,27.042878599872));
#2988 = CARTESIAN_POINT('',(4.168588526465,26.970309491461));
#2989 = CARTESIAN_POINT('',(4.129419285461,26.895477922737));
#2990 = CARTESIAN_POINT('',(4.090465669065,26.818584471424));
#2991 = CARTESIAN_POINT('',(4.051711009155,26.73983775333));
#2992 = CARTESIAN_POINT('',(4.01313682445,26.659454550761));
#2993 = CARTESIAN_POINT('',(3.974722600132,26.577659683146));
#2994 = CARTESIAN_POINT('',(3.936445559716,26.494686117998));
#2995 = CARTESIAN_POINT('',(3.898280385141,26.410775292427));
#2996 = CARTESIAN_POINT('',(3.8601987632,26.326177410421));
#2997 = CARTESIAN_POINT('',(3.822169225626,26.241152829043));
#2998 = CARTESIAN_POINT('',(3.784155457193,26.155970460032));
#2999 = CARTESIAN_POINT('',(3.74613095096,26.070943528279));
#3000 = CARTESIAN_POINT('',(3.708050868692,25.986369637318));
#3001 = CARTESIAN_POINT('',(3.669874367025,25.902584770596));
#3002 = CARTESIAN_POINT('',(3.631559930773,25.819956918798));
#3003 = CARTESIAN_POINT('',(3.593065692206,25.73889094531));
#3004 = CARTESIAN_POINT('',(3.554348120424,25.659830102109));
#3005 = CARTESIAN_POINT('',(3.515362067644,25.583260387648));
#3006 = CARTESIAN_POINT('',(3.476056668261,25.509707568183));
#3007 = CARTESIAN_POINT('',(3.436387665323,25.439764479953));
#3008 = CARTESIAN_POINT('',(3.396316538161,25.374087928611));
#3009 = CARTESIAN_POINT('',(3.355816511308,25.313402835935));
#3010 = CARTESIAN_POINT('',(3.314874291039,25.258491603871));
#3011 = CARTESIAN_POINT('',(3.273490225642,25.210174180585));
#3012 = CARTESIAN_POINT('',(3.231680284677,25.169283009589));
#3013 = CARTESIAN_POINT('',(3.189476738765,25.136630145109));
#3014 = CARTESIAN_POINT('',(3.146937412137,25.112969054581));
#3015 = CARTESIAN_POINT('',(3.104128187754,25.098939576308));
#3016 = CARTESIAN_POINT('',(3.06118724614,25.095031572903));
#3017 = CARTESIAN_POINT('',(3.018282923509,25.101477371088));
#3018 = CARTESIAN_POINT('',(2.975543988774,25.118241748948));
#3019 = CARTESIAN_POINT('',(2.933082377199,25.145055831849));
#3020 = CARTESIAN_POINT('',(2.890992049739,25.18144755966));
#3021 = CARTESIAN_POINT('',(2.849353044426,25.226779343753));
#3022 = CARTESIAN_POINT('',(2.808235634911,25.280282194403));
#3023 = CARTESIAN_POINT('',(2.767696063704,25.341105373527));
#3024 = CARTESIAN_POINT('',(2.727803205736,25.40830286828));
#3025 = CARTESIAN_POINT('',(2.688500203122,25.481123196489));
#3026 = CARTESIAN_POINT('',(2.649726040048,25.558881861151));
#3027 = CARTESIAN_POINT('',(2.611430424035,25.640925880373));
#3028 = CARTESIAN_POINT('',(2.573564036774,25.726652540919));
#3029 = CARTESIAN_POINT('',(2.536080189249,25.815504831089));
#3030 = CARTESIAN_POINT('',(2.498933436116,25.906972228146));
#3031 = CARTESIAN_POINT('',(2.462079008557,26.000589378377));
#3032 = CARTESIAN_POINT('',(2.425472033331,26.095934819165));
#3033 = CARTESIAN_POINT('',(2.389066763932,26.192629419853));
#3034 = CARTESIAN_POINT('',(2.35281589741,26.290334332758));
#3035 = CARTESIAN_POINT('',(2.316669383828,26.388750095339));
#3036 = CARTESIAN_POINT('',(2.280574931231,26.487610846885));
#3037 = CARTESIAN_POINT('',(2.244471865406,26.586696319353));
#3038 = CARTESIAN_POINT('',(2.208357502297,26.685644932606));
#3039 = CARTESIAN_POINT('',(2.172186940667,26.78422632815));
#3040 = CARTESIAN_POINT('',(2.1359257492,26.882193827127));
#3041 = CARTESIAN_POINT('',(2.099540083106,26.979309141338));
#3042 = CARTESIAN_POINT('',(2.062998679287,27.075334788867));
#3043 = CARTESIAN_POINT('',(2.026271793872,27.170035252319));
#3044 = CARTESIAN_POINT('',(1.989330843835,27.263176409955));
#3045 = CARTESIAN_POINT('',(1.952148577433,27.354524080627));
#3046 = CARTESIAN_POINT('',(1.914696640018,27.443848788592));
#3047 = CARTESIAN_POINT('',(1.876956176985,27.530900341276));
#3048 = CARTESIAN_POINT('',(1.838907367606,27.615434077128));
#3049 = CARTESIAN_POINT('',(1.800533105233,27.69720228478));
#3050 = CARTESIAN_POINT('',(1.761819444847,27.775954994306));
#3051 = CARTESIAN_POINT('',(1.722754856905,27.851443065113));
#3052 = CARTESIAN_POINT('',(1.683331556785,27.92341776144));
#3053 = CARTESIAN_POINT('',(1.643548206167,27.991629361182));
#3054 = CARTESIAN_POINT('',(1.603406552931,28.055837257209));
#3055 = CARTESIAN_POINT('',(1.562912604458,28.115811495892));
#3056 = CARTESIAN_POINT('',(1.522076504559,28.171337082514));
#3057 = CARTESIAN_POINT('',(1.480914294652,28.222216310853));
#3058 = CARTESIAN_POINT('',(1.439444261899,28.268277795574));
#3059 = CARTESIAN_POINT('',(1.397692715432,28.309374167224));
#3060 = CARTESIAN_POINT('',(1.355689184991,28.345392706734));
#3061 = CARTESIAN_POINT('',(1.313464494756,28.376259560737));
#3062 = CARTESIAN_POINT('',(1.271051350671,28.401940626943));
#3063 = CARTESIAN_POINT('',(1.228487887132,28.422442125062));
#3064 = CARTESIAN_POINT('',(1.185804465878,28.437816955045));
#3065 = CARTESIAN_POINT('',(1.143040216355,28.448156282408));
#3066 = CARTESIAN_POINT('',(1.100229031146,28.4535947265));
#3067 = CARTESIAN_POINT('',(1.057400289171,28.454305010052));
#3068 = CARTESIAN_POINT('',(1.014579598324,28.450493630418));
#3069 = CARTESIAN_POINT('',(0.97178933576,28.442396570007));
#3070 = CARTESIAN_POINT('',(0.929049376405,28.430275474271));
#3071 = CARTESIAN_POINT('',(0.886376763861,28.414413566291));
#3072 = CARTESIAN_POINT('',(0.843789022997,28.395113793423));
#3073 = CARTESIAN_POINT('',(0.801290670785,28.37268837697));
#3074 = CARTESIAN_POINT('',(0.758879137048,28.34745500504));
#3075 = CARTESIAN_POINT('',(0.716551282432,28.319737223109));
#3076 = CARTESIAN_POINT('',(0.674301625261,28.289861445073));
#3077 = CARTESIAN_POINT('',(0.632123012271,28.258155196352));
#3078 = CARTESIAN_POINT('',(0.590006561116,28.224945170603));
#3079 = CARTESIAN_POINT('',(0.547941768198,28.19055551649));
#3080 = CARTESIAN_POINT('',(0.505916385954,28.155306107224));
#3081 = CARTESIAN_POINT('',(0.463916773268,28.11951136556));
#3082 = CARTESIAN_POINT('',(0.421926320956,28.083477600747));
#3083 = CARTESIAN_POINT('',(0.379931369297,28.047506894752));
#3084 = CARTESIAN_POINT('',(0.337918854509,28.011893424851));
#3085 = CARTESIAN_POINT('',(0.295876073173,27.976922200321));
#3086 = CARTESIAN_POINT('',(0.25379216825,27.942868355604));
#3087 = CARTESIAN_POINT('',(0.211657712684,27.909994809282));
#3088 = CARTESIAN_POINT('',(0.169464854276,27.878550175945));
#3089 = CARTESIAN_POINT('',(0.127207337465,27.848766772923));
#3090 = CARTESIAN_POINT('',(8.488071128065E-02,27.820857466934));
#3091 = CARTESIAN_POINT('',(4.248220031209E-02,27.795016538475));
#3092 = CARTESIAN_POINT('',(1.416876305491E-02,27.779275584527));
#3093 = CARTESIAN_POINT('',(-8.881784197001E-16,27.771805122881));
#3094 = ( GEOMETRIC_REPRESENTATION_CONTEXT(2) 
PARAMETRIC_REPRESENTATION_CONTEXT() REPRESENTATION_CONTEXT('2D SPACE',''
  ) );
#3095 = ADVANCED_FACE('',(#3096),#2930,.F.);
#3096 = FACE_BOUND('',#3097,.F.);
#3097 = EDGE_LOOP('',(#3098,#3099,#3122,#3144));
#3098 = ORIENTED_EDGE('',*,*,#2642,.T.);
#3099 = ORIENTED_EDGE('',*,*,#3100,.F.);
#3100 = EDGE_CURVE('',#3101,#2643,#3103,.T.);
#3101 = VERTEX_POINT('',#3102);
#3102 = CARTESIAN_POINT('',(6.,-3.5,-140.));
#3103 = SEAM_CURVE('',#3104,(#3108,#3115),.PCURVE_S1.);
#3104 = LINE('',#3105,#3106);
#3105 = CARTESIAN_POINT('',(6.,20.,-140.));
#3106 = VECTOR('',#3107,1.);
#3107 = DIRECTION('',(0.,-1.,2.22044604925E-16));
#3108 = PCURVE('',#2930,#3109);
#3109 = DEFINITIONAL_REPRESENTATION('',(#3110),#3114);
#3110 = LINE('',#3111,#3112);
#3111 = CARTESIAN_POINT('',(0.,-0.));
#3112 = VECTOR('',#3113,1.);
#3113 = DIRECTION('',(0.,1.));
#3114 = ( GEOMETRIC_REPRESENTATION_CONTEXT(2) 
PARAMETRIC_REPRESENTATION_CONTEXT() REPRESENTATION_CONTEXT('2D SPACE',''
  ) );
#3115 = PCURVE('',#2930,#3116);
#3116 = DEFINITIONAL_REPRESENTATION('',(#3117),#3121);
#3117 = LINE('',#3118,#3119);
#3118 = CARTESIAN_POINT('',(6.28318530718,-0.));
#3119 = VECTOR('',#3120,1.);
#3120 = DIRECTION('',(0.,1.));
#3121 = ( GEOMETRIC_REPRESENTATION_CONTEXT(2) 
PARAMETRIC_REPRESENTATION_CONTEXT() REPRESENTATION_CONTEXT('2D SPACE',''
  ) );
#3122 = ORIENTED_EDGE('',*,*,#3123,.T.);
#3123 = EDGE_CURVE('',#3101,#3101,#3124,.T.);
#3124 = SURFACE_CURVE('',#3125,(#3130,#3137),.PCURVE_S1.);
#3125 = CIRCLE('',#3126,6.);
#3126 = AXIS2_PLACEMENT_3D('',#3127,#3128,#3129);
#3127 = CARTESIAN_POINT('',(0.,-3.5,-140.));
#3128 = DIRECTION('',(0.,-1.,2.22044604925E-16));
#3129 = DIRECTION('',(1.,0.,0.));
#3130 = PCURVE('',#2930,#3131);
#3131 = DEFINITIONAL_REPRESENTATION('',(#3132),#3136);
#3132 = LINE('',#3133,#3134);
#3133 = CARTESIAN_POINT('',(0.,23.5));
#3134 = VECTOR('',#3135,1.);
#3135 = DIRECTION('',(1.,0.));
#3136 = ( GEOMETRIC_REPRESENTATION_CONTEXT(2) 
PARAMETRIC_REPRESENTATION_CONTEXT() REPRESENTATION_CONTEXT('2D SPACE',''
  ) );
#3137 = PCURVE('',#345,#3138);
#3138 = DEFINITIONAL_REPRESENTATION('',(#3139),#3143);
#3139 = CIRCLE('',#3140,6.);
#3140 = AXIS2_PLACEMENT_2D('',#3141,#3142);
#3141 = CARTESIAN_POINT('',(4.021882742763E-16,-140.));
#3142 = DIRECTION('',(1.,0.));
#3143 = ( GEOMETRIC_REPRESENTATION_CONTEXT(2) 
PARAMETRIC_REPRESENTATION_CONTEXT() REPRESENTATION_CONTEXT('2D SPACE',''
  ) );
#3144 = ORIENTED_EDGE('',*,*,#3100,.T.);
#3145 = ADVANCED_FACE('',(#3146),#2452,.F.);
#3146 = FACE_BOUND('',#3147,.F.);
#3147 = EDGE_LOOP('',(#3148,#3172,#3193,#3194));
#3148 = ORIENTED_EDGE('',*,*,#3149,.F.);
#3149 = EDGE_CURVE('',#3150,#3150,#3152,.T.);
#3150 = VERTEX_POINT('',#3151);
#3151 = CARTESIAN_POINT('',(6.,3.5,-140.));
#3152 = SURFACE_CURVE('',#3153,(#3158,#3165),.PCURVE_S1.);
#3153 = CIRCLE('',#3154,6.);
#3154 = AXIS2_PLACEMENT_3D('',#3155,#3156,#3157);
#3155 = CARTESIAN_POINT('',(0.,3.5,-140.));
#3156 = DIRECTION('',(0.,-1.,2.22044604925E-16));
#3157 = DIRECTION('',(1.,0.,0.));
#3158 = PCURVE('',#2452,#3159);
#3159 = DEFINITIONAL_REPRESENTATION('',(#3160),#3164);
#3160 = LINE('',#3161,#3162);
#3161 = CARTESIAN_POINT('',(0.,16.5));
#3162 = VECTOR('',#3163,1.);
#3163 = DIRECTION('',(1.,0.));
#3164 = ( GEOMETRIC_REPRESENTATION_CONTEXT(2) 
PARAMETRIC_REPRESENTATION_CONTEXT() REPRESENTATION_CONTEXT('2D SPACE',''
  ) );
#3165 = PCURVE('',#702,#3166);
#3166 = DEFINITIONAL_REPRESENTATION('',(#3167),#3171);
#3167 = CIRCLE('',#3168,6.);
#3168 = AXIS2_PLACEMENT_2D('',#3169,#3170);
#3169 = CARTESIAN_POINT('',(4.021882742763E-16,-140.));
#3170 = DIRECTION('',(1.,0.));
#3171 = ( GEOMETRIC_REPRESENTATION_CONTEXT(2) 
PARAMETRIC_REPRESENTATION_CONTEXT() REPRESENTATION_CONTEXT('2D SPACE',''
  ) );
#3172 = ORIENTED_EDGE('',*,*,#3173,.F.);
#3173 = EDGE_CURVE('',#2129,#3150,#3174,.T.);
#3174 = SEAM_CURVE('',#3175,(#3179,#3186),.PCURVE_S1.);
#3175 = LINE('',#3176,#3177);
#3176 = CARTESIAN_POINT('',(6.,20.,-140.));
#3177 = VECTOR('',#3178,1.);
#3178 = DIRECTION('',(0.,-1.,2.22044604925E-16));
#3179 = PCURVE('',#2452,#3180);
#3180 = DEFINITIONAL_REPRESENTATION('',(#3181),#3185);
#3181 = LINE('',#3182,#3183);
#3182 = CARTESIAN_POINT('',(0.,-0.));
#3183 = VECTOR('',#3184,1.);
#3184 = DIRECTION('',(0.,1.));
#3185 = ( GEOMETRIC_REPRESENTATION_CONTEXT(2) 
PARAMETRIC_REPRESENTATION_CONTEXT() REPRESENTATION_CONTEXT('2D SPACE',''
  ) );
#3186 = PCURVE('',#2452,#3187);
#3187 = DEFINITIONAL_REPRESENTATION('',(#3188),#3192);
#3188 = LINE('',#3189,#3190);
#3189 = CARTESIAN_POINT('',(6.28318530718,-0.));
#3190 = VECTOR('',#3191,1.);
#3191 = DIRECTION('',(0.,1.));
#3192 = ( GEOMETRIC_REPRESENTATION_CONTEXT(2) 
PARAMETRIC_REPRESENTATION_CONTEXT() REPRESENTATION_CONTEXT('2D SPACE',''
  ) );
#3193 = ORIENTED_EDGE('',*,*,#2128,.T.);
#3194 = ORIENTED_EDGE('',*,*,#3173,.T.);
#3195 = ADVANCED_FACE('',(#3196),#1891,.F.);
#3196 = FACE_BOUND('',#3197,.T.);
#3197 = EDGE_LOOP('',(#3198,#3222,#3245,#3267));
#3198 = ORIENTED_EDGE('',*,*,#3199,.F.);
#3199 = EDGE_CURVE('',#3200,#1836,#3202,.T.);
#3200 = VERTEX_POINT('',#3201);
#3201 = CARTESIAN_POINT('',(13.6,3.5,0.));
#3202 = SURFACE_CURVE('',#3203,(#3208,#3215),.PCURVE_S1.);
#3203 = CIRCLE('',#3204,13.6);
#3204 = AXIS2_PLACEMENT_3D('',#3205,#3206,#3207);
#3205 = CARTESIAN_POINT('',(0.,3.5,0.));
#3206 = DIRECTION('',(0.,-1.,0.));
#3207 = DIRECTION('',(1.,0.,0.));
#3208 = PCURVE('',#1891,#3209);
#3209 = DEFINITIONAL_REPRESENTATION('',(#3210),#3214);
#3210 = LINE('',#3211,#3212);
#3211 = CARTESIAN_POINT('',(-0.,0.));
#3212 = VECTOR('',#3213,1.);
#3213 = DIRECTION('',(-1.,0.));
#3214 = ( GEOMETRIC_REPRESENTATION_CONTEXT(2) 
PARAMETRIC_REPRESENTATION_CONTEXT() REPRESENTATION_CONTEXT('2D SPACE',''
  ) );
#3215 = PCURVE('',#702,#3216);
#3216 = DEFINITIONAL_REPRESENTATION('',(#3217),#3221);
#3217 = CIRCLE('',#3218,13.6);
#3218 = AXIS2_PLACEMENT_2D('',#3219,#3220);
#3219 = CARTESIAN_POINT('',(4.021882742763E-16,-1.053579881492E-15));
#3220 = DIRECTION('',(1.,0.));
#3221 = ( GEOMETRIC_REPRESENTATION_CONTEXT(2) 
PARAMETRIC_REPRESENTATION_CONTEXT() REPRESENTATION_CONTEXT('2D SPACE',''
  ) );
#3222 = ORIENTED_EDGE('',*,*,#3223,.T.);
#3223 = EDGE_CURVE('',#3200,#3224,#3226,.T.);
#3224 = VERTEX_POINT('',#3225);
#3225 = CARTESIAN_POINT('',(13.6,-3.5,0.));
#3226 = SURFACE_CURVE('',#3227,(#3231,#3238),.PCURVE_S1.);
#3227 = LINE('',#3228,#3229);
#3228 = CARTESIAN_POINT('',(13.6,3.5,0.));
#3229 = VECTOR('',#3230,1.);
#3230 = DIRECTION('',(0.,-1.,0.));
#3231 = PCURVE('',#1891,#3232);
#3232 = DEFINITIONAL_REPRESENTATION('',(#3233),#3237);
#3233 = LINE('',#3234,#3235);
#3234 = CARTESIAN_POINT('',(-0.,0.));
#3235 = VECTOR('',#3236,1.);
#3236 = DIRECTION('',(-0.,-1.));
#3237 = ( GEOMETRIC_REPRESENTATION_CONTEXT(2) 
PARAMETRIC_REPRESENTATION_CONTEXT() REPRESENTATION_CONTEXT('2D SPACE',''
  ) );
#3238 = PCURVE('',#280,#3239);
#3239 = DEFINITIONAL_REPRESENTATION('',(#3240),#3244);
#3240 = LINE('',#3241,#3242);
#3241 = CARTESIAN_POINT('',(140.,0.));
#3242 = VECTOR('',#3243,1.);
#3243 = DIRECTION('',(0.,-1.));
#3244 = ( GEOMETRIC_REPRESENTATION_CONTEXT(2) 
PARAMETRIC_REPRESENTATION_CONTEXT() REPRESENTATION_CONTEXT('2D SPACE',''
  ) );
#3245 = ORIENTED_EDGE('',*,*,#3246,.T.);
#3246 = EDGE_CURVE('',#3224,#1724,#3247,.T.);
#3247 = SURFACE_CURVE('',#3248,(#3253,#3260),.PCURVE_S1.);
#3248 = CIRCLE('',#3249,13.6);
#3249 = AXIS2_PLACEMENT_3D('',#3250,#3251,#3252);
#3250 = CARTESIAN_POINT('',(0.,-3.5,0.));
#3251 = DIRECTION('',(0.,-1.,0.));
#3252 = DIRECTION('',(1.,0.,0.));
#3253 = PCURVE('',#1891,#3254);
#3254 = DEFINITIONAL_REPRESENTATION('',(#3255),#3259);
#3255 = LINE('',#3256,#3257);
#3256 = CARTESIAN_POINT('',(-0.,-7.));
#3257 = VECTOR('',#3258,1.);
#3258 = DIRECTION('',(-1.,0.));
#3259 = ( GEOMETRIC_REPRESENTATION_CONTEXT(2) 
PARAMETRIC_REPRESENTATION_CONTEXT() REPRESENTATION_CONTEXT('2D SPACE',''
  ) );
#3260 = PCURVE('',#345,#3261);
#3261 = DEFINITIONAL_REPRESENTATION('',(#3262),#3266);
#3262 = CIRCLE('',#3263,13.6);
#3263 = AXIS2_PLACEMENT_2D('',#3264,#3265);
#3264 = CARTESIAN_POINT('',(4.021882742763E-16,-1.053579881492E-15));
#3265 = DIRECTION('',(1.,0.));
#3266 = ( GEOMETRIC_REPRESENTATION_CONTEXT(2) 
PARAMETRIC_REPRESENTATION_CONTEXT() REPRESENTATION_CONTEXT('2D SPACE',''
  ) );
#3267 = ORIENTED_EDGE('',*,*,#1835,.T.);
#3268 = ADVANCED_FACE('',(#3269),#1577,.F.);
#3269 = FACE_BOUND('',#3270,.F.);
#3270 = EDGE_LOOP('',(#3271,#3272,#3295,#3317));
#3271 = ORIENTED_EDGE('',*,*,#1332,.T.);
#3272 = ORIENTED_EDGE('',*,*,#3273,.F.);
#3273 = EDGE_CURVE('',#3274,#1333,#3276,.T.);
#3274 = VERTEX_POINT('',#3275);
#3275 = CARTESIAN_POINT('',(6.,-3.5,-6.924200417392E-16));
#3276 = SEAM_CURVE('',#3277,(#3281,#3288),.PCURVE_S1.);
#3277 = LINE('',#3278,#3279);
#3278 = CARTESIAN_POINT('',(6.,20.,-5.910468257477E-15));
#3279 = VECTOR('',#3280,1.);
#3280 = DIRECTION('',(0.,-1.,2.22044604925E-16));
#3281 = PCURVE('',#1577,#3282);
#3282 = DEFINITIONAL_REPRESENTATION('',(#3283),#3287);
#3283 = LINE('',#3284,#3285);
#3284 = CARTESIAN_POINT('',(0.,-0.));
#3285 = VECTOR('',#3286,1.);
#3286 = DIRECTION('',(0.,1.));
#3287 = ( GEOMETRIC_REPRESENTATION_CONTEXT(2) 
PARAMETRIC_REPRESENTATION_CONTEXT() REPRESENTATION_CONTEXT('2D SPACE',''
  ) );
#3288 = PCURVE('',#1577,#3289);
#3289 = DEFINITIONAL_REPRESENTATION('',(#3290),#3294);
#3290 = LINE('',#3291,#3292);
#3291 = CARTESIAN_POINT('',(6.28318530718,-0.));
#3292 = VECTOR('',#3293,1.);
#3293 = DIRECTION('',(0.,1.));
#3294 = ( GEOMETRIC_REPRESENTATION_CONTEXT(2) 
PARAMETRIC_REPRESENTATION_CONTEXT() REPRESENTATION_CONTEXT('2D SPACE',''
  ) );
#3295 = ORIENTED_EDGE('',*,*,#3296,.T.);
#3296 = EDGE_CURVE('',#3274,#3274,#3297,.T.);
#3297 = SURFACE_CURVE('',#3298,(#3303,#3310),.PCURVE_S1.);
#3298 = CIRCLE('',#3299,6.);
#3299 = AXIS2_PLACEMENT_3D('',#3300,#3301,#3302);
#3300 = CARTESIAN_POINT('',(0.,-3.5,7.771561172376E-16));
#3301 = DIRECTION('',(0.,-1.,2.22044604925E-16));
#3302 = DIRECTION('',(1.,0.,0.));
#3303 = PCURVE('',#1577,#3304);
#3304 = DEFINITIONAL_REPRESENTATION('',(#3305),#3309);
#3305 = LINE('',#3306,#3307);
#3306 = CARTESIAN_POINT('',(0.,23.5));
#3307 = VECTOR('',#3308,1.);
#3308 = DIRECTION('',(1.,0.));
#3309 = ( GEOMETRIC_REPRESENTATION_CONTEXT(2) 
PARAMETRIC_REPRESENTATION_CONTEXT() REPRESENTATION_CONTEXT('2D SPACE',''
  ) );
#3310 = PCURVE('',#345,#3311);
#3311 = DEFINITIONAL_REPRESENTATION('',(#3312),#3316);
#3312 = CIRCLE('',#3313,6.);
#3313 = AXIS2_PLACEMENT_2D('',#3314,#3315);
#3314 = CARTESIAN_POINT('',(4.021882742763E-16,-2.764237642541E-16));
#3315 = DIRECTION('',(1.,0.));
#3316 = ( GEOMETRIC_REPRESENTATION_CONTEXT(2) 
PARAMETRIC_REPRESENTATION_CONTEXT() REPRESENTATION_CONTEXT('2D SPACE',''
  ) );
#3317 = ORIENTED_EDGE('',*,*,#3273,.T.);
#3318 = ADVANCED_FACE('',(#3319),#1164,.F.);
#3319 = FACE_BOUND('',#3320,.F.);
#3320 = EDGE_LOOP('',(#3321,#3345,#3366,#3367));
#3321 = ORIENTED_EDGE('',*,*,#3322,.F.);
#3322 = EDGE_CURVE('',#3323,#3323,#3325,.T.);
#3323 = VERTEX_POINT('',#3324);
#3324 = CARTESIAN_POINT('',(6.,3.5,-2.246732276214E-15));
#3325 = SURFACE_CURVE('',#3326,(#3331,#3338),.PCURVE_S1.);
#3326 = CIRCLE('',#3327,6.);
#3327 = AXIS2_PLACEMENT_3D('',#3328,#3329,#3330);
#3328 = CARTESIAN_POINT('',(0.,3.5,-7.771561172376E-16));
#3329 = DIRECTION('',(0.,-1.,2.22044604925E-16));
#3330 = DIRECTION('',(1.,0.,0.));
#3331 = PCURVE('',#1164,#3332);
#3332 = DEFINITIONAL_REPRESENTATION('',(#3333),#3337);
#3333 = LINE('',#3334,#3335);
#3334 = CARTESIAN_POINT('',(0.,16.5));
#3335 = VECTOR('',#3336,1.);
#3336 = DIRECTION('',(1.,0.));
#3337 = ( GEOMETRIC_REPRESENTATION_CONTEXT(2) 
PARAMETRIC_REPRESENTATION_CONTEXT() REPRESENTATION_CONTEXT('2D SPACE',''
  ) );
#3338 = PCURVE('',#702,#3339);
#3339 = DEFINITIONAL_REPRESENTATION('',(#3340),#3344);
#3340 = CIRCLE('',#3341,6.);
#3341 = AXIS2_PLACEMENT_2D('',#3342,#3343);
#3342 = CARTESIAN_POINT('',(4.021882742763E-16,-1.830735998729E-15));
#3343 = DIRECTION('',(1.,0.));
#3344 = ( GEOMETRIC_REPRESENTATION_CONTEXT(2) 
PARAMETRIC_REPRESENTATION_CONTEXT() REPRESENTATION_CONTEXT('2D SPACE',''
  ) );
#3345 = ORIENTED_EDGE('',*,*,#3346,.F.);
#3346 = EDGE_CURVE('',#880,#3323,#3347,.T.);
#3347 = SEAM_CURVE('',#3348,(#3352,#3359),.PCURVE_S1.);
#3348 = LINE('',#3349,#3350);
#3349 = CARTESIAN_POINT('',(6.,20.,-5.910468257477E-15));
#3350 = VECTOR('',#3351,1.);
#3351 = DIRECTION('',(0.,-1.,2.22044604925E-16));
#3352 = PCURVE('',#1164,#3353);
#3353 = DEFINITIONAL_REPRESENTATION('',(#3354),#3358);
#3354 = LINE('',#3355,#3356);
#3355 = CARTESIAN_POINT('',(0.,-0.));
#3356 = VECTOR('',#3357,1.);
#3357 = DIRECTION('',(0.,1.));
#3358 = ( GEOMETRIC_REPRESENTATION_CONTEXT(2) 
PARAMETRIC_REPRESENTATION_CONTEXT() REPRESENTATION_CONTEXT('2D SPACE',''
  ) );
#3359 = PCURVE('',#1164,#3360);
#3360 = DEFINITIONAL_REPRESENTATION('',(#3361),#3365);
#3361 = LINE('',#3362,#3363);
#3362 = CARTESIAN_POINT('',(6.28318530718,-0.));
#3363 = VECTOR('',#3364,1.);
#3364 = DIRECTION('',(0.,1.));
#3365 = ( GEOMETRIC_REPRESENTATION_CONTEXT(2) 
PARAMETRIC_REPRESENTATION_CONTEXT() REPRESENTATION_CONTEXT('2D SPACE',''
  ) );
#3366 = ORIENTED_EDGE('',*,*,#879,.T.);
#3367 = ORIENTED_EDGE('',*,*,#3346,.T.);
#3368 = ADVANCED_FACE('',(#3369,#3417,#3420),#702,.T.);
#3369 = FACE_BOUND('',#3370,.T.);
#3370 = EDGE_LOOP('',(#3371,#3392,#3393,#3394,#3416));
#3371 = ORIENTED_EDGE('',*,*,#3372,.T.);
#3372 = EDGE_CURVE('',#677,#3200,#3373,.T.);
#3373 = SURFACE_CURVE('',#3374,(#3378,#3385),.PCURVE_S1.);
#3374 = LINE('',#3375,#3376);
#3375 = CARTESIAN_POINT('',(13.6,3.5,-70.));
#3376 = VECTOR('',#3377,1.);
#3377 = DIRECTION('',(0.,0.,1.));
#3378 = PCURVE('',#702,#3379);
#3379 = DEFINITIONAL_REPRESENTATION('',(#3380),#3384);
#3380 = LINE('',#3381,#3382);
#3381 = CARTESIAN_POINT('',(13.6,-70.));
#3382 = VECTOR('',#3383,1.);
#3383 = DIRECTION('',(0.,1.));
#3384 = ( GEOMETRIC_REPRESENTATION_CONTEXT(2) 
PARAMETRIC_REPRESENTATION_CONTEXT() REPRESENTATION_CONTEXT('2D SPACE',''
  ) );
#3385 = PCURVE('',#280,#3386);
#3386 = DEFINITIONAL_REPRESENTATION('',(#3387),#3391);
#3387 = LINE('',#3388,#3389);
#3388 = CARTESIAN_POINT('',(70.,0.));
#3389 = VECTOR('',#3390,1.);
#3390 = DIRECTION('',(1.,0.));
#3391 = ( GEOMETRIC_REPRESENTATION_CONTEXT(2) 
PARAMETRIC_REPRESENTATION_CONTEXT() REPRESENTATION_CONTEXT('2D SPACE',''
  ) );
#3392 = ORIENTED_EDGE('',*,*,#3199,.T.);
#3393 = ORIENTED_EDGE('',*,*,#1923,.T.);
#3394 = ORIENTED_EDGE('',*,*,#3395,.T.);
#3395 = EDGE_CURVE('',#1924,#552,#3396,.T.);
#3396 = SURFACE_CURVE('',#3397,(#3402,#3409),.PCURVE_S1.);
#3397 = CIRCLE('',#3398,13.6);
#3398 = AXIS2_PLACEMENT_3D('',#3399,#3400,#3401);
#3399 = CARTESIAN_POINT('',(0.,3.5,-140.));
#3400 = DIRECTION('',(0.,-1.,0.));
#3401 = DIRECTION('',(1.,0.,0.));
#3402 = PCURVE('',#702,#3403);
#3403 = DEFINITIONAL_REPRESENTATION('',(#3404),#3408);
#3404 = CIRCLE('',#3405,13.6);
#3405 = AXIS2_PLACEMENT_2D('',#3406,#3407);
#3406 = CARTESIAN_POINT('',(4.021882742763E-16,-140.));
#3407 = DIRECTION('',(1.,0.));
#3408 = ( GEOMETRIC_REPRESENTATION_CONTEXT(2) 
PARAMETRIC_REPRESENTATION_CONTEXT() REPRESENTATION_CONTEXT('2D SPACE',''
  ) );
#3409 = PCURVE('',#436,#3410);
#3410 = DEFINITIONAL_REPRESENTATION('',(#3411),#3415);
#3411 = LINE('',#3412,#3413);
#3412 = CARTESIAN_POINT('',(-0.,0.));
#3413 = VECTOR('',#3414,1.);
#3414 = DIRECTION('',(-1.,0.));
#3415 = ( GEOMETRIC_REPRESENTATION_CONTEXT(2) 
PARAMETRIC_REPRESENTATION_CONTEXT() REPRESENTATION_CONTEXT('2D SPACE',''
  ) );
#3416 = ORIENTED_EDGE('',*,*,#676,.F.);
#3417 = FACE_BOUND('',#3418,.T.);
#3418 = EDGE_LOOP('',(#3419));
#3419 = ORIENTED_EDGE('',*,*,#3149,.F.);
#3420 = FACE_BOUND('',#3421,.T.);
#3421 = EDGE_LOOP('',(#3422));
#3422 = ORIENTED_EDGE('',*,*,#3322,.F.);
#3423 = ADVANCED_FACE('',(#3424),#526,.T.);
#3424 = FACE_BOUND('',#3425,.F.);
#3425 = EDGE_LOOP('',(#3426));
#3426 = ORIENTED_EDGE('',*,*,#500,.T.);
#3427 = ADVANCED_FACE('',(#3428),#436,.F.);
#3428 = FACE_BOUND('',#3429,.T.);
#3429 = EDGE_LOOP('',(#3430,#3431,#3432,#3454,#3455));
#3430 = ORIENTED_EDGE('',*,*,#3395,.F.);
#3431 = ORIENTED_EDGE('',*,*,#2033,.F.);
#3432 = ORIENTED_EDGE('',*,*,#3433,.T.);
#3433 = EDGE_CURVE('',#1726,#320,#3434,.T.);
#3434 = SURFACE_CURVE('',#3435,(#3440,#3447),.PCURVE_S1.);
#3435 = CIRCLE('',#3436,13.6);
#3436 = AXIS2_PLACEMENT_3D('',#3437,#3438,#3439);
#3437 = CARTESIAN_POINT('',(0.,-3.5,-140.));
#3438 = DIRECTION('',(0.,-1.,0.));
#3439 = DIRECTION('',(1.,0.,0.));
#3440 = PCURVE('',#436,#3441);
#3441 = DEFINITIONAL_REPRESENTATION('',(#3442),#3446);
#3442 = LINE('',#3443,#3444);
#3443 = CARTESIAN_POINT('',(-0.,-7.));
#3444 = VECTOR('',#3445,1.);
#3445 = DIRECTION('',(-1.,0.));
#3446 = ( GEOMETRIC_REPRESENTATION_CONTEXT(2) 
PARAMETRIC_REPRESENTATION_CONTEXT() REPRESENTATION_CONTEXT('2D SPACE',''
  ) );
#3447 = PCURVE('',#345,#3448);
#3448 = DEFINITIONAL_REPRESENTATION('',(#3449),#3453);
#3449 = CIRCLE('',#3450,13.6);
#3450 = AXIS2_PLACEMENT_2D('',#3451,#3452);
#3451 = CARTESIAN_POINT('',(4.021882742763E-16,-140.));
#3452 = DIRECTION('',(1.,0.));
#3453 = ( GEOMETRIC_REPRESENTATION_CONTEXT(2) 
PARAMETRIC_REPRESENTATION_CONTEXT() REPRESENTATION_CONTEXT('2D SPACE',''
  ) );
#3454 = ORIENTED_EDGE('',*,*,#362,.F.);
#3455 = ORIENTED_EDGE('',*,*,#551,.F.);
#3456 = ADVANCED_FACE('',(#3457,#3484,#3487),#345,.F.);
#3457 = FACE_BOUND('',#3458,.F.);
#3458 = EDGE_LOOP('',(#3459,#3480,#3481,#3482,#3483));
#3459 = ORIENTED_EDGE('',*,*,#3460,.T.);
#3460 = EDGE_CURVE('',#211,#3224,#3461,.T.);
#3461 = SURFACE_CURVE('',#3462,(#3466,#3473),.PCURVE_S1.);
#3462 = LINE('',#3463,#3464);
#3463 = CARTESIAN_POINT('',(13.6,-3.5,-70.));
#3464 = VECTOR('',#3465,1.);
#3465 = DIRECTION('',(0.,0.,1.));
#3466 = PCURVE('',#345,#3467);
#3467 = DEFINITIONAL_REPRESENTATION('',(#3468),#3472);
#3468 = LINE('',#3469,#3470);
#3469 = CARTESIAN_POINT('',(13.6,-70.));
#3470 = VECTOR('',#3471,1.);
#3471 = DIRECTION('',(0.,1.));
#3472 = ( GEOMETRIC_REPRESENTATION_CONTEXT(2) 
PARAMETRIC_REPRESENTATION_CONTEXT() REPRESENTATION_CONTEXT('2D SPACE',''
  ) );
#3473 = PCURVE('',#280,#3474);
#3474 = DEFINITIONAL_REPRESENTATION('',(#3475),#3479);
#3475 = LINE('',#3476,#3477);
#3476 = CARTESIAN_POINT('',(70.,-7.));
#3477 = VECTOR('',#3478,1.);
#3478 = DIRECTION('',(1.,0.));
#3479 = ( GEOMETRIC_REPRESENTATION_CONTEXT(2) 
PARAMETRIC_REPRESENTATION_CONTEXT() REPRESENTATION_CONTEXT('2D SPACE',''
  ) );
#3480 = ORIENTED_EDGE('',*,*,#3246,.T.);
#3481 = ORIENTED_EDGE('',*,*,#1723,.T.);
#3482 = ORIENTED_EDGE('',*,*,#3433,.T.);
#3483 = ORIENTED_EDGE('',*,*,#319,.F.);
#3484 = FACE_BOUND('',#3485,.F.);
#3485 = EDGE_LOOP('',(#3486));
#3486 = ORIENTED_EDGE('',*,*,#3123,.F.);
#3487 = FACE_BOUND('',#3488,.F.);
#3488 = EDGE_LOOP('',(#3489));
#3489 = ORIENTED_EDGE('',*,*,#3296,.F.);
#3490 = ADVANCED_FACE('',(#3491),#280,.T.);
#3491 = FACE_BOUND('',#3492,.T.);
#3492 = EDGE_LOOP('',(#3493,#3494,#3515,#3516,#3517,#3518));
#3493 = ORIENTED_EDGE('',*,*,#719,.T.);
#3494 = ORIENTED_EDGE('',*,*,#3495,.T.);
#3495 = EDGE_CURVE('',#720,#144,#3496,.T.);
#3496 = SURFACE_CURVE('',#3497,(#3501,#3508),.PCURVE_S1.);
#3497 = LINE('',#3498,#3499);
#3498 = CARTESIAN_POINT('',(13.6,3.5,-140.));
#3499 = VECTOR('',#3500,1.);
#3500 = DIRECTION('',(0.,-1.,0.));
#3501 = PCURVE('',#280,#3502);
#3502 = DEFINITIONAL_REPRESENTATION('',(#3503),#3507);
#3503 = LINE('',#3504,#3505);
#3504 = CARTESIAN_POINT('',(0.,0.));
#3505 = VECTOR('',#3506,1.);
#3506 = DIRECTION('',(0.,-1.));
#3507 = ( GEOMETRIC_REPRESENTATION_CONTEXT(2) 
PARAMETRIC_REPRESENTATION_CONTEXT() REPRESENTATION_CONTEXT('2D SPACE',''
  ) );
#3508 = PCURVE('',#185,#3509);
#3509 = DEFINITIONAL_REPRESENTATION('',(#3510),#3514);
#3510 = LINE('',#3511,#3512);
#3511 = CARTESIAN_POINT('',(-6.28318530718,0.));
#3512 = VECTOR('',#3513,1.);
#3513 = DIRECTION('',(-0.,-1.));
#3514 = ( GEOMETRIC_REPRESENTATION_CONTEXT(2) 
PARAMETRIC_REPRESENTATION_CONTEXT() REPRESENTATION_CONTEXT('2D SPACE',''
  ) );
#3515 = ORIENTED_EDGE('',*,*,#210,.F.);
#3516 = ORIENTED_EDGE('',*,*,#3460,.T.);
#3517 = ORIENTED_EDGE('',*,*,#3223,.F.);
#3518 = ORIENTED_EDGE('',*,*,#3372,.F.);
#3519 = ADVANCED_FACE('',(#3520),#185,.F.);
#3520 = FACE_BOUND('',#3521,.T.);
#3521 = EDGE_LOOP('',(#3522,#3523,#3524));
#3522 = ORIENTED_EDGE('',*,*,#3495,.F.);
#3523 = ORIENTED_EDGE('',*,*,#823,.T.);
#3524 = ORIENTED_EDGE('',*,*,#143,.T.);
#3525 = ADVANCED_FACE('',(#3526),#118,.T.);
#3526 = FACE_BOUND('',#3527,.F.);
#3527 = EDGE_LOOP('',(#3528));
#3528 = ORIENTED_EDGE('',*,*,#92,.F.);
#3529 = ( GEOMETRIC_REPRESENTATION_CONTEXT(3) 
GLOBAL_UNCERTAINTY_ASSIGNED_CONTEXT((#3533)) 
GLOBAL_UNIT_ASSIGNED_CONTEXT((#3530,#3531,#3532)) REPRESENTATION_CONTEXT
('Context #1','3D Context with UNIT and UNCERTAINTY') );
#3530 = ( LENGTH_UNIT() NAMED_UNIT(*) SI_UNIT(.MILLI.,.METRE.) );
#3531 = ( NAMED_UNIT(*) PLANE_ANGLE_UNIT() SI_UNIT($,.RADIAN.) );
#3532 = ( NAMED_UNIT(*) SI_UNIT($,.STERADIAN.) SOLID_ANGLE_UNIT() );
#3533 = UNCERTAINTY_MEASURE_WITH_UNIT(LENGTH_MEASURE(2.E-06),#3530,
  'distance_accuracy_value','confusion accuracy');
#3534 = PRODUCT_RELATED_PRODUCT_CATEGORY('part',$,(#7));
ENDSEC;
END-ISO-10303-21;
