ISO-10303-21;
HEADER;
FILE_DESCRIPTION(('Open CASCADE Model'),'2;1');
FILE_NAME('Q4-101','2026-10-07T16:44:11',('Author'),('Open CASCADE'),
  'Open CASCADE STEP processor 8.0','build123d','Unknown');
FILE_SCHEMA(('AUTOMOTIVE_DESIGN { 1 0 10303 214 1 1 1 1 }'));
ENDSEC;
DATA;
#1 = APPLICATION_PROTOCOL_DEFINITION('international standard',
  'automotive_design',2000,#2);
#2 = APPLICATION_CONTEXT(
  'core data for automotive mechanical design processes');
#3 = SHAPE_DEFINITION_REPRESENTATION(#4,#10);
#4 = PRODUCT_DEFINITION_SHAPE('','',#5);
#5 = PRODUCT_DEFINITION('design','',#6,#9);
#6 = PRODUCT_DEFINITION_FORMATION('','',#7);
#7 = PRODUCT('Q4-101','Q4-101','',(#8));
#8 = PRODUCT_CONTEXT('',#2,'mechanical');
#9 = PRODUCT_DEFINITION_CONTEXT('part definition',#2,'design');
#10 = ADVANCED_BREP_SHAPE_REPRESENTATION('',(#11,#15),#12875);
#11 = AXIS2_PLACEMENT_3D('',#12,#13,#14);
#12 = CARTESIAN_POINT('',(0.,0.,0.));
#13 = DIRECTION('',(0.,0.,1.));
#14 = DIRECTION('',(1.,0.,-0.));
#15 = MANIFOLD_SOLID_BREP('',#16);
#16 = CLOSED_SHELL('',(#17,#156,#631,#695,#785,#832,#1065,#1129,#1182,
    #1397,#1513,#1723,#1776,#1840,#2073,#2137,#2190,#2254,#2286,#2334,
    #4868,#4894,#5724,#6213,#6694,#6720,#6962,#7032,#7344,#7554,#7866,
    #7923,#8104,#8130,#8945,#9458,#9957,#9983,#10009,#10035,#10042,
    #10147,#10255,#10339,#10413,#10477,#10530,#10594,#10647,#10711,
    #10805,#10869,#11136,#11291,#11336,#11482,#11749,#11813,#11907,
    #11950,#12027,#12077,#12085,#12156,#12204,#12251,#12301,#12329,
    #12377,#12407,#12479,#12488,#12556,#12605,#12652,#12701,#12748,
    #12775,#12802,#12829,#12856));
#17 = ADVANCED_FACE('',(#18),#32,.T.);
#18 = FACE_BOUND('',#19,.T.);
#19 = EDGE_LOOP('',(#20,#54,#91,#119));
#20 = ORIENTED_EDGE('',*,*,#21,.T.);
#21 = EDGE_CURVE('',#22,#24,#26,.T.);
#22 = VERTEX_POINT('',#23);
#23 = CARTESIAN_POINT('',(-140.4521689947,-48.52634632738,-32.));
#24 = VERTEX_POINT('',#25);
#25 = CARTESIAN_POINT('',(-110.0504522273,-70.88054983286,-32.));
#26 = SURFACE_CURVE('',#27,(#31,#42),.PCURVE_S1.);
#27 = LINE('',#28,#29);
#28 = CARTESIAN_POINT('',(-142.8,-46.8,-32.));
#29 = VECTOR('',#30,1.);
#30 = DIRECTION('',(0.805651012649,-0.592390450478,-0.));
#31 = PCURVE('',#32,#37);
#32 = B_SPLINE_SURFACE_WITH_KNOTS('',1,1,(
    (#33,#34)
    ,(#35,#36
    )),.UNSPECIFIED.,.F.,.F.,.F.,(2,2),(2,2),(2.94779836151,
    49.498356694791),(0.,1.),.PIECEWISE_BEZIER_KNOTS.);
#33 = CARTESIAN_POINT('',(-140.4521689947,-48.52634632738,-32.));
#34 = CARTESIAN_POINT('',(-167.666696948,-60.30144720925,-5.12));
#35 = CARTESIAN_POINT('',(-110.0504522273,-70.88054983286,-32.));
#36 = CARTESIAN_POINT('',(-130.8200247845,-88.74924557076,-5.12));
#37 = DEFINITIONAL_REPRESENTATION('',(#38),#41);
#38 = B_SPLINE_CURVE_WITH_KNOTS('',1,(#39,#40),.UNSPECIFIED.,.F.,.F.,(2,
    2),(2.914203505471,40.649794090114),.PIECEWISE_BEZIER_KNOTS.);
#39 = CARTESIAN_POINT('',(2.94779836151,0.));
#40 = CARTESIAN_POINT('',(49.498356694791,0.));
#41 = ( GEOMETRIC_REPRESENTATION_CONTEXT(2) 
PARAMETRIC_REPRESENTATION_CONTEXT() REPRESENTATION_CONTEXT('2D SPACE',''
  ) );
#42 = PCURVE('',#43,#48);
#43 = PLANE('',#44);
#44 = AXIS2_PLACEMENT_3D('',#45,#46,#47);
#45 = CARTESIAN_POINT('',(-106.6382832325,-66.24,-32.));
#46 = DIRECTION('',(0.,0.,-1.));
#47 = DIRECTION('',(-1.,0.,0.));
#48 = DEFINITIONAL_REPRESENTATION('',(#49),#53);
#49 = LINE('',#50,#51);
#50 = CARTESIAN_POINT('',(36.161716767441,19.44));
#51 = VECTOR('',#52,1.);
#52 = DIRECTION('',(-0.805651012649,-0.592390450478));
#53 = ( GEOMETRIC_REPRESENTATION_CONTEXT(2) 
PARAMETRIC_REPRESENTATION_CONTEXT() REPRESENTATION_CONTEXT('2D SPACE',''
  ) );
#54 = ORIENTED_EDGE('',*,*,#55,.T.);
#55 = EDGE_CURVE('',#24,#56,#58,.T.);
#56 = VERTEX_POINT('',#57);
#57 = CARTESIAN_POINT('',(-130.8200247845,-88.74924557076,-5.12));
#58 = SURFACE_CURVE('',#59,(#62,#69),.PCURVE_S1.);
#59 = B_SPLINE_CURVE_WITH_KNOTS('',1,(#60,#61),.UNSPECIFIED.,.F.,.F.,(2,
    2),(0.,1.),.PIECEWISE_BEZIER_KNOTS.);
#60 = CARTESIAN_POINT('',(-110.0504522273,-70.88054983286,-32.));
#61 = CARTESIAN_POINT('',(-130.8200247845,-88.74924557076,-5.12));
#62 = PCURVE('',#32,#63);
#63 = DEFINITIONAL_REPRESENTATION('',(#64),#68);
#64 = LINE('',#65,#66);
#65 = CARTESIAN_POINT('',(49.498356694791,0.));
#66 = VECTOR('',#67,1.);
#67 = DIRECTION('',(0.,1.));
#68 = ( GEOMETRIC_REPRESENTATION_CONTEXT(2) 
PARAMETRIC_REPRESENTATION_CONTEXT() REPRESENTATION_CONTEXT('2D SPACE',''
  ) );
#69 = PCURVE('',#70,#85);
#70 = B_SPLINE_SURFACE_WITH_KNOTS('',6,1,(
    (#71,#72)
    ,(#73,#74)
    ,(#75,#76)
    ,(#77,#78)
    ,(#79,#80)
    ,(#81,#82)
    ,(#83,#84
    )),.UNSPECIFIED.,.F.,.F.,.F.,(7,7),(2,2),(0.913326394395,
    1.570796326795),(0.,1.),.PIECEWISE_BEZIER_KNOTS.);
#71 = CARTESIAN_POINT('',(-110.0504522273,-70.88054983286,-32.));
#72 = CARTESIAN_POINT('',(-130.8200247845,-88.74924557076,-5.12));
#73 = CARTESIAN_POINT('',(-109.560083223,-71.24111527719,-32.));
#74 = CARTESIAN_POINT('',(-130.2996104238,-89.15103606985,-5.12));
#75 = CARTESIAN_POINT('',(-109.0239931644,-71.53949960089,-32.));
#76 = CARTESIAN_POINT('',(-129.726363406,-89.48439506726,-5.12));
#77 = CARTESIAN_POINT('',(-108.4520361556,-71.76845644223,-32.));
#78 = CARTESIAN_POINT('',(-129.1115290292,-89.74063954466,-5.12));
#79 = CARTESIAN_POINT('',(-107.8556065659,-71.92281900124,-32.));
#80 = CARTESIAN_POINT('',(-128.4682673153,-89.91354677524,-5.12));
#81 = CARTESIAN_POINT('',(-107.2469450434,-72.,-32.));
#82 = CARTESIAN_POINT('',(-127.8107977689,-90.,-5.12));
#83 = CARTESIAN_POINT('',(-106.6382832325,-72.,-32.));
#84 = CARTESIAN_POINT('',(-127.1533278365,-90.,-5.12));
#85 = DEFINITIONAL_REPRESENTATION('',(#86),#90);
#86 = LINE('',#87,#88);
#87 = CARTESIAN_POINT('',(0.913326394395,0.));
#88 = VECTOR('',#89,1.);
#89 = DIRECTION('',(0.,1.));
#90 = ( GEOMETRIC_REPRESENTATION_CONTEXT(2) 
PARAMETRIC_REPRESENTATION_CONTEXT() REPRESENTATION_CONTEXT('2D SPACE',''
  ) );
#91 = ORIENTED_EDGE('',*,*,#92,.F.);
#92 = EDGE_CURVE('',#93,#56,#95,.T.);
#93 = VERTEX_POINT('',#94);
#94 = CARTESIAN_POINT('',(-167.666696948,-60.30144720925,-5.12));
#95 = SURFACE_CURVE('',#96,(#100,#107),.PCURVE_S1.);
#96 = LINE('',#97,#98);
#97 = CARTESIAN_POINT('',(-170.,-58.5,-5.12));
#98 = VECTOR('',#99,1.);
#99 = DIRECTION('',(0.791540928461,-0.611116158003,-0.));
#100 = PCURVE('',#32,#101);
#101 = DEFINITIONAL_REPRESENTATION('',(#102),#106);
#102 = LINE('',#103,#104);
#103 = CARTESIAN_POINT('',(0.,1.));
#104 = VECTOR('',#105,1.);
#105 = DIRECTION('',(1.,0.));
#106 = ( GEOMETRIC_REPRESENTATION_CONTEXT(2) 
PARAMETRIC_REPRESENTATION_CONTEXT() REPRESENTATION_CONTEXT('2D SPACE',''
  ) );
#107 = PCURVE('',#108,#113);
#108 = B_SPLINE_SURFACE_WITH_KNOTS('',1,1,(
    (#109,#110)
    ,(#111,#112
    )),.UNSPECIFIED.,.F.,.F.,.F.,(2,2),(2,2),(2.94779836151,
    49.498356694791),(0.,1.),.PIECEWISE_BEZIER_KNOTS.);
#109 = CARTESIAN_POINT('',(-167.666696948,-60.30144720925,-5.12));
#110 = CARTESIAN_POINT('',(-159.0928549378,-55.61976945047,32.));
#111 = CARTESIAN_POINT('',(-130.8200247845,-88.74924557076,-5.12));
#112 = CARTESIAN_POINT('',(-124.3378127933,-81.60535049662,32.));
#113 = DEFINITIONAL_REPRESENTATION('',(#114),#118);
#114 = LINE('',#115,#116);
#115 = CARTESIAN_POINT('',(0.,0.));
#116 = VECTOR('',#117,1.);
#117 = DIRECTION('',(1.,0.));
#118 = ( GEOMETRIC_REPRESENTATION_CONTEXT(2) 
PARAMETRIC_REPRESENTATION_CONTEXT() REPRESENTATION_CONTEXT('2D SPACE',''
  ) );
#119 = ORIENTED_EDGE('',*,*,#120,.F.);
#120 = EDGE_CURVE('',#22,#93,#121,.T.);
#121 = SURFACE_CURVE('',#122,(#125,#132),.PCURVE_S1.);
#122 = B_SPLINE_CURVE_WITH_KNOTS('',1,(#123,#124),.UNSPECIFIED.,.F.,.F.,
  (2,2),(0.,1.),.PIECEWISE_BEZIER_KNOTS.);
#123 = CARTESIAN_POINT('',(-140.4521689947,-48.52634632738,-32.));
#124 = CARTESIAN_POINT('',(-167.666696948,-60.30144720925,-5.12));
#125 = PCURVE('',#32,#126);
#126 = DEFINITIONAL_REPRESENTATION('',(#127),#131);
#127 = LINE('',#128,#129);
#128 = CARTESIAN_POINT('',(2.94779836151,0.));
#129 = VECTOR('',#130,1.);
#130 = DIRECTION('',(0.,1.));
#131 = ( GEOMETRIC_REPRESENTATION_CONTEXT(2) 
PARAMETRIC_REPRESENTATION_CONTEXT() REPRESENTATION_CONTEXT('2D SPACE',''
  ) );
#132 = PCURVE('',#133,#150);
#133 = B_SPLINE_SURFACE_WITH_KNOTS('',7,1,(
    (#134,#135)
    ,(#136,#137)
    ,(#138,#139)
    ,(#140,#141)
    ,(#142,#143)
    ,(#144,#145)
    ,(#146,#147)
    ,(#148,#149
    )),.UNSPECIFIED.,.F.,.F.,.F.,(8,8),(2,2),(0.,0.936773607131),(0.,1.)
  ,.PIECEWISE_BEZIER_KNOTS.);
#134 = CARTESIAN_POINT('',(-142.8,-43.88579649452,-32.));
#135 = CARTESIAN_POINT('',(-170.,-55.55220163849,-5.12));
#136 = CARTESIAN_POINT('',(-142.8,-44.65662734839,-32.));
#137 = CARTESIAN_POINT('',(-170.,-56.33505283368,-5.12));
#138 = CARTESIAN_POINT('',(-142.6796508599,-45.42745813825,-32.));
#139 = CARTESIAN_POINT('',(-169.8808334369,-57.1179039757,-5.12));
#140 = CARTESIAN_POINT('',(-142.4389536273,-46.17574137474,-32.));
#141 = CARTESIAN_POINT('',(-169.6425012061,-57.87898787839,-5.12));
#142 = CARTESIAN_POINT('',(-142.083184983,-46.87892747251,
    -31.99999999999));
#143 = CARTESIAN_POINT('',(-169.2899701993,-58.59653561462,-5.12));
#144 = CARTESIAN_POINT('',(-141.6229165779,-47.51612128526,-32.));
#145 = CARTESIAN_POINT('',(-168.8331898175,-59.25029600043,-5.12));
#146 = CARTESIAN_POINT('',(-141.0731896527,-48.06971349062,-32.));
#147 = CARTESIAN_POINT('',(-168.2863557099,-59.82303419455,-5.12));
#148 = CARTESIAN_POINT('',(-140.4521689947,-48.52634632738,-32.));
#149 = CARTESIAN_POINT('',(-167.666696948,-60.30144720925,-5.12));
#150 = DEFINITIONAL_REPRESENTATION('',(#151),#155);
#151 = LINE('',#152,#153);
#152 = CARTESIAN_POINT('',(0.936773607131,0.));
#153 = VECTOR('',#154,1.);
#154 = DIRECTION('',(0.,1.));
#155 = ( GEOMETRIC_REPRESENTATION_CONTEXT(2) 
PARAMETRIC_REPRESENTATION_CONTEXT() REPRESENTATION_CONTEXT('2D SPACE',''
  ) );
#156 = ADVANCED_FACE('',(#157),#43,.T.);
#157 = FACE_BOUND('',#158,.F.);
#158 = EDGE_LOOP('',(#159,#160,#183,#210,#248,#275,#316,#343,#384,#411,
    #449,#476,#514,#541,#582,#609));
#159 = ORIENTED_EDGE('',*,*,#21,.T.);
#160 = ORIENTED_EDGE('',*,*,#161,.F.);
#161 = EDGE_CURVE('',#162,#24,#164,.T.);
#162 = VERTEX_POINT('',#163);
#163 = CARTESIAN_POINT('',(-106.6382832325,-72.,-32.));
#164 = SURFACE_CURVE('',#165,(#170,#177),.PCURVE_S1.);
#165 = CIRCLE('',#166,5.76);
#166 = AXIS2_PLACEMENT_3D('',#167,#168,#169);
#167 = CARTESIAN_POINT('',(-106.6382832325,-66.24,-32.));
#168 = DIRECTION('',(0.,0.,-1.));
#169 = DIRECTION('',(-1.,0.,0.));
#170 = PCURVE('',#43,#171);
#171 = DEFINITIONAL_REPRESENTATION('',(#172),#176);
#172 = CIRCLE('',#173,5.76);
#173 = AXIS2_PLACEMENT_2D('',#174,#175);
#174 = CARTESIAN_POINT('',(0.,0.));
#175 = DIRECTION('',(1.,0.));
#176 = ( GEOMETRIC_REPRESENTATION_CONTEXT(2) 
PARAMETRIC_REPRESENTATION_CONTEXT() REPRESENTATION_CONTEXT('2D SPACE',''
  ) );
#177 = PCURVE('',#70,#178);
#178 = DEFINITIONAL_REPRESENTATION('',(#179),#182);
#179 = B_SPLINE_CURVE_WITH_KNOTS('',1,(#180,#181),.UNSPECIFIED.,.F.,.F.,
  (2,2),(4.712388980385,5.346411700048),.PIECEWISE_BEZIER_KNOTS.);
#180 = CARTESIAN_POINT('',(1.570796326795,0.));
#181 = CARTESIAN_POINT('',(0.913326394395,0.));
#182 = ( GEOMETRIC_REPRESENTATION_CONTEXT(2) 
PARAMETRIC_REPRESENTATION_CONTEXT() REPRESENTATION_CONTEXT('2D SPACE',''
  ) );
#183 = ORIENTED_EDGE('',*,*,#184,.T.);
#184 = EDGE_CURVE('',#162,#185,#187,.T.);
#185 = VERTEX_POINT('',#186);
#186 = CARTESIAN_POINT('',(106.63828323255,-72.,-32.));
#187 = SURFACE_CURVE('',#188,(#192,#199),.PCURVE_S1.);
#188 = LINE('',#189,#190);
#189 = CARTESIAN_POINT('',(-108.528,-72.,-32.));
#190 = VECTOR('',#191,1.);
#191 = DIRECTION('',(1.,0.,0.));
#192 = PCURVE('',#43,#193);
#193 = DEFINITIONAL_REPRESENTATION('',(#194),#198);
#194 = LINE('',#195,#196);
#195 = CARTESIAN_POINT('',(1.889716767441,-5.76));
#196 = VECTOR('',#197,1.);
#197 = DIRECTION('',(-1.,0.));
#198 = ( GEOMETRIC_REPRESENTATION_CONTEXT(2) 
PARAMETRIC_REPRESENTATION_CONTEXT() REPRESENTATION_CONTEXT('2D SPACE',''
  ) );
#199 = PCURVE('',#200,#205);
#200 = B_SPLINE_SURFACE_WITH_KNOTS('',1,1,(
    (#201,#202)
    ,(#203,#204
    )),.UNSPECIFIED.,.F.,.F.,.F.,(2,2),(2,2),(2.04667216348,
    256.35332783652),(0.,1.),.PIECEWISE_BEZIER_KNOTS.);
#201 = CARTESIAN_POINT('',(-106.6382832325,-72.,-32.));
#202 = CARTESIAN_POINT('',(-127.1533278365,-90.,-5.12));
#203 = CARTESIAN_POINT('',(106.63828323255,-72.,-32.));
#204 = CARTESIAN_POINT('',(127.15332783652,-90.,-5.12));
#205 = DEFINITIONAL_REPRESENTATION('',(#206),#209);
#206 = B_SPLINE_CURVE_WITH_KNOTS('',1,(#207,#208),.UNSPECIFIED.,.F.,.F.,
  (2,2),(1.889716767441,215.16628323255),.PIECEWISE_BEZIER_KNOTS.);
#207 = CARTESIAN_POINT('',(2.04667216348,0.));
#208 = CARTESIAN_POINT('',(256.35332783652,0.));
#209 = ( GEOMETRIC_REPRESENTATION_CONTEXT(2) 
PARAMETRIC_REPRESENTATION_CONTEXT() REPRESENTATION_CONTEXT('2D SPACE',''
  ) );
#210 = ORIENTED_EDGE('',*,*,#211,.F.);
#211 = EDGE_CURVE('',#212,#185,#214,.T.);
#212 = VERTEX_POINT('',#213);
#213 = CARTESIAN_POINT('',(110.0504522273,-70.88054983286,-32.));
#214 = SURFACE_CURVE('',#215,(#220,#227),.PCURVE_S1.);
#215 = CIRCLE('',#216,5.76);
#216 = AXIS2_PLACEMENT_3D('',#217,#218,#219);
#217 = CARTESIAN_POINT('',(106.63828323255,-66.24,-32.));
#218 = DIRECTION('',(0.,0.,-1.));
#219 = DIRECTION('',(-1.,0.,0.));
#220 = PCURVE('',#43,#221);
#221 = DEFINITIONAL_REPRESENTATION('',(#222),#226);
#222 = CIRCLE('',#223,5.76);
#223 = AXIS2_PLACEMENT_2D('',#224,#225);
#224 = CARTESIAN_POINT('',(-213.2765664651,0.));
#225 = DIRECTION('',(1.,0.));
#226 = ( GEOMETRIC_REPRESENTATION_CONTEXT(2) 
PARAMETRIC_REPRESENTATION_CONTEXT() REPRESENTATION_CONTEXT('2D SPACE',''
  ) );
#227 = PCURVE('',#228,#243);
#228 = B_SPLINE_SURFACE_WITH_KNOTS('',6,1,(
    (#229,#230)
    ,(#231,#232)
    ,(#233,#234)
    ,(#235,#236)
    ,(#237,#238)
    ,(#239,#240)
    ,(#241,#242
    )),.UNSPECIFIED.,.F.,.F.,.F.,(7,7),(2,2),(1.570796326795,
    2.228266259194),(0.,1.),.PIECEWISE_BEZIER_KNOTS.);
#229 = CARTESIAN_POINT('',(106.63828323255,-72.,-32.));
#230 = CARTESIAN_POINT('',(127.15332783652,-90.,-5.12));
#231 = CARTESIAN_POINT('',(107.24694504343,-72.,-32.));
#232 = CARTESIAN_POINT('',(127.81079776892,-90.,-5.12));
#233 = CARTESIAN_POINT('',(107.85560656593,-71.92281900124,-32.));
#234 = CARTESIAN_POINT('',(128.46826731531,-89.91354677524,-5.12));
#235 = CARTESIAN_POINT('',(108.45203615564,-71.76845644223,-32.));
#236 = CARTESIAN_POINT('',(129.11152902929,-89.74063954466,-5.12));
#237 = CARTESIAN_POINT('',(109.02399316443,-71.53949960089,-32.));
#238 = CARTESIAN_POINT('',(129.72636340605,-89.48439506726,-5.12));
#239 = CARTESIAN_POINT('',(109.56008322301,-71.24111527719,-32.));
#240 = CARTESIAN_POINT('',(130.2996104238,-89.15103606985,-5.12));
#241 = CARTESIAN_POINT('',(110.0504522273,-70.88054983286,-32.));
#242 = CARTESIAN_POINT('',(130.82002478453,-88.74924557076,-5.12));
#243 = DEFINITIONAL_REPRESENTATION('',(#244),#247);
#244 = B_SPLINE_CURVE_WITH_KNOTS('',1,(#245,#246),.UNSPECIFIED.,.F.,.F.,
  (2,2),(4.078366260721,4.712388980385),.PIECEWISE_BEZIER_KNOTS.);
#245 = CARTESIAN_POINT('',(2.228266259194,0.));
#246 = CARTESIAN_POINT('',(1.570796326795,0.));
#247 = ( GEOMETRIC_REPRESENTATION_CONTEXT(2) 
PARAMETRIC_REPRESENTATION_CONTEXT() REPRESENTATION_CONTEXT('2D SPACE',''
  ) );
#248 = ORIENTED_EDGE('',*,*,#249,.T.);
#249 = EDGE_CURVE('',#212,#250,#252,.T.);
#250 = VERTEX_POINT('',#251);
#251 = CARTESIAN_POINT('',(140.45216899475,-48.52634632738,-32.));
#252 = SURFACE_CURVE('',#253,(#257,#264),.PCURVE_S1.);
#253 = LINE('',#254,#255);
#254 = CARTESIAN_POINT('',(108.528,-72.,-32.));
#255 = VECTOR('',#256,1.);
#256 = DIRECTION('',(0.805651012649,0.592390450478,0.));
#257 = PCURVE('',#43,#258);
#258 = DEFINITIONAL_REPRESENTATION('',(#259),#263);
#259 = LINE('',#260,#261);
#260 = CARTESIAN_POINT('',(-215.1662832325,-5.76));
#261 = VECTOR('',#262,1.);
#262 = DIRECTION('',(-0.805651012649,0.592390450478));
#263 = ( GEOMETRIC_REPRESENTATION_CONTEXT(2) 
PARAMETRIC_REPRESENTATION_CONTEXT() REPRESENTATION_CONTEXT('2D SPACE',''
  ) );
#264 = PCURVE('',#265,#270);
#265 = B_SPLINE_SURFACE_WITH_KNOTS('',1,1,(
    (#266,#267)
    ,(#268,#269
    )),.UNSPECIFIED.,.F.,.F.,.F.,(2,2),(2,2),(2.04667216348,
    48.597230496761),(0.,1.),.PIECEWISE_BEZIER_KNOTS.);
#266 = CARTESIAN_POINT('',(110.0504522273,-70.88054983286,-32.));
#267 = CARTESIAN_POINT('',(130.82002478453,-88.74924557076,-5.12));
#268 = CARTESIAN_POINT('',(140.45216899475,-48.52634632738,-32.));
#269 = CARTESIAN_POINT('',(167.66669694801,-60.30144720925,-5.12));
#270 = DEFINITIONAL_REPRESENTATION('',(#271),#274);
#271 = B_SPLINE_CURVE_WITH_KNOTS('',1,(#272,#273),.UNSPECIFIED.,.F.,.F.,
  (2,2),(1.889716767441,39.625307352083),.PIECEWISE_BEZIER_KNOTS.);
#272 = CARTESIAN_POINT('',(2.04667216348,0.));
#273 = CARTESIAN_POINT('',(48.597230496761,0.));
#274 = ( GEOMETRIC_REPRESENTATION_CONTEXT(2) 
PARAMETRIC_REPRESENTATION_CONTEXT() REPRESENTATION_CONTEXT('2D SPACE',''
  ) );
#275 = ORIENTED_EDGE('',*,*,#276,.F.);
#276 = EDGE_CURVE('',#277,#250,#279,.T.);
#277 = VERTEX_POINT('',#278);
#278 = CARTESIAN_POINT('',(142.8,-43.88579649452,-32.));
#279 = SURFACE_CURVE('',#280,(#285,#292),.PCURVE_S1.);
#280 = CIRCLE('',#281,5.76);
#281 = AXIS2_PLACEMENT_3D('',#282,#283,#284);
#282 = CARTESIAN_POINT('',(137.04,-43.88579649452,-32.));
#283 = DIRECTION('',(0.,0.,-1.));
#284 = DIRECTION('',(-1.,0.,0.));
#285 = PCURVE('',#43,#286);
#286 = DEFINITIONAL_REPRESENTATION('',(#287),#291);
#287 = CIRCLE('',#288,5.76);
#288 = AXIS2_PLACEMENT_2D('',#289,#290);
#289 = CARTESIAN_POINT('',(-243.6782832325,22.354203505471));
#290 = DIRECTION('',(1.,0.));
#291 = ( GEOMETRIC_REPRESENTATION_CONTEXT(2) 
PARAMETRIC_REPRESENTATION_CONTEXT() REPRESENTATION_CONTEXT('2D SPACE',''
  ) );
#292 = PCURVE('',#293,#310);
#293 = B_SPLINE_SURFACE_WITH_KNOTS('',7,1,(
    (#294,#295)
    ,(#296,#297)
    ,(#298,#299)
    ,(#300,#301)
    ,(#302,#303)
    ,(#304,#305)
    ,(#306,#307)
    ,(#308,#309
    )),.UNSPECIFIED.,.F.,.F.,.F.,(8,8),(2,2),(2.204819046458,
    3.14159265359),(0.,1.),.PIECEWISE_BEZIER_KNOTS.);
#294 = CARTESIAN_POINT('',(140.45216899475,-48.52634632738,-32.));
#295 = CARTESIAN_POINT('',(167.66669694801,-60.30144720925,-5.12));
#296 = CARTESIAN_POINT('',(141.07318965275,-48.06971349062,-32.));
#297 = CARTESIAN_POINT('',(168.2863557099,-59.82303419455,-5.12));
#298 = CARTESIAN_POINT('',(141.62291657792,-47.51612128526,
    -31.99999999999));
#299 = CARTESIAN_POINT('',(168.83318981756,-59.25029600043,-5.12));
#300 = CARTESIAN_POINT('',(142.08318498308,-46.87892747251,-32.));
#301 = CARTESIAN_POINT('',(169.28997019929,-58.59653561462,-5.12));
#302 = CARTESIAN_POINT('',(142.43895362737,-46.17574137474,
    -31.99999999999));
#303 = CARTESIAN_POINT('',(169.64250120616,-57.87898787839,-5.12));
#304 = CARTESIAN_POINT('',(142.67965086,-45.42745813826,-32.));
#305 = CARTESIAN_POINT('',(169.88083343699,-57.1179039757,-5.12));
#306 = CARTESIAN_POINT('',(142.79999999999,-44.65662734839,-32.));
#307 = CARTESIAN_POINT('',(170.,-56.33505283368,-5.12));
#308 = CARTESIAN_POINT('',(142.8,-43.88579649452,-32.));
#309 = CARTESIAN_POINT('',(170.,-55.55220163849,-5.12));
#310 = DEFINITIONAL_REPRESENTATION('',(#311),#315);
#311 = LINE('',#312,#313);
#312 = CARTESIAN_POINT('',(6.28318530718,0.));
#313 = VECTOR('',#314,1.);
#314 = DIRECTION('',(-1.,0.));
#315 = ( GEOMETRIC_REPRESENTATION_CONTEXT(2) 
PARAMETRIC_REPRESENTATION_CONTEXT() REPRESENTATION_CONTEXT('2D SPACE',''
  ) );
#316 = ORIENTED_EDGE('',*,*,#317,.T.);
#317 = EDGE_CURVE('',#277,#318,#320,.T.);
#318 = VERTEX_POINT('',#319);
#319 = CARTESIAN_POINT('',(142.8,43.885796494529,-32.));
#320 = SURFACE_CURVE('',#321,(#325,#332),.PCURVE_S1.);
#321 = LINE('',#322,#323);
#322 = CARTESIAN_POINT('',(142.8,-46.8,-32.));
#323 = VECTOR('',#324,1.);
#324 = DIRECTION('',(0.,1.,0.));
#325 = PCURVE('',#43,#326);
#326 = DEFINITIONAL_REPRESENTATION('',(#327),#331);
#327 = LINE('',#328,#329);
#328 = CARTESIAN_POINT('',(-249.4382832325,19.44));
#329 = VECTOR('',#330,1.);
#330 = DIRECTION('',(0.,1.));
#331 = ( GEOMETRIC_REPRESENTATION_CONTEXT(2) 
PARAMETRIC_REPRESENTATION_CONTEXT() REPRESENTATION_CONTEXT('2D SPACE',''
  ) );
#332 = PCURVE('',#333,#338);
#333 = B_SPLINE_SURFACE_WITH_KNOTS('',1,1,(
    (#334,#335)
    ,(#336,#337
    )),.UNSPECIFIED.,.F.,.F.,.F.,(2,2),(2,2),(2.94779836151,
    114.05220163849),(0.,1.),.PIECEWISE_BEZIER_KNOTS.);
#334 = CARTESIAN_POINT('',(142.8,-43.88579649452,-32.));
#335 = CARTESIAN_POINT('',(170.,-55.55220163849,-5.12));
#336 = CARTESIAN_POINT('',(142.8,43.885796494529,-32.));
#337 = CARTESIAN_POINT('',(170.,55.55220163849,-5.12));
#338 = DEFINITIONAL_REPRESENTATION('',(#339),#342);
#339 = B_SPLINE_CURVE_WITH_KNOTS('',1,(#340,#341),.UNSPECIFIED.,.F.,.F.,
  (2,2),(2.914203505471,90.685796494529),.PIECEWISE_BEZIER_KNOTS.);
#340 = CARTESIAN_POINT('',(2.94779836151,0.));
#341 = CARTESIAN_POINT('',(114.05220163849,0.));
#342 = ( GEOMETRIC_REPRESENTATION_CONTEXT(2) 
PARAMETRIC_REPRESENTATION_CONTEXT() REPRESENTATION_CONTEXT('2D SPACE',''
  ) );
#343 = ORIENTED_EDGE('',*,*,#344,.F.);
#344 = EDGE_CURVE('',#345,#318,#347,.T.);
#345 = VERTEX_POINT('',#346);
#346 = CARTESIAN_POINT('',(140.45216899475,48.526346327389,-32.));
#347 = SURFACE_CURVE('',#348,(#353,#360),.PCURVE_S1.);
#348 = CIRCLE('',#349,5.76);
#349 = AXIS2_PLACEMENT_3D('',#350,#351,#352);
#350 = CARTESIAN_POINT('',(137.04,43.885796494529,-32.));
#351 = DIRECTION('',(0.,0.,-1.));
#352 = DIRECTION('',(-1.,0.,0.));
#353 = PCURVE('',#43,#354);
#354 = DEFINITIONAL_REPRESENTATION('',(#355),#359);
#355 = CIRCLE('',#356,5.76);
#356 = AXIS2_PLACEMENT_2D('',#357,#358);
#357 = CARTESIAN_POINT('',(-243.6782832325,110.12579649452));
#358 = DIRECTION('',(1.,0.));
#359 = ( GEOMETRIC_REPRESENTATION_CONTEXT(2) 
PARAMETRIC_REPRESENTATION_CONTEXT() REPRESENTATION_CONTEXT('2D SPACE',''
  ) );
#360 = PCURVE('',#361,#378);
#361 = B_SPLINE_SURFACE_WITH_KNOTS('',7,1,(
    (#362,#363)
    ,(#364,#365)
    ,(#366,#367)
    ,(#368,#369)
    ,(#370,#371)
    ,(#372,#373)
    ,(#374,#375)
    ,(#376,#377
    )),.UNSPECIFIED.,.F.,.F.,.F.,(8,8),(2,2),(3.14159265359,
    4.078366260721),(0.,1.),.PIECEWISE_BEZIER_KNOTS.);
#362 = CARTESIAN_POINT('',(142.8,43.885796494529,-32.));
#363 = CARTESIAN_POINT('',(170.,55.55220163849,-5.12));
#364 = CARTESIAN_POINT('',(142.8,44.656627348397,-32.));
#365 = CARTESIAN_POINT('',(170.,56.335052833686,-5.12));
#366 = CARTESIAN_POINT('',(142.67965085999,45.427458138258,
    -31.99999999999));
#367 = CARTESIAN_POINT('',(169.88083343698,57.117903975707,-5.12));
#368 = CARTESIAN_POINT('',(142.43895362737,46.175741374743,-32.));
#369 = CARTESIAN_POINT('',(169.64250120616,57.8789878784,-5.12));
#370 = CARTESIAN_POINT('',(142.08318498308,46.878927472513,
    -31.99999999999));
#371 = CARTESIAN_POINT('',(169.28997019929,58.596535614624,-5.12));
#372 = CARTESIAN_POINT('',(141.62291657792,47.516121285262,-32.));
#373 = CARTESIAN_POINT('',(168.83318981756,59.250296000432,-5.12));
#374 = CARTESIAN_POINT('',(141.07318965275,48.069713490624,-32.));
#375 = CARTESIAN_POINT('',(168.2863557099,59.823034194556,-5.12));
#376 = CARTESIAN_POINT('',(140.45216899475,48.526346327389,-32.));
#377 = CARTESIAN_POINT('',(167.66669694801,60.301447209253,-5.12));
#378 = DEFINITIONAL_REPRESENTATION('',(#379),#383);
#379 = LINE('',#380,#381);
#380 = CARTESIAN_POINT('',(6.28318530718,0.));
#381 = VECTOR('',#382,1.);
#382 = DIRECTION('',(-1.,0.));
#383 = ( GEOMETRIC_REPRESENTATION_CONTEXT(2) 
PARAMETRIC_REPRESENTATION_CONTEXT() REPRESENTATION_CONTEXT('2D SPACE',''
  ) );
#384 = ORIENTED_EDGE('',*,*,#385,.T.);
#385 = EDGE_CURVE('',#345,#386,#388,.T.);
#386 = VERTEX_POINT('',#387);
#387 = CARTESIAN_POINT('',(110.0504522273,70.880549832861,-32.));
#388 = SURFACE_CURVE('',#389,(#393,#400),.PCURVE_S1.);
#389 = LINE('',#390,#391);
#390 = CARTESIAN_POINT('',(142.8,46.8,-32.));
#391 = VECTOR('',#392,1.);
#392 = DIRECTION('',(-0.805651012649,0.592390450478,0.));
#393 = PCURVE('',#43,#394);
#394 = DEFINITIONAL_REPRESENTATION('',(#395),#399);
#395 = LINE('',#396,#397);
#396 = CARTESIAN_POINT('',(-249.4382832325,113.04));
#397 = VECTOR('',#398,1.);
#398 = DIRECTION('',(0.805651012649,0.592390450478));
#399 = ( GEOMETRIC_REPRESENTATION_CONTEXT(2) 
PARAMETRIC_REPRESENTATION_CONTEXT() REPRESENTATION_CONTEXT('2D SPACE',''
  ) );
#400 = PCURVE('',#401,#406);
#401 = B_SPLINE_SURFACE_WITH_KNOTS('',1,1,(
    (#402,#403)
    ,(#404,#405
    )),.UNSPECIFIED.,.F.,.F.,.F.,(2,2),(2,2),(2.94779836151,
    49.498356694791),(0.,1.),.PIECEWISE_BEZIER_KNOTS.);
#402 = CARTESIAN_POINT('',(140.45216899475,48.526346327389,-32.));
#403 = CARTESIAN_POINT('',(167.66669694801,60.301447209253,-5.12));
#404 = CARTESIAN_POINT('',(110.0504522273,70.880549832861,-32.));
#405 = CARTESIAN_POINT('',(130.82002478453,88.749245570763,-5.12));
#406 = DEFINITIONAL_REPRESENTATION('',(#407),#410);
#407 = B_SPLINE_CURVE_WITH_KNOTS('',1,(#408,#409),.UNSPECIFIED.,.F.,.F.,
  (2,2),(2.914203505471,40.649794090113),.PIECEWISE_BEZIER_KNOTS.);
#408 = CARTESIAN_POINT('',(2.94779836151,0.));
#409 = CARTESIAN_POINT('',(49.498356694791,0.));
#410 = ( GEOMETRIC_REPRESENTATION_CONTEXT(2) 
PARAMETRIC_REPRESENTATION_CONTEXT() REPRESENTATION_CONTEXT('2D SPACE',''
  ) );
#411 = ORIENTED_EDGE('',*,*,#412,.F.);
#412 = EDGE_CURVE('',#413,#386,#415,.T.);
#413 = VERTEX_POINT('',#414);
#414 = CARTESIAN_POINT('',(106.63828323255,72.,-32.));
#415 = SURFACE_CURVE('',#416,(#421,#428),.PCURVE_S1.);
#416 = CIRCLE('',#417,5.76);
#417 = AXIS2_PLACEMENT_3D('',#418,#419,#420);
#418 = CARTESIAN_POINT('',(106.63828323255,66.24,-32.));
#419 = DIRECTION('',(0.,0.,-1.));
#420 = DIRECTION('',(-1.,0.,0.));
#421 = PCURVE('',#43,#422);
#422 = DEFINITIONAL_REPRESENTATION('',(#423),#427);
#423 = CIRCLE('',#424,5.76);
#424 = AXIS2_PLACEMENT_2D('',#425,#426);
#425 = CARTESIAN_POINT('',(-213.2765664651,132.48));
#426 = DIRECTION('',(1.,0.));
#427 = ( GEOMETRIC_REPRESENTATION_CONTEXT(2) 
PARAMETRIC_REPRESENTATION_CONTEXT() REPRESENTATION_CONTEXT('2D SPACE',''
  ) );
#428 = PCURVE('',#429,#444);
#429 = B_SPLINE_SURFACE_WITH_KNOTS('',6,1,(
    (#430,#431)
    ,(#432,#433)
    ,(#434,#435)
    ,(#436,#437)
    ,(#438,#439)
    ,(#440,#441)
    ,(#442,#443
    )),.UNSPECIFIED.,.F.,.F.,.F.,(7,7),(2,2),(4.054919047985,
    4.712388980385),(0.,1.),.PIECEWISE_BEZIER_KNOTS.);
#430 = CARTESIAN_POINT('',(110.0504522273,70.880549832861,-32.));
#431 = CARTESIAN_POINT('',(130.82002478453,88.749245570763,-5.12));
#432 = CARTESIAN_POINT('',(109.56008322301,71.241115277195,-32.));
#433 = CARTESIAN_POINT('',(130.2996104238,89.151036069853,-5.12));
#434 = CARTESIAN_POINT('',(109.02399316442,71.53949960089,-32.));
#435 = CARTESIAN_POINT('',(129.72636340605,89.484395067264,-5.12));
#436 = CARTESIAN_POINT('',(108.45203615564,71.76845644223,-32.));
#437 = CARTESIAN_POINT('',(129.11152902929,89.740639544663,-5.12));
#438 = CARTESIAN_POINT('',(107.85560656593,71.922819001242,-32.));
#439 = CARTESIAN_POINT('',(128.46826731531,89.913546775247,-5.12));
#440 = CARTESIAN_POINT('',(107.24694504343,72.,-32.));
#441 = CARTESIAN_POINT('',(127.81079776892,90.,-5.12));
#442 = CARTESIAN_POINT('',(106.63828323255,72.,-32.));
#443 = CARTESIAN_POINT('',(127.15332783652,90.,-5.12));
#444 = DEFINITIONAL_REPRESENTATION('',(#445),#448);
#445 = B_SPLINE_CURVE_WITH_KNOTS('',1,(#446,#447),.UNSPECIFIED.,.F.,.F.,
  (2,2),(1.570796326795,2.204819046458),.PIECEWISE_BEZIER_KNOTS.);
#446 = CARTESIAN_POINT('',(4.712388980385,0.));
#447 = CARTESIAN_POINT('',(4.054919047985,0.));
#448 = ( GEOMETRIC_REPRESENTATION_CONTEXT(2) 
PARAMETRIC_REPRESENTATION_CONTEXT() REPRESENTATION_CONTEXT('2D SPACE',''
  ) );
#449 = ORIENTED_EDGE('',*,*,#450,.T.);
#450 = EDGE_CURVE('',#413,#451,#453,.T.);
#451 = VERTEX_POINT('',#452);
#452 = CARTESIAN_POINT('',(-106.6382832325,72.,-32.));
#453 = SURFACE_CURVE('',#454,(#458,#465),.PCURVE_S1.);
#454 = LINE('',#455,#456);
#455 = CARTESIAN_POINT('',(108.528,72.,-32.));
#456 = VECTOR('',#457,1.);
#457 = DIRECTION('',(-1.,0.,0.));
#458 = PCURVE('',#43,#459);
#459 = DEFINITIONAL_REPRESENTATION('',(#460),#464);
#460 = LINE('',#461,#462);
#461 = CARTESIAN_POINT('',(-215.1662832325,138.24));
#462 = VECTOR('',#463,1.);
#463 = DIRECTION('',(1.,0.));
#464 = ( GEOMETRIC_REPRESENTATION_CONTEXT(2) 
PARAMETRIC_REPRESENTATION_CONTEXT() REPRESENTATION_CONTEXT('2D SPACE',''
  ) );
#465 = PCURVE('',#466,#471);
#466 = B_SPLINE_SURFACE_WITH_KNOTS('',1,1,(
    (#467,#468)
    ,(#469,#470
    )),.UNSPECIFIED.,.F.,.F.,.F.,(2,2),(2,2),(2.04667216348,
    256.35332783652),(0.,1.),.PIECEWISE_BEZIER_KNOTS.);
#467 = CARTESIAN_POINT('',(106.63828323255,72.,-32.));
#468 = CARTESIAN_POINT('',(127.15332783652,90.,-5.12));
#469 = CARTESIAN_POINT('',(-106.6382832325,72.,-32.));
#470 = CARTESIAN_POINT('',(-127.1533278365,90.,-5.12));
#471 = DEFINITIONAL_REPRESENTATION('',(#472),#475);
#472 = B_SPLINE_CURVE_WITH_KNOTS('',1,(#473,#474),.UNSPECIFIED.,.F.,.F.,
  (2,2),(1.889716767441,215.16628323255),.PIECEWISE_BEZIER_KNOTS.);
#473 = CARTESIAN_POINT('',(2.04667216348,0.));
#474 = CARTESIAN_POINT('',(256.35332783652,0.));
#475 = ( GEOMETRIC_REPRESENTATION_CONTEXT(2) 
PARAMETRIC_REPRESENTATION_CONTEXT() REPRESENTATION_CONTEXT('2D SPACE',''
  ) );
#476 = ORIENTED_EDGE('',*,*,#477,.F.);
#477 = EDGE_CURVE('',#478,#451,#480,.T.);
#478 = VERTEX_POINT('',#479);
#479 = CARTESIAN_POINT('',(-110.0504522273,70.880549832861,-32.));
#480 = SURFACE_CURVE('',#481,(#486,#493),.PCURVE_S1.);
#481 = CIRCLE('',#482,5.76);
#482 = AXIS2_PLACEMENT_3D('',#483,#484,#485);
#483 = CARTESIAN_POINT('',(-106.6382832325,66.24,-32.));
#484 = DIRECTION('',(0.,0.,-1.));
#485 = DIRECTION('',(-1.,0.,0.));
#486 = PCURVE('',#43,#487);
#487 = DEFINITIONAL_REPRESENTATION('',(#488),#492);
#488 = CIRCLE('',#489,5.76);
#489 = AXIS2_PLACEMENT_2D('',#490,#491);
#490 = CARTESIAN_POINT('',(0.,132.48));
#491 = DIRECTION('',(1.,0.));
#492 = ( GEOMETRIC_REPRESENTATION_CONTEXT(2) 
PARAMETRIC_REPRESENTATION_CONTEXT() REPRESENTATION_CONTEXT('2D SPACE',''
  ) );
#493 = PCURVE('',#494,#509);
#494 = B_SPLINE_SURFACE_WITH_KNOTS('',6,1,(
    (#495,#496)
    ,(#497,#498)
    ,(#499,#500)
    ,(#501,#502)
    ,(#503,#504)
    ,(#505,#506)
    ,(#507,#508
    )),.UNSPECIFIED.,.F.,.F.,.F.,(7,7),(2,2),(4.712388980385,
    5.369858912784),(0.,1.),.PIECEWISE_BEZIER_KNOTS.);
#495 = CARTESIAN_POINT('',(-106.6382832325,72.,-32.));
#496 = CARTESIAN_POINT('',(-127.1533278365,90.,-5.12));
#497 = CARTESIAN_POINT('',(-107.2469450434,72.,-32.));
#498 = CARTESIAN_POINT('',(-127.8107977689,90.,-5.12));
#499 = CARTESIAN_POINT('',(-107.8556065659,71.922819001243,-32.));
#500 = CARTESIAN_POINT('',(-128.4682673153,89.913546775247,-5.12));
#501 = CARTESIAN_POINT('',(-108.4520361556,71.76845644223,-32.));
#502 = CARTESIAN_POINT('',(-129.1115290292,89.740639544663,-5.12));
#503 = CARTESIAN_POINT('',(-109.0239931644,71.539499600891,-32.));
#504 = CARTESIAN_POINT('',(-129.726363406,89.484395067264,-5.12));
#505 = CARTESIAN_POINT('',(-109.560083223,71.241115277195,-32.));
#506 = CARTESIAN_POINT('',(-130.2996104238,89.151036069853,-5.12));
#507 = CARTESIAN_POINT('',(-110.0504522273,70.880549832861,-32.));
#508 = CARTESIAN_POINT('',(-130.8200247845,88.749245570763,-5.12));
#509 = DEFINITIONAL_REPRESENTATION('',(#510),#513);
#510 = B_SPLINE_CURVE_WITH_KNOTS('',1,(#511,#512),.UNSPECIFIED.,.F.,.F.,
  (2,2),(0.936773607131,1.570796326795),.PIECEWISE_BEZIER_KNOTS.);
#511 = CARTESIAN_POINT('',(5.369858912784,0.));
#512 = CARTESIAN_POINT('',(4.712388980385,0.));
#513 = ( GEOMETRIC_REPRESENTATION_CONTEXT(2) 
PARAMETRIC_REPRESENTATION_CONTEXT() REPRESENTATION_CONTEXT('2D SPACE',''
  ) );
#514 = ORIENTED_EDGE('',*,*,#515,.T.);
#515 = EDGE_CURVE('',#478,#516,#518,.T.);
#516 = VERTEX_POINT('',#517);
#517 = CARTESIAN_POINT('',(-140.4521689947,48.526346327389,-32.));
#518 = SURFACE_CURVE('',#519,(#523,#530),.PCURVE_S1.);
#519 = LINE('',#520,#521);
#520 = CARTESIAN_POINT('',(-108.528,72.,-32.));
#521 = VECTOR('',#522,1.);
#522 = DIRECTION('',(-0.805651012649,-0.592390450478,0.));
#523 = PCURVE('',#43,#524);
#524 = DEFINITIONAL_REPRESENTATION('',(#525),#529);
#525 = LINE('',#526,#527);
#526 = CARTESIAN_POINT('',(1.889716767441,138.24));
#527 = VECTOR('',#528,1.);
#528 = DIRECTION('',(0.805651012649,-0.592390450478));
#529 = ( GEOMETRIC_REPRESENTATION_CONTEXT(2) 
PARAMETRIC_REPRESENTATION_CONTEXT() REPRESENTATION_CONTEXT('2D SPACE',''
  ) );
#530 = PCURVE('',#531,#536);
#531 = B_SPLINE_SURFACE_WITH_KNOTS('',1,1,(
    (#532,#533)
    ,(#534,#535
    )),.UNSPECIFIED.,.F.,.F.,.F.,(2,2),(2,2),(2.04667216348,
    48.597230496761),(0.,1.),.PIECEWISE_BEZIER_KNOTS.);
#532 = CARTESIAN_POINT('',(-110.0504522273,70.880549832861,-32.));
#533 = CARTESIAN_POINT('',(-130.8200247845,88.749245570763,-5.12));
#534 = CARTESIAN_POINT('',(-140.4521689947,48.526346327389,-32.));
#535 = CARTESIAN_POINT('',(-167.666696948,60.301447209253,-5.12));
#536 = DEFINITIONAL_REPRESENTATION('',(#537),#540);
#537 = B_SPLINE_CURVE_WITH_KNOTS('',1,(#538,#539),.UNSPECIFIED.,.F.,.F.,
  (2,2),(1.889716767441,39.625307352083),.PIECEWISE_BEZIER_KNOTS.);
#538 = CARTESIAN_POINT('',(2.04667216348,0.));
#539 = CARTESIAN_POINT('',(48.597230496761,0.));
#540 = ( GEOMETRIC_REPRESENTATION_CONTEXT(2) 
PARAMETRIC_REPRESENTATION_CONTEXT() REPRESENTATION_CONTEXT('2D SPACE',''
  ) );
#541 = ORIENTED_EDGE('',*,*,#542,.F.);
#542 = EDGE_CURVE('',#543,#516,#545,.T.);
#543 = VERTEX_POINT('',#544);
#544 = CARTESIAN_POINT('',(-142.8,43.885796494529,-32.));
#545 = SURFACE_CURVE('',#546,(#551,#558),.PCURVE_S1.);
#546 = CIRCLE('',#547,5.76);
#547 = AXIS2_PLACEMENT_3D('',#548,#549,#550);
#548 = CARTESIAN_POINT('',(-137.04,43.885796494529,-32.));
#549 = DIRECTION('',(0.,0.,-1.));
#550 = DIRECTION('',(-1.,0.,0.));
#551 = PCURVE('',#43,#552);
#552 = DEFINITIONAL_REPRESENTATION('',(#553),#557);
#553 = CIRCLE('',#554,5.76);
#554 = AXIS2_PLACEMENT_2D('',#555,#556);
#555 = CARTESIAN_POINT('',(30.401716767441,110.12579649452));
#556 = DIRECTION('',(1.,0.));
#557 = ( GEOMETRIC_REPRESENTATION_CONTEXT(2) 
PARAMETRIC_REPRESENTATION_CONTEXT() REPRESENTATION_CONTEXT('2D SPACE',''
  ) );
#558 = PCURVE('',#559,#576);
#559 = B_SPLINE_SURFACE_WITH_KNOTS('',7,1,(
    (#560,#561)
    ,(#562,#563)
    ,(#564,#565)
    ,(#566,#567)
    ,(#568,#569)
    ,(#570,#571)
    ,(#572,#573)
    ,(#574,#575
    )),.UNSPECIFIED.,.F.,.F.,.F.,(8,8),(2,2),(5.346411700048,
    6.28318530718),(0.,1.),.PIECEWISE_BEZIER_KNOTS.);
#560 = CARTESIAN_POINT('',(-140.4521689947,48.526346327389,-32.));
#561 = CARTESIAN_POINT('',(-167.666696948,60.301447209253,-5.12));
#562 = CARTESIAN_POINT('',(-141.0731896527,48.069713490624,-32.));
#563 = CARTESIAN_POINT('',(-168.2863557099,59.823034194557,-5.12));
#564 = CARTESIAN_POINT('',(-141.6229165779,47.516121285261,-32.));
#565 = CARTESIAN_POINT('',(-168.8331898175,59.250296000431,-5.12));
#566 = CARTESIAN_POINT('',(-142.083184983,46.878927472515,-32.));
#567 = CARTESIAN_POINT('',(-169.2899701993,58.596535614627,-5.12));
#568 = CARTESIAN_POINT('',(-142.4389536273,46.175741374741,-32.));
#569 = CARTESIAN_POINT('',(-169.6425012061,57.878987878398,-5.12));
#570 = CARTESIAN_POINT('',(-142.6796508599,45.42745813826,-32.));
#571 = CARTESIAN_POINT('',(-169.8808334369,57.117903975708,-5.12));
#572 = CARTESIAN_POINT('',(-142.8,44.656627348397,-32.));
#573 = CARTESIAN_POINT('',(-170.,56.335052833686,-5.12));
#574 = CARTESIAN_POINT('',(-142.8,43.885796494529,-32.));
#575 = CARTESIAN_POINT('',(-170.,55.55220163849,-5.12));
#576 = DEFINITIONAL_REPRESENTATION('',(#577),#581);
#577 = LINE('',#578,#579);
#578 = CARTESIAN_POINT('',(6.28318530718,0.));
#579 = VECTOR('',#580,1.);
#580 = DIRECTION('',(-1.,0.));
#581 = ( GEOMETRIC_REPRESENTATION_CONTEXT(2) 
PARAMETRIC_REPRESENTATION_CONTEXT() REPRESENTATION_CONTEXT('2D SPACE',''
  ) );
#582 = ORIENTED_EDGE('',*,*,#583,.T.);
#583 = EDGE_CURVE('',#543,#584,#586,.T.);
#584 = VERTEX_POINT('',#585);
#585 = CARTESIAN_POINT('',(-142.8,-43.88579649452,-32.));
#586 = SURFACE_CURVE('',#587,(#591,#598),.PCURVE_S1.);
#587 = LINE('',#588,#589);
#588 = CARTESIAN_POINT('',(-142.8,46.8,-32.));
#589 = VECTOR('',#590,1.);
#590 = DIRECTION('',(0.,-1.,0.));
#591 = PCURVE('',#43,#592);
#592 = DEFINITIONAL_REPRESENTATION('',(#593),#597);
#593 = LINE('',#594,#595);
#594 = CARTESIAN_POINT('',(36.161716767441,113.04));
#595 = VECTOR('',#596,1.);
#596 = DIRECTION('',(0.,-1.));
#597 = ( GEOMETRIC_REPRESENTATION_CONTEXT(2) 
PARAMETRIC_REPRESENTATION_CONTEXT() REPRESENTATION_CONTEXT('2D SPACE',''
  ) );
#598 = PCURVE('',#599,#604);
#599 = B_SPLINE_SURFACE_WITH_KNOTS('',1,1,(
    (#600,#601)
    ,(#602,#603
    )),.UNSPECIFIED.,.F.,.F.,.F.,(2,2),(2,2),(2.94779836151,
    114.05220163849),(0.,1.),.PIECEWISE_BEZIER_KNOTS.);
#600 = CARTESIAN_POINT('',(-142.8,43.885796494529,-32.));
#601 = CARTESIAN_POINT('',(-170.,55.55220163849,-5.12));
#602 = CARTESIAN_POINT('',(-142.8,-43.88579649452,-32.));
#603 = CARTESIAN_POINT('',(-170.,-55.55220163849,-5.12));
#604 = DEFINITIONAL_REPRESENTATION('',(#605),#608);
#605 = B_SPLINE_CURVE_WITH_KNOTS('',1,(#606,#607),.UNSPECIFIED.,.F.,.F.,
  (2,2),(2.914203505471,90.685796494529),.PIECEWISE_BEZIER_KNOTS.);
#606 = CARTESIAN_POINT('',(2.94779836151,0.));
#607 = CARTESIAN_POINT('',(114.05220163849,0.));
#608 = ( GEOMETRIC_REPRESENTATION_CONTEXT(2) 
PARAMETRIC_REPRESENTATION_CONTEXT() REPRESENTATION_CONTEXT('2D SPACE',''
  ) );
#609 = ORIENTED_EDGE('',*,*,#610,.F.);
#610 = EDGE_CURVE('',#22,#584,#611,.T.);
#611 = SURFACE_CURVE('',#612,(#617,#624),.PCURVE_S1.);
#612 = CIRCLE('',#613,5.76);
#613 = AXIS2_PLACEMENT_3D('',#614,#615,#616);
#614 = CARTESIAN_POINT('',(-137.04,-43.88579649452,-32.));
#615 = DIRECTION('',(0.,0.,-1.));
#616 = DIRECTION('',(-1.,0.,0.));
#617 = PCURVE('',#43,#618);
#618 = DEFINITIONAL_REPRESENTATION('',(#619),#623);
#619 = CIRCLE('',#620,5.76);
#620 = AXIS2_PLACEMENT_2D('',#621,#622);
#621 = CARTESIAN_POINT('',(30.401716767441,22.354203505471));
#622 = DIRECTION('',(1.,0.));
#623 = ( GEOMETRIC_REPRESENTATION_CONTEXT(2) 
PARAMETRIC_REPRESENTATION_CONTEXT() REPRESENTATION_CONTEXT('2D SPACE',''
  ) );
#624 = PCURVE('',#133,#625);
#625 = DEFINITIONAL_REPRESENTATION('',(#626),#630);
#626 = LINE('',#627,#628);
#627 = CARTESIAN_POINT('',(6.28318530718,0.));
#628 = VECTOR('',#629,1.);
#629 = DIRECTION('',(-1.,0.));
#630 = ( GEOMETRIC_REPRESENTATION_CONTEXT(2) 
PARAMETRIC_REPRESENTATION_CONTEXT() REPRESENTATION_CONTEXT('2D SPACE',''
  ) );
#631 = ADVANCED_FACE('',(#632),#70,.T.);
#632 = FACE_BOUND('',#633,.T.);
#633 = EDGE_LOOP('',(#634,#635,#657,#694));
#634 = ORIENTED_EDGE('',*,*,#161,.F.);
#635 = ORIENTED_EDGE('',*,*,#636,.T.);
#636 = EDGE_CURVE('',#162,#637,#639,.T.);
#637 = VERTEX_POINT('',#638);
#638 = CARTESIAN_POINT('',(-127.1533278365,-90.,-5.12));
#639 = SURFACE_CURVE('',#640,(#643,#650),.PCURVE_S1.);
#640 = B_SPLINE_CURVE_WITH_KNOTS('',1,(#641,#642),.UNSPECIFIED.,.F.,.F.,
  (2,2),(0.,1.),.PIECEWISE_BEZIER_KNOTS.);
#641 = CARTESIAN_POINT('',(-106.6382832325,-72.,-32.));
#642 = CARTESIAN_POINT('',(-127.1533278365,-90.,-5.12));
#643 = PCURVE('',#70,#644);
#644 = DEFINITIONAL_REPRESENTATION('',(#645),#649);
#645 = LINE('',#646,#647);
#646 = CARTESIAN_POINT('',(1.570796326795,0.));
#647 = VECTOR('',#648,1.);
#648 = DIRECTION('',(0.,1.));
#649 = ( GEOMETRIC_REPRESENTATION_CONTEXT(2) 
PARAMETRIC_REPRESENTATION_CONTEXT() REPRESENTATION_CONTEXT('2D SPACE',''
  ) );
#650 = PCURVE('',#200,#651);
#651 = DEFINITIONAL_REPRESENTATION('',(#652),#656);
#652 = LINE('',#653,#654);
#653 = CARTESIAN_POINT('',(2.04667216348,0.));
#654 = VECTOR('',#655,1.);
#655 = DIRECTION('',(0.,1.));
#656 = ( GEOMETRIC_REPRESENTATION_CONTEXT(2) 
PARAMETRIC_REPRESENTATION_CONTEXT() REPRESENTATION_CONTEXT('2D SPACE',''
  ) );
#657 = ORIENTED_EDGE('',*,*,#658,.T.);
#658 = EDGE_CURVE('',#637,#56,#659,.T.);
#659 = SURFACE_CURVE('',#660,(#665,#672),.PCURVE_S1.);
#660 = CIRCLE('',#661,6.);
#661 = AXIS2_PLACEMENT_3D('',#662,#663,#664);
#662 = CARTESIAN_POINT('',(-127.1533278365,-84.,-5.12));
#663 = DIRECTION('',(0.,0.,-1.));
#664 = DIRECTION('',(-1.,0.,0.));
#665 = PCURVE('',#70,#666);
#666 = DEFINITIONAL_REPRESENTATION('',(#667),#671);
#667 = LINE('',#668,#669);
#668 = CARTESIAN_POINT('',(6.28318530718,1.));
#669 = VECTOR('',#670,1.);
#670 = DIRECTION('',(-1.,0.));
#671 = ( GEOMETRIC_REPRESENTATION_CONTEXT(2) 
PARAMETRIC_REPRESENTATION_CONTEXT() REPRESENTATION_CONTEXT('2D SPACE',''
  ) );
#672 = PCURVE('',#673,#688);
#673 = B_SPLINE_SURFACE_WITH_KNOTS('',6,1,(
    (#674,#675)
    ,(#676,#677)
    ,(#678,#679)
    ,(#680,#681)
    ,(#682,#683)
    ,(#684,#685)
    ,(#686,#687
    )),.UNSPECIFIED.,.F.,.F.,.F.,(7,7),(2,2),(0.913326394395,
    1.570796326795),(0.,1.),.PIECEWISE_BEZIER_KNOTS.);
#674 = CARTESIAN_POINT('',(-130.8200247845,-88.74924557076,-5.12));
#675 = CARTESIAN_POINT('',(-124.3378127933,-81.60535049662,32.));
#676 = CARTESIAN_POINT('',(-130.2996104238,-89.15103606985,-5.12));
#677 = CARTESIAN_POINT('',(-123.8236295713,-81.98979398921,32.));
#678 = CARTESIAN_POINT('',(-129.726363406,-89.48439506726,-5.12));
#679 = CARTESIAN_POINT('',(-123.2600830964,-82.30821486161,32.));
#680 = CARTESIAN_POINT('',(-129.1115290292,-89.74063954466,-5.12));
#681 = CARTESIAN_POINT('',(-122.6577679987,-82.55269093492,32.));
#682 = CARTESIAN_POINT('',(-128.4682673153,-89.91354677524,-5.12));
#683 = CARTESIAN_POINT('',(-122.0289842951,-82.71756386039,32.));
#684 = CARTESIAN_POINT('',(-127.8107977689,-90.,-5.12));
#685 = CARTESIAN_POINT('',(-121.386971239,-82.8,32.));
#686 = CARTESIAN_POINT('',(-127.1533278365,-90.,-5.12));
#687 = CARTESIAN_POINT('',(-120.7449578554,-82.8,32.));
#688 = DEFINITIONAL_REPRESENTATION('',(#689),#693);
#689 = LINE('',#690,#691);
#690 = CARTESIAN_POINT('',(6.28318530718,0.));
#691 = VECTOR('',#692,1.);
#692 = DIRECTION('',(-1.,0.));
#693 = ( GEOMETRIC_REPRESENTATION_CONTEXT(2) 
PARAMETRIC_REPRESENTATION_CONTEXT() REPRESENTATION_CONTEXT('2D SPACE',''
  ) );
#694 = ORIENTED_EDGE('',*,*,#55,.F.);
#695 = ADVANCED_FACE('',(#696),#108,.T.);
#696 = FACE_BOUND('',#697,.T.);
#697 = EDGE_LOOP('',(#698,#699,#721,#748));
#698 = ORIENTED_EDGE('',*,*,#92,.T.);
#699 = ORIENTED_EDGE('',*,*,#700,.T.);
#700 = EDGE_CURVE('',#56,#701,#703,.T.);
#701 = VERTEX_POINT('',#702);
#702 = CARTESIAN_POINT('',(-124.3378127933,-81.60535049662,32.));
#703 = SURFACE_CURVE('',#704,(#707,#714),.PCURVE_S1.);
#704 = B_SPLINE_CURVE_WITH_KNOTS('',1,(#705,#706),.UNSPECIFIED.,.F.,.F.,
  (2,2),(0.,1.),.PIECEWISE_BEZIER_KNOTS.);
#705 = CARTESIAN_POINT('',(-130.8200247845,-88.74924557076,-5.12));
#706 = CARTESIAN_POINT('',(-124.3378127933,-81.60535049662,32.));
#707 = PCURVE('',#108,#708);
#708 = DEFINITIONAL_REPRESENTATION('',(#709),#713);
#709 = LINE('',#710,#711);
#710 = CARTESIAN_POINT('',(49.498356694791,0.));
#711 = VECTOR('',#712,1.);
#712 = DIRECTION('',(0.,1.));
#713 = ( GEOMETRIC_REPRESENTATION_CONTEXT(2) 
PARAMETRIC_REPRESENTATION_CONTEXT() REPRESENTATION_CONTEXT('2D SPACE',''
  ) );
#714 = PCURVE('',#673,#715);
#715 = DEFINITIONAL_REPRESENTATION('',(#716),#720);
#716 = LINE('',#717,#718);
#717 = CARTESIAN_POINT('',(0.913326394395,0.));
#718 = VECTOR('',#719,1.);
#719 = DIRECTION('',(0.,1.));
#720 = ( GEOMETRIC_REPRESENTATION_CONTEXT(2) 
PARAMETRIC_REPRESENTATION_CONTEXT() REPRESENTATION_CONTEXT('2D SPACE',''
  ) );
#721 = ORIENTED_EDGE('',*,*,#722,.F.);
#722 = EDGE_CURVE('',#723,#701,#725,.T.);
#723 = VERTEX_POINT('',#724);
#724 = CARTESIAN_POINT('',(-159.0928549378,-55.61976945047,32.));
#725 = SURFACE_CURVE('',#726,(#730,#736),.PCURVE_S1.);
#726 = LINE('',#727,#728);
#727 = CARTESIAN_POINT('',(-161.5,-53.82,32.));
#728 = VECTOR('',#729,1.);
#729 = DIRECTION('',(0.800891749437,-0.598809156313,-0.));
#730 = PCURVE('',#108,#731);
#731 = DEFINITIONAL_REPRESENTATION('',(#732),#735);
#732 = B_SPLINE_CURVE_WITH_KNOTS('',1,(#733,#734),.UNSPECIFIED.,.F.,.F.,
  (2,2),(3.005581046148,46.401011413578),.PIECEWISE_BEZIER_KNOTS.);
#733 = CARTESIAN_POINT('',(2.94779836151,1.));
#734 = CARTESIAN_POINT('',(49.498356694791,1.));
#735 = ( GEOMETRIC_REPRESENTATION_CONTEXT(2) 
PARAMETRIC_REPRESENTATION_CONTEXT() REPRESENTATION_CONTEXT('2D SPACE',''
  ) );
#736 = PCURVE('',#737,#742);
#737 = PLANE('',#738);
#738 = AXIS2_PLACEMENT_3D('',#739,#740,#741);
#739 = CARTESIAN_POINT('',(-120.7449578554,-76.8,32.));
#740 = DIRECTION('',(0.,0.,-1.));
#741 = DIRECTION('',(-1.,0.,0.));
#742 = DEFINITIONAL_REPRESENTATION('',(#743),#747);
#743 = LINE('',#744,#745);
#744 = CARTESIAN_POINT('',(40.755042144537,22.98));
#745 = VECTOR('',#746,1.);
#746 = DIRECTION('',(-0.800891749437,-0.598809156313));
#747 = ( GEOMETRIC_REPRESENTATION_CONTEXT(2) 
PARAMETRIC_REPRESENTATION_CONTEXT() REPRESENTATION_CONTEXT('2D SPACE',''
  ) );
#748 = ORIENTED_EDGE('',*,*,#749,.F.);
#749 = EDGE_CURVE('',#93,#723,#750,.T.);
#750 = SURFACE_CURVE('',#751,(#754,#761),.PCURVE_S1.);
#751 = B_SPLINE_CURVE_WITH_KNOTS('',1,(#752,#753),.UNSPECIFIED.,.F.,.F.,
  (2,2),(0.,1.),.PIECEWISE_BEZIER_KNOTS.);
#752 = CARTESIAN_POINT('',(-167.666696948,-60.30144720925,-5.12));
#753 = CARTESIAN_POINT('',(-159.0928549378,-55.61976945047,32.));
#754 = PCURVE('',#108,#755);
#755 = DEFINITIONAL_REPRESENTATION('',(#756),#760);
#756 = LINE('',#757,#758);
#757 = CARTESIAN_POINT('',(2.94779836151,0.));
#758 = VECTOR('',#759,1.);
#759 = DIRECTION('',(0.,1.));
#760 = ( GEOMETRIC_REPRESENTATION_CONTEXT(2) 
PARAMETRIC_REPRESENTATION_CONTEXT() REPRESENTATION_CONTEXT('2D SPACE',''
  ) );
#761 = PCURVE('',#762,#779);
#762 = B_SPLINE_SURFACE_WITH_KNOTS('',7,1,(
    (#763,#764)
    ,(#765,#766)
    ,(#767,#768)
    ,(#769,#770)
    ,(#771,#772)
    ,(#773,#774)
    ,(#775,#776)
    ,(#777,#778
    )),.UNSPECIFIED.,.F.,.F.,.F.,(8,8),(2,2),(0.,0.928782943162),(0.,1.)
  ,.PIECEWISE_BEZIER_KNOTS.);
#763 = CARTESIAN_POINT('',(-170.,-55.55220163849,-5.12));
#764 = CARTESIAN_POINT('',(-161.5,-50.81441895385,32.));
#765 = CARTESIAN_POINT('',(-170.,-56.33505283368,-5.12));
#766 = CARTESIAN_POINT('',(-161.5,-51.61051861942,32.));
#767 = CARTESIAN_POINT('',(-169.8808334369,-57.1179039757,-5.12));
#768 = CARTESIAN_POINT('',(-161.3767658984,-52.40661822322,32.));
#769 = CARTESIAN_POINT('',(-169.6425012061,-57.87898787839,-5.12));
#770 = CARTESIAN_POINT('',(-161.1302987157,-53.17982669203,
    32.000000000001));
#771 = CARTESIAN_POINT('',(-169.2899701993,-58.59653561462,-5.12));
#772 = CARTESIAN_POINT('',(-160.7659099653,-53.90725093012,
    31.999999999999));
#773 = CARTESIAN_POINT('',(-168.8331898175,-59.25029600043,-5.12));
#774 = CARTESIAN_POINT('',(-160.2942404877,-54.56764877409,32.));
#775 = CARTESIAN_POINT('',(-168.2863557099,-59.82303419455,-5.12));
#776 = CARTESIAN_POINT('',(-159.7304445917,-55.14305768139,32.));
#777 = CARTESIAN_POINT('',(-167.666696948,-60.30144720925,-5.12));
#778 = CARTESIAN_POINT('',(-159.0928549378,-55.61976945047,32.));
#779 = DEFINITIONAL_REPRESENTATION('',(#780),#784);
#780 = LINE('',#781,#782);
#781 = CARTESIAN_POINT('',(0.928782943162,0.));
#782 = VECTOR('',#783,1.);
#783 = DIRECTION('',(0.,1.));
#784 = ( GEOMETRIC_REPRESENTATION_CONTEXT(2) 
PARAMETRIC_REPRESENTATION_CONTEXT() REPRESENTATION_CONTEXT('2D SPACE',''
  ) );
#785 = ADVANCED_FACE('',(#786),#133,.T.);
#786 = FACE_BOUND('',#787,.T.);
#787 = EDGE_LOOP('',(#788,#789,#790,#812));
#788 = ORIENTED_EDGE('',*,*,#610,.F.);
#789 = ORIENTED_EDGE('',*,*,#120,.T.);
#790 = ORIENTED_EDGE('',*,*,#791,.T.);
#791 = EDGE_CURVE('',#93,#792,#794,.T.);
#792 = VERTEX_POINT('',#793);
#793 = CARTESIAN_POINT('',(-170.,-55.55220163849,-5.12));
#794 = SURFACE_CURVE('',#795,(#800,#806),.PCURVE_S1.);
#795 = CIRCLE('',#796,6.);
#796 = AXIS2_PLACEMENT_3D('',#797,#798,#799);
#797 = CARTESIAN_POINT('',(-164.,-55.55220163849,-5.12));
#798 = DIRECTION('',(0.,0.,-1.));
#799 = DIRECTION('',(-1.,0.,0.));
#800 = PCURVE('',#133,#801);
#801 = DEFINITIONAL_REPRESENTATION('',(#802),#805);
#802 = B_SPLINE_CURVE_WITH_KNOTS('',1,(#803,#804),.UNSPECIFIED.,.F.,.F.,
  (2,2),(5.369858912784,6.28318530718),.PIECEWISE_BEZIER_KNOTS.);
#803 = CARTESIAN_POINT('',(0.936773607131,1.));
#804 = CARTESIAN_POINT('',(0.,1.));
#805 = ( GEOMETRIC_REPRESENTATION_CONTEXT(2) 
PARAMETRIC_REPRESENTATION_CONTEXT() REPRESENTATION_CONTEXT('2D SPACE',''
  ) );
#806 = PCURVE('',#762,#807);
#807 = DEFINITIONAL_REPRESENTATION('',(#808),#811);
#808 = B_SPLINE_CURVE_WITH_KNOTS('',1,(#809,#810),.UNSPECIFIED.,.F.,.F.,
  (2,2),(5.369858912784,6.28318530718),.PIECEWISE_BEZIER_KNOTS.);
#809 = CARTESIAN_POINT('',(0.928782943162,0.));
#810 = CARTESIAN_POINT('',(0.,0.));
#811 = ( GEOMETRIC_REPRESENTATION_CONTEXT(2) 
PARAMETRIC_REPRESENTATION_CONTEXT() REPRESENTATION_CONTEXT('2D SPACE',''
  ) );
#812 = ORIENTED_EDGE('',*,*,#813,.F.);
#813 = EDGE_CURVE('',#584,#792,#814,.T.);
#814 = SURFACE_CURVE('',#815,(#818,#825),.PCURVE_S1.);
#815 = B_SPLINE_CURVE_WITH_KNOTS('',1,(#816,#817),.UNSPECIFIED.,.F.,.F.,
  (2,2),(0.,1.),.PIECEWISE_BEZIER_KNOTS.);
#816 = CARTESIAN_POINT('',(-142.8,-43.88579649452,-32.));
#817 = CARTESIAN_POINT('',(-170.,-55.55220163849,-5.12));
#818 = PCURVE('',#133,#819);
#819 = DEFINITIONAL_REPRESENTATION('',(#820),#824);
#820 = LINE('',#821,#822);
#821 = CARTESIAN_POINT('',(0.,0.));
#822 = VECTOR('',#823,1.);
#823 = DIRECTION('',(0.,1.));
#824 = ( GEOMETRIC_REPRESENTATION_CONTEXT(2) 
PARAMETRIC_REPRESENTATION_CONTEXT() REPRESENTATION_CONTEXT('2D SPACE',''
  ) );
#825 = PCURVE('',#599,#826);
#826 = DEFINITIONAL_REPRESENTATION('',(#827),#831);
#827 = LINE('',#828,#829);
#828 = CARTESIAN_POINT('',(114.05220163849,0.));
#829 = VECTOR('',#830,1.);
#830 = DIRECTION('',(0.,1.));
#831 = ( GEOMETRIC_REPRESENTATION_CONTEXT(2) 
PARAMETRIC_REPRESENTATION_CONTEXT() REPRESENTATION_CONTEXT('2D SPACE',''
  ) );
#832 = ADVANCED_FACE('',(#833),#200,.T.);
#833 = FACE_BOUND('',#834,.T.);
#834 = EDGE_LOOP('',(#835,#836,#837,#859,#887,#954,#977,#1044));
#835 = ORIENTED_EDGE('',*,*,#636,.F.);
#836 = ORIENTED_EDGE('',*,*,#184,.T.);
#837 = ORIENTED_EDGE('',*,*,#838,.T.);
#838 = EDGE_CURVE('',#185,#839,#841,.T.);
#839 = VERTEX_POINT('',#840);
#840 = CARTESIAN_POINT('',(127.15332783652,-90.,-5.12));
#841 = SURFACE_CURVE('',#842,(#845,#852),.PCURVE_S1.);
#842 = B_SPLINE_CURVE_WITH_KNOTS('',1,(#843,#844),.UNSPECIFIED.,.F.,.F.,
  (2,2),(0.,1.),.PIECEWISE_BEZIER_KNOTS.);
#843 = CARTESIAN_POINT('',(106.63828323255,-72.,-32.));
#844 = CARTESIAN_POINT('',(127.15332783652,-90.,-5.12));
#845 = PCURVE('',#200,#846);
#846 = DEFINITIONAL_REPRESENTATION('',(#847),#851);
#847 = LINE('',#848,#849);
#848 = CARTESIAN_POINT('',(256.35332783652,0.));
#849 = VECTOR('',#850,1.);
#850 = DIRECTION('',(0.,1.));
#851 = ( GEOMETRIC_REPRESENTATION_CONTEXT(2) 
PARAMETRIC_REPRESENTATION_CONTEXT() REPRESENTATION_CONTEXT('2D SPACE',''
  ) );
#852 = PCURVE('',#228,#853);
#853 = DEFINITIONAL_REPRESENTATION('',(#854),#858);
#854 = LINE('',#855,#856);
#855 = CARTESIAN_POINT('',(1.570796326795,0.));
#856 = VECTOR('',#857,1.);
#857 = DIRECTION('',(0.,1.));
#858 = ( GEOMETRIC_REPRESENTATION_CONTEXT(2) 
PARAMETRIC_REPRESENTATION_CONTEXT() REPRESENTATION_CONTEXT('2D SPACE',''
  ) );
#859 = ORIENTED_EDGE('',*,*,#860,.F.);
#860 = EDGE_CURVE('',#861,#839,#863,.T.);
#861 = VERTEX_POINT('',#862);
#862 = CARTESIAN_POINT('',(118.72819436736,-90.,-5.12));
#863 = SURFACE_CURVE('',#864,(#868,#875),.PCURVE_S1.);
#864 = LINE('',#865,#866);
#865 = CARTESIAN_POINT('',(-129.2,-90.,-5.12));
#866 = VECTOR('',#867,1.);
#867 = DIRECTION('',(1.,0.,0.));
#868 = PCURVE('',#200,#869);
#869 = DEFINITIONAL_REPRESENTATION('',(#870),#874);
#870 = LINE('',#871,#872);
#871 = CARTESIAN_POINT('',(0.,1.));
#872 = VECTOR('',#873,1.);
#873 = DIRECTION('',(1.,0.));
#874 = ( GEOMETRIC_REPRESENTATION_CONTEXT(2) 
PARAMETRIC_REPRESENTATION_CONTEXT() REPRESENTATION_CONTEXT('2D SPACE',''
  ) );
#875 = PCURVE('',#876,#881);
#876 = B_SPLINE_SURFACE_WITH_KNOTS('',1,1,(
    (#877,#878)
    ,(#879,#880
    )),.UNSPECIFIED.,.F.,.F.,.F.,(2,2),(2,2),(2.04667216348,
    256.35332783652),(0.,1.),.PIECEWISE_BEZIER_KNOTS.);
#877 = CARTESIAN_POINT('',(-127.1533278365,-90.,-5.12));
#878 = CARTESIAN_POINT('',(-120.7449578554,-82.8,32.));
#879 = CARTESIAN_POINT('',(127.15332783652,-90.,-5.12));
#880 = CARTESIAN_POINT('',(120.74495785546,-82.8,32.));
#881 = DEFINITIONAL_REPRESENTATION('',(#882),#886);
#882 = LINE('',#883,#884);
#883 = CARTESIAN_POINT('',(0.,0.));
#884 = VECTOR('',#885,1.);
#885 = DIRECTION('',(1.,0.));
#886 = ( GEOMETRIC_REPRESENTATION_CONTEXT(2) 
PARAMETRIC_REPRESENTATION_CONTEXT() REPRESENTATION_CONTEXT('2D SPACE',''
  ) );
#887 = ORIENTED_EDGE('',*,*,#888,.T.);
#888 = EDGE_CURVE('',#861,#889,#891,.T.);
#889 = VERTEX_POINT('',#890);
#890 = CARTESIAN_POINT('',(112.47180563263,-90.,-5.12));
#891 = SURFACE_CURVE('',#892,(#909,#929),.PCURVE_S1.);
#892 = B_SPLINE_CURVE_WITH_KNOTS('',8,(#893,#894,#895,#896,#897,#898,
    #899,#900,#901,#902,#903,#904,#905,#906,#907,#908),.UNSPECIFIED.,.F.
  ,.F.,(9,7,9),(0.,0.377402770484,1.),.UNSPECIFIED.);
#893 = CARTESIAN_POINT('',(118.72819436736,-90.,-5.12));
#894 = CARTESIAN_POINT('',(118.41870742523,-89.87337795029,
    -5.309088927566));
#895 = CARTESIAN_POINT('',(118.09842360291,-89.76200019657,
    -5.475413039784));
#896 = CARTESIAN_POINT('',(117.77120554645,-89.66694079409,
    -5.617368414158));
#897 = CARTESIAN_POINT('',(117.4405239469,-89.58833359582,
    -5.734755163567));
#898 = CARTESIAN_POINT('',(117.10936736308,-89.52579251407,
    -5.828149845644));
#899 = CARTESIAN_POINT('',(116.78021654709,-89.47861817462,
    -5.898596859225));
#900 = CARTESIAN_POINT('',(116.45503937725,-89.44591393998,
    -5.947435182959));
#901 = CARTESIAN_POINT('',(115.60773008534,-89.39509379969,
    -6.02332659245));
#902 = CARTESIAN_POINT('',(115.09560633382,-89.40030090352,
    -6.015550650741));
#903 = CARTESIAN_POINT('',(114.60192670187,-89.4377356426,
    -5.959648107047));
#904 = CARTESIAN_POINT('',(114.12927263702,-89.50385130334,
    -5.860915387011));
#905 = CARTESIAN_POINT('',(113.67929009534,-89.59542635919,
    -5.724163303596));
#906 = CARTESIAN_POINT('',(113.25292830657,-89.70984806791,
    -5.553293551912));
#907 = CARTESIAN_POINT('',(112.85046615021,-89.84507659499,
    -5.351352284811));
#908 = CARTESIAN_POINT('',(112.47180563263,-90.,-5.12));
#909 = PCURVE('',#200,#910);
#910 = DEFINITIONAL_REPRESENTATION('',(#911),#928);
#911 = B_SPLINE_CURVE_WITH_KNOTS('',8,(#912,#913,#914,#915,#916,#917,
    #918,#919,#920,#921,#922,#923,#924,#925,#926,#927),.UNSPECIFIED.,.F.
  ,.F.,(9,7,9),(0.,0.377402770484,1.),.UNSPECIFIED.);
#912 = CARTESIAN_POINT('',(247.92819436736,1.));
#913 = CARTESIAN_POINT('',(247.75345949109,0.992965441683));
#914 = CARTESIAN_POINT('',(247.55125139852,0.986777788698));
#915 = CARTESIAN_POINT('',(247.32426018619,0.981496710783));
#916 = CARTESIAN_POINT('',(247.07585817129,0.977129644213));
#917 = CARTESIAN_POINT('',(246.80954865825,0.973655139671));
#918 = CARTESIAN_POINT('',(246.5286920806,0.971034343035));
#919 = CARTESIAN_POINT('',(246.23635088438,0.96921744111));
#920 = CARTESIAN_POINT('',(245.43811518389,0.966394099983));
#921 = CARTESIAN_POINT('',(244.91754599347,0.966683383529));
#922 = CARTESIAN_POINT('',(244.38192992982,0.968763091256));
#923 = CARTESIAN_POINT('',(243.83819674342,0.972436183519));
#924 = CARTESIAN_POINT('',(243.29189898633,0.977523686622));
#925 = CARTESIAN_POINT('',(242.74713632113,0.983880448218));
#926 = CARTESIAN_POINT('',(242.20664885169,0.991393144166));
#927 = CARTESIAN_POINT('',(241.67180563263,1.));
#928 = ( GEOMETRIC_REPRESENTATION_CONTEXT(2) 
PARAMETRIC_REPRESENTATION_CONTEXT() REPRESENTATION_CONTEXT('2D SPACE',''
  ) );
#929 = PCURVE('',#930,#935);
#930 = CYLINDRICAL_SURFACE('',#931,6.);
#931 = AXIS2_PLACEMENT_3D('',#932,#933,#934);
#932 = CARTESIAN_POINT('',(115.6,5.,-1.110223024625E-15));
#933 = DIRECTION('',(0.,-1.,2.22044604925E-16));
#934 = DIRECTION('',(1.,0.,0.));
#935 = DEFINITIONAL_REPRESENTATION('',(#936),#953);
#936 = B_SPLINE_CURVE_WITH_KNOTS('',8,(#937,#938,#939,#940,#941,#942,
    #943,#944,#945,#946,#947,#948,#949,#950,#951,#952),.UNSPECIFIED.,.F.
  ,.F.,(9,7,9),(0.,0.377402770484,1.),.UNSPECIFIED.);
#937 = CARTESIAN_POINT('',(5.260839612401,95.));
#938 = CARTESIAN_POINT('',(5.200392944017,94.873377950291));
#939 = CARTESIAN_POINT('',(5.140388924924,94.762000196573));
#940 = CARTESIAN_POINT('',(5.081179245682,94.666940794091));
#941 = CARTESIAN_POINT('',(5.02296051806,94.588333595826));
#942 = CARTESIAN_POINT('',(4.965854185383,94.525792514078));
#943 = CARTESIAN_POINT('',(4.909934035048,94.478618174626));
#944 = CARTESIAN_POINT('',(4.855227652193,94.445913939983));
#945 = CARTESIAN_POINT('',(4.713444117831,94.395093799698));
#946 = CARTESIAN_POINT('',(4.628545952413,94.400300903521));
#947 = CARTESIAN_POINT('',(4.546377977326,94.437735642603));
#948 = CARTESIAN_POINT('',(4.466573684137,94.503851303341));
#949 = CARTESIAN_POINT('',(4.388783595214,94.595426359199));
#950 = CARTESIAN_POINT('',(4.312682209177,94.709848067916));
#951 = CARTESIAN_POINT('',(4.237895480707,94.845076594993));
#952 = CARTESIAN_POINT('',(4.163938348368,95.));
#953 = ( GEOMETRIC_REPRESENTATION_CONTEXT(2) 
PARAMETRIC_REPRESENTATION_CONTEXT() REPRESENTATION_CONTEXT('2D SPACE',''
  ) );
#954 = ORIENTED_EDGE('',*,*,#955,.F.);
#955 = EDGE_CURVE('',#956,#889,#958,.T.);
#956 = VERTEX_POINT('',#957);
#957 = CARTESIAN_POINT('',(-112.4718056326,-90.,-5.12));
#958 = SURFACE_CURVE('',#959,(#963,#970),.PCURVE_S1.);
#959 = LINE('',#960,#961);
#960 = CARTESIAN_POINT('',(-129.2,-90.,-5.12));
#961 = VECTOR('',#962,1.);
#962 = DIRECTION('',(1.,0.,0.));
#963 = PCURVE('',#200,#964);
#964 = DEFINITIONAL_REPRESENTATION('',(#965),#969);
#965 = LINE('',#966,#967);
#966 = CARTESIAN_POINT('',(0.,1.));
#967 = VECTOR('',#968,1.);
#968 = DIRECTION('',(1.,0.));
#969 = ( GEOMETRIC_REPRESENTATION_CONTEXT(2) 
PARAMETRIC_REPRESENTATION_CONTEXT() REPRESENTATION_CONTEXT('2D SPACE',''
  ) );
#970 = PCURVE('',#876,#971);
#971 = DEFINITIONAL_REPRESENTATION('',(#972),#976);
#972 = LINE('',#973,#974);
#973 = CARTESIAN_POINT('',(0.,0.));
#974 = VECTOR('',#975,1.);
#975 = DIRECTION('',(1.,0.));
#976 = ( GEOMETRIC_REPRESENTATION_CONTEXT(2) 
PARAMETRIC_REPRESENTATION_CONTEXT() REPRESENTATION_CONTEXT('2D SPACE',''
  ) );
#977 = ORIENTED_EDGE('',*,*,#978,.T.);
#978 = EDGE_CURVE('',#956,#979,#981,.T.);
#979 = VERTEX_POINT('',#980);
#980 = CARTESIAN_POINT('',(-118.7281943673,-90.,-5.12));
#981 = SURFACE_CURVE('',#982,(#999,#1019),.PCURVE_S1.);
#982 = B_SPLINE_CURVE_WITH_KNOTS('',8,(#983,#984,#985,#986,#987,#988,
    #989,#990,#991,#992,#993,#994,#995,#996,#997,#998),.UNSPECIFIED.,.F.
  ,.F.,(9,7,9),(0.,0.624691358774,1.),.UNSPECIFIED.);
#983 = CARTESIAN_POINT('',(-112.4718056326,-90.,-5.12));
#984 = CARTESIAN_POINT('',(-112.8517454861,-89.84455317341,-5.3521339277
    ));
#985 = CARTESIAN_POINT('',(-113.2556359399,-89.70893950616,
    -5.554650337456));
#986 = CARTESIAN_POINT('',(-113.6835860238,-89.59427477482,
    -5.725883002934));
#987 = CARTESIAN_POINT('',(-114.1353191209,-89.50262219814,
    -5.862750850777));
#988 = CARTESIAN_POINT('',(-114.6098713407,-89.4366269051,
    -5.961303821709));
#989 = CARTESIAN_POINT('',(-115.1055687521,-89.39955046082,
    -6.016671311842));
#990 = CARTESIAN_POINT('',(-115.6197859964,-89.39497995763,
    -6.023496596599));
#991 = CARTESIAN_POINT('',(-116.4676466644,-89.44719109429,
    -5.945527965847));
#992 = CARTESIAN_POINT('',(-116.7911509513,-89.48019242831,
    -5.896245973718));
#993 = CARTESIAN_POINT('',(-117.1185365324,-89.52752879853,
    -5.825556994189));
#994 = CARTESIAN_POINT('',(-117.4478544746,-89.59007838375,
    -5.732149613597));
#995 = CARTESIAN_POINT('',(-117.7766523998,-89.66852421833,
    -5.615003833953));
#996 = CARTESIAN_POINT('',(-118.1019812279,-89.76323818806,
    -5.473564305829));
#997 = CARTESIAN_POINT('',(-118.4204240402,-89.87408027819,
    -5.308040117891));
#998 = CARTESIAN_POINT('',(-118.7281943673,-90.,-5.12));
#999 = PCURVE('',#200,#1000);
#1000 = DEFINITIONAL_REPRESENTATION('',(#1001),#1018);
#1001 = B_SPLINE_CURVE_WITH_KNOTS('',8,(#1002,#1003,#1004,#1005,#1006,
    #1007,#1008,#1009,#1010,#1011,#1012,#1013,#1014,#1015,#1016,#1017),
  .UNSPECIFIED.,.F.,.F.,(9,7,9),(0.,0.624691358774,1.),.UNSPECIFIED.);
#1002 = CARTESIAN_POINT('',(16.728194367363,1.));
#1003 = CARTESIAN_POINT('',(16.19154413611,0.99136406519));
#1004 = CARTESIAN_POINT('',(15.649228608452,0.983829972565));
#1005 = CARTESIAN_POINT('',(15.102613379937,0.977459709712));
#1006 = CARTESIAN_POINT('',(14.554463960221,0.972367899897));
#1007 = CARTESIAN_POINT('',(14.008933244858,0.968701494728));
#1008 = CARTESIAN_POINT('',(13.471650390396,0.966641692268));
#1009 = CARTESIAN_POINT('',(12.949639220822,0.966387775424));
#1010 = CARTESIAN_POINT('',(12.15232473661,0.969288394128));
#1011 = CARTESIAN_POINT('',(11.861985521718,0.971121801573));
#1012 = CARTESIAN_POINT('',(11.583082709465,0.973751599919));
#1013 = CARTESIAN_POINT('',(11.318637701773,0.977226576875));
#1014 = CARTESIAN_POINT('',(11.071962489179,0.981584678796));
#1015 = CARTESIAN_POINT('',(10.846503443878,0.986846566003));
#1016 = CARTESIAN_POINT('',(10.645571316102,0.9930044599));
#1017 = CARTESIAN_POINT('',(10.471805632637,1.));
#1018 = ( GEOMETRIC_REPRESENTATION_CONTEXT(2) 
PARAMETRIC_REPRESENTATION_CONTEXT() REPRESENTATION_CONTEXT('2D SPACE',''
  ) );
#1019 = PCURVE('',#1020,#1025);
#1020 = CYLINDRICAL_SURFACE('',#1021,6.);
#1021 = AXIS2_PLACEMENT_3D('',#1022,#1023,#1024);
#1022 = CARTESIAN_POINT('',(-115.6,5.,-1.110223024625E-15));
#1023 = DIRECTION('',(0.,-1.,2.22044604925E-16));
#1024 = DIRECTION('',(1.,0.,0.));
#1025 = DEFINITIONAL_REPRESENTATION('',(#1026),#1043);
#1026 = B_SPLINE_CURVE_WITH_KNOTS('',8,(#1027,#1028,#1029,#1030,#1031,
    #1032,#1033,#1034,#1035,#1036,#1037,#1038,#1039,#1040,#1041,#1042),
  .UNSPECIFIED.,.F.,.F.,(9,7,9),(0.,0.624691358774,1.),.UNSPECIFIED.);
#1027 = CARTESIAN_POINT('',(5.260839612401,95.));
#1028 = CARTESIAN_POINT('',(5.186632609754,94.844553173415));
#1029 = CARTESIAN_POINT('',(5.111592766191,94.708939506168));
#1030 = CARTESIAN_POINT('',(5.035227703395,94.594274774821));
#1031 = CARTESIAN_POINT('',(4.957159099811,94.50262219814));
#1032 = CARTESIAN_POINT('',(4.877058782633,94.436626905106));
#1033 = CARTESIAN_POINT('',(4.794574075033,94.39955046082));
#1034 = CARTESIAN_POINT('',(4.709335310857,94.394979957634));
#1035 = CARTESIAN_POINT('',(4.567428962663,94.447191094299));
#1036 = CARTESIAN_POINT('',(4.512985848579,94.480192428314));
#1037 = CARTESIAN_POINT('',(4.457342237868,94.527528798534));
#1038 = CARTESIAN_POINT('',(4.400526641685,94.590078383752));
#1039 = CARTESIAN_POINT('',(4.342612992832,94.668524218335));
#1040 = CARTESIAN_POINT('',(4.283722424127,94.763238188061));
#1041 = CARTESIAN_POINT('',(4.224049740375,94.874080278198));
#1042 = CARTESIAN_POINT('',(4.163938348368,95.));
#1043 = ( GEOMETRIC_REPRESENTATION_CONTEXT(2) 
PARAMETRIC_REPRESENTATION_CONTEXT() REPRESENTATION_CONTEXT('2D SPACE',''
  ) );
#1044 = ORIENTED_EDGE('',*,*,#1045,.F.);
#1045 = EDGE_CURVE('',#637,#979,#1046,.T.);
#1046 = SURFACE_CURVE('',#1047,(#1051,#1058),.PCURVE_S1.);
#1047 = LINE('',#1048,#1049);
#1048 = CARTESIAN_POINT('',(-129.2,-90.,-5.12));
#1049 = VECTOR('',#1050,1.);
#1050 = DIRECTION('',(1.,0.,0.));
#1051 = PCURVE('',#200,#1052);
#1052 = DEFINITIONAL_REPRESENTATION('',(#1053),#1057);
#1053 = LINE('',#1054,#1055);
#1054 = CARTESIAN_POINT('',(0.,1.));
#1055 = VECTOR('',#1056,1.);
#1056 = DIRECTION('',(1.,0.));
#1057 = ( GEOMETRIC_REPRESENTATION_CONTEXT(2) 
PARAMETRIC_REPRESENTATION_CONTEXT() REPRESENTATION_CONTEXT('2D SPACE',''
  ) );
#1058 = PCURVE('',#876,#1059);
#1059 = DEFINITIONAL_REPRESENTATION('',(#1060),#1064);
#1060 = LINE('',#1061,#1062);
#1061 = CARTESIAN_POINT('',(0.,0.));
#1062 = VECTOR('',#1063,1.);
#1063 = DIRECTION('',(1.,0.));
#1064 = ( GEOMETRIC_REPRESENTATION_CONTEXT(2) 
PARAMETRIC_REPRESENTATION_CONTEXT() REPRESENTATION_CONTEXT('2D SPACE',''
  ) );
#1065 = ADVANCED_FACE('',(#1066),#228,.T.);
#1066 = FACE_BOUND('',#1067,.T.);
#1067 = EDGE_LOOP('',(#1068,#1069,#1091,#1128));
#1068 = ORIENTED_EDGE('',*,*,#211,.F.);
#1069 = ORIENTED_EDGE('',*,*,#1070,.T.);
#1070 = EDGE_CURVE('',#212,#1071,#1073,.T.);
#1071 = VERTEX_POINT('',#1072);
#1072 = CARTESIAN_POINT('',(130.82002478453,-88.74924557076,-5.12));
#1073 = SURFACE_CURVE('',#1074,(#1077,#1084),.PCURVE_S1.);
#1074 = B_SPLINE_CURVE_WITH_KNOTS('',1,(#1075,#1076),.UNSPECIFIED.,.F.,
  .F.,(2,2),(0.,1.),.PIECEWISE_BEZIER_KNOTS.);
#1075 = CARTESIAN_POINT('',(110.0504522273,-70.88054983286,-32.));
#1076 = CARTESIAN_POINT('',(130.82002478453,-88.74924557076,-5.12));
#1077 = PCURVE('',#228,#1078);
#1078 = DEFINITIONAL_REPRESENTATION('',(#1079),#1083);
#1079 = LINE('',#1080,#1081);
#1080 = CARTESIAN_POINT('',(2.228266259194,0.));
#1081 = VECTOR('',#1082,1.);
#1082 = DIRECTION('',(0.,1.));
#1083 = ( GEOMETRIC_REPRESENTATION_CONTEXT(2) 
PARAMETRIC_REPRESENTATION_CONTEXT() REPRESENTATION_CONTEXT('2D SPACE',''
  ) );
#1084 = PCURVE('',#265,#1085);
#1085 = DEFINITIONAL_REPRESENTATION('',(#1086),#1090);
#1086 = LINE('',#1087,#1088);
#1087 = CARTESIAN_POINT('',(2.04667216348,0.));
#1088 = VECTOR('',#1089,1.);
#1089 = DIRECTION('',(0.,1.));
#1090 = ( GEOMETRIC_REPRESENTATION_CONTEXT(2) 
PARAMETRIC_REPRESENTATION_CONTEXT() REPRESENTATION_CONTEXT('2D SPACE',''
  ) );
#1091 = ORIENTED_EDGE('',*,*,#1092,.T.);
#1092 = EDGE_CURVE('',#1071,#839,#1093,.T.);
#1093 = SURFACE_CURVE('',#1094,(#1099,#1106),.PCURVE_S1.);
#1094 = CIRCLE('',#1095,6.);
#1095 = AXIS2_PLACEMENT_3D('',#1096,#1097,#1098);
#1096 = CARTESIAN_POINT('',(127.15332783652,-84.,-5.12));
#1097 = DIRECTION('',(0.,0.,-1.));
#1098 = DIRECTION('',(-1.,0.,0.));
#1099 = PCURVE('',#228,#1100);
#1100 = DEFINITIONAL_REPRESENTATION('',(#1101),#1105);
#1101 = LINE('',#1102,#1103);
#1102 = CARTESIAN_POINT('',(6.28318530718,1.));
#1103 = VECTOR('',#1104,1.);
#1104 = DIRECTION('',(-1.,0.));
#1105 = ( GEOMETRIC_REPRESENTATION_CONTEXT(2) 
PARAMETRIC_REPRESENTATION_CONTEXT() REPRESENTATION_CONTEXT('2D SPACE',''
  ) );
#1106 = PCURVE('',#1107,#1122);
#1107 = B_SPLINE_SURFACE_WITH_KNOTS('',6,1,(
    (#1108,#1109)
    ,(#1110,#1111)
    ,(#1112,#1113)
    ,(#1114,#1115)
    ,(#1116,#1117)
    ,(#1118,#1119)
    ,(#1120,#1121
    )),.UNSPECIFIED.,.F.,.F.,.F.,(7,7),(2,2),(1.570796326795,
    2.228266259194),(0.,1.),.PIECEWISE_BEZIER_KNOTS.);
#1108 = CARTESIAN_POINT('',(127.15332783652,-90.,-5.12));
#1109 = CARTESIAN_POINT('',(120.74495785546,-82.8,32.));
#1110 = CARTESIAN_POINT('',(127.81079776892,-90.,-5.12));
#1111 = CARTESIAN_POINT('',(121.38697123909,-82.8,32.));
#1112 = CARTESIAN_POINT('',(128.46826731531,-89.91354677524,-5.12));
#1113 = CARTESIAN_POINT('',(122.02898429519,-82.71756386039,32.));
#1114 = CARTESIAN_POINT('',(129.11152902929,-89.74063954466,-5.12));
#1115 = CARTESIAN_POINT('',(122.65776799874,-82.55269093492,32.));
#1116 = CARTESIAN_POINT('',(129.72636340605,-89.48439506726,-5.12));
#1117 = CARTESIAN_POINT('',(123.26008309649,-82.30821486161,32.));
#1118 = CARTESIAN_POINT('',(130.2996104238,-89.15103606985,-5.12));
#1119 = CARTESIAN_POINT('',(123.82362957136,-81.98979398921,32.));
#1120 = CARTESIAN_POINT('',(130.82002478453,-88.74924557076,-5.12));
#1121 = CARTESIAN_POINT('',(124.33781279333,-81.60535049662,32.));
#1122 = DEFINITIONAL_REPRESENTATION('',(#1123),#1127);
#1123 = LINE('',#1124,#1125);
#1124 = CARTESIAN_POINT('',(6.28318530718,0.));
#1125 = VECTOR('',#1126,1.);
#1126 = DIRECTION('',(-1.,0.));
#1127 = ( GEOMETRIC_REPRESENTATION_CONTEXT(2) 
PARAMETRIC_REPRESENTATION_CONTEXT() REPRESENTATION_CONTEXT('2D SPACE',''
  ) );
#1128 = ORIENTED_EDGE('',*,*,#838,.F.);
#1129 = ADVANCED_FACE('',(#1130),#265,.T.);
#1130 = FACE_BOUND('',#1131,.T.);
#1131 = EDGE_LOOP('',(#1132,#1133,#1155,#1181));
#1132 = ORIENTED_EDGE('',*,*,#249,.T.);
#1133 = ORIENTED_EDGE('',*,*,#1134,.T.);
#1134 = EDGE_CURVE('',#250,#1135,#1137,.T.);
#1135 = VERTEX_POINT('',#1136);
#1136 = CARTESIAN_POINT('',(167.66669694801,-60.30144720925,-5.12));
#1137 = SURFACE_CURVE('',#1138,(#1141,#1148),.PCURVE_S1.);
#1138 = B_SPLINE_CURVE_WITH_KNOTS('',1,(#1139,#1140),.UNSPECIFIED.,.F.,
  .F.,(2,2),(0.,1.),.PIECEWISE_BEZIER_KNOTS.);
#1139 = CARTESIAN_POINT('',(140.45216899475,-48.52634632738,-32.));
#1140 = CARTESIAN_POINT('',(167.66669694801,-60.30144720925,-5.12));
#1141 = PCURVE('',#265,#1142);
#1142 = DEFINITIONAL_REPRESENTATION('',(#1143),#1147);
#1143 = LINE('',#1144,#1145);
#1144 = CARTESIAN_POINT('',(48.597230496761,0.));
#1145 = VECTOR('',#1146,1.);
#1146 = DIRECTION('',(0.,1.));
#1147 = ( GEOMETRIC_REPRESENTATION_CONTEXT(2) 
PARAMETRIC_REPRESENTATION_CONTEXT() REPRESENTATION_CONTEXT('2D SPACE',''
  ) );
#1148 = PCURVE('',#293,#1149);
#1149 = DEFINITIONAL_REPRESENTATION('',(#1150),#1154);
#1150 = LINE('',#1151,#1152);
#1151 = CARTESIAN_POINT('',(2.204819046458,0.));
#1152 = VECTOR('',#1153,1.);
#1153 = DIRECTION('',(0.,1.));
#1154 = ( GEOMETRIC_REPRESENTATION_CONTEXT(2) 
PARAMETRIC_REPRESENTATION_CONTEXT() REPRESENTATION_CONTEXT('2D SPACE',''
  ) );
#1155 = ORIENTED_EDGE('',*,*,#1156,.F.);
#1156 = EDGE_CURVE('',#1071,#1135,#1157,.T.);
#1157 = SURFACE_CURVE('',#1158,(#1162,#1169),.PCURVE_S1.);
#1158 = LINE('',#1159,#1160);
#1159 = CARTESIAN_POINT('',(129.2,-90.,-5.12));
#1160 = VECTOR('',#1161,1.);
#1161 = DIRECTION('',(0.791540928461,0.611116158003,0.));
#1162 = PCURVE('',#265,#1163);
#1163 = DEFINITIONAL_REPRESENTATION('',(#1164),#1168);
#1164 = LINE('',#1165,#1166);
#1165 = CARTESIAN_POINT('',(0.,1.));
#1166 = VECTOR('',#1167,1.);
#1167 = DIRECTION('',(1.,0.));
#1168 = ( GEOMETRIC_REPRESENTATION_CONTEXT(2) 
PARAMETRIC_REPRESENTATION_CONTEXT() REPRESENTATION_CONTEXT('2D SPACE',''
  ) );
#1169 = PCURVE('',#1170,#1175);
#1170 = B_SPLINE_SURFACE_WITH_KNOTS('',1,1,(
    (#1171,#1172)
    ,(#1173,#1174
    )),.UNSPECIFIED.,.F.,.F.,.F.,(2,2),(2,2),(2.04667216348,
    48.597230496761),(0.,1.),.PIECEWISE_BEZIER_KNOTS.);
#1171 = CARTESIAN_POINT('',(130.82002478453,-88.74924557076,-5.12));
#1172 = CARTESIAN_POINT('',(124.33781279333,-81.60535049662,32.));
#1173 = CARTESIAN_POINT('',(167.66669694801,-60.30144720925,-5.12));
#1174 = CARTESIAN_POINT('',(159.09285493787,-55.61976945047,32.));
#1175 = DEFINITIONAL_REPRESENTATION('',(#1176),#1180);
#1176 = LINE('',#1177,#1178);
#1177 = CARTESIAN_POINT('',(0.,0.));
#1178 = VECTOR('',#1179,1.);
#1179 = DIRECTION('',(1.,0.));
#1180 = ( GEOMETRIC_REPRESENTATION_CONTEXT(2) 
PARAMETRIC_REPRESENTATION_CONTEXT() REPRESENTATION_CONTEXT('2D SPACE',''
  ) );
#1181 = ORIENTED_EDGE('',*,*,#1070,.F.);
#1182 = ADVANCED_FACE('',(#1183),#293,.T.);
#1183 = FACE_BOUND('',#1184,.T.);
#1184 = EDGE_LOOP('',(#1185,#1186,#1208,#1359,#1396));
#1185 = ORIENTED_EDGE('',*,*,#276,.F.);
#1186 = ORIENTED_EDGE('',*,*,#1187,.T.);
#1187 = EDGE_CURVE('',#277,#1188,#1190,.T.);
#1188 = VERTEX_POINT('',#1189);
#1189 = CARTESIAN_POINT('',(164.30789365843,-53.11078918616,
    -10.7451403846));
#1190 = SURFACE_CURVE('',#1191,(#1194,#1201),.PCURVE_S1.);
#1191 = B_SPLINE_CURVE_WITH_KNOTS('',1,(#1192,#1193),.UNSPECIFIED.,.F.,
  .F.,(2,2),(0.,1.),.PIECEWISE_BEZIER_KNOTS.);
#1192 = CARTESIAN_POINT('',(142.8,-43.88579649452,-32.));
#1193 = CARTESIAN_POINT('',(170.,-55.55220163849,-5.12));
#1194 = PCURVE('',#293,#1195);
#1195 = DEFINITIONAL_REPRESENTATION('',(#1196),#1200);
#1196 = LINE('',#1197,#1198);
#1197 = CARTESIAN_POINT('',(3.14159265359,0.));
#1198 = VECTOR('',#1199,1.);
#1199 = DIRECTION('',(0.,1.));
#1200 = ( GEOMETRIC_REPRESENTATION_CONTEXT(2) 
PARAMETRIC_REPRESENTATION_CONTEXT() REPRESENTATION_CONTEXT('2D SPACE',''
  ) );
#1201 = PCURVE('',#333,#1202);
#1202 = DEFINITIONAL_REPRESENTATION('',(#1203),#1207);
#1203 = LINE('',#1204,#1205);
#1204 = CARTESIAN_POINT('',(2.94779836151,0.));
#1205 = VECTOR('',#1206,1.);
#1206 = DIRECTION('',(0.,1.));
#1207 = ( GEOMETRIC_REPRESENTATION_CONTEXT(2) 
PARAMETRIC_REPRESENTATION_CONTEXT() REPRESENTATION_CONTEXT('2D SPACE',''
  ) );
#1208 = ORIENTED_EDGE('',*,*,#1209,.T.);
#1209 = EDGE_CURVE('',#1188,#1210,#1212,.T.);
#1210 = VERTEX_POINT('',#1211);
#1211 = CARTESIAN_POINT('',(168.32136754324,-59.71462671964,-5.12));
#1212 = SURFACE_CURVE('',#1213,(#1258,#1306),.PCURVE_S1.);
#1213 = B_SPLINE_CURVE_WITH_KNOTS('',7,(#1214,#1215,#1216,#1217,#1218,
    #1219,#1220,#1221,#1222,#1223,#1224,#1225,#1226,#1227,#1228,#1229,
    #1230,#1231,#1232,#1233,#1234,#1235,#1236,#1237,#1238,#1239,#1240,
    #1241,#1242,#1243,#1244,#1245,#1246,#1247,#1248,#1249,#1250,#1251,
    #1252,#1253,#1254,#1255,#1256,#1257),.UNSPECIFIED.,.F.,.F.,(8,6,6,6,
    6,6,6,8),(0.,4.606974335823E-02,0.251680929035,0.418349085272,
    0.527798508068,0.579078153703,0.671818808485,1.),.UNSPECIFIED.);
#1214 = CARTESIAN_POINT('',(164.30789365843,-53.11078918616,
    -10.7451403846));
#1215 = CARTESIAN_POINT('',(164.31075579695,-53.18665705158,
    -10.7423119183));
#1216 = CARTESIAN_POINT('',(164.31349763432,-53.26251012732,
    -10.73852266807));
#1217 = CARTESIAN_POINT('',(164.31614219892,-53.33833160218,
    -10.73377233274));
#1218 = CARTESIAN_POINT('',(164.31871222594,-53.41410487073,
    -10.7280610091));
#1219 = CARTESIAN_POINT('',(164.32123015741,-53.48981353337,
    -10.72138919194));
#1220 = CARTESIAN_POINT('',(164.32371814217,-53.56544139625,
    -10.71375777402));
#1221 = CARTESIAN_POINT('',(164.33726590503,-53.97807080908,
    -10.66683173222));
#1222 = CARTESIAN_POINT('',(164.34817065037,-54.31317683367,
    -10.60941432602));
#1223 = CARTESIAN_POINT('',(164.36086867711,-54.64499560871,
    -10.53302609523));
#1224 = CARTESIAN_POINT('',(164.37721923637,-54.97207529245,
    -10.43790809396));
#1225 = CARTESIAN_POINT('',(164.39912305861,-55.29281732485,
    -10.32451889574));
#1226 = CARTESIAN_POINT('',(164.42852427369,-55.6055117483,
    -10.19364331933));
#1227 = CARTESIAN_POINT('',(164.4986874057,-56.15391658472,
    -9.927267729122));
#1228 = CARTESIAN_POINT('',(164.53624546116,-56.39301291854,
    -9.797327600594));
#1229 = CARTESIAN_POINT('',(164.5809110894,-56.62456139466,
    -9.657452145277));
#1230 = CARTESIAN_POINT('',(164.63357760176,-56.84746188807,
    -9.508626483487));
#1231 = CARTESIAN_POINT('',(164.69498755716,-57.06069837259,
    -9.352095358301));
#1232 = CARTESIAN_POINT('',(164.76559371467,-57.2633963872,
    -9.189353836429));
#1233 = CARTESIAN_POINT('',(164.89774789947,-57.58062386713,
    -8.912273957766));
#1234 = CARTESIAN_POINT('',(164.9540960669,-57.7015607952,
    -8.800474169689));
#1235 = CARTESIAN_POINT('',(165.01440690255,-57.81750299137,
    -8.687177903451));
#1236 = CARTESIAN_POINT('',(165.07861763257,-57.92835835608,
    -8.572842972862));
#1237 = CARTESIAN_POINT('',(165.14660375259,-58.03411312049,
    -8.457896471646));
#1238 = CARTESIAN_POINT('',(165.21818492563,-58.13481565218,
    -8.3427254767));
#1239 = CARTESIAN_POINT('',(165.32825386689,-58.27541914317,
    -8.173770459051));
#1240 = CARTESIAN_POINT('',(165.36411261024,-58.31919202595,
    -8.119889743647));
#1241 = CARTESIAN_POINT('',(165.40069162571,-58.36189025822,
    -8.066065895257));
#1242 = CARTESIAN_POINT('',(165.43796804857,-58.40352790416,
    -8.012329204244));
#1243 = CARTESIAN_POINT('',(165.47591814323,-58.44412141429,
    -7.958706835607));
#1244 = CARTESIAN_POINT('',(165.51451766163,-58.48368911508,
    -7.905222910251));
#1245 = CARTESIAN_POINT('',(165.62468086512,-58.59199038701,
    -7.75546007422));
#1246 = CARTESIAN_POINT('',(165.69766306617,-58.65843827511,
    -7.659544760159));
#1247 = CARTESIAN_POINT('',(165.77254592276,-58.7217138409,
    -7.564275247823));
#1248 = CARTESIAN_POINT('',(165.84918573638,-58.7819491412,
    -7.469743109061));
#1249 = CARTESIAN_POINT('',(165.92744268841,-58.83928325995,
    -7.376012489483));
#1250 = CARTESIAN_POINT('',(166.00718553646,-58.89385675642,
    -7.283123714116));
#1251 = CARTESIAN_POINT('',(166.37532286473,-59.12963921143,
    -6.865441743701));
#1252 = CARTESIAN_POINT('',(166.67902020983,-59.28032037686,
    -6.551100325886));
#1253 = CARTESIAN_POINT('',(166.99484944293,-59.4046441306,
    -6.24797735597));
#1254 = CARTESIAN_POINT('',(167.31902400469,-59.50734723974,
    -5.954745998727));
#1255 = CARTESIAN_POINT('',(167.64899608749,-59.59173637604,
    -5.670061332283));
#1256 = CARTESIAN_POINT('',(167.98326443964,-59.66026503979,
    -5.392388788329));
#1257 = CARTESIAN_POINT('',(168.32136753857,-59.71462671964,-5.12));
#1258 = PCURVE('',#293,#1259);
#1259 = DEFINITIONAL_REPRESENTATION('',(#1260),#1305);
#1260 = B_SPLINE_CURVE_WITH_KNOTS('',7,(#1261,#1262,#1263,#1264,#1265,
    #1266,#1267,#1268,#1269,#1270,#1271,#1272,#1273,#1274,#1275,#1276,
    #1277,#1278,#1279,#1280,#1281,#1282,#1283,#1284,#1285,#1286,#1287,
    #1288,#1289,#1290,#1291,#1292,#1293,#1294,#1295,#1296,#1297,#1298,
    #1299,#1300,#1301,#1302,#1303,#1304),.UNSPECIFIED.,.F.,.F.,(8,6,6,6,
    6,6,6,8),(0.,4.606974335823E-02,0.251680929035,0.418349085272,
    0.527798508068,0.579078153703,0.671818808485,1.),.UNSPECIFIED.);
#1261 = CARTESIAN_POINT('',(3.14159265359,0.790731384501));
#1262 = CARTESIAN_POINT('',(3.128792114349,0.790836610182));
#1263 = CARTESIAN_POINT('',(3.11606567159,0.790977579313));
#1264 = CARTESIAN_POINT('',(3.10341297305,0.791154303097));
#1265 = CARTESIAN_POINT('',(3.090833766471,0.791366777935));
#1266 = CARTESIAN_POINT('',(3.078327899596,0.791614985419));
#1267 = CARTESIAN_POINT('',(3.065895320174,0.791898892335));
#1268 = CARTESIAN_POINT('',(2.998376253636,0.793644652819));
#1269 = CARTESIAN_POINT('',(2.944687525515,0.795780717038));
#1270 = CARTESIAN_POINT('',(2.892453513315,0.7986225411));
#1271 = CARTESIAN_POINT('',(2.841735600715,0.802161157219));
#1272 = CARTESIAN_POINT('',(2.79266879948,0.806379505367));
#1273 = CARTESIAN_POINT('',(2.745458156397,0.811248388418));
#1274 = CARTESIAN_POINT('',(2.663831922048,0.821158194601));
#1275 = CARTESIAN_POINT('',(2.628683040015,0.825992276764));
#1276 = CARTESIAN_POINT('',(2.595101482904,0.831195976738));
#1277 = CARTESIAN_POINT('',(2.563277345303,0.836732645704));
#1278 = CARTESIAN_POINT('',(2.53340977791,0.842555976254));
#1279 = CARTESIAN_POINT('',(2.505685450502,0.848610348347));
#1280 = CARTESIAN_POINT('',(2.463536983225,0.858918379547));
#1281 = CARTESIAN_POINT('',(2.447810595343,0.863077597854));
#1282 = CARTESIAN_POINT('',(2.43310412242,0.867292488711));
#1283 = CARTESIAN_POINT('',(2.419440689862,0.871546020355));
#1284 = CARTESIAN_POINT('',(2.406827856281,0.875822303882));
#1285 = CARTESIAN_POINT('',(2.395258959826,0.880106939111));
#1286 = CARTESIAN_POINT('',(2.379775353522,0.886392468041));
#1287 = CARTESIAN_POINT('',(2.375060184727,0.888396958942));
#1288 = CARTESIAN_POINT('',(2.370567740727,0.890399334254));
#1289 = CARTESIAN_POINT('',(2.366295331199,0.892398467104));
#1290 = CARTESIAN_POINT('',(2.362239728568,0.89439334689));
#1291 = CARTESIAN_POINT('',(2.358397262924,0.896383076256));
#1292 = CARTESIAN_POINT('',(2.348192910372,0.901954610334));
#1293 = CARTESIAN_POINT('',(2.342305992669,0.905522888387));
#1294 = CARTESIAN_POINT('',(2.337079070998,0.909067141078));
#1295 = CARTESIAN_POINT('',(2.332484680777,0.912583961716));
#1296 = CARTESIAN_POINT('',(2.328493333275,0.916070963933));
#1297 = CARTESIAN_POINT('',(2.325074863224,0.91952664754));
#1298 = CARTESIAN_POINT('',(2.312025711873,0.935065411321));
#1299 = CARTESIAN_POINT('',(2.308671992067,0.946759660495));
#1300 = CARTESIAN_POINT('',(2.310758227456,0.958036556698));
#1301 = CARTESIAN_POINT('',(2.317159475065,0.968945461357));
#1302 = CARTESIAN_POINT('',(2.327062165053,0.979536408769));
#1303 = CARTESIAN_POINT('',(2.339882002967,0.989866488529));
#1304 = CARTESIAN_POINT('',(2.355245047217,1.));
#1305 = ( GEOMETRIC_REPRESENTATION_CONTEXT(2) 
PARAMETRIC_REPRESENTATION_CONTEXT() REPRESENTATION_CONTEXT('2D SPACE',''
  ) );
#1306 = PCURVE('',#1307,#1312);
#1307 = CYLINDRICAL_SURFACE('',#1308,7.);
#1308 = AXIS2_PLACEMENT_3D('',#1309,#1310,#1311);
#1309 = CARTESIAN_POINT('',(132.3,-52.85,-3.75));
#1310 = DIRECTION('',(1.,0.,-0.));
#1311 = DIRECTION('',(0.,-1.,0.));
#1312 = DEFINITIONAL_REPRESENTATION('',(#1313),#1358);
#1313 = B_SPLINE_CURVE_WITH_KNOTS('',7,(#1314,#1315,#1316,#1317,#1318,
    #1319,#1320,#1321,#1322,#1323,#1324,#1325,#1326,#1327,#1328,#1329,
    #1330,#1331,#1332,#1333,#1334,#1335,#1336,#1337,#1338,#1339,#1340,
    #1341,#1342,#1343,#1344,#1345,#1346,#1347,#1348,#1349,#1350,#1351,
    #1352,#1353,#1354,#1355,#1356,#1357),.UNSPECIFIED.,.F.,.F.,(8,6,6,6,
    6,6,6,8),(0.,4.606974335823E-02,0.251680929035,0.418349085272,
    0.527798508068,0.579078153703,0.671818808485,1.),.UNSPECIFIED.);
#1314 = CARTESIAN_POINT('',(1.533532105049,32.007893658432));
#1315 = CARTESIAN_POINT('',(1.522686309076,32.010755796955));
#1316 = CARTESIAN_POINT('',(1.511837512008,32.013497634326));
#1317 = CARTESIAN_POINT('',(1.50098602574,32.016142198922));
#1318 = CARTESIAN_POINT('',(1.490132133111,32.018712225943));
#1319 = CARTESIAN_POINT('',(1.4792760879,32.021230157413));
#1320 = CARTESIAN_POINT('',(1.468418114827,32.023718142178));
#1321 = CARTESIAN_POINT('',(1.409091092087,32.037265905032));
#1322 = CARTESIAN_POINT('',(1.360598582075,32.048170650371));
#1323 = CARTESIAN_POINT('',(1.312080359938,32.060868677118));
#1324 = CARTESIAN_POINT('',(1.263559887834,32.077219236377));
#1325 = CARTESIAN_POINT('',(1.21508515995,32.099123058615));
#1326 = CARTESIAN_POINT('',(1.16673503623,32.128524273697));
#1327 = CARTESIAN_POINT('',(1.079638582582,32.198687405709));
#1328 = CARTESIAN_POINT('',(1.040804189422,32.236245461168));
#1329 = CARTESIAN_POINT('',(1.002222837455,32.280911089407));
#1330 = CARTESIAN_POINT('',(0.964003814582,32.333577601761));
#1331 = CARTESIAN_POINT('',(0.926272326914,32.394987557165));
#1332 = CARTESIAN_POINT('',(0.889169241389,32.465593714675));
#1333 = CARTESIAN_POINT('',(0.828998305768,32.597747899474));
#1334 = CARTESIAN_POINT('',(0.805479601041,32.654096066905));
#1335 = CARTESIAN_POINT('',(0.782335491516,32.714406902559));
#1336 = CARTESIAN_POINT('',(0.759599562611,32.778617632579));
#1337 = CARTESIAN_POINT('',(0.737297625467,32.846603752593));
#1338 = CARTESIAN_POINT('',(0.715448696253,32.918184925636));
#1339 = CARTESIAN_POINT('',(0.684047688967,33.028253866896));
#1340 = CARTESIAN_POINT('',(0.674131175647,33.064112610248));
#1341 = CARTESIAN_POINT('',(0.664317466202,33.100691625717));
#1342 = CARTESIAN_POINT('',(0.654607111147,33.137968048579));
#1343 = CARTESIAN_POINT('',(0.645000244996,33.175918143238));
#1344 = CARTESIAN_POINT('',(0.635496633821,33.214517661635));
#1345 = CARTESIAN_POINT('',(0.609093915749,33.324680865124));
#1346 = CARTESIAN_POINT('',(0.59242823992,33.39766306617));
#1347 = CARTESIAN_POINT('',(0.576094850826,33.472545922762));
#1348 = CARTESIAN_POINT('',(0.560086709814,33.549185736388));
#1349 = CARTESIAN_POINT('',(0.544394239199,33.627442688416));
#1350 = CARTESIAN_POINT('',(0.529005977372,33.707185536465));
#1351 = CARTESIAN_POINT('',(0.460486414472,34.075322864736));
#1352 = CARTESIAN_POINT('',(0.410799140368,34.379020209838));
#1353 = CARTESIAN_POINT('',(0.364109921069,34.694849442938));
#1354 = CARTESIAN_POINT('',(0.319826653582,35.019024004699));
#1355 = CARTESIAN_POINT('',(0.277482158981,35.348996087496));
#1356 = CARTESIAN_POINT('',(0.236665827304,35.683264439645));
#1357 = CARTESIAN_POINT('',(0.19698576902,36.021367538576));
#1358 = ( GEOMETRIC_REPRESENTATION_CONTEXT(2) 
PARAMETRIC_REPRESENTATION_CONTEXT() REPRESENTATION_CONTEXT('2D SPACE',''
  ) );
#1359 = ORIENTED_EDGE('',*,*,#1360,.T.);
#1360 = EDGE_CURVE('',#1210,#1135,#1361,.T.);
#1361 = SURFACE_CURVE('',#1362,(#1367,#1373),.PCURVE_S1.);
#1362 = CIRCLE('',#1363,6.);
#1363 = AXIS2_PLACEMENT_3D('',#1364,#1365,#1366);
#1364 = CARTESIAN_POINT('',(164.,-55.55220163849,-5.12));
#1365 = DIRECTION('',(0.,0.,-1.));
#1366 = DIRECTION('',(-1.,0.,0.));
#1367 = PCURVE('',#293,#1368);
#1368 = DEFINITIONAL_REPRESENTATION('',(#1369),#1372);
#1369 = B_SPLINE_CURVE_WITH_KNOTS('',1,(#1370,#1371),.UNSPECIFIED.,.F.,
  .F.,(2,2),(3.14159265359,4.054919047985),.PIECEWISE_BEZIER_KNOTS.);
#1370 = CARTESIAN_POINT('',(3.14159265359,1.));
#1371 = CARTESIAN_POINT('',(2.204819046458,1.));
#1372 = ( GEOMETRIC_REPRESENTATION_CONTEXT(2) 
PARAMETRIC_REPRESENTATION_CONTEXT() REPRESENTATION_CONTEXT('2D SPACE',''
  ) );
#1373 = PCURVE('',#1374,#1391);
#1374 = B_SPLINE_SURFACE_WITH_KNOTS('',7,1,(
    (#1375,#1376)
    ,(#1377,#1378)
    ,(#1379,#1380)
    ,(#1381,#1382)
    ,(#1383,#1384)
    ,(#1385,#1386)
    ,(#1387,#1388)
    ,(#1389,#1390
    )),.UNSPECIFIED.,.F.,.F.,.F.,(8,8),(2,2),(2.212809710427,
    3.14159265359),(0.,1.),.PIECEWISE_BEZIER_KNOTS.);
#1375 = CARTESIAN_POINT('',(167.66669694801,-60.30144720925,-5.12));
#1376 = CARTESIAN_POINT('',(159.09285493787,-55.61976945047,32.));
#1377 = CARTESIAN_POINT('',(168.2863557099,-59.82303419455,-5.12));
#1378 = CARTESIAN_POINT('',(159.73044459175,-55.14305768139,32.));
#1379 = CARTESIAN_POINT('',(168.83318981756,-59.25029600043,-5.12));
#1380 = CARTESIAN_POINT('',(160.29424048777,-54.56764877409,32.));
#1381 = CARTESIAN_POINT('',(169.28997019929,-58.59653561462,-5.12));
#1382 = CARTESIAN_POINT('',(160.76590996533,-53.90725093013,
    32.000000000001));
#1383 = CARTESIAN_POINT('',(169.64250120616,-57.87898787839,-5.12));
#1384 = CARTESIAN_POINT('',(161.13029871575,-53.17982669203,
    31.999999999999));
#1385 = CARTESIAN_POINT('',(169.88083343699,-57.1179039757,-5.12));
#1386 = CARTESIAN_POINT('',(161.37676589842,-52.40661822322,32.));
#1387 = CARTESIAN_POINT('',(170.,-56.33505283368,-5.12));
#1388 = CARTESIAN_POINT('',(161.5,-51.61051861942,32.));
#1389 = CARTESIAN_POINT('',(170.,-55.55220163849,-5.12));
#1390 = CARTESIAN_POINT('',(161.5,-50.81441895385,32.));
#1391 = DEFINITIONAL_REPRESENTATION('',(#1392),#1395);
#1392 = B_SPLINE_CURVE_WITH_KNOTS('',1,(#1393,#1394),.UNSPECIFIED.,.F.,
  .F.,(2,2),(3.14159265359,4.054919047985),.PIECEWISE_BEZIER_KNOTS.);
#1393 = CARTESIAN_POINT('',(3.14159265359,0.));
#1394 = CARTESIAN_POINT('',(2.212809710427,0.));
#1395 = ( GEOMETRIC_REPRESENTATION_CONTEXT(2) 
PARAMETRIC_REPRESENTATION_CONTEXT() REPRESENTATION_CONTEXT('2D SPACE',''
  ) );
#1396 = ORIENTED_EDGE('',*,*,#1134,.F.);
#1397 = ADVANCED_FACE('',(#1398),#333,.T.);
#1398 = FACE_BOUND('',#1399,.T.);
#1399 = EDGE_LOOP('',(#1400,#1401,#1402,#1424,#1461,#1486));
#1400 = ORIENTED_EDGE('',*,*,#1187,.F.);
#1401 = ORIENTED_EDGE('',*,*,#317,.T.);
#1402 = ORIENTED_EDGE('',*,*,#1403,.T.);
#1403 = EDGE_CURVE('',#318,#1404,#1406,.T.);
#1404 = VERTEX_POINT('',#1405);
#1405 = CARTESIAN_POINT('',(164.30789365843,53.110789186164,
    -10.7451403846));
#1406 = SURFACE_CURVE('',#1407,(#1410,#1417),.PCURVE_S1.);
#1407 = B_SPLINE_CURVE_WITH_KNOTS('',1,(#1408,#1409),.UNSPECIFIED.,.F.,
  .F.,(2,2),(0.,1.),.PIECEWISE_BEZIER_KNOTS.);
#1408 = CARTESIAN_POINT('',(142.8,43.885796494529,-32.));
#1409 = CARTESIAN_POINT('',(170.,55.55220163849,-5.12));
#1410 = PCURVE('',#333,#1411);
#1411 = DEFINITIONAL_REPRESENTATION('',(#1412),#1416);
#1412 = LINE('',#1413,#1414);
#1413 = CARTESIAN_POINT('',(114.05220163849,0.));
#1414 = VECTOR('',#1415,1.);
#1415 = DIRECTION('',(0.,1.));
#1416 = ( GEOMETRIC_REPRESENTATION_CONTEXT(2) 
PARAMETRIC_REPRESENTATION_CONTEXT() REPRESENTATION_CONTEXT('2D SPACE',''
  ) );
#1417 = PCURVE('',#361,#1418);
#1418 = DEFINITIONAL_REPRESENTATION('',(#1419),#1423);
#1419 = LINE('',#1420,#1421);
#1420 = CARTESIAN_POINT('',(3.14159265359,0.));
#1421 = VECTOR('',#1422,1.);
#1422 = DIRECTION('',(0.,1.));
#1423 = ( GEOMETRIC_REPRESENTATION_CONTEXT(2) 
PARAMETRIC_REPRESENTATION_CONTEXT() REPRESENTATION_CONTEXT('2D SPACE',''
  ) );
#1424 = ORIENTED_EDGE('',*,*,#1425,.T.);
#1425 = EDGE_CURVE('',#1404,#1426,#1428,.T.);
#1426 = VERTEX_POINT('',#1427);
#1427 = CARTESIAN_POINT('',(164.30297619047,52.85,-10.75));
#1428 = SURFACE_CURVE('',#1429,(#1436,#1446),.PCURVE_S1.);
#1429 = B_SPLINE_CURVE_WITH_KNOTS('',3,(#1430,#1431,#1432,#1433,#1434,
    #1435),.UNSPECIFIED.,.F.,.F.,(4,1,1,4),(0.,0.411708074111,
    0.821862266767,1.),.UNSPECIFIED.);
#1430 = CARTESIAN_POINT('',(164.30789365843,53.110789186164,
    -10.7451403846));
#1431 = CARTESIAN_POINT('',(164.30654127524,53.074941017116,
    -10.7464768574));
#1432 = CARTESIAN_POINT('',(164.30439583257,53.003243347883,
    -10.74859705957));
#1433 = CARTESIAN_POINT('',(164.30314673194,52.916397953921,
    -10.74983146489));
#1434 = CARTESIAN_POINT('',(164.30297619047,52.865437337572,-10.75));
#1435 = CARTESIAN_POINT('',(164.30297619047,52.85,-10.75));
#1436 = PCURVE('',#333,#1437);
#1437 = DEFINITIONAL_REPRESENTATION('',(#1438),#1445);
#1438 = B_SPLINE_CURVE_WITH_KNOTS('',3,(#1439,#1440,#1441,#1442,#1443,
    #1444),.UNSPECIFIED.,.F.,.F.,(4,1,1,4),(0.,0.411708074111,
    0.821862266767,1.),.UNSPECIFIED.);
#1439 = CARTESIAN_POINT('',(114.05220163849,0.790731384501));
#1440 = CARTESIAN_POINT('',(114.01531230758,0.790681664531));
#1441 = CARTESIAN_POINT('',(113.94127890357,0.790602787962));
#1442 = CARTESIAN_POINT('',(113.85099656004,0.790556865145));
#1443 = CARTESIAN_POINT('',(113.79776739471,0.790550595238));
#1444 = CARTESIAN_POINT('',(113.78161978778,0.790550595238));
#1445 = ( GEOMETRIC_REPRESENTATION_CONTEXT(2) 
PARAMETRIC_REPRESENTATION_CONTEXT() REPRESENTATION_CONTEXT('2D SPACE',''
  ) );
#1446 = PCURVE('',#1447,#1452);
#1447 = CYLINDRICAL_SURFACE('',#1448,7.);
#1448 = AXIS2_PLACEMENT_3D('',#1449,#1450,#1451);
#1449 = CARTESIAN_POINT('',(132.3,52.85,-3.75));
#1450 = DIRECTION('',(1.,0.,-0.));
#1451 = DIRECTION('',(0.,1.,0.));
#1452 = DEFINITIONAL_REPRESENTATION('',(#1453),#1460);
#1453 = B_SPLINE_CURVE_WITH_KNOTS('',3,(#1454,#1455,#1456,#1457,#1458,
    #1459),.UNSPECIFIED.,.F.,.F.,(4,1,1,4),(0.,0.411708074111,
    0.821862266767,1.),.UNSPECIFIED.);
#1454 = CARTESIAN_POINT('',(-1.533532105049,32.007893658432));
#1455 = CARTESIAN_POINT('',(-1.538656829798,32.006541275245));
#1456 = CARTESIAN_POINT('',(-1.548903528926,32.004395832572));
#1457 = CARTESIAN_POINT('',(-1.561310904368,32.003146731948));
#1458 = CARTESIAN_POINT('',(-1.568590992856,32.002976190476));
#1459 = CARTESIAN_POINT('',(-1.570796326795,32.002976190476));
#1460 = ( GEOMETRIC_REPRESENTATION_CONTEXT(2) 
PARAMETRIC_REPRESENTATION_CONTEXT() REPRESENTATION_CONTEXT('2D SPACE',''
  ) );
#1461 = ORIENTED_EDGE('',*,*,#1462,.T.);
#1462 = EDGE_CURVE('',#1426,#1463,#1465,.T.);
#1463 = VERTEX_POINT('',#1464);
#1464 = CARTESIAN_POINT('',(164.30297619047,-52.85,-10.75));
#1465 = SURFACE_CURVE('',#1466,(#1469,#1475),.PCURVE_S1.);
#1466 = B_SPLINE_CURVE_WITH_KNOTS('',1,(#1467,#1468),.UNSPECIFIED.,.F.,
  .F.,(2,2),(0.,1.),.PIECEWISE_BEZIER_KNOTS.);
#1467 = CARTESIAN_POINT('',(164.30297619047,52.85,-10.75));
#1468 = CARTESIAN_POINT('',(164.30297619047,-52.85,-10.75));
#1469 = PCURVE('',#333,#1470);
#1470 = DEFINITIONAL_REPRESENTATION('',(#1471),#1474);
#1471 = B_SPLINE_CURVE_WITH_KNOTS('',1,(#1472,#1473),.UNSPECIFIED.,.F.,
  .F.,(2,2),(0.,1.),.PIECEWISE_BEZIER_KNOTS.);
#1472 = CARTESIAN_POINT('',(113.78161978778,0.790550595238));
#1473 = CARTESIAN_POINT('',(3.218380212211,0.790550595238));
#1474 = ( GEOMETRIC_REPRESENTATION_CONTEXT(2) 
PARAMETRIC_REPRESENTATION_CONTEXT() REPRESENTATION_CONTEXT('2D SPACE',''
  ) );
#1475 = PCURVE('',#1476,#1481);
#1476 = PLANE('',#1477);
#1477 = AXIS2_PLACEMENT_3D('',#1478,#1479,#1480);
#1478 = CARTESIAN_POINT('',(132.3,-59.85,-10.75));
#1479 = DIRECTION('',(0.,0.,1.));
#1480 = DIRECTION('',(1.,0.,-0.));
#1481 = DEFINITIONAL_REPRESENTATION('',(#1482),#1485);
#1482 = B_SPLINE_CURVE_WITH_KNOTS('',1,(#1483,#1484),.UNSPECIFIED.,.F.,
  .F.,(2,2),(0.,1.),.PIECEWISE_BEZIER_KNOTS.);
#1483 = CARTESIAN_POINT('',(32.002976190476,112.7));
#1484 = CARTESIAN_POINT('',(32.002976190476,7.));
#1485 = ( GEOMETRIC_REPRESENTATION_CONTEXT(2) 
PARAMETRIC_REPRESENTATION_CONTEXT() REPRESENTATION_CONTEXT('2D SPACE',''
  ) );
#1486 = ORIENTED_EDGE('',*,*,#1487,.T.);
#1487 = EDGE_CURVE('',#1463,#1188,#1488,.T.);
#1488 = SURFACE_CURVE('',#1489,(#1495,#1504),.PCURVE_S1.);
#1489 = B_SPLINE_CURVE_WITH_KNOTS('',4,(#1490,#1491,#1492,#1493,#1494),
  .UNSPECIFIED.,.F.,.F.,(5,5),(0.,1.),.PIECEWISE_BEZIER_KNOTS.);
#1490 = CARTESIAN_POINT('',(164.30297619047,-52.85,-10.75));
#1491 = CARTESIAN_POINT('',(164.30297619047,-52.91494734905,-10.75));
#1492 = CARTESIAN_POINT('',(164.30378919564,-52.98007344285,
    -10.74919655959));
#1493 = CARTESIAN_POINT('',(164.30542538933,-53.04536177725,
    -10.74757961524));
#1494 = CARTESIAN_POINT('',(164.30789365843,-53.11078918616,
    -10.7451403846));
#1495 = PCURVE('',#333,#1496);
#1496 = DEFINITIONAL_REPRESENTATION('',(#1497),#1503);
#1497 = B_SPLINE_CURVE_WITH_KNOTS('',4,(#1498,#1499,#1500,#1501,#1502),
  .UNSPECIFIED.,.F.,.F.,(5,5),(0.,1.),.PIECEWISE_BEZIER_KNOTS.);
#1498 = CARTESIAN_POINT('',(3.218380212211,0.790550595238));
#1499 = CARTESIAN_POINT('',(3.150444646337,0.790550595238));
#1500 = CARTESIAN_POINT('',(3.08268508608,0.790580485134));
#1501 = CARTESIAN_POINT('',(3.015126021505,0.790640639314));
#1502 = CARTESIAN_POINT('',(2.94779836151,0.790731384501));
#1503 = ( GEOMETRIC_REPRESENTATION_CONTEXT(2) 
PARAMETRIC_REPRESENTATION_CONTEXT() REPRESENTATION_CONTEXT('2D SPACE',''
  ) );
#1504 = PCURVE('',#1307,#1505);
#1505 = DEFINITIONAL_REPRESENTATION('',(#1506),#1512);
#1506 = B_SPLINE_CURVE_WITH_KNOTS('',4,(#1507,#1508,#1509,#1510,#1511),
  .UNSPECIFIED.,.F.,.F.,(5,5),(0.,1.),.PIECEWISE_BEZIER_KNOTS.);
#1507 = CARTESIAN_POINT('',(1.570796326795,32.002976190476));
#1508 = CARTESIAN_POINT('',(1.561518134073,32.002976190476));
#1509 = CARTESIAN_POINT('',(1.552214406568,32.003789195647));
#1510 = CARTESIAN_POINT('',(1.542885371075,32.005425389337));
#1511 = CARTESIAN_POINT('',(1.533532105049,32.007893658432));
#1512 = ( GEOMETRIC_REPRESENTATION_CONTEXT(2) 
PARAMETRIC_REPRESENTATION_CONTEXT() REPRESENTATION_CONTEXT('2D SPACE',''
  ) );
#1513 = ADVANCED_FACE('',(#1514),#361,.T.);
#1514 = FACE_BOUND('',#1515,.T.);
#1515 = EDGE_LOOP('',(#1516,#1517,#1539,#1578,#1722));
#1516 = ORIENTED_EDGE('',*,*,#344,.F.);
#1517 = ORIENTED_EDGE('',*,*,#1518,.T.);
#1518 = EDGE_CURVE('',#345,#1519,#1521,.T.);
#1519 = VERTEX_POINT('',#1520);
#1520 = CARTESIAN_POINT('',(167.66669694801,60.301447209253,-5.12));
#1521 = SURFACE_CURVE('',#1522,(#1525,#1532),.PCURVE_S1.);
#1522 = B_SPLINE_CURVE_WITH_KNOTS('',1,(#1523,#1524),.UNSPECIFIED.,.F.,
  .F.,(2,2),(0.,1.),.PIECEWISE_BEZIER_KNOTS.);
#1523 = CARTESIAN_POINT('',(140.45216899475,48.526346327389,-32.));
#1524 = CARTESIAN_POINT('',(167.66669694801,60.301447209253,-5.12));
#1525 = PCURVE('',#361,#1526);
#1526 = DEFINITIONAL_REPRESENTATION('',(#1527),#1531);
#1527 = LINE('',#1528,#1529);
#1528 = CARTESIAN_POINT('',(4.078366260721,0.));
#1529 = VECTOR('',#1530,1.);
#1530 = DIRECTION('',(0.,1.));
#1531 = ( GEOMETRIC_REPRESENTATION_CONTEXT(2) 
PARAMETRIC_REPRESENTATION_CONTEXT() REPRESENTATION_CONTEXT('2D SPACE',''
  ) );
#1532 = PCURVE('',#401,#1533);
#1533 = DEFINITIONAL_REPRESENTATION('',(#1534),#1538);
#1534 = LINE('',#1535,#1536);
#1535 = CARTESIAN_POINT('',(2.94779836151,0.));
#1536 = VECTOR('',#1537,1.);
#1537 = DIRECTION('',(0.,1.));
#1538 = ( GEOMETRIC_REPRESENTATION_CONTEXT(2) 
PARAMETRIC_REPRESENTATION_CONTEXT() REPRESENTATION_CONTEXT('2D SPACE',''
  ) );
#1539 = ORIENTED_EDGE('',*,*,#1540,.T.);
#1540 = EDGE_CURVE('',#1519,#1541,#1543,.T.);
#1541 = VERTEX_POINT('',#1542);
#1542 = CARTESIAN_POINT('',(168.32136754324,59.71462671964,-5.12));
#1543 = SURFACE_CURVE('',#1544,(#1549,#1555),.PCURVE_S1.);
#1544 = CIRCLE('',#1545,6.);
#1545 = AXIS2_PLACEMENT_3D('',#1546,#1547,#1548);
#1546 = CARTESIAN_POINT('',(164.,55.55220163849,-5.12));
#1547 = DIRECTION('',(0.,0.,-1.));
#1548 = DIRECTION('',(-1.,0.,0.));
#1549 = PCURVE('',#361,#1550);
#1550 = DEFINITIONAL_REPRESENTATION('',(#1551),#1554);
#1551 = B_SPLINE_CURVE_WITH_KNOTS('',1,(#1552,#1553),.UNSPECIFIED.,.F.,
  .F.,(2,2),(2.228266259194,3.14159265359),.PIECEWISE_BEZIER_KNOTS.);
#1552 = CARTESIAN_POINT('',(4.078366260721,1.));
#1553 = CARTESIAN_POINT('',(3.14159265359,1.));
#1554 = ( GEOMETRIC_REPRESENTATION_CONTEXT(2) 
PARAMETRIC_REPRESENTATION_CONTEXT() REPRESENTATION_CONTEXT('2D SPACE',''
  ) );
#1555 = PCURVE('',#1556,#1573);
#1556 = B_SPLINE_SURFACE_WITH_KNOTS('',7,1,(
    (#1557,#1558)
    ,(#1559,#1560)
    ,(#1561,#1562)
    ,(#1563,#1564)
    ,(#1565,#1566)
    ,(#1567,#1568)
    ,(#1569,#1570)
    ,(#1571,#1572
    )),.UNSPECIFIED.,.F.,.F.,.F.,(8,8),(2,2),(3.14159265359,
    4.070375596752),(0.,1.),.PIECEWISE_BEZIER_KNOTS.);
#1557 = CARTESIAN_POINT('',(170.,55.55220163849,-5.12));
#1558 = CARTESIAN_POINT('',(161.5,50.814418953852,32.));
#1559 = CARTESIAN_POINT('',(170.,56.335052833686,-5.12));
#1560 = CARTESIAN_POINT('',(161.5,51.61051861942,32.));
#1561 = CARTESIAN_POINT('',(169.88083343698,57.117903975707,-5.12));
#1562 = CARTESIAN_POINT('',(161.37676589841,52.406618223221,
    31.999999999999));
#1563 = CARTESIAN_POINT('',(169.64250120616,57.8789878784,-5.12));
#1564 = CARTESIAN_POINT('',(161.13029871575,53.179826692034,
    32.000000000001));
#1565 = CARTESIAN_POINT('',(169.28997019929,58.596535614624,-5.12));
#1566 = CARTESIAN_POINT('',(160.76590996532,53.907250930128,
    31.999999999999));
#1567 = CARTESIAN_POINT('',(168.83318981756,59.250296000432,-5.12));
#1568 = CARTESIAN_POINT('',(160.29424048778,54.567648774097,32.));
#1569 = CARTESIAN_POINT('',(168.2863557099,59.823034194556,-5.12));
#1570 = CARTESIAN_POINT('',(159.73044459175,55.143057681394,32.));
#1571 = CARTESIAN_POINT('',(167.66669694801,60.301447209253,-5.12));
#1572 = CARTESIAN_POINT('',(159.09285493787,55.619769450473,32.));
#1573 = DEFINITIONAL_REPRESENTATION('',(#1574),#1577);
#1574 = B_SPLINE_CURVE_WITH_KNOTS('',1,(#1575,#1576),.UNSPECIFIED.,.F.,
  .F.,(2,2),(2.228266259194,3.14159265359),.PIECEWISE_BEZIER_KNOTS.);
#1575 = CARTESIAN_POINT('',(4.070375596752,0.));
#1576 = CARTESIAN_POINT('',(3.14159265359,0.));
#1577 = ( GEOMETRIC_REPRESENTATION_CONTEXT(2) 
PARAMETRIC_REPRESENTATION_CONTEXT() REPRESENTATION_CONTEXT('2D SPACE',''
  ) );
#1578 = ORIENTED_EDGE('',*,*,#1579,.T.);
#1579 = EDGE_CURVE('',#1541,#1404,#1580,.T.);
#1580 = SURFACE_CURVE('',#1581,(#1626,#1674),.PCURVE_S1.);
#1581 = B_SPLINE_CURVE_WITH_KNOTS('',7,(#1582,#1583,#1584,#1585,#1586,
    #1587,#1588,#1589,#1590,#1591,#1592,#1593,#1594,#1595,#1596,#1597,
    #1598,#1599,#1600,#1601,#1602,#1603,#1604,#1605,#1606,#1607,#1608,
    #1609,#1610,#1611,#1612,#1613,#1614,#1615,#1616,#1617,#1618,#1619,
    #1620,#1621,#1622,#1623,#1624,#1625),.UNSPECIFIED.,.F.,.F.,(8,6,6,6,
    6,6,6,8),(0.,0.327451073049,0.420945514665,0.472294025737,
    0.581750572491,0.74840179425,0.95400156194,1.),.UNSPECIFIED.);
#1582 = CARTESIAN_POINT('',(168.32136753857,59.71462671964,-5.12));
#1583 = CARTESIAN_POINT('',(167.98401843684,59.660386270725,
    -5.391781339348));
#1584 = CARTESIAN_POINT('',(167.65048179844,59.592041140336,
    -5.668827062761));
#1585 = CARTESIAN_POINT('',(167.32122180616,59.507909109665,
    -5.952849961639));
#1586 = CARTESIAN_POINT('',(166.99772989562,59.405555940069,
    -6.245372361748));
#1587 = CARTESIAN_POINT('',(166.6825321055,59.281700847014,
    -6.547731126374));
#1588 = CARTESIAN_POINT('',(166.37937687392,59.131648902789,
    -6.861246942628));
#1589 = CARTESIAN_POINT('',(166.01092722409,58.89641491827,-7.2787669078
    ));
#1590 = CARTESIAN_POINT('',(165.93047789755,58.841506568715,
    -7.372377381113));
#1591 = CARTESIAN_POINT('',(165.85153455935,58.783796987833,
    -7.466844716076));
#1592 = CARTESIAN_POINT('',(165.77423149463,58.723142142732,
    -7.562128139411));
#1593 = CARTESIAN_POINT('',(165.69871189075,58.659399438121,
    -7.658162354906));
#1594 = CARTESIAN_POINT('',(165.62512296396,58.592433471982,
    -7.754853789282));
#1595 = CARTESIAN_POINT('',(165.51433571946,58.483505590572,
    -7.905473154595));
#1596 = CARTESIAN_POINT('',(165.47568711046,58.443880523611,
    -7.959029451079));
#1597 = CARTESIAN_POINT('',(165.4376897597,58.4032268222,-8.012724477896
    ));
#1598 = CARTESIAN_POINT('',(165.40036801223,58.361526091484,
    -8.066534006664));
#1599 = CARTESIAN_POINT('',(165.36374569661,58.318761823758,
    -8.120430748636));
#1600 = CARTESIAN_POINT('',(165.32784576408,58.274919912331,
    -8.174384273076));
#1601 = CARTESIAN_POINT('',(165.21775033615,58.13421298218,
    -8.343419724277));
#1602 = CARTESIAN_POINT('',(165.14618299574,58.033477950582,
    -8.458597226608));
#1603 = CARTESIAN_POINT('',(165.07821198313,57.927689773619,
    -8.573548584227));
#1604 = CARTESIAN_POINT('',(165.01401751164,57.816800316215,
    -8.687886460066));
#1605 = CARTESIAN_POINT('',(164.9537238967,57.700823612942,
    -8.801183549885));
#1606 = CARTESIAN_POINT('',(164.89739367858,57.579852048241,
    -8.912981893421));
#1607 = CARTESIAN_POINT('',(164.76529927214,57.262569494761,
    -9.190024348861));
#1608 = CARTESIAN_POINT('',(164.69473255805,57.059855032332,
    -9.352728248167));
#1609 = CARTESIAN_POINT('',(164.6333591262,56.846606711553,
    -9.509218543921));
#1610 = CARTESIAN_POINT('',(164.58072557677,56.623699213415,
    -9.658001126819));
#1611 = CARTESIAN_POINT('',(164.53608906852,56.392148484467,
    -9.797832262585));
#1612 = CARTESIAN_POINT('',(164.49855628965,56.153054266718,
    -9.927727779854));
#1613 = CARTESIAN_POINT('',(164.42843956245,55.604648516554,
    -10.19401162697));
#1614 = CARTESIAN_POINT('',(164.39905842772,55.29195226138,
    -10.32483875525));
#1615 = CARTESIAN_POINT('',(164.37717002315,54.97121275937,
    -10.43817979978));
#1616 = CARTESIAN_POINT('',(164.36083059535,54.644139386374,
    -10.53325067071));
#1617 = CARTESIAN_POINT('',(164.34813981245,54.312330191473,
    -10.60959324737));
#1618 = CARTESIAN_POINT('',(164.3372387227,53.977236637857,
    -10.66696675579));
#1619 = CARTESIAN_POINT('',(164.32369501699,53.564738475296,
    -10.71382866907));
#1620 = CARTESIAN_POINT('',(164.32121065402,53.489227141041,
    -10.72144084446));
#1621 = CARTESIAN_POINT('',(164.31869630016,53.413635357309,
    -10.72809638429));
#1622 = CARTESIAN_POINT('',(164.31612990816,53.337979243465,
    -10.73379440171));
#1623 = CARTESIAN_POINT('',(164.31348913928,53.262275123624,
    -10.73853440545));
#1624 = CARTESIAN_POINT('',(164.31075136329,53.186539526651,
    -10.7423162998));
#1625 = CARTESIAN_POINT('',(164.30789365843,53.110789186164,
    -10.7451403846));
#1626 = PCURVE('',#361,#1627);
#1627 = DEFINITIONAL_REPRESENTATION('',(#1628),#1673);
#1628 = B_SPLINE_CURVE_WITH_KNOTS('',7,(#1629,#1630,#1631,#1632,#1633,
    #1634,#1635,#1636,#1637,#1638,#1639,#1640,#1641,#1642,#1643,#1644,
    #1645,#1646,#1647,#1648,#1649,#1650,#1651,#1652,#1653,#1654,#1655,
    #1656,#1657,#1658,#1659,#1660,#1661,#1662,#1663,#1664,#1665,#1666,
    #1667,#1668,#1669,#1670,#1671,#1672),.UNSPECIFIED.,.F.,.F.,(8,6,6,6,
    6,6,6,8),(0.,0.327451073049,0.420945514665,0.472294025737,
    0.581750572491,0.74840179425,0.95400156194,1.),.UNSPECIFIED.);
#1629 = CARTESIAN_POINT('',(3.927940259962,1.));
#1630 = CARTESIAN_POINT('',(3.943269043384,0.989889087078));
#1631 = CARTESIAN_POINT('',(3.956066188662,0.979582326534));
#1632 = CARTESIAN_POINT('',(3.965959849008,0.969015998451));
#1633 = CARTESIAN_POINT('',(3.972370062691,0.958133468685));
#1634 = CARTESIAN_POINT('',(3.974489789259,0.946885002739));
#1635 = CARTESIAN_POINT('',(3.971204062689,0.935221467908));
#1636 = CARTESIAN_POINT('',(3.958270419646,0.919688731109));
#1637 = CARTESIAN_POINT('',(3.954846712422,0.916206198619));
#1638 = CARTESIAN_POINT('',(3.950841733212,0.912691788836));
#1639 = CARTESIAN_POINT('',(3.946224560375,0.909147018623));
#1640 = CARTESIAN_POINT('',(3.940964951413,0.905574317154));
#1641 = CARTESIAN_POINT('',(3.935034741796,0.901977165577));
#1642 = CARTESIAN_POINT('',(3.924770423674,0.89637376657));
#1643 = CARTESIAN_POINT('',(3.920921912772,0.894381344826));
#1644 = CARTESIAN_POINT('',(3.916859678288,0.892383761983));
#1645 = CARTESIAN_POINT('',(3.912580036823,0.890381919395));
#1646 = CARTESIAN_POINT('',(3.908079749937,0.888376832268));
#1647 = CARTESIAN_POINT('',(3.903356119683,0.886369632698));
#1648 = CARTESIAN_POINT('',(3.887857521395,0.880081111448));
#1649 = CARTESIAN_POINT('',(3.876282499194,0.875796234129));
#1650 = CARTESIAN_POINT('',(3.863663364179,0.871519769932));
#1651 = CARTESIAN_POINT('',(3.84999350596,0.867266128718));
#1652 = CARTESIAN_POINT('',(3.835280540001,0.863051207222));
#1653 = CARTESIAN_POINT('',(3.81954764905,0.858892042655));
#1654 = CARTESIAN_POINT('',(3.777387124759,0.848585403688));
#1655 = CARTESIAN_POINT('',(3.7496580657,0.842532431244));
#1656 = CARTESIAN_POINT('',(3.719786724785,0.836710619646));
#1657 = CARTESIAN_POINT('',(3.68795978098,0.831175553318));
#1658 = CARTESIAN_POINT('',(3.654376326159,0.825973502136));
#1659 = CARTESIAN_POINT('',(3.619226345145,0.821141079619));
#1660 = CARTESIAN_POINT('',(3.537597043439,0.811234686496));
#1661 = CARTESIAN_POINT('',(3.490384601615,0.806367605831));
#1662 = CARTESIAN_POINT('',(3.441316653603,0.802151049115));
#1663 = CARTESIAN_POINT('',(3.390598077394,0.798614186358));
#1664 = CARTESIAN_POINT('',(3.338363745329,0.795774060738));
#1665 = CARTESIAN_POINT('',(3.2846749395,0.793639629621));
#1666 = CARTESIAN_POINT('',(3.217174430608,0.791896254871));
#1667 = CARTESIAN_POINT('',(3.204760543398,0.791613063822));
#1668 = CARTESIAN_POINT('',(3.192273595305,0.791365461894));
#1669 = CARTESIAN_POINT('',(3.179713533818,0.791153482079));
#1670 = CARTESIAN_POINT('',(3.167080207071,0.790977142654));
#1671 = CARTESIAN_POINT('',(3.15437336385,0.79083644718));
#1672 = CARTESIAN_POINT('',(3.14159265359,0.790731384501));
#1673 = ( GEOMETRIC_REPRESENTATION_CONTEXT(2) 
PARAMETRIC_REPRESENTATION_CONTEXT() REPRESENTATION_CONTEXT('2D SPACE',''
  ) );
#1674 = PCURVE('',#1447,#1675);
#1675 = DEFINITIONAL_REPRESENTATION('',(#1676),#1721);
#1676 = B_SPLINE_CURVE_WITH_KNOTS('',7,(#1677,#1678,#1679,#1680,#1681,
    #1682,#1683,#1684,#1685,#1686,#1687,#1688,#1689,#1690,#1691,#1692,
    #1693,#1694,#1695,#1696,#1697,#1698,#1699,#1700,#1701,#1702,#1703,
    #1704,#1705,#1706,#1707,#1708,#1709,#1710,#1711,#1712,#1713,#1714,
    #1715,#1716,#1717,#1718,#1719,#1720),.UNSPECIFIED.,.F.,.F.,(8,6,6,6,
    6,6,6,8),(0.,0.327451073049,0.420945514665,0.472294025737,
    0.581750572491,0.74840179425,0.95400156194,1.),.UNSPECIFIED.);
#1677 = CARTESIAN_POINT('',(-0.19698576902,36.021367538576));
#1678 = CARTESIAN_POINT('',(-0.236577337572,35.684018436842));
#1679 = CARTESIAN_POINT('',(-0.277300724482,35.350481798443));
#1680 = CARTESIAN_POINT('',(-0.319544635781,35.021221806167));
#1681 = CARTESIAN_POINT('',(-0.363716544036,34.697729895628));
#1682 = CARTESIAN_POINT('',(-0.410280268135,34.382532105505));
#1683 = CARTESIAN_POINT('',(-0.459823411589,34.07937687392));
#1684 = CARTESIAN_POINT('',(-0.528284326819,33.710927224092));
#1685 = CARTESIAN_POINT('',(-0.543785667913,33.630477897552));
#1686 = CARTESIAN_POINT('',(-0.559595820386,33.551534559356));
#1687 = CARTESIAN_POINT('',(-0.575726568125,33.474231494632));
#1688 = CARTESIAN_POINT('',(-0.592187762106,33.398711890755));
#1689 = CARTESIAN_POINT('',(-0.608986640439,33.325122963961));
#1690 = CARTESIAN_POINT('',(-0.635540965409,33.21433571946));
#1691 = CARTESIAN_POINT('',(-0.645057759788,33.175687110468));
#1692 = CARTESIAN_POINT('',(-0.654678087834,33.137689759709));
#1693 = CARTESIAN_POINT('',(-0.664402183224,33.100368012239));
#1694 = CARTESIAN_POINT('',(-0.674229909153,33.063745696618));
#1695 = CARTESIAN_POINT('',(-0.684160710451,33.027845764081));
#1696 = CARTESIAN_POINT('',(-0.715580002573,32.917750336158));
#1697 = CARTESIAN_POINT('',(-0.737432684481,32.846182995744));
#1698 = CARTESIAN_POINT('',(-0.759738358195,32.778211983135));
#1699 = CARTESIAN_POINT('',(-0.782477972556,32.714017511647));
#1700 = CARTESIAN_POINT('',(-0.805625683888,32.6537238967));
#1701 = CARTESIAN_POINT('',(-0.829147878309,32.597393678581));
#1702 = CARTESIAN_POINT('',(-0.889321223289,32.465299272145));
#1703 = CARTESIAN_POINT('',(-0.926422778586,32.394732558059));
#1704 = CARTESIAN_POINT('',(-0.964152186103,32.333359126202));
#1705 = CARTESIAN_POINT('',(-1.002368638665,32.280725576779));
#1706 = CARTESIAN_POINT('',(-1.040947009274,32.236089068523));
#1707 = CARTESIAN_POINT('',(-1.079778105148,32.198556289655));
#1708 = CARTESIAN_POINT('',(-1.166868950756,32.128439562453));
#1709 = CARTESIAN_POINT('',(-1.21521665353,32.099058427722));
#1710 = CARTESIAN_POINT('',(-1.263688768324,32.077170023158));
#1711 = CARTESIAN_POINT('',(-1.312206519407,32.060830595355));
#1712 = CARTESIAN_POINT('',(-1.36072196654,32.048139812458));
#1713 = CARTESIAN_POINT('',(-1.409211675445,32.037238722705));
#1714 = CARTESIAN_POINT('',(-1.468519033462,32.023695016991));
#1715 = CARTESIAN_POINT('',(-1.479360171821,32.021210654028));
#1716 = CARTESIAN_POINT('',(-1.490199386881,32.018696300162));
#1717 = CARTESIAN_POINT('',(-1.501036454875,32.01612990816));
#1718 = CARTESIAN_POINT('',(-1.511871123119,32.013489139284));
#1719 = CARTESIAN_POINT('',(-1.522703110015,32.010751363291));
#1720 = CARTESIAN_POINT('',(-1.533532105049,32.007893658432));
#1721 = ( GEOMETRIC_REPRESENTATION_CONTEXT(2) 
PARAMETRIC_REPRESENTATION_CONTEXT() REPRESENTATION_CONTEXT('2D SPACE',''
  ) );
#1722 = ORIENTED_EDGE('',*,*,#1403,.F.);
#1723 = ADVANCED_FACE('',(#1724),#401,.T.);
#1724 = FACE_BOUND('',#1725,.T.);
#1725 = EDGE_LOOP('',(#1726,#1727,#1749,#1775));
#1726 = ORIENTED_EDGE('',*,*,#385,.T.);
#1727 = ORIENTED_EDGE('',*,*,#1728,.T.);
#1728 = EDGE_CURVE('',#386,#1729,#1731,.T.);
#1729 = VERTEX_POINT('',#1730);
#1730 = CARTESIAN_POINT('',(130.82002478453,88.749245570763,-5.12));
#1731 = SURFACE_CURVE('',#1732,(#1735,#1742),.PCURVE_S1.);
#1732 = B_SPLINE_CURVE_WITH_KNOTS('',1,(#1733,#1734),.UNSPECIFIED.,.F.,
  .F.,(2,2),(0.,1.),.PIECEWISE_BEZIER_KNOTS.);
#1733 = CARTESIAN_POINT('',(110.0504522273,70.880549832861,-32.));
#1734 = CARTESIAN_POINT('',(130.82002478453,88.749245570763,-5.12));
#1735 = PCURVE('',#401,#1736);
#1736 = DEFINITIONAL_REPRESENTATION('',(#1737),#1741);
#1737 = LINE('',#1738,#1739);
#1738 = CARTESIAN_POINT('',(49.498356694791,0.));
#1739 = VECTOR('',#1740,1.);
#1740 = DIRECTION('',(0.,1.));
#1741 = ( GEOMETRIC_REPRESENTATION_CONTEXT(2) 
PARAMETRIC_REPRESENTATION_CONTEXT() REPRESENTATION_CONTEXT('2D SPACE',''
  ) );
#1742 = PCURVE('',#429,#1743);
#1743 = DEFINITIONAL_REPRESENTATION('',(#1744),#1748);
#1744 = LINE('',#1745,#1746);
#1745 = CARTESIAN_POINT('',(4.054919047985,0.));
#1746 = VECTOR('',#1747,1.);
#1747 = DIRECTION('',(0.,1.));
#1748 = ( GEOMETRIC_REPRESENTATION_CONTEXT(2) 
PARAMETRIC_REPRESENTATION_CONTEXT() REPRESENTATION_CONTEXT('2D SPACE',''
  ) );
#1749 = ORIENTED_EDGE('',*,*,#1750,.F.);
#1750 = EDGE_CURVE('',#1519,#1729,#1751,.T.);
#1751 = SURFACE_CURVE('',#1752,(#1756,#1763),.PCURVE_S1.);
#1752 = LINE('',#1753,#1754);
#1753 = CARTESIAN_POINT('',(170.,58.5,-5.12));
#1754 = VECTOR('',#1755,1.);
#1755 = DIRECTION('',(-0.791540928461,0.611116158003,0.));
#1756 = PCURVE('',#401,#1757);
#1757 = DEFINITIONAL_REPRESENTATION('',(#1758),#1762);
#1758 = LINE('',#1759,#1760);
#1759 = CARTESIAN_POINT('',(0.,1.));
#1760 = VECTOR('',#1761,1.);
#1761 = DIRECTION('',(1.,0.));
#1762 = ( GEOMETRIC_REPRESENTATION_CONTEXT(2) 
PARAMETRIC_REPRESENTATION_CONTEXT() REPRESENTATION_CONTEXT('2D SPACE',''
  ) );
#1763 = PCURVE('',#1764,#1769);
#1764 = B_SPLINE_SURFACE_WITH_KNOTS('',1,1,(
    (#1765,#1766)
    ,(#1767,#1768
    )),.UNSPECIFIED.,.F.,.F.,.F.,(2,2),(2,2),(2.94779836151,
    49.498356694791),(0.,1.),.PIECEWISE_BEZIER_KNOTS.);
#1765 = CARTESIAN_POINT('',(167.66669694801,60.301447209253,-5.12));
#1766 = CARTESIAN_POINT('',(159.09285493787,55.619769450473,32.));
#1767 = CARTESIAN_POINT('',(130.82002478453,88.749245570763,-5.12));
#1768 = CARTESIAN_POINT('',(124.33781279333,81.605350496621,32.));
#1769 = DEFINITIONAL_REPRESENTATION('',(#1770),#1774);
#1770 = LINE('',#1771,#1772);
#1771 = CARTESIAN_POINT('',(0.,0.));
#1772 = VECTOR('',#1773,1.);
#1773 = DIRECTION('',(1.,0.));
#1774 = ( GEOMETRIC_REPRESENTATION_CONTEXT(2) 
PARAMETRIC_REPRESENTATION_CONTEXT() REPRESENTATION_CONTEXT('2D SPACE',''
  ) );
#1775 = ORIENTED_EDGE('',*,*,#1518,.F.);
#1776 = ADVANCED_FACE('',(#1777),#429,.T.);
#1777 = FACE_BOUND('',#1778,.T.);
#1778 = EDGE_LOOP('',(#1779,#1780,#1802,#1839));
#1779 = ORIENTED_EDGE('',*,*,#412,.F.);
#1780 = ORIENTED_EDGE('',*,*,#1781,.T.);
#1781 = EDGE_CURVE('',#413,#1782,#1784,.T.);
#1782 = VERTEX_POINT('',#1783);
#1783 = CARTESIAN_POINT('',(127.15332783652,90.,-5.12));
#1784 = SURFACE_CURVE('',#1785,(#1788,#1795),.PCURVE_S1.);
#1785 = B_SPLINE_CURVE_WITH_KNOTS('',1,(#1786,#1787),.UNSPECIFIED.,.F.,
  .F.,(2,2),(0.,1.),.PIECEWISE_BEZIER_KNOTS.);
#1786 = CARTESIAN_POINT('',(106.63828323255,72.,-32.));
#1787 = CARTESIAN_POINT('',(127.15332783652,90.,-5.12));
#1788 = PCURVE('',#429,#1789);
#1789 = DEFINITIONAL_REPRESENTATION('',(#1790),#1794);
#1790 = LINE('',#1791,#1792);
#1791 = CARTESIAN_POINT('',(4.712388980385,0.));
#1792 = VECTOR('',#1793,1.);
#1793 = DIRECTION('',(0.,1.));
#1794 = ( GEOMETRIC_REPRESENTATION_CONTEXT(2) 
PARAMETRIC_REPRESENTATION_CONTEXT() REPRESENTATION_CONTEXT('2D SPACE',''
  ) );
#1795 = PCURVE('',#466,#1796);
#1796 = DEFINITIONAL_REPRESENTATION('',(#1797),#1801);
#1797 = LINE('',#1798,#1799);
#1798 = CARTESIAN_POINT('',(2.04667216348,0.));
#1799 = VECTOR('',#1800,1.);
#1800 = DIRECTION('',(0.,1.));
#1801 = ( GEOMETRIC_REPRESENTATION_CONTEXT(2) 
PARAMETRIC_REPRESENTATION_CONTEXT() REPRESENTATION_CONTEXT('2D SPACE',''
  ) );
#1802 = ORIENTED_EDGE('',*,*,#1803,.T.);
#1803 = EDGE_CURVE('',#1782,#1729,#1804,.T.);
#1804 = SURFACE_CURVE('',#1805,(#1810,#1817),.PCURVE_S1.);
#1805 = CIRCLE('',#1806,6.);
#1806 = AXIS2_PLACEMENT_3D('',#1807,#1808,#1809);
#1807 = CARTESIAN_POINT('',(127.15332783652,84.,-5.12));
#1808 = DIRECTION('',(0.,0.,-1.));
#1809 = DIRECTION('',(-1.,0.,0.));
#1810 = PCURVE('',#429,#1811);
#1811 = DEFINITIONAL_REPRESENTATION('',(#1812),#1816);
#1812 = LINE('',#1813,#1814);
#1813 = CARTESIAN_POINT('',(6.28318530718,1.));
#1814 = VECTOR('',#1815,1.);
#1815 = DIRECTION('',(-1.,0.));
#1816 = ( GEOMETRIC_REPRESENTATION_CONTEXT(2) 
PARAMETRIC_REPRESENTATION_CONTEXT() REPRESENTATION_CONTEXT('2D SPACE',''
  ) );
#1817 = PCURVE('',#1818,#1833);
#1818 = B_SPLINE_SURFACE_WITH_KNOTS('',6,1,(
    (#1819,#1820)
    ,(#1821,#1822)
    ,(#1823,#1824)
    ,(#1825,#1826)
    ,(#1827,#1828)
    ,(#1829,#1830)
    ,(#1831,#1832
    )),.UNSPECIFIED.,.F.,.F.,.F.,(7,7),(2,2),(4.054919047985,
    4.712388980385),(0.,1.),.PIECEWISE_BEZIER_KNOTS.);
#1819 = CARTESIAN_POINT('',(130.82002478453,88.749245570763,-5.12));
#1820 = CARTESIAN_POINT('',(124.33781279333,81.605350496621,32.));
#1821 = CARTESIAN_POINT('',(130.2996104238,89.151036069853,-5.12));
#1822 = CARTESIAN_POINT('',(123.82362957136,81.989793989216,32.));
#1823 = CARTESIAN_POINT('',(129.72636340605,89.484395067264,-5.12));
#1824 = CARTESIAN_POINT('',(123.26008309649,82.308214861612,32.));
#1825 = CARTESIAN_POINT('',(129.11152902929,89.740639544663,-5.12));
#1826 = CARTESIAN_POINT('',(122.65776799874,82.552690934922,
    32.000000000001));
#1827 = CARTESIAN_POINT('',(128.46826731531,89.913546775247,-5.12));
#1828 = CARTESIAN_POINT('',(122.02898429519,82.717563860393,32.));
#1829 = CARTESIAN_POINT('',(127.81079776892,90.,-5.12));
#1830 = CARTESIAN_POINT('',(121.38697123909,82.8,32.));
#1831 = CARTESIAN_POINT('',(127.15332783652,90.,-5.12));
#1832 = CARTESIAN_POINT('',(120.74495785546,82.8,32.));
#1833 = DEFINITIONAL_REPRESENTATION('',(#1834),#1838);
#1834 = LINE('',#1835,#1836);
#1835 = CARTESIAN_POINT('',(6.28318530718,0.));
#1836 = VECTOR('',#1837,1.);
#1837 = DIRECTION('',(-1.,0.));
#1838 = ( GEOMETRIC_REPRESENTATION_CONTEXT(2) 
PARAMETRIC_REPRESENTATION_CONTEXT() REPRESENTATION_CONTEXT('2D SPACE',''
  ) );
#1839 = ORIENTED_EDGE('',*,*,#1728,.F.);
#1840 = ADVANCED_FACE('',(#1841),#466,.T.);
#1841 = FACE_BOUND('',#1842,.T.);
#1842 = EDGE_LOOP('',(#1843,#1844,#1845,#1867,#1895,#1962,#1985,#2052));
#1843 = ORIENTED_EDGE('',*,*,#1781,.F.);
#1844 = ORIENTED_EDGE('',*,*,#450,.T.);
#1845 = ORIENTED_EDGE('',*,*,#1846,.T.);
#1846 = EDGE_CURVE('',#451,#1847,#1849,.T.);
#1847 = VERTEX_POINT('',#1848);
#1848 = CARTESIAN_POINT('',(-127.1533278365,90.,-5.12));
#1849 = SURFACE_CURVE('',#1850,(#1853,#1860),.PCURVE_S1.);
#1850 = B_SPLINE_CURVE_WITH_KNOTS('',1,(#1851,#1852),.UNSPECIFIED.,.F.,
  .F.,(2,2),(0.,1.),.PIECEWISE_BEZIER_KNOTS.);
#1851 = CARTESIAN_POINT('',(-106.6382832325,72.,-32.));
#1852 = CARTESIAN_POINT('',(-127.1533278365,90.,-5.12));
#1853 = PCURVE('',#466,#1854);
#1854 = DEFINITIONAL_REPRESENTATION('',(#1855),#1859);
#1855 = LINE('',#1856,#1857);
#1856 = CARTESIAN_POINT('',(256.35332783652,0.));
#1857 = VECTOR('',#1858,1.);
#1858 = DIRECTION('',(0.,1.));
#1859 = ( GEOMETRIC_REPRESENTATION_CONTEXT(2) 
PARAMETRIC_REPRESENTATION_CONTEXT() REPRESENTATION_CONTEXT('2D SPACE',''
  ) );
#1860 = PCURVE('',#494,#1861);
#1861 = DEFINITIONAL_REPRESENTATION('',(#1862),#1866);
#1862 = LINE('',#1863,#1864);
#1863 = CARTESIAN_POINT('',(4.712388980385,0.));
#1864 = VECTOR('',#1865,1.);
#1865 = DIRECTION('',(0.,1.));
#1866 = ( GEOMETRIC_REPRESENTATION_CONTEXT(2) 
PARAMETRIC_REPRESENTATION_CONTEXT() REPRESENTATION_CONTEXT('2D SPACE',''
  ) );
#1867 = ORIENTED_EDGE('',*,*,#1868,.F.);
#1868 = EDGE_CURVE('',#1869,#1847,#1871,.T.);
#1869 = VERTEX_POINT('',#1870);
#1870 = CARTESIAN_POINT('',(-118.7281943673,90.,-5.12));
#1871 = SURFACE_CURVE('',#1872,(#1876,#1883),.PCURVE_S1.);
#1872 = LINE('',#1873,#1874);
#1873 = CARTESIAN_POINT('',(129.2,90.,-5.12));
#1874 = VECTOR('',#1875,1.);
#1875 = DIRECTION('',(-1.,0.,0.));
#1876 = PCURVE('',#466,#1877);
#1877 = DEFINITIONAL_REPRESENTATION('',(#1878),#1882);
#1878 = LINE('',#1879,#1880);
#1879 = CARTESIAN_POINT('',(0.,1.));
#1880 = VECTOR('',#1881,1.);
#1881 = DIRECTION('',(1.,0.));
#1882 = ( GEOMETRIC_REPRESENTATION_CONTEXT(2) 
PARAMETRIC_REPRESENTATION_CONTEXT() REPRESENTATION_CONTEXT('2D SPACE',''
  ) );
#1883 = PCURVE('',#1884,#1889);
#1884 = B_SPLINE_SURFACE_WITH_KNOTS('',1,1,(
    (#1885,#1886)
    ,(#1887,#1888
    )),.UNSPECIFIED.,.F.,.F.,.F.,(2,2),(2,2),(2.04667216348,
    256.35332783652),(0.,1.),.PIECEWISE_BEZIER_KNOTS.);
#1885 = CARTESIAN_POINT('',(127.15332783652,90.,-5.12));
#1886 = CARTESIAN_POINT('',(120.74495785546,82.8,32.));
#1887 = CARTESIAN_POINT('',(-127.1533278365,90.,-5.12));
#1888 = CARTESIAN_POINT('',(-120.7449578554,82.8,32.));
#1889 = DEFINITIONAL_REPRESENTATION('',(#1890),#1894);
#1890 = LINE('',#1891,#1892);
#1891 = CARTESIAN_POINT('',(0.,0.));
#1892 = VECTOR('',#1893,1.);
#1893 = DIRECTION('',(1.,0.));
#1894 = ( GEOMETRIC_REPRESENTATION_CONTEXT(2) 
PARAMETRIC_REPRESENTATION_CONTEXT() REPRESENTATION_CONTEXT('2D SPACE',''
  ) );
#1895 = ORIENTED_EDGE('',*,*,#1896,.T.);
#1896 = EDGE_CURVE('',#1869,#1897,#1899,.T.);
#1897 = VERTEX_POINT('',#1898);
#1898 = CARTESIAN_POINT('',(-112.4718056326,90.,-5.12));
#1899 = SURFACE_CURVE('',#1900,(#1917,#1937),.PCURVE_S1.);
#1900 = B_SPLINE_CURVE_WITH_KNOTS('',8,(#1901,#1902,#1903,#1904,#1905,
    #1906,#1907,#1908,#1909,#1910,#1911,#1912,#1913,#1914,#1915,#1916),
  .UNSPECIFIED.,.F.,.F.,(9,7,9),(0.,0.377402770484,1.),.UNSPECIFIED.);
#1901 = CARTESIAN_POINT('',(-118.7281943673,90.,-5.12));
#1902 = CARTESIAN_POINT('',(-118.4187074252,89.873377950291,
    -5.309088927566));
#1903 = CARTESIAN_POINT('',(-118.0984236029,89.762000196573,
    -5.475413039785));
#1904 = CARTESIAN_POINT('',(-117.7712055464,89.666940794091,
    -5.617368414158));
#1905 = CARTESIAN_POINT('',(-117.4405239469,89.588333595826,
    -5.734755163567));
#1906 = CARTESIAN_POINT('',(-117.109367363,89.525792514077,
    -5.828149845644));
#1907 = CARTESIAN_POINT('',(-116.780216547,89.478618174626,
    -5.898596859225));
#1908 = CARTESIAN_POINT('',(-116.4550393772,89.445913939983,
    -5.947435182959));
#1909 = CARTESIAN_POINT('',(-115.6077300853,89.395093799698,
    -6.02332659245));
#1910 = CARTESIAN_POINT('',(-115.0956063338,89.400300903521,
    -6.015550650741));
#1911 = CARTESIAN_POINT('',(-114.6019267018,89.437735642602,
    -5.959648107047));
#1912 = CARTESIAN_POINT('',(-114.129272637,89.503851303341,
    -5.86091538701));
#1913 = CARTESIAN_POINT('',(-113.6792900953,89.595426359199,
    -5.724163303596));
#1914 = CARTESIAN_POINT('',(-113.2529283065,89.709848067916,
    -5.553293551912));
#1915 = CARTESIAN_POINT('',(-112.8504661502,89.845076594993,
    -5.351352284811));
#1916 = CARTESIAN_POINT('',(-112.4718056326,90.,-5.12));
#1917 = PCURVE('',#466,#1918);
#1918 = DEFINITIONAL_REPRESENTATION('',(#1919),#1936);
#1919 = B_SPLINE_CURVE_WITH_KNOTS('',8,(#1920,#1921,#1922,#1923,#1924,
    #1925,#1926,#1927,#1928,#1929,#1930,#1931,#1932,#1933,#1934,#1935),
  .UNSPECIFIED.,.F.,.F.,(9,7,9),(0.,0.377402770484,1.),.UNSPECIFIED.);
#1920 = CARTESIAN_POINT('',(247.92819436736,1.));
#1921 = CARTESIAN_POINT('',(247.75345949109,0.992965441683));
#1922 = CARTESIAN_POINT('',(247.55125139852,0.986777788698));
#1923 = CARTESIAN_POINT('',(247.32426018619,0.981496710783));
#1924 = CARTESIAN_POINT('',(247.07585817129,0.977129644213));
#1925 = CARTESIAN_POINT('',(246.80954865825,0.973655139671));
#1926 = CARTESIAN_POINT('',(246.5286920806,0.971034343035));
#1927 = CARTESIAN_POINT('',(246.23635088438,0.96921744111));
#1928 = CARTESIAN_POINT('',(245.43811518389,0.966394099983));
#1929 = CARTESIAN_POINT('',(244.91754599347,0.966683383529));
#1930 = CARTESIAN_POINT('',(244.38192992981,0.968763091256));
#1931 = CARTESIAN_POINT('',(243.83819674342,0.972436183519));
#1932 = CARTESIAN_POINT('',(243.29189898633,0.977523686622));
#1933 = CARTESIAN_POINT('',(242.74713632113,0.983880448218));
#1934 = CARTESIAN_POINT('',(242.20664885169,0.991393144166));
#1935 = CARTESIAN_POINT('',(241.67180563263,1.));
#1936 = ( GEOMETRIC_REPRESENTATION_CONTEXT(2) 
PARAMETRIC_REPRESENTATION_CONTEXT() REPRESENTATION_CONTEXT('2D SPACE',''
  ) );
#1937 = PCURVE('',#1938,#1943);
#1938 = CYLINDRICAL_SURFACE('',#1939,6.);
#1939 = AXIS2_PLACEMENT_3D('',#1940,#1941,#1942);
#1940 = CARTESIAN_POINT('',(-115.6,185.,-4.107825191113E-14));
#1941 = DIRECTION('',(0.,-1.,2.22044604925E-16));
#1942 = DIRECTION('',(1.,0.,0.));
#1943 = DEFINITIONAL_REPRESENTATION('',(#1944),#1961);
#1944 = B_SPLINE_CURVE_WITH_KNOTS('',8,(#1945,#1946,#1947,#1948,#1949,
    #1950,#1951,#1952,#1953,#1954,#1955,#1956,#1957,#1958,#1959,#1960),
  .UNSPECIFIED.,.F.,.F.,(9,7,9),(0.,0.377402770484,1.),.UNSPECIFIED.);
#1945 = CARTESIAN_POINT('',(4.163938348368,95.));
#1946 = CARTESIAN_POINT('',(4.224385016752,95.126622049709));
#1947 = CARTESIAN_POINT('',(4.284389035845,95.237999803427));
#1948 = CARTESIAN_POINT('',(4.343598715087,95.333059205909));
#1949 = CARTESIAN_POINT('',(4.40181744271,95.411666404174));
#1950 = CARTESIAN_POINT('',(4.458923775387,95.474207485923));
#1951 = CARTESIAN_POINT('',(4.514843925721,95.521381825374));
#1952 = CARTESIAN_POINT('',(4.569550308576,95.554086060017));
#1953 = CARTESIAN_POINT('',(4.711333842939,95.604906200302));
#1954 = CARTESIAN_POINT('',(4.796232008356,95.599699096478));
#1955 = CARTESIAN_POINT('',(4.878399983444,95.562264357398));
#1956 = CARTESIAN_POINT('',(4.958204276632,95.496148696659));
#1957 = CARTESIAN_POINT('',(5.035994365555,95.404573640801));
#1958 = CARTESIAN_POINT('',(5.112095751592,95.290151932084));
#1959 = CARTESIAN_POINT('',(5.186882480062,95.154923405007));
#1960 = CARTESIAN_POINT('',(5.260839612402,95.));
#1961 = ( GEOMETRIC_REPRESENTATION_CONTEXT(2) 
PARAMETRIC_REPRESENTATION_CONTEXT() REPRESENTATION_CONTEXT('2D SPACE',''
  ) );
#1962 = ORIENTED_EDGE('',*,*,#1963,.F.);
#1963 = EDGE_CURVE('',#1964,#1897,#1966,.T.);
#1964 = VERTEX_POINT('',#1965);
#1965 = CARTESIAN_POINT('',(112.47180563263,90.,-5.12));
#1966 = SURFACE_CURVE('',#1967,(#1971,#1978),.PCURVE_S1.);
#1967 = LINE('',#1968,#1969);
#1968 = CARTESIAN_POINT('',(129.2,90.,-5.12));
#1969 = VECTOR('',#1970,1.);
#1970 = DIRECTION('',(-1.,0.,0.));
#1971 = PCURVE('',#466,#1972);
#1972 = DEFINITIONAL_REPRESENTATION('',(#1973),#1977);
#1973 = LINE('',#1974,#1975);
#1974 = CARTESIAN_POINT('',(0.,1.));
#1975 = VECTOR('',#1976,1.);
#1976 = DIRECTION('',(1.,0.));
#1977 = ( GEOMETRIC_REPRESENTATION_CONTEXT(2) 
PARAMETRIC_REPRESENTATION_CONTEXT() REPRESENTATION_CONTEXT('2D SPACE',''
  ) );
#1978 = PCURVE('',#1884,#1979);
#1979 = DEFINITIONAL_REPRESENTATION('',(#1980),#1984);
#1980 = LINE('',#1981,#1982);
#1981 = CARTESIAN_POINT('',(0.,0.));
#1982 = VECTOR('',#1983,1.);
#1983 = DIRECTION('',(1.,0.));
#1984 = ( GEOMETRIC_REPRESENTATION_CONTEXT(2) 
PARAMETRIC_REPRESENTATION_CONTEXT() REPRESENTATION_CONTEXT('2D SPACE',''
  ) );
#1985 = ORIENTED_EDGE('',*,*,#1986,.T.);
#1986 = EDGE_CURVE('',#1964,#1987,#1989,.T.);
#1987 = VERTEX_POINT('',#1988);
#1988 = CARTESIAN_POINT('',(118.72819436736,90.,-5.12));
#1989 = SURFACE_CURVE('',#1990,(#2007,#2027),.PCURVE_S1.);
#1990 = B_SPLINE_CURVE_WITH_KNOTS('',8,(#1991,#1992,#1993,#1994,#1995,
    #1996,#1997,#1998,#1999,#2000,#2001,#2002,#2003,#2004,#2005,#2006),
  .UNSPECIFIED.,.F.,.F.,(9,7,9),(0.,0.624691358774,1.),.UNSPECIFIED.);
#1991 = CARTESIAN_POINT('',(112.47180563263,90.,-5.12));
#1992 = CARTESIAN_POINT('',(112.85174548619,89.844553173415,
    -5.3521339277));
#1993 = CARTESIAN_POINT('',(113.25563593996,89.708939506169,
    -5.554650337455));
#1994 = CARTESIAN_POINT('',(113.68358602386,89.59427477482,
    -5.725883002936));
#1995 = CARTESIAN_POINT('',(114.13531912097,89.502622198142,
    -5.862750850775));
#1996 = CARTESIAN_POINT('',(114.60987134077,89.436626905105,
    -5.96130382171));
#1997 = CARTESIAN_POINT('',(115.10556875217,89.39955046082,
    -6.016671311842));
#1998 = CARTESIAN_POINT('',(115.61978599644,89.394979957634,
    -6.023496596599));
#1999 = CARTESIAN_POINT('',(116.46764666441,89.447191094299,
    -5.945527965847));
#2000 = CARTESIAN_POINT('',(116.79115095133,89.480192428314,
    -5.896245973718));
#2001 = CARTESIAN_POINT('',(117.11853653242,89.527528798534,
    -5.825556994189));
#2002 = CARTESIAN_POINT('',(117.44785447468,89.590078383752,
    -5.732149613597));
#2003 = CARTESIAN_POINT('',(117.77665239985,89.668524218335,
    -5.615003833953));
#2004 = CARTESIAN_POINT('',(118.10198122798,89.76323818806,
    -5.47356430583));
#2005 = CARTESIAN_POINT('',(118.42042404028,89.874080278198,
    -5.308040117891));
#2006 = CARTESIAN_POINT('',(118.72819436736,90.,-5.12));
#2007 = PCURVE('',#466,#2008);
#2008 = DEFINITIONAL_REPRESENTATION('',(#2009),#2026);
#2009 = B_SPLINE_CURVE_WITH_KNOTS('',8,(#2010,#2011,#2012,#2013,#2014,
    #2015,#2016,#2017,#2018,#2019,#2020,#2021,#2022,#2023,#2024,#2025),
  .UNSPECIFIED.,.F.,.F.,(9,7,9),(0.,0.624691358774,1.),.UNSPECIFIED.);
#2010 = CARTESIAN_POINT('',(16.728194367363,1.));
#2011 = CARTESIAN_POINT('',(16.191544136109,0.99136406519));
#2012 = CARTESIAN_POINT('',(15.649228608456,0.983829972565));
#2013 = CARTESIAN_POINT('',(15.10261337993,0.977459709712));
#2014 = CARTESIAN_POINT('',(14.554463960231,0.972367899897));
#2015 = CARTESIAN_POINT('',(14.008933244849,0.968701494728));
#2016 = CARTESIAN_POINT('',(13.471650390401,0.966641692268));
#2017 = CARTESIAN_POINT('',(12.949639220822,0.966387775424));
#2018 = CARTESIAN_POINT('',(12.15232473661,0.969288394128));
#2019 = CARTESIAN_POINT('',(11.861985521718,0.971121801573));
#2020 = CARTESIAN_POINT('',(11.583082709465,0.973751599919));
#2021 = CARTESIAN_POINT('',(11.318637701774,0.977226576875));
#2022 = CARTESIAN_POINT('',(11.071962489179,0.981584678796));
#2023 = CARTESIAN_POINT('',(10.846503443878,0.986846566003));
#2024 = CARTESIAN_POINT('',(10.645571316102,0.9930044599));
#2025 = CARTESIAN_POINT('',(10.471805632637,1.));
#2026 = ( GEOMETRIC_REPRESENTATION_CONTEXT(2) 
PARAMETRIC_REPRESENTATION_CONTEXT() REPRESENTATION_CONTEXT('2D SPACE',''
  ) );
#2027 = PCURVE('',#2028,#2033);
#2028 = CYLINDRICAL_SURFACE('',#2029,6.);
#2029 = AXIS2_PLACEMENT_3D('',#2030,#2031,#2032);
#2030 = CARTESIAN_POINT('',(115.6,185.,-4.107825191113E-14));
#2031 = DIRECTION('',(0.,-1.,2.22044604925E-16));
#2032 = DIRECTION('',(1.,0.,0.));
#2033 = DEFINITIONAL_REPRESENTATION('',(#2034),#2051);
#2034 = B_SPLINE_CURVE_WITH_KNOTS('',8,(#2035,#2036,#2037,#2038,#2039,
    #2040,#2041,#2042,#2043,#2044,#2045,#2046,#2047,#2048,#2049,#2050),
  .UNSPECIFIED.,.F.,.F.,(9,7,9),(0.,0.624691358774,1.),.UNSPECIFIED.);
#2035 = CARTESIAN_POINT('',(4.163938348368,95.));
#2036 = CARTESIAN_POINT('',(4.238145351015,95.155446826585));
#2037 = CARTESIAN_POINT('',(4.313185194578,95.291060493831));
#2038 = CARTESIAN_POINT('',(4.389550257375,95.40572522518));
#2039 = CARTESIAN_POINT('',(4.467618860957,95.497377801858));
#2040 = CARTESIAN_POINT('',(4.547719178137,95.563373094895));
#2041 = CARTESIAN_POINT('',(4.630203885736,95.60044953918));
#2042 = CARTESIAN_POINT('',(4.715442649913,95.605020042366));
#2043 = CARTESIAN_POINT('',(4.857348998106,95.552808905701));
#2044 = CARTESIAN_POINT('',(4.911792112191,95.519807571686));
#2045 = CARTESIAN_POINT('',(4.967435722901,95.472471201466));
#2046 = CARTESIAN_POINT('',(5.024251319084,95.409921616248));
#2047 = CARTESIAN_POINT('',(5.082164967938,95.331475781665));
#2048 = CARTESIAN_POINT('',(5.141055536642,95.23676181194));
#2049 = CARTESIAN_POINT('',(5.200728220394,95.125919721802));
#2050 = CARTESIAN_POINT('',(5.260839612402,95.));
#2051 = ( GEOMETRIC_REPRESENTATION_CONTEXT(2) 
PARAMETRIC_REPRESENTATION_CONTEXT() REPRESENTATION_CONTEXT('2D SPACE',''
  ) );
#2052 = ORIENTED_EDGE('',*,*,#2053,.F.);
#2053 = EDGE_CURVE('',#1782,#1987,#2054,.T.);
#2054 = SURFACE_CURVE('',#2055,(#2059,#2066),.PCURVE_S1.);
#2055 = LINE('',#2056,#2057);
#2056 = CARTESIAN_POINT('',(129.2,90.,-5.12));
#2057 = VECTOR('',#2058,1.);
#2058 = DIRECTION('',(-1.,0.,0.));
#2059 = PCURVE('',#466,#2060);
#2060 = DEFINITIONAL_REPRESENTATION('',(#2061),#2065);
#2061 = LINE('',#2062,#2063);
#2062 = CARTESIAN_POINT('',(0.,1.));
#2063 = VECTOR('',#2064,1.);
#2064 = DIRECTION('',(1.,0.));
#2065 = ( GEOMETRIC_REPRESENTATION_CONTEXT(2) 
PARAMETRIC_REPRESENTATION_CONTEXT() REPRESENTATION_CONTEXT('2D SPACE',''
  ) );
#2066 = PCURVE('',#1884,#2067);
#2067 = DEFINITIONAL_REPRESENTATION('',(#2068),#2072);
#2068 = LINE('',#2069,#2070);
#2069 = CARTESIAN_POINT('',(0.,0.));
#2070 = VECTOR('',#2071,1.);
#2071 = DIRECTION('',(1.,0.));
#2072 = ( GEOMETRIC_REPRESENTATION_CONTEXT(2) 
PARAMETRIC_REPRESENTATION_CONTEXT() REPRESENTATION_CONTEXT('2D SPACE',''
  ) );
#2073 = ADVANCED_FACE('',(#2074),#494,.T.);
#2074 = FACE_BOUND('',#2075,.T.);
#2075 = EDGE_LOOP('',(#2076,#2077,#2099,#2136));
#2076 = ORIENTED_EDGE('',*,*,#477,.F.);
#2077 = ORIENTED_EDGE('',*,*,#2078,.T.);
#2078 = EDGE_CURVE('',#478,#2079,#2081,.T.);
#2079 = VERTEX_POINT('',#2080);
#2080 = CARTESIAN_POINT('',(-130.8200247845,88.749245570763,-5.12));
#2081 = SURFACE_CURVE('',#2082,(#2085,#2092),.PCURVE_S1.);
#2082 = B_SPLINE_CURVE_WITH_KNOTS('',1,(#2083,#2084),.UNSPECIFIED.,.F.,
  .F.,(2,2),(0.,1.),.PIECEWISE_BEZIER_KNOTS.);
#2083 = CARTESIAN_POINT('',(-110.0504522273,70.880549832861,-32.));
#2084 = CARTESIAN_POINT('',(-130.8200247845,88.749245570763,-5.12));
#2085 = PCURVE('',#494,#2086);
#2086 = DEFINITIONAL_REPRESENTATION('',(#2087),#2091);
#2087 = LINE('',#2088,#2089);
#2088 = CARTESIAN_POINT('',(5.369858912784,0.));
#2089 = VECTOR('',#2090,1.);
#2090 = DIRECTION('',(0.,1.));
#2091 = ( GEOMETRIC_REPRESENTATION_CONTEXT(2) 
PARAMETRIC_REPRESENTATION_CONTEXT() REPRESENTATION_CONTEXT('2D SPACE',''
  ) );
#2092 = PCURVE('',#531,#2093);
#2093 = DEFINITIONAL_REPRESENTATION('',(#2094),#2098);
#2094 = LINE('',#2095,#2096);
#2095 = CARTESIAN_POINT('',(2.04667216348,0.));
#2096 = VECTOR('',#2097,1.);
#2097 = DIRECTION('',(0.,1.));
#2098 = ( GEOMETRIC_REPRESENTATION_CONTEXT(2) 
PARAMETRIC_REPRESENTATION_CONTEXT() REPRESENTATION_CONTEXT('2D SPACE',''
  ) );
#2099 = ORIENTED_EDGE('',*,*,#2100,.T.);
#2100 = EDGE_CURVE('',#2079,#1847,#2101,.T.);
#2101 = SURFACE_CURVE('',#2102,(#2107,#2114),.PCURVE_S1.);
#2102 = CIRCLE('',#2103,6.);
#2103 = AXIS2_PLACEMENT_3D('',#2104,#2105,#2106);
#2104 = CARTESIAN_POINT('',(-127.1533278365,84.,-5.12));
#2105 = DIRECTION('',(0.,0.,-1.));
#2106 = DIRECTION('',(-1.,0.,0.));
#2107 = PCURVE('',#494,#2108);
#2108 = DEFINITIONAL_REPRESENTATION('',(#2109),#2113);
#2109 = LINE('',#2110,#2111);
#2110 = CARTESIAN_POINT('',(6.28318530718,1.));
#2111 = VECTOR('',#2112,1.);
#2112 = DIRECTION('',(-1.,0.));
#2113 = ( GEOMETRIC_REPRESENTATION_CONTEXT(2) 
PARAMETRIC_REPRESENTATION_CONTEXT() REPRESENTATION_CONTEXT('2D SPACE',''
  ) );
#2114 = PCURVE('',#2115,#2130);
#2115 = B_SPLINE_SURFACE_WITH_KNOTS('',6,1,(
    (#2116,#2117)
    ,(#2118,#2119)
    ,(#2120,#2121)
    ,(#2122,#2123)
    ,(#2124,#2125)
    ,(#2126,#2127)
    ,(#2128,#2129
    )),.UNSPECIFIED.,.F.,.F.,.F.,(7,7),(2,2),(4.712388980385,
    5.369858912784),(0.,1.),.PIECEWISE_BEZIER_KNOTS.);
#2116 = CARTESIAN_POINT('',(-127.1533278365,90.,-5.12));
#2117 = CARTESIAN_POINT('',(-120.7449578554,82.8,32.));
#2118 = CARTESIAN_POINT('',(-127.8107977689,90.,-5.12));
#2119 = CARTESIAN_POINT('',(-121.386971239,82.8,32.));
#2120 = CARTESIAN_POINT('',(-128.4682673153,89.913546775247,-5.12));
#2121 = CARTESIAN_POINT('',(-122.0289842951,82.717563860393,32.));
#2122 = CARTESIAN_POINT('',(-129.1115290292,89.740639544663,-5.12));
#2123 = CARTESIAN_POINT('',(-122.6577679987,82.552690934922,32.));
#2124 = CARTESIAN_POINT('',(-129.726363406,89.484395067264,-5.12));
#2125 = CARTESIAN_POINT('',(-123.2600830964,82.308214861613,32.));
#2126 = CARTESIAN_POINT('',(-130.2996104238,89.151036069853,-5.12));
#2127 = CARTESIAN_POINT('',(-123.8236295713,81.989793989216,32.));
#2128 = CARTESIAN_POINT('',(-130.8200247845,88.749245570763,-5.12));
#2129 = CARTESIAN_POINT('',(-124.3378127933,81.605350496621,32.));
#2130 = DEFINITIONAL_REPRESENTATION('',(#2131),#2135);
#2131 = LINE('',#2132,#2133);
#2132 = CARTESIAN_POINT('',(6.28318530718,0.));
#2133 = VECTOR('',#2134,1.);
#2134 = DIRECTION('',(-1.,0.));
#2135 = ( GEOMETRIC_REPRESENTATION_CONTEXT(2) 
PARAMETRIC_REPRESENTATION_CONTEXT() REPRESENTATION_CONTEXT('2D SPACE',''
  ) );
#2136 = ORIENTED_EDGE('',*,*,#1846,.F.);
#2137 = ADVANCED_FACE('',(#2138),#531,.T.);
#2138 = FACE_BOUND('',#2139,.T.);
#2139 = EDGE_LOOP('',(#2140,#2141,#2163,#2189));
#2140 = ORIENTED_EDGE('',*,*,#515,.T.);
#2141 = ORIENTED_EDGE('',*,*,#2142,.T.);
#2142 = EDGE_CURVE('',#516,#2143,#2145,.T.);
#2143 = VERTEX_POINT('',#2144);
#2144 = CARTESIAN_POINT('',(-167.666696948,60.301447209253,-5.12));
#2145 = SURFACE_CURVE('',#2146,(#2149,#2156),.PCURVE_S1.);
#2146 = B_SPLINE_CURVE_WITH_KNOTS('',1,(#2147,#2148),.UNSPECIFIED.,.F.,
  .F.,(2,2),(0.,1.),.PIECEWISE_BEZIER_KNOTS.);
#2147 = CARTESIAN_POINT('',(-140.4521689947,48.526346327389,-32.));
#2148 = CARTESIAN_POINT('',(-167.666696948,60.301447209253,-5.12));
#2149 = PCURVE('',#531,#2150);
#2150 = DEFINITIONAL_REPRESENTATION('',(#2151),#2155);
#2151 = LINE('',#2152,#2153);
#2152 = CARTESIAN_POINT('',(48.597230496761,0.));
#2153 = VECTOR('',#2154,1.);
#2154 = DIRECTION('',(0.,1.));
#2155 = ( GEOMETRIC_REPRESENTATION_CONTEXT(2) 
PARAMETRIC_REPRESENTATION_CONTEXT() REPRESENTATION_CONTEXT('2D SPACE',''
  ) );
#2156 = PCURVE('',#559,#2157);
#2157 = DEFINITIONAL_REPRESENTATION('',(#2158),#2162);
#2158 = LINE('',#2159,#2160);
#2159 = CARTESIAN_POINT('',(5.346411700048,0.));
#2160 = VECTOR('',#2161,1.);
#2161 = DIRECTION('',(0.,1.));
#2162 = ( GEOMETRIC_REPRESENTATION_CONTEXT(2) 
PARAMETRIC_REPRESENTATION_CONTEXT() REPRESENTATION_CONTEXT('2D SPACE',''
  ) );
#2163 = ORIENTED_EDGE('',*,*,#2164,.F.);
#2164 = EDGE_CURVE('',#2079,#2143,#2165,.T.);
#2165 = SURFACE_CURVE('',#2166,(#2170,#2177),.PCURVE_S1.);
#2166 = LINE('',#2167,#2168);
#2167 = CARTESIAN_POINT('',(-129.2,90.,-5.12));
#2168 = VECTOR('',#2169,1.);
#2169 = DIRECTION('',(-0.791540928461,-0.611116158003,0.));
#2170 = PCURVE('',#531,#2171);
#2171 = DEFINITIONAL_REPRESENTATION('',(#2172),#2176);
#2172 = LINE('',#2173,#2174);
#2173 = CARTESIAN_POINT('',(0.,1.));
#2174 = VECTOR('',#2175,1.);
#2175 = DIRECTION('',(1.,0.));
#2176 = ( GEOMETRIC_REPRESENTATION_CONTEXT(2) 
PARAMETRIC_REPRESENTATION_CONTEXT() REPRESENTATION_CONTEXT('2D SPACE',''
  ) );
#2177 = PCURVE('',#2178,#2183);
#2178 = B_SPLINE_SURFACE_WITH_KNOTS('',1,1,(
    (#2179,#2180)
    ,(#2181,#2182
    )),.UNSPECIFIED.,.F.,.F.,.F.,(2,2),(2,2),(2.04667216348,
    48.597230496761),(0.,1.),.PIECEWISE_BEZIER_KNOTS.);
#2179 = CARTESIAN_POINT('',(-130.8200247845,88.749245570763,-5.12));
#2180 = CARTESIAN_POINT('',(-124.3378127933,81.605350496621,32.));
#2181 = CARTESIAN_POINT('',(-167.666696948,60.301447209253,-5.12));
#2182 = CARTESIAN_POINT('',(-159.0928549378,55.619769450473,32.));
#2183 = DEFINITIONAL_REPRESENTATION('',(#2184),#2188);
#2184 = LINE('',#2185,#2186);
#2185 = CARTESIAN_POINT('',(0.,0.));
#2186 = VECTOR('',#2187,1.);
#2187 = DIRECTION('',(1.,0.));
#2188 = ( GEOMETRIC_REPRESENTATION_CONTEXT(2) 
PARAMETRIC_REPRESENTATION_CONTEXT() REPRESENTATION_CONTEXT('2D SPACE',''
  ) );
#2189 = ORIENTED_EDGE('',*,*,#2078,.F.);
#2190 = ADVANCED_FACE('',(#2191),#559,.T.);
#2191 = FACE_BOUND('',#2192,.T.);
#2192 = EDGE_LOOP('',(#2193,#2194,#2216,#2253));
#2193 = ORIENTED_EDGE('',*,*,#542,.F.);
#2194 = ORIENTED_EDGE('',*,*,#2195,.T.);
#2195 = EDGE_CURVE('',#543,#2196,#2198,.T.);
#2196 = VERTEX_POINT('',#2197);
#2197 = CARTESIAN_POINT('',(-170.,55.55220163849,-5.12));
#2198 = SURFACE_CURVE('',#2199,(#2202,#2209),.PCURVE_S1.);
#2199 = B_SPLINE_CURVE_WITH_KNOTS('',1,(#2200,#2201),.UNSPECIFIED.,.F.,
  .F.,(2,2),(0.,1.),.PIECEWISE_BEZIER_KNOTS.);
#2200 = CARTESIAN_POINT('',(-142.8,43.885796494529,-32.));
#2201 = CARTESIAN_POINT('',(-170.,55.55220163849,-5.12));
#2202 = PCURVE('',#559,#2203);
#2203 = DEFINITIONAL_REPRESENTATION('',(#2204),#2208);
#2204 = LINE('',#2205,#2206);
#2205 = CARTESIAN_POINT('',(6.28318530718,0.));
#2206 = VECTOR('',#2207,1.);
#2207 = DIRECTION('',(0.,1.));
#2208 = ( GEOMETRIC_REPRESENTATION_CONTEXT(2) 
PARAMETRIC_REPRESENTATION_CONTEXT() REPRESENTATION_CONTEXT('2D SPACE',''
  ) );
#2209 = PCURVE('',#599,#2210);
#2210 = DEFINITIONAL_REPRESENTATION('',(#2211),#2215);
#2211 = LINE('',#2212,#2213);
#2212 = CARTESIAN_POINT('',(2.94779836151,0.));
#2213 = VECTOR('',#2214,1.);
#2214 = DIRECTION('',(0.,1.));
#2215 = ( GEOMETRIC_REPRESENTATION_CONTEXT(2) 
PARAMETRIC_REPRESENTATION_CONTEXT() REPRESENTATION_CONTEXT('2D SPACE',''
  ) );
#2216 = ORIENTED_EDGE('',*,*,#2217,.T.);
#2217 = EDGE_CURVE('',#2196,#2143,#2218,.T.);
#2218 = SURFACE_CURVE('',#2219,(#2224,#2230),.PCURVE_S1.);
#2219 = CIRCLE('',#2220,6.);
#2220 = AXIS2_PLACEMENT_3D('',#2221,#2222,#2223);
#2221 = CARTESIAN_POINT('',(-164.,55.55220163849,-5.12));
#2222 = DIRECTION('',(0.,0.,-1.));
#2223 = DIRECTION('',(-1.,0.,0.));
#2224 = PCURVE('',#559,#2225);
#2225 = DEFINITIONAL_REPRESENTATION('',(#2226),#2229);
#2226 = B_SPLINE_CURVE_WITH_KNOTS('',1,(#2227,#2228),.UNSPECIFIED.,.F.,
  .F.,(2,2),(0.,0.913326394395),.PIECEWISE_BEZIER_KNOTS.);
#2227 = CARTESIAN_POINT('',(6.28318530718,1.));
#2228 = CARTESIAN_POINT('',(5.346411700048,1.));
#2229 = ( GEOMETRIC_REPRESENTATION_CONTEXT(2) 
PARAMETRIC_REPRESENTATION_CONTEXT() REPRESENTATION_CONTEXT('2D SPACE',''
  ) );
#2230 = PCURVE('',#2231,#2248);
#2231 = B_SPLINE_SURFACE_WITH_KNOTS('',7,1,(
    (#2232,#2233)
    ,(#2234,#2235)
    ,(#2236,#2237)
    ,(#2238,#2239)
    ,(#2240,#2241)
    ,(#2242,#2243)
    ,(#2244,#2245)
    ,(#2246,#2247
    )),.UNSPECIFIED.,.F.,.F.,.F.,(8,8),(2,2),(5.354402364017,
    6.28318530718),(0.,1.),.PIECEWISE_BEZIER_KNOTS.);
#2232 = CARTESIAN_POINT('',(-167.666696948,60.301447209253,-5.12));
#2233 = CARTESIAN_POINT('',(-159.0928549378,55.619769450473,32.));
#2234 = CARTESIAN_POINT('',(-168.2863557099,59.823034194557,-5.12));
#2235 = CARTESIAN_POINT('',(-159.7304445917,55.143057681394,32.));
#2236 = CARTESIAN_POINT('',(-168.8331898175,59.250296000431,-5.12));
#2237 = CARTESIAN_POINT('',(-160.2942404877,54.567648774096,32.));
#2238 = CARTESIAN_POINT('',(-169.2899701993,58.596535614627,-5.12));
#2239 = CARTESIAN_POINT('',(-160.7659099653,53.90725093013,32.));
#2240 = CARTESIAN_POINT('',(-169.6425012061,57.878987878398,-5.12));
#2241 = CARTESIAN_POINT('',(-161.1302987157,53.179826692032,32.));
#2242 = CARTESIAN_POINT('',(-169.8808334369,57.117903975708,-5.12));
#2243 = CARTESIAN_POINT('',(-161.3767658984,52.406618223222,32.));
#2244 = CARTESIAN_POINT('',(-170.,56.335052833686,-5.12));
#2245 = CARTESIAN_POINT('',(-161.5,51.61051861942,32.));
#2246 = CARTESIAN_POINT('',(-170.,55.55220163849,-5.12));
#2247 = CARTESIAN_POINT('',(-161.5,50.814418953852,32.));
#2248 = DEFINITIONAL_REPRESENTATION('',(#2249),#2252);
#2249 = B_SPLINE_CURVE_WITH_KNOTS('',1,(#2250,#2251),.UNSPECIFIED.,.F.,
  .F.,(2,2),(0.,0.913326394395),.PIECEWISE_BEZIER_KNOTS.);
#2250 = CARTESIAN_POINT('',(6.28318530718,0.));
#2251 = CARTESIAN_POINT('',(5.354402364017,0.));
#2252 = ( GEOMETRIC_REPRESENTATION_CONTEXT(2) 
PARAMETRIC_REPRESENTATION_CONTEXT() REPRESENTATION_CONTEXT('2D SPACE',''
  ) );
#2253 = ORIENTED_EDGE('',*,*,#2142,.F.);
#2254 = ADVANCED_FACE('',(#2255),#599,.T.);
#2255 = FACE_BOUND('',#2256,.T.);
#2256 = EDGE_LOOP('',(#2257,#2258,#2259,#2285));
#2257 = ORIENTED_EDGE('',*,*,#583,.T.);
#2258 = ORIENTED_EDGE('',*,*,#813,.T.);
#2259 = ORIENTED_EDGE('',*,*,#2260,.F.);
#2260 = EDGE_CURVE('',#2196,#792,#2261,.T.);
#2261 = SURFACE_CURVE('',#2262,(#2266,#2273),.PCURVE_S1.);
#2262 = LINE('',#2263,#2264);
#2263 = CARTESIAN_POINT('',(-170.,58.5,-5.12));
#2264 = VECTOR('',#2265,1.);
#2265 = DIRECTION('',(0.,-1.,0.));
#2266 = PCURVE('',#599,#2267);
#2267 = DEFINITIONAL_REPRESENTATION('',(#2268),#2272);
#2268 = LINE('',#2269,#2270);
#2269 = CARTESIAN_POINT('',(0.,1.));
#2270 = VECTOR('',#2271,1.);
#2271 = DIRECTION('',(1.,0.));
#2272 = ( GEOMETRIC_REPRESENTATION_CONTEXT(2) 
PARAMETRIC_REPRESENTATION_CONTEXT() REPRESENTATION_CONTEXT('2D SPACE',''
  ) );
#2273 = PCURVE('',#2274,#2279);
#2274 = B_SPLINE_SURFACE_WITH_KNOTS('',1,1,(
    (#2275,#2276)
    ,(#2277,#2278
    )),.UNSPECIFIED.,.F.,.F.,.F.,(2,2),(2,2),(2.94779836151,
    114.05220163849),(0.,1.),.PIECEWISE_BEZIER_KNOTS.);
#2275 = CARTESIAN_POINT('',(-170.,55.55220163849,-5.12));
#2276 = CARTESIAN_POINT('',(-161.5,50.814418953852,32.));
#2277 = CARTESIAN_POINT('',(-170.,-55.55220163849,-5.12));
#2278 = CARTESIAN_POINT('',(-161.5,-50.81441895385,32.));
#2279 = DEFINITIONAL_REPRESENTATION('',(#2280),#2284);
#2280 = LINE('',#2281,#2282);
#2281 = CARTESIAN_POINT('',(0.,0.));
#2282 = VECTOR('',#2283,1.);
#2283 = DIRECTION('',(1.,0.));
#2284 = ( GEOMETRIC_REPRESENTATION_CONTEXT(2) 
PARAMETRIC_REPRESENTATION_CONTEXT() REPRESENTATION_CONTEXT('2D SPACE',''
  ) );
#2285 = ORIENTED_EDGE('',*,*,#2195,.F.);
#2286 = ADVANCED_FACE('',(#2287),#673,.T.);
#2287 = FACE_BOUND('',#2288,.T.);
#2288 = EDGE_LOOP('',(#2289,#2290,#2312,#2333));
#2289 = ORIENTED_EDGE('',*,*,#658,.F.);
#2290 = ORIENTED_EDGE('',*,*,#2291,.T.);
#2291 = EDGE_CURVE('',#637,#2292,#2294,.T.);
#2292 = VERTEX_POINT('',#2293);
#2293 = CARTESIAN_POINT('',(-120.7449578554,-82.8,32.));
#2294 = SURFACE_CURVE('',#2295,(#2298,#2305),.PCURVE_S1.);
#2295 = B_SPLINE_CURVE_WITH_KNOTS('',1,(#2296,#2297),.UNSPECIFIED.,.F.,
  .F.,(2,2),(0.,1.),.PIECEWISE_BEZIER_KNOTS.);
#2296 = CARTESIAN_POINT('',(-127.1533278365,-90.,-5.12));
#2297 = CARTESIAN_POINT('',(-120.7449578554,-82.8,32.));
#2298 = PCURVE('',#673,#2299);
#2299 = DEFINITIONAL_REPRESENTATION('',(#2300),#2304);
#2300 = LINE('',#2301,#2302);
#2301 = CARTESIAN_POINT('',(1.570796326795,0.));
#2302 = VECTOR('',#2303,1.);
#2303 = DIRECTION('',(0.,1.));
#2304 = ( GEOMETRIC_REPRESENTATION_CONTEXT(2) 
PARAMETRIC_REPRESENTATION_CONTEXT() REPRESENTATION_CONTEXT('2D SPACE',''
  ) );
#2305 = PCURVE('',#876,#2306);
#2306 = DEFINITIONAL_REPRESENTATION('',(#2307),#2311);
#2307 = LINE('',#2308,#2309);
#2308 = CARTESIAN_POINT('',(2.04667216348,0.));
#2309 = VECTOR('',#2310,1.);
#2310 = DIRECTION('',(0.,1.));
#2311 = ( GEOMETRIC_REPRESENTATION_CONTEXT(2) 
PARAMETRIC_REPRESENTATION_CONTEXT() REPRESENTATION_CONTEXT('2D SPACE',''
  ) );
#2312 = ORIENTED_EDGE('',*,*,#2313,.T.);
#2313 = EDGE_CURVE('',#2292,#701,#2314,.T.);
#2314 = SURFACE_CURVE('',#2315,(#2320,#2326),.PCURVE_S1.);
#2315 = CIRCLE('',#2316,6.);
#2316 = AXIS2_PLACEMENT_3D('',#2317,#2318,#2319);
#2317 = CARTESIAN_POINT('',(-120.7449578554,-76.8,32.));
#2318 = DIRECTION('',(0.,0.,-1.));
#2319 = DIRECTION('',(-1.,0.,0.));
#2320 = PCURVE('',#673,#2321);
#2321 = DEFINITIONAL_REPRESENTATION('',(#2322),#2325);
#2322 = B_SPLINE_CURVE_WITH_KNOTS('',1,(#2323,#2324),.UNSPECIFIED.,.F.,
  .F.,(2,2),(4.712388980385,5.354402364017),.PIECEWISE_BEZIER_KNOTS.);
#2323 = CARTESIAN_POINT('',(1.570796326795,1.));
#2324 = CARTESIAN_POINT('',(0.913326394395,1.));
#2325 = ( GEOMETRIC_REPRESENTATION_CONTEXT(2) 
PARAMETRIC_REPRESENTATION_CONTEXT() REPRESENTATION_CONTEXT('2D SPACE',''
  ) );
#2326 = PCURVE('',#737,#2327);
#2327 = DEFINITIONAL_REPRESENTATION('',(#2328),#2332);
#2328 = CIRCLE('',#2329,6.);
#2329 = AXIS2_PLACEMENT_2D('',#2330,#2331);
#2330 = CARTESIAN_POINT('',(0.,0.));
#2331 = DIRECTION('',(1.,0.));
#2332 = ( GEOMETRIC_REPRESENTATION_CONTEXT(2) 
PARAMETRIC_REPRESENTATION_CONTEXT() REPRESENTATION_CONTEXT('2D SPACE',''
  ) );
#2333 = ORIENTED_EDGE('',*,*,#700,.F.);
#2334 = ADVANCED_FACE('',(#2335,#2695),#737,.F.);
#2335 = FACE_BOUND('',#2336,.F.);
#2336 = EDGE_LOOP('',(#2337,#2338,#2362,#2384,#2408,#2430,#2453,#2475,
    #2498,#2520,#2561,#2588,#2629,#2651,#2674,#2694));
#2337 = ORIENTED_EDGE('',*,*,#722,.F.);
#2338 = ORIENTED_EDGE('',*,*,#2339,.T.);
#2339 = EDGE_CURVE('',#723,#2340,#2342,.T.);
#2340 = VERTEX_POINT('',#2341);
#2341 = CARTESIAN_POINT('',(-161.5,-50.81441895385,32.));
#2342 = SURFACE_CURVE('',#2343,(#2348,#2355),.PCURVE_S1.);
#2343 = CIRCLE('',#2344,6.);
#2344 = AXIS2_PLACEMENT_3D('',#2345,#2346,#2347);
#2345 = CARTESIAN_POINT('',(-155.5,-50.81441895385,32.));
#2346 = DIRECTION('',(0.,0.,-1.));
#2347 = DIRECTION('',(-1.,0.,0.));
#2348 = PCURVE('',#737,#2349);
#2349 = DEFINITIONAL_REPRESENTATION('',(#2350),#2354);
#2350 = CIRCLE('',#2351,6.);
#2351 = AXIS2_PLACEMENT_2D('',#2352,#2353);
#2352 = CARTESIAN_POINT('',(34.755042144537,25.985581046148));
#2353 = DIRECTION('',(1.,0.));
#2354 = ( GEOMETRIC_REPRESENTATION_CONTEXT(2) 
PARAMETRIC_REPRESENTATION_CONTEXT() REPRESENTATION_CONTEXT('2D SPACE',''
  ) );
#2355 = PCURVE('',#762,#2356);
#2356 = DEFINITIONAL_REPRESENTATION('',(#2357),#2361);
#2357 = LINE('',#2358,#2359);
#2358 = CARTESIAN_POINT('',(6.28318530718,1.));
#2359 = VECTOR('',#2360,1.);
#2360 = DIRECTION('',(-1.,0.));
#2361 = ( GEOMETRIC_REPRESENTATION_CONTEXT(2) 
PARAMETRIC_REPRESENTATION_CONTEXT() REPRESENTATION_CONTEXT('2D SPACE',''
  ) );
#2362 = ORIENTED_EDGE('',*,*,#2363,.F.);
#2363 = EDGE_CURVE('',#2364,#2340,#2366,.T.);
#2364 = VERTEX_POINT('',#2365);
#2365 = CARTESIAN_POINT('',(-161.5,50.814418953852,32.));
#2366 = SURFACE_CURVE('',#2367,(#2371,#2378),.PCURVE_S1.);
#2367 = LINE('',#2368,#2369);
#2368 = CARTESIAN_POINT('',(-161.5,53.82,32.));
#2369 = VECTOR('',#2370,1.);
#2370 = DIRECTION('',(0.,-1.,0.));
#2371 = PCURVE('',#737,#2372);
#2372 = DEFINITIONAL_REPRESENTATION('',(#2373),#2377);
#2373 = LINE('',#2374,#2375);
#2374 = CARTESIAN_POINT('',(40.755042144537,130.62));
#2375 = VECTOR('',#2376,1.);
#2376 = DIRECTION('',(0.,-1.));
#2377 = ( GEOMETRIC_REPRESENTATION_CONTEXT(2) 
PARAMETRIC_REPRESENTATION_CONTEXT() REPRESENTATION_CONTEXT('2D SPACE',''
  ) );
#2378 = PCURVE('',#2274,#2379);
#2379 = DEFINITIONAL_REPRESENTATION('',(#2380),#2383);
#2380 = B_SPLINE_CURVE_WITH_KNOTS('',1,(#2381,#2382),.UNSPECIFIED.,.F.,
  .F.,(2,2),(3.005581046148,104.63441895385),.PIECEWISE_BEZIER_KNOTS.);
#2381 = CARTESIAN_POINT('',(2.94779836151,1.));
#2382 = CARTESIAN_POINT('',(114.05220163849,1.));
#2383 = ( GEOMETRIC_REPRESENTATION_CONTEXT(2) 
PARAMETRIC_REPRESENTATION_CONTEXT() REPRESENTATION_CONTEXT('2D SPACE',''
  ) );
#2384 = ORIENTED_EDGE('',*,*,#2385,.T.);
#2385 = EDGE_CURVE('',#2364,#2386,#2388,.T.);
#2386 = VERTEX_POINT('',#2387);
#2387 = CARTESIAN_POINT('',(-159.0928549378,55.619769450473,32.));
#2388 = SURFACE_CURVE('',#2389,(#2394,#2401),.PCURVE_S1.);
#2389 = CIRCLE('',#2390,6.);
#2390 = AXIS2_PLACEMENT_3D('',#2391,#2392,#2393);
#2391 = CARTESIAN_POINT('',(-155.5,50.814418953852,32.));
#2392 = DIRECTION('',(0.,0.,-1.));
#2393 = DIRECTION('',(-1.,0.,0.));
#2394 = PCURVE('',#737,#2395);
#2395 = DEFINITIONAL_REPRESENTATION('',(#2396),#2400);
#2396 = CIRCLE('',#2397,6.);
#2397 = AXIS2_PLACEMENT_2D('',#2398,#2399);
#2398 = CARTESIAN_POINT('',(34.755042144537,127.61441895385));
#2399 = DIRECTION('',(1.,0.));
#2400 = ( GEOMETRIC_REPRESENTATION_CONTEXT(2) 
PARAMETRIC_REPRESENTATION_CONTEXT() REPRESENTATION_CONTEXT('2D SPACE',''
  ) );
#2401 = PCURVE('',#2231,#2402);
#2402 = DEFINITIONAL_REPRESENTATION('',(#2403),#2407);
#2403 = LINE('',#2404,#2405);
#2404 = CARTESIAN_POINT('',(6.28318530718,1.));
#2405 = VECTOR('',#2406,1.);
#2406 = DIRECTION('',(-1.,0.));
#2407 = ( GEOMETRIC_REPRESENTATION_CONTEXT(2) 
PARAMETRIC_REPRESENTATION_CONTEXT() REPRESENTATION_CONTEXT('2D SPACE',''
  ) );
#2408 = ORIENTED_EDGE('',*,*,#2409,.F.);
#2409 = EDGE_CURVE('',#2410,#2386,#2412,.T.);
#2410 = VERTEX_POINT('',#2411);
#2411 = CARTESIAN_POINT('',(-124.3378127933,81.605350496621,32.));
#2412 = SURFACE_CURVE('',#2413,(#2417,#2424),.PCURVE_S1.);
#2413 = LINE('',#2414,#2415);
#2414 = CARTESIAN_POINT('',(-122.74,82.8,32.));
#2415 = VECTOR('',#2416,1.);
#2416 = DIRECTION('',(-0.800891749437,-0.598809156313,0.));
#2417 = PCURVE('',#737,#2418);
#2418 = DEFINITIONAL_REPRESENTATION('',(#2419),#2423);
#2419 = LINE('',#2420,#2421);
#2420 = CARTESIAN_POINT('',(1.995042144537,159.6));
#2421 = VECTOR('',#2422,1.);
#2422 = DIRECTION('',(0.800891749437,-0.598809156313));
#2423 = ( GEOMETRIC_REPRESENTATION_CONTEXT(2) 
PARAMETRIC_REPRESENTATION_CONTEXT() REPRESENTATION_CONTEXT('2D SPACE',''
  ) );
#2424 = PCURVE('',#2178,#2425);
#2425 = DEFINITIONAL_REPRESENTATION('',(#2426),#2429);
#2426 = B_SPLINE_CURVE_WITH_KNOTS('',1,(#2427,#2428),.UNSPECIFIED.,.F.,
  .F.,(2,2),(1.995042144537,45.390472511968),.PIECEWISE_BEZIER_KNOTS.);
#2427 = CARTESIAN_POINT('',(2.04667216348,1.));
#2428 = CARTESIAN_POINT('',(48.597230496761,1.));
#2429 = ( GEOMETRIC_REPRESENTATION_CONTEXT(2) 
PARAMETRIC_REPRESENTATION_CONTEXT() REPRESENTATION_CONTEXT('2D SPACE',''
  ) );
#2430 = ORIENTED_EDGE('',*,*,#2431,.T.);
#2431 = EDGE_CURVE('',#2410,#2432,#2434,.T.);
#2432 = VERTEX_POINT('',#2433);
#2433 = CARTESIAN_POINT('',(-120.7449578554,82.8,32.));
#2434 = SURFACE_CURVE('',#2435,(#2440,#2447),.PCURVE_S1.);
#2435 = CIRCLE('',#2436,6.);
#2436 = AXIS2_PLACEMENT_3D('',#2437,#2438,#2439);
#2437 = CARTESIAN_POINT('',(-120.7449578554,76.8,32.));
#2438 = DIRECTION('',(0.,0.,-1.));
#2439 = DIRECTION('',(-1.,0.,0.));
#2440 = PCURVE('',#737,#2441);
#2441 = DEFINITIONAL_REPRESENTATION('',(#2442),#2446);
#2442 = CIRCLE('',#2443,6.);
#2443 = AXIS2_PLACEMENT_2D('',#2444,#2445);
#2444 = CARTESIAN_POINT('',(5.684341886081E-14,153.6));
#2445 = DIRECTION('',(1.,0.));
#2446 = ( GEOMETRIC_REPRESENTATION_CONTEXT(2) 
PARAMETRIC_REPRESENTATION_CONTEXT() REPRESENTATION_CONTEXT('2D SPACE',''
  ) );
#2447 = PCURVE('',#2115,#2448);
#2448 = DEFINITIONAL_REPRESENTATION('',(#2449),#2452);
#2449 = B_SPLINE_CURVE_WITH_KNOTS('',1,(#2450,#2451),.UNSPECIFIED.,.F.,
  .F.,(2,2),(0.928782943162,1.570796326795),.PIECEWISE_BEZIER_KNOTS.);
#2450 = CARTESIAN_POINT('',(5.369858912784,1.));
#2451 = CARTESIAN_POINT('',(4.712388980385,1.));
#2452 = ( GEOMETRIC_REPRESENTATION_CONTEXT(2) 
PARAMETRIC_REPRESENTATION_CONTEXT() REPRESENTATION_CONTEXT('2D SPACE',''
  ) );
#2453 = ORIENTED_EDGE('',*,*,#2454,.F.);
#2454 = EDGE_CURVE('',#2455,#2432,#2457,.T.);
#2455 = VERTEX_POINT('',#2456);
#2456 = CARTESIAN_POINT('',(120.74495785546,82.8,32.));
#2457 = SURFACE_CURVE('',#2458,(#2462,#2469),.PCURVE_S1.);
#2458 = LINE('',#2459,#2460);
#2459 = CARTESIAN_POINT('',(122.74,82.8,32.));
#2460 = VECTOR('',#2461,1.);
#2461 = DIRECTION('',(-1.,0.,0.));
#2462 = PCURVE('',#737,#2463);
#2463 = DEFINITIONAL_REPRESENTATION('',(#2464),#2468);
#2464 = LINE('',#2465,#2466);
#2465 = CARTESIAN_POINT('',(-243.4849578554,159.6));
#2466 = VECTOR('',#2467,1.);
#2467 = DIRECTION('',(1.,0.));
#2468 = ( GEOMETRIC_REPRESENTATION_CONTEXT(2) 
PARAMETRIC_REPRESENTATION_CONTEXT() REPRESENTATION_CONTEXT('2D SPACE',''
  ) );
#2469 = PCURVE('',#1884,#2470);
#2470 = DEFINITIONAL_REPRESENTATION('',(#2471),#2474);
#2471 = B_SPLINE_CURVE_WITH_KNOTS('',1,(#2472,#2473),.UNSPECIFIED.,.F.,
  .F.,(2,2),(1.995042144537,243.48495785546),.PIECEWISE_BEZIER_KNOTS.);
#2472 = CARTESIAN_POINT('',(2.04667216348,1.));
#2473 = CARTESIAN_POINT('',(256.35332783652,1.));
#2474 = ( GEOMETRIC_REPRESENTATION_CONTEXT(2) 
PARAMETRIC_REPRESENTATION_CONTEXT() REPRESENTATION_CONTEXT('2D SPACE',''
  ) );
#2475 = ORIENTED_EDGE('',*,*,#2476,.T.);
#2476 = EDGE_CURVE('',#2455,#2477,#2479,.T.);
#2477 = VERTEX_POINT('',#2478);
#2478 = CARTESIAN_POINT('',(124.33781279333,81.605350496621,32.));
#2479 = SURFACE_CURVE('',#2480,(#2485,#2492),.PCURVE_S1.);
#2480 = CIRCLE('',#2481,6.);
#2481 = AXIS2_PLACEMENT_3D('',#2482,#2483,#2484);
#2482 = CARTESIAN_POINT('',(120.74495785546,76.8,32.));
#2483 = DIRECTION('',(0.,0.,-1.));
#2484 = DIRECTION('',(-1.,0.,0.));
#2485 = PCURVE('',#737,#2486);
#2486 = DEFINITIONAL_REPRESENTATION('',(#2487),#2491);
#2487 = CIRCLE('',#2488,6.);
#2488 = AXIS2_PLACEMENT_2D('',#2489,#2490);
#2489 = CARTESIAN_POINT('',(-241.4899157109,153.6));
#2490 = DIRECTION('',(1.,0.));
#2491 = ( GEOMETRIC_REPRESENTATION_CONTEXT(2) 
PARAMETRIC_REPRESENTATION_CONTEXT() REPRESENTATION_CONTEXT('2D SPACE',''
  ) );
#2492 = PCURVE('',#1818,#2493);
#2493 = DEFINITIONAL_REPRESENTATION('',(#2494),#2497);
#2494 = B_SPLINE_CURVE_WITH_KNOTS('',1,(#2495,#2496),.UNSPECIFIED.,.F.,
  .F.,(2,2),(1.570796326795,2.212809710427),.PIECEWISE_BEZIER_KNOTS.);
#2495 = CARTESIAN_POINT('',(4.712388980385,1.));
#2496 = CARTESIAN_POINT('',(4.054919047985,1.));
#2497 = ( GEOMETRIC_REPRESENTATION_CONTEXT(2) 
PARAMETRIC_REPRESENTATION_CONTEXT() REPRESENTATION_CONTEXT('2D SPACE',''
  ) );
#2498 = ORIENTED_EDGE('',*,*,#2499,.F.);
#2499 = EDGE_CURVE('',#2500,#2477,#2502,.T.);
#2500 = VERTEX_POINT('',#2501);
#2501 = CARTESIAN_POINT('',(159.09285493787,55.619769450473,32.));
#2502 = SURFACE_CURVE('',#2503,(#2507,#2514),.PCURVE_S1.);
#2503 = LINE('',#2504,#2505);
#2504 = CARTESIAN_POINT('',(161.5,53.82,32.));
#2505 = VECTOR('',#2506,1.);
#2506 = DIRECTION('',(-0.800891749437,0.598809156313,0.));
#2507 = PCURVE('',#737,#2508);
#2508 = DEFINITIONAL_REPRESENTATION('',(#2509),#2513);
#2509 = LINE('',#2510,#2511);
#2510 = CARTESIAN_POINT('',(-282.2449578554,130.62));
#2511 = VECTOR('',#2512,1.);
#2512 = DIRECTION('',(0.800891749437,0.598809156313));
#2513 = ( GEOMETRIC_REPRESENTATION_CONTEXT(2) 
PARAMETRIC_REPRESENTATION_CONTEXT() REPRESENTATION_CONTEXT('2D SPACE',''
  ) );
#2514 = PCURVE('',#1764,#2515);
#2515 = DEFINITIONAL_REPRESENTATION('',(#2516),#2519);
#2516 = B_SPLINE_CURVE_WITH_KNOTS('',1,(#2517,#2518),.UNSPECIFIED.,.F.,
  .F.,(2,2),(3.005581046148,46.401011413578),.PIECEWISE_BEZIER_KNOTS.);
#2517 = CARTESIAN_POINT('',(2.94779836151,1.));
#2518 = CARTESIAN_POINT('',(49.498356694791,1.));
#2519 = ( GEOMETRIC_REPRESENTATION_CONTEXT(2) 
PARAMETRIC_REPRESENTATION_CONTEXT() REPRESENTATION_CONTEXT('2D SPACE',''
  ) );
#2520 = ORIENTED_EDGE('',*,*,#2521,.T.);
#2521 = EDGE_CURVE('',#2500,#2522,#2524,.T.);
#2522 = VERTEX_POINT('',#2523);
#2523 = CARTESIAN_POINT('',(161.5,50.814418953852,32.));
#2524 = SURFACE_CURVE('',#2525,(#2530,#2537),.PCURVE_S1.);
#2525 = CIRCLE('',#2526,6.);
#2526 = AXIS2_PLACEMENT_3D('',#2527,#2528,#2529);
#2527 = CARTESIAN_POINT('',(155.5,50.814418953852,32.));
#2528 = DIRECTION('',(0.,0.,-1.));
#2529 = DIRECTION('',(-1.,0.,0.));
#2530 = PCURVE('',#737,#2531);
#2531 = DEFINITIONAL_REPRESENTATION('',(#2532),#2536);
#2532 = CIRCLE('',#2533,6.);
#2533 = AXIS2_PLACEMENT_2D('',#2534,#2535);
#2534 = CARTESIAN_POINT('',(-276.2449578554,127.61441895385));
#2535 = DIRECTION('',(1.,0.));
#2536 = ( GEOMETRIC_REPRESENTATION_CONTEXT(2) 
PARAMETRIC_REPRESENTATION_CONTEXT() REPRESENTATION_CONTEXT('2D SPACE',''
  ) );
#2537 = PCURVE('',#2538,#2555);
#2538 = B_SPLINE_SURFACE_WITH_KNOTS('',7,1,(
    (#2539,#2540)
    ,(#2541,#2542)
    ,(#2543,#2544)
    ,(#2545,#2546)
    ,(#2547,#2548)
    ,(#2549,#2550)
    ,(#2551,#2552)
    ,(#2553,#2554
    )),.UNSPECIFIED.,.F.,.F.,.F.,(8,8),(2,2),(3.14159265359,
    4.070375596752),(0.,1.),.PIECEWISE_BEZIER_KNOTS.);
#2539 = CARTESIAN_POINT('',(170.,55.55220163849,-5.12));
#2540 = CARTESIAN_POINT('',(161.5,50.814418953852,32.));
#2541 = CARTESIAN_POINT('',(170.,56.335052833686,-5.12));
#2542 = CARTESIAN_POINT('',(161.5,51.61051861942,32.));
#2543 = CARTESIAN_POINT('',(169.88083343698,57.117903975707,-5.12));
#2544 = CARTESIAN_POINT('',(161.37676589841,52.406618223221,
    31.999999999999));
#2545 = CARTESIAN_POINT('',(169.64250120616,57.8789878784,-5.12));
#2546 = CARTESIAN_POINT('',(161.13029871575,53.179826692034,
    32.000000000001));
#2547 = CARTESIAN_POINT('',(169.28997019929,58.596535614624,-5.12));
#2548 = CARTESIAN_POINT('',(160.76590996532,53.907250930128,
    31.999999999999));
#2549 = CARTESIAN_POINT('',(168.83318981756,59.250296000432,-5.12));
#2550 = CARTESIAN_POINT('',(160.29424048778,54.567648774097,32.));
#2551 = CARTESIAN_POINT('',(168.2863557099,59.823034194556,-5.12));
#2552 = CARTESIAN_POINT('',(159.73044459175,55.143057681394,32.));
#2553 = CARTESIAN_POINT('',(167.66669694801,60.301447209253,-5.12));
#2554 = CARTESIAN_POINT('',(159.09285493787,55.619769450473,32.));
#2555 = DEFINITIONAL_REPRESENTATION('',(#2556),#2560);
#2556 = LINE('',#2557,#2558);
#2557 = CARTESIAN_POINT('',(6.28318530718,1.));
#2558 = VECTOR('',#2559,1.);
#2559 = DIRECTION('',(-1.,0.));
#2560 = ( GEOMETRIC_REPRESENTATION_CONTEXT(2) 
PARAMETRIC_REPRESENTATION_CONTEXT() REPRESENTATION_CONTEXT('2D SPACE',''
  ) );
#2561 = ORIENTED_EDGE('',*,*,#2562,.F.);
#2562 = EDGE_CURVE('',#2563,#2522,#2565,.T.);
#2563 = VERTEX_POINT('',#2564);
#2564 = CARTESIAN_POINT('',(161.5,-50.81441895385,32.));
#2565 = SURFACE_CURVE('',#2566,(#2570,#2577),.PCURVE_S1.);
#2566 = LINE('',#2567,#2568);
#2567 = CARTESIAN_POINT('',(161.5,-53.82,32.));
#2568 = VECTOR('',#2569,1.);
#2569 = DIRECTION('',(0.,1.,0.));
#2570 = PCURVE('',#737,#2571);
#2571 = DEFINITIONAL_REPRESENTATION('',(#2572),#2576);
#2572 = LINE('',#2573,#2574);
#2573 = CARTESIAN_POINT('',(-282.2449578554,22.98));
#2574 = VECTOR('',#2575,1.);
#2575 = DIRECTION('',(0.,1.));
#2576 = ( GEOMETRIC_REPRESENTATION_CONTEXT(2) 
PARAMETRIC_REPRESENTATION_CONTEXT() REPRESENTATION_CONTEXT('2D SPACE',''
  ) );
#2577 = PCURVE('',#2578,#2583);
#2578 = B_SPLINE_SURFACE_WITH_KNOTS('',1,1,(
    (#2579,#2580)
    ,(#2581,#2582
    )),.UNSPECIFIED.,.F.,.F.,.F.,(2,2),(2,2),(2.94779836151,
    114.05220163849),(0.,1.),.PIECEWISE_BEZIER_KNOTS.);
#2579 = CARTESIAN_POINT('',(170.,-55.55220163849,-5.12));
#2580 = CARTESIAN_POINT('',(161.5,-50.81441895385,32.));
#2581 = CARTESIAN_POINT('',(170.,55.55220163849,-5.12));
#2582 = CARTESIAN_POINT('',(161.5,50.814418953852,32.));
#2583 = DEFINITIONAL_REPRESENTATION('',(#2584),#2587);
#2584 = B_SPLINE_CURVE_WITH_KNOTS('',1,(#2585,#2586),.UNSPECIFIED.,.F.,
  .F.,(2,2),(3.005581046148,104.63441895385),.PIECEWISE_BEZIER_KNOTS.);
#2585 = CARTESIAN_POINT('',(2.94779836151,1.));
#2586 = CARTESIAN_POINT('',(114.05220163849,1.));
#2587 = ( GEOMETRIC_REPRESENTATION_CONTEXT(2) 
PARAMETRIC_REPRESENTATION_CONTEXT() REPRESENTATION_CONTEXT('2D SPACE',''
  ) );
#2588 = ORIENTED_EDGE('',*,*,#2589,.T.);
#2589 = EDGE_CURVE('',#2563,#2590,#2592,.T.);
#2590 = VERTEX_POINT('',#2591);
#2591 = CARTESIAN_POINT('',(159.09285493787,-55.61976945047,32.));
#2592 = SURFACE_CURVE('',#2593,(#2598,#2605),.PCURVE_S1.);
#2593 = CIRCLE('',#2594,6.);
#2594 = AXIS2_PLACEMENT_3D('',#2595,#2596,#2597);
#2595 = CARTESIAN_POINT('',(155.5,-50.81441895385,32.));
#2596 = DIRECTION('',(0.,0.,-1.));
#2597 = DIRECTION('',(-1.,0.,0.));
#2598 = PCURVE('',#737,#2599);
#2599 = DEFINITIONAL_REPRESENTATION('',(#2600),#2604);
#2600 = CIRCLE('',#2601,6.);
#2601 = AXIS2_PLACEMENT_2D('',#2602,#2603);
#2602 = CARTESIAN_POINT('',(-276.2449578554,25.985581046148));
#2603 = DIRECTION('',(1.,0.));
#2604 = ( GEOMETRIC_REPRESENTATION_CONTEXT(2) 
PARAMETRIC_REPRESENTATION_CONTEXT() REPRESENTATION_CONTEXT('2D SPACE',''
  ) );
#2605 = PCURVE('',#2606,#2623);
#2606 = B_SPLINE_SURFACE_WITH_KNOTS('',7,1,(
    (#2607,#2608)
    ,(#2609,#2610)
    ,(#2611,#2612)
    ,(#2613,#2614)
    ,(#2615,#2616)
    ,(#2617,#2618)
    ,(#2619,#2620)
    ,(#2621,#2622
    )),.UNSPECIFIED.,.F.,.F.,.F.,(8,8),(2,2),(2.212809710427,
    3.14159265359),(0.,1.),.PIECEWISE_BEZIER_KNOTS.);
#2607 = CARTESIAN_POINT('',(167.66669694801,-60.30144720925,-5.12));
#2608 = CARTESIAN_POINT('',(159.09285493787,-55.61976945047,32.));
#2609 = CARTESIAN_POINT('',(168.2863557099,-59.82303419455,-5.12));
#2610 = CARTESIAN_POINT('',(159.73044459175,-55.14305768139,32.));
#2611 = CARTESIAN_POINT('',(168.83318981756,-59.25029600043,-5.12));
#2612 = CARTESIAN_POINT('',(160.29424048777,-54.56764877409,32.));
#2613 = CARTESIAN_POINT('',(169.28997019929,-58.59653561462,-5.12));
#2614 = CARTESIAN_POINT('',(160.76590996533,-53.90725093013,
    32.000000000001));
#2615 = CARTESIAN_POINT('',(169.64250120616,-57.87898787839,-5.12));
#2616 = CARTESIAN_POINT('',(161.13029871575,-53.17982669203,
    31.999999999999));
#2617 = CARTESIAN_POINT('',(169.88083343699,-57.1179039757,-5.12));
#2618 = CARTESIAN_POINT('',(161.37676589842,-52.40661822322,32.));
#2619 = CARTESIAN_POINT('',(170.,-56.33505283368,-5.12));
#2620 = CARTESIAN_POINT('',(161.5,-51.61051861942,32.));
#2621 = CARTESIAN_POINT('',(170.,-55.55220163849,-5.12));
#2622 = CARTESIAN_POINT('',(161.5,-50.81441895385,32.));
#2623 = DEFINITIONAL_REPRESENTATION('',(#2624),#2628);
#2624 = LINE('',#2625,#2626);
#2625 = CARTESIAN_POINT('',(6.28318530718,1.));
#2626 = VECTOR('',#2627,1.);
#2627 = DIRECTION('',(-1.,0.));
#2628 = ( GEOMETRIC_REPRESENTATION_CONTEXT(2) 
PARAMETRIC_REPRESENTATION_CONTEXT() REPRESENTATION_CONTEXT('2D SPACE',''
  ) );
#2629 = ORIENTED_EDGE('',*,*,#2630,.F.);
#2630 = EDGE_CURVE('',#2631,#2590,#2633,.T.);
#2631 = VERTEX_POINT('',#2632);
#2632 = CARTESIAN_POINT('',(124.33781279333,-81.60535049662,32.));
#2633 = SURFACE_CURVE('',#2634,(#2638,#2645),.PCURVE_S1.);
#2634 = LINE('',#2635,#2636);
#2635 = CARTESIAN_POINT('',(122.74,-82.8,32.));
#2636 = VECTOR('',#2637,1.);
#2637 = DIRECTION('',(0.800891749437,0.598809156313,0.));
#2638 = PCURVE('',#737,#2639);
#2639 = DEFINITIONAL_REPRESENTATION('',(#2640),#2644);
#2640 = LINE('',#2641,#2642);
#2641 = CARTESIAN_POINT('',(-243.4849578554,-6.));
#2642 = VECTOR('',#2643,1.);
#2643 = DIRECTION('',(-0.800891749437,0.598809156313));
#2644 = ( GEOMETRIC_REPRESENTATION_CONTEXT(2) 
PARAMETRIC_REPRESENTATION_CONTEXT() REPRESENTATION_CONTEXT('2D SPACE',''
  ) );
#2645 = PCURVE('',#1170,#2646);
#2646 = DEFINITIONAL_REPRESENTATION('',(#2647),#2650);
#2647 = B_SPLINE_CURVE_WITH_KNOTS('',1,(#2648,#2649),.UNSPECIFIED.,.F.,
  .F.,(2,2),(1.995042144537,45.390472511968),.PIECEWISE_BEZIER_KNOTS.);
#2648 = CARTESIAN_POINT('',(2.04667216348,1.));
#2649 = CARTESIAN_POINT('',(48.597230496761,1.));
#2650 = ( GEOMETRIC_REPRESENTATION_CONTEXT(2) 
PARAMETRIC_REPRESENTATION_CONTEXT() REPRESENTATION_CONTEXT('2D SPACE',''
  ) );
#2651 = ORIENTED_EDGE('',*,*,#2652,.T.);
#2652 = EDGE_CURVE('',#2631,#2653,#2655,.T.);
#2653 = VERTEX_POINT('',#2654);
#2654 = CARTESIAN_POINT('',(120.74495785546,-82.8,32.));
#2655 = SURFACE_CURVE('',#2656,(#2661,#2668),.PCURVE_S1.);
#2656 = CIRCLE('',#2657,6.);
#2657 = AXIS2_PLACEMENT_3D('',#2658,#2659,#2660);
#2658 = CARTESIAN_POINT('',(120.74495785546,-76.8,32.));
#2659 = DIRECTION('',(0.,0.,-1.));
#2660 = DIRECTION('',(-1.,0.,0.));
#2661 = PCURVE('',#737,#2662);
#2662 = DEFINITIONAL_REPRESENTATION('',(#2663),#2667);
#2663 = CIRCLE('',#2664,6.);
#2664 = AXIS2_PLACEMENT_2D('',#2665,#2666);
#2665 = CARTESIAN_POINT('',(-241.4899157109,0.));
#2666 = DIRECTION('',(1.,0.));
#2667 = ( GEOMETRIC_REPRESENTATION_CONTEXT(2) 
PARAMETRIC_REPRESENTATION_CONTEXT() REPRESENTATION_CONTEXT('2D SPACE',''
  ) );
#2668 = PCURVE('',#1107,#2669);
#2669 = DEFINITIONAL_REPRESENTATION('',(#2670),#2673);
#2670 = B_SPLINE_CURVE_WITH_KNOTS('',1,(#2671,#2672),.UNSPECIFIED.,.F.,
  .F.,(2,2),(4.070375596752,4.712388980385),.PIECEWISE_BEZIER_KNOTS.);
#2671 = CARTESIAN_POINT('',(2.228266259194,1.));
#2672 = CARTESIAN_POINT('',(1.570796326795,1.));
#2673 = ( GEOMETRIC_REPRESENTATION_CONTEXT(2) 
PARAMETRIC_REPRESENTATION_CONTEXT() REPRESENTATION_CONTEXT('2D SPACE',''
  ) );
#2674 = ORIENTED_EDGE('',*,*,#2675,.F.);
#2675 = EDGE_CURVE('',#2292,#2653,#2676,.T.);
#2676 = SURFACE_CURVE('',#2677,(#2681,#2688),.PCURVE_S1.);
#2677 = LINE('',#2678,#2679);
#2678 = CARTESIAN_POINT('',(-122.74,-82.8,32.));
#2679 = VECTOR('',#2680,1.);
#2680 = DIRECTION('',(1.,0.,0.));
#2681 = PCURVE('',#737,#2682);
#2682 = DEFINITIONAL_REPRESENTATION('',(#2683),#2687);
#2683 = LINE('',#2684,#2685);
#2684 = CARTESIAN_POINT('',(1.995042144537,-6.));
#2685 = VECTOR('',#2686,1.);
#2686 = DIRECTION('',(-1.,0.));
#2687 = ( GEOMETRIC_REPRESENTATION_CONTEXT(2) 
PARAMETRIC_REPRESENTATION_CONTEXT() REPRESENTATION_CONTEXT('2D SPACE',''
  ) );
#2688 = PCURVE('',#876,#2689);
#2689 = DEFINITIONAL_REPRESENTATION('',(#2690),#2693);
#2690 = B_SPLINE_CURVE_WITH_KNOTS('',1,(#2691,#2692),.UNSPECIFIED.,.F.,
  .F.,(2,2),(1.995042144537,243.48495785546),.PIECEWISE_BEZIER_KNOTS.);
#2691 = CARTESIAN_POINT('',(2.04667216348,1.));
#2692 = CARTESIAN_POINT('',(256.35332783652,1.));
#2693 = ( GEOMETRIC_REPRESENTATION_CONTEXT(2) 
PARAMETRIC_REPRESENTATION_CONTEXT() REPRESENTATION_CONTEXT('2D SPACE',''
  ) );
#2694 = ORIENTED_EDGE('',*,*,#2313,.T.);
#2695 = FACE_BOUND('',#2696,.F.);
#2696 = EDGE_LOOP('',(#2697,#2724,#2894,#2919,#3134,#3159,#3511,#3536,
    #3789,#3814,#4137,#4162,#4458,#4483,#4640,#4665));
#2697 = ORIENTED_EDGE('',*,*,#2698,.F.);
#2698 = EDGE_CURVE('',#2699,#2701,#2703,.T.);
#2699 = VERTEX_POINT('',#2700);
#2700 = CARTESIAN_POINT('',(-123.4209348691,-80.15190796745,32.));
#2701 = VERTEX_POINT('',#2702);
#2702 = CARTESIAN_POINT('',(-157.8715974793,-54.66190413282,32.));
#2703 = SURFACE_CURVE('',#2704,(#2707,#2713),.PCURVE_S1.);
#2704 = B_SPLINE_CURVE_WITH_KNOTS('',1,(#2705,#2706),.UNSPECIFIED.,.F.,
  .F.,(2,2),(0.,1.),.PIECEWISE_BEZIER_KNOTS.);
#2705 = CARTESIAN_POINT('',(-123.4209348691,-80.15190796745,32.));
#2706 = CARTESIAN_POINT('',(-157.8715974793,-54.66190413282,32.));
#2707 = PCURVE('',#737,#2708);
#2708 = DEFINITIONAL_REPRESENTATION('',(#2709),#2712);
#2709 = B_SPLINE_CURVE_WITH_KNOTS('',1,(#2710,#2711),.UNSPECIFIED.,.F.,
  .F.,(2,2),(0.,1.),.PIECEWISE_BEZIER_KNOTS.);
#2710 = CARTESIAN_POINT('',(2.675977013677,-3.351907967454));
#2711 = CARTESIAN_POINT('',(37.12663962392,22.138095867175));
#2712 = ( GEOMETRIC_REPRESENTATION_CONTEXT(2) 
PARAMETRIC_REPRESENTATION_CONTEXT() REPRESENTATION_CONTEXT('2D SPACE',''
  ) );
#2713 = PCURVE('',#2714,#2719);
#2714 = B_SPLINE_SURFACE_WITH_KNOTS('',1,1,(
    (#2715,#2716)
    ,(#2717,#2718
    )),.UNSPECIFIED.,.F.,.F.,.F.,(2,2),(2,2),(2.976791462767,
    48.314283824231),(0.,1.),.PIECEWISE_BEZIER_KNOTS.);
#2715 = CARTESIAN_POINT('',(-164.6296835181,-58.3508018182,-5.12));
#2716 = CARTESIAN_POINT('',(-156.0509924042,-53.66812781672,42.));
#2717 = CARTESIAN_POINT('',(-128.529000371,-85.77759328097,-5.12));
#2718 = CARTESIAN_POINT('',(-122.0448396369,-78.6363677429,42.));
#2719 = DEFINITIONAL_REPRESENTATION('',(#2720),#2723);
#2720 = B_SPLINE_CURVE_WITH_KNOTS('',1,(#2721,#2722),.UNSPECIFIED.,.F.,
  .F.,(2,2),(0.,1.),.PIECEWISE_BEZIER_KNOTS.);
#2721 = CARTESIAN_POINT('',(48.314283824231,0.787775891341));
#2722 = CARTESIAN_POINT('',(2.976791462767,0.787775891341));
#2723 = ( GEOMETRIC_REPRESENTATION_CONTEXT(2) 
PARAMETRIC_REPRESENTATION_CONTEXT() REPRESENTATION_CONTEXT('2D SPACE',''
  ) );
#2724 = ORIENTED_EDGE('',*,*,#2725,.F.);
#2725 = EDGE_CURVE('',#2726,#2699,#2728,.T.);
#2726 = VERTEX_POINT('',#2727);
#2727 = CARTESIAN_POINT('',(-119.8532423133,-81.32801358234,32.));
#2728 = SURFACE_CURVE('',#2729,(#2777,#2828),.PCURVE_S1.);
#2729 = B_SPLINE_CURVE_WITH_KNOTS('',4,(#2730,#2731,#2732,#2733,#2734,
    #2735,#2736,#2737,#2738,#2739,#2740,#2741,#2742,#2743,#2744,#2745,
    #2746,#2747,#2748,#2749,#2750,#2751,#2752,#2753,#2754,#2755,#2756,
    #2757,#2758,#2759,#2760,#2761,#2762,#2763,#2764,#2765,#2766,#2767,
    #2768,#2769,#2770,#2771,#2772,#2773,#2774,#2775,#2776),
  .UNSPECIFIED.,.F.,.F.,(5,3,3,3,3,3,3,3,3,3,3,3,3,3,3,5),(0.,
    7.200054924142E-02,9.900075192516E-02,0.128000966679,0.157001177412,
    0.186001382969,0.214001575346,0.243001767015,0.260001875269,
    0.280001998308,0.309002167606,0.340002335412,0.425002714153,
    0.714002599097,0.970000412594,1.),.UNSPECIFIED.);
#2730 = CARTESIAN_POINT('',(-119.8532423133,-81.32801358234,32.));
#2731 = CARTESIAN_POINT('',(-119.9220171268,-81.32801358234,32.));
#2732 = CARTESIAN_POINT('',(-119.9907919415,-81.32696236182,32.));
#2733 = CARTESIAN_POINT('',(-120.05954265,-81.32485991954,32.));
#2734 = CARTESIAN_POINT('',(-120.1540086123,-81.32052515067,32.));
#2735 = CARTESIAN_POINT('',(-120.1797652781,-81.31919526841,32.));
#2736 = CARTESIAN_POINT('',(-120.2055138978,-81.31771777171,32.));
#2737 = CARTESIAN_POINT('',(-120.2588991206,-81.31434733712,32.));
#2738 = CARTESIAN_POINT('',(-120.2865342927,-81.3124317328,32.));
#2739 = CARTESIAN_POINT('',(-120.3141571475,-81.31034602692,32.));
#2740 = CARTESIAN_POINT('',(-120.3693750792,-81.30583466885,32.));
#2741 = CARTESIAN_POINT('',(-120.3969701562,-81.3034090167,32.));
#2742 = CARTESIAN_POINT('',(-120.4245497764,-81.30081351952,32.));
#2743 = CARTESIAN_POINT('',(-120.4796749643,-81.29528315001,32.));
#2744 = CARTESIAN_POINT('',(-120.507220532,-81.29234827774,32.));
#2745 = CARTESIAN_POINT('',(-120.5347475089,-81.28924387492,32.));
#2746 = CARTESIAN_POINT('',(-120.5888126364,-81.28280926893,32.));
#2747 = CARTESIAN_POINT('',(-120.615352153,-81.2794905434,32.));
#2748 = CARTESIAN_POINT('',(-120.6418714732,-81.27601411859,32.));
#2749 = CARTESIAN_POINT('',(-120.6958132522,-81.26861647331,32.));
#2750 = CARTESIAN_POINT('',(-120.7232341405,-81.26468380155,32.));
#2751 = CARTESIAN_POINT('',(-120.7506302973,-81.26058238579,32.));
#2752 = CARTESIAN_POINT('',(-120.7940445686,-81.25380941456,32.));
#2753 = CARTESIAN_POINT('',(-120.8100799374,-81.25124845686,32.));
#2754 = CARTESIAN_POINT('',(-120.8261059592,-81.24862964456,32.));
#2755 = CARTESIAN_POINT('',(-120.8609650961,-81.24280407227,32.));
#2756 = CARTESIAN_POINT('',(-120.8797945009,-81.23957511143,32.));
#2757 = CARTESIAN_POINT('',(-120.8986100262,-81.23626623257,32.));
#2758 = CARTESIAN_POINT('',(-120.9446728043,-81.22796390624,32.));
#2759 = CARTESIAN_POINT('',(-120.9719041945,-81.22288245028,32.));
#2760 = CARTESIAN_POINT('',(-120.9991037841,-81.21763343878,32.));
#2761 = CARTESIAN_POINT('',(-121.0553097951,-81.20642738783,32.));
#2762 = CARTESIAN_POINT('',(-121.0843114586,-81.20044648444,32.));
#2763 = CARTESIAN_POINT('',(-121.1132731325,-81.19427484558,32.));
#2764 = CARTESIAN_POINT('',(-121.2214891028,-81.17046881441,32.));
#2765 = CARTESIAN_POINT('',(-121.3004704955,-81.15159386406,32.));
#2766 = CARTESIAN_POINT('',(-121.3790983736,-81.13129655543,32.));
#2767 = CARTESIAN_POINT('',(-121.7233360933,-81.03577704242,32.));
#2768 = CARTESIAN_POINT('',(-121.9848104872,-80.94564646681,32.));
#2769 = CARTESIAN_POINT('',(-122.2402503706,-80.83961421158,32.));
#2770 = CARTESIAN_POINT('',(-122.7079299781,-80.61096569311,32.));
#2771 = CARTESIAN_POINT('',(-122.921773469,-80.49162516912,32.));
#2772 = CARTESIAN_POINT('',(-123.1288046752,-80.3608227629,32.));
#2773 = CARTESIAN_POINT('',(-123.3514970761,-80.20258985319,32.));
#2774 = CARTESIAN_POINT('',(-123.3747506028,-80.1858433044,32.));
#2775 = CARTESIAN_POINT('',(-123.397897001,-80.16894899688,32.));
#2776 = CARTESIAN_POINT('',(-123.4209348691,-80.15190796745,32.));
#2777 = PCURVE('',#737,#2778);
#2778 = DEFINITIONAL_REPRESENTATION('',(#2779),#2827);
#2779 = B_SPLINE_CURVE_WITH_KNOTS('',4,(#2780,#2781,#2782,#2783,#2784,
    #2785,#2786,#2787,#2788,#2789,#2790,#2791,#2792,#2793,#2794,#2795,
    #2796,#2797,#2798,#2799,#2800,#2801,#2802,#2803,#2804,#2805,#2806,
    #2807,#2808,#2809,#2810,#2811,#2812,#2813,#2814,#2815,#2816,#2817,
    #2818,#2819,#2820,#2821,#2822,#2823,#2824,#2825,#2826),
  .UNSPECIFIED.,.F.,.F.,(5,3,3,3,3,3,3,3,3,3,3,3,3,3,3,5),(0.,
    7.200054924142E-02,9.900075192516E-02,0.128000966679,0.157001177412,
    0.186001382969,0.214001575346,0.243001767015,0.260001875269,
    0.280001998308,0.309002167606,0.340002335412,0.425002714153,
    0.714002599097,0.970000412594,1.),.UNSPECIFIED.);
#2780 = CARTESIAN_POINT('',(-0.891715542106,-4.528013582343));
#2781 = CARTESIAN_POINT('',(-0.822940728591,-4.528013582343));
#2782 = CARTESIAN_POINT('',(-0.754165913931,-4.526962361823));
#2783 = CARTESIAN_POINT('',(-0.685415205388,-4.524859919547));
#2784 = CARTESIAN_POINT('',(-0.590949243071,-4.520525150678));
#2785 = CARTESIAN_POINT('',(-0.56519257736,-4.519195268414));
#2786 = CARTESIAN_POINT('',(-0.539443957633,-4.517717771718));
#2787 = CARTESIAN_POINT('',(-0.486058734784,-4.514347337125));
#2788 = CARTESIAN_POINT('',(-0.45842356267,-4.512431732802));
#2789 = CARTESIAN_POINT('',(-0.430800707877,-4.510346026924));
#2790 = CARTESIAN_POINT('',(-0.375582776185,-4.50583466885));
#2791 = CARTESIAN_POINT('',(-0.347987699256,-4.5034090167));
#2792 = CARTESIAN_POINT('',(-0.320408079042,-4.50081351952));
#2793 = CARTESIAN_POINT('',(-0.265282891118,-4.495283150013));
#2794 = CARTESIAN_POINT('',(-0.237737323375,-4.492348277743));
#2795 = CARTESIAN_POINT('',(-0.210210346468,-4.489243874921));
#2796 = CARTESIAN_POINT('',(-0.156145219021,-4.482809268935));
#2797 = CARTESIAN_POINT('',(-0.129605702434,-4.479490543403));
#2798 = CARTESIAN_POINT('',(-0.103086382172,-4.476014118592));
#2799 = CARTESIAN_POINT('',(-4.914460319173E-02,-4.468616473316));
#2800 = CARTESIAN_POINT('',(-2.172371489821E-02,-4.464683801556));
#2801 = CARTESIAN_POINT('',(5.672441884079E-03,-4.46058238579));
#2802 = CARTESIAN_POINT('',(4.908671321423E-02,-4.453809414562));
#2803 = CARTESIAN_POINT('',(6.512208196099E-02,-4.451248456862));
#2804 = CARTESIAN_POINT('',(8.114810381202E-02,-4.448629644564));
#2805 = CARTESIAN_POINT('',(0.116007240655,-4.442804072275));
#2806 = CARTESIAN_POINT('',(0.134836645486,-4.439575111432));
#2807 = CARTESIAN_POINT('',(0.153652170815,-4.436266232571));
#2808 = CARTESIAN_POINT('',(0.199714948933,-4.427963906246));
#2809 = CARTESIAN_POINT('',(0.226946339089,-4.422882450287));
#2810 = CARTESIAN_POINT('',(0.254145928736,-4.41763343878));
#2811 = CARTESIAN_POINT('',(0.310351939694,-4.406427387838));
#2812 = CARTESIAN_POINT('',(0.339353603156,-4.400446484448));
#2813 = CARTESIAN_POINT('',(0.36831527705,-4.39427484558));
#2814 = CARTESIAN_POINT('',(0.476531247365,-4.370468814412));
#2815 = CARTESIAN_POINT('',(0.555512640051,-4.351593864065));
#2816 = CARTESIAN_POINT('',(0.634140518185,-4.331296555435));
#2817 = CARTESIAN_POINT('',(0.978378237878,-4.235777042424));
#2818 = CARTESIAN_POINT('',(1.239852631764,-4.145646466816));
#2819 = CARTESIAN_POINT('',(1.495292515168,-4.03961421158));
#2820 = CARTESIAN_POINT('',(1.962972122662,-3.81096569311));
#2821 = CARTESIAN_POINT('',(2.176815613539,-3.69162516912));
#2822 = CARTESIAN_POINT('',(2.383846819806,-3.560822762903));
#2823 = CARTESIAN_POINT('',(2.606539220696,-3.402589853194));
#2824 = CARTESIAN_POINT('',(2.629792747341,-3.385843304408));
#2825 = CARTESIAN_POINT('',(2.652939145573,-3.368948996886));
#2826 = CARTESIAN_POINT('',(2.675977013677,-3.351907967454));
#2827 = ( GEOMETRIC_REPRESENTATION_CONTEXT(2) 
PARAMETRIC_REPRESENTATION_CONTEXT() REPRESENTATION_CONTEXT('2D SPACE',''
  ) );
#2828 = PCURVE('',#2829,#2844);
#2829 = B_SPLINE_SURFACE_WITH_KNOTS('',6,1,(
    (#2830,#2831)
    ,(#2832,#2833)
    ,(#2834,#2835)
    ,(#2836,#2837)
    ,(#2838,#2839)
    ,(#2840,#2841)
    ,(#2842,#2843
    )),.UNSPECIFIED.,.F.,.F.,.F.,(7,7),(2,2),(4.062689357582,
    4.712388980385),(0.,1.),.PIECEWISE_BEZIER_KNOTS.);
#2830 = CARTESIAN_POINT('',(-128.529000371,-85.77759328097,-5.12));
#2831 = CARTESIAN_POINT('',(-122.0448396369,-78.6363677429,42.));
#2832 = CARTESIAN_POINT('',(-128.0116669456,-86.17062728307,-5.12));
#2833 = CARTESIAN_POINT('',(-121.5343369905,-79.01119263548,42.));
#2834 = CARTESIAN_POINT('',(-127.4432630595,-86.496438889,-5.12));
#2835 = CARTESIAN_POINT('',(-120.9763570803,-79.3213541129,42.));
#2836 = CARTESIAN_POINT('',(-126.8347048933,-86.74673385063,-5.12));
#2837 = CARTESIAN_POINT('',(-120.3811362004,-79.55933569095,42.));
#2838 = CARTESIAN_POINT('',(-126.1987157429,-86.91557818704,-5.12));
#2839 = CARTESIAN_POINT('',(-119.7605065605,-79.71977875692,42.));
#2840 = CARTESIAN_POINT('',(-125.5490164757,-87.,-5.12));
#2841 = CARTESIAN_POINT('',(-119.1271770456,-79.8,42.));
#2842 = CARTESIAN_POINT('',(-124.8993168529,-87.,-5.12));
#2843 = CARTESIAN_POINT('',(-118.4938472326,-79.8,42.));
#2844 = DEFINITIONAL_REPRESENTATION('',(#2845),#2893);
#2845 = B_SPLINE_CURVE_WITH_KNOTS('',4,(#2846,#2847,#2848,#2849,#2850,
    #2851,#2852,#2853,#2854,#2855,#2856,#2857,#2858,#2859,#2860,#2861,
    #2862,#2863,#2864,#2865,#2866,#2867,#2868,#2869,#2870,#2871,#2872,
    #2873,#2874,#2875,#2876,#2877,#2878,#2879,#2880,#2881,#2882,#2883,
    #2884,#2885,#2886,#2887,#2888,#2889,#2890,#2891,#2892),
  .UNSPECIFIED.,.F.,.F.,(5,3,3,3,3,3,3,3,3,3,3,3,3,3,3,5),(0.,
    7.200054924142E-02,9.900075192516E-02,0.128000966679,0.157001177412,
    0.186001382969,0.214001575346,0.243001767015,0.260001875269,
    0.280001998308,0.309002167606,0.340002335412,0.425002714153,
    0.714002599097,0.970000412594,1.),.UNSPECIFIED.);
#2846 = CARTESIAN_POINT('',(4.712388980385,0.787775891341));
#2847 = CARTESIAN_POINT('',(4.700694388138,0.787775891341));
#2848 = CARTESIAN_POINT('',(4.688999795162,0.787775891341));
#2849 = CARTESIAN_POINT('',(4.677305201702,0.787775891341));
#2850 = CARTESIAN_POINT('',(4.661225135266,0.787775891341));
#2851 = CARTESIAN_POINT('',(4.656839662881,0.787775891341));
#2852 = CARTESIAN_POINT('',(4.652454190375,0.787775891341));
#2853 = CARTESIAN_POINT('',(4.643358395732,0.787775891341));
#2854 = CARTESIAN_POINT('',(4.638648073574,0.787775891341));
#2855 = CARTESIAN_POINT('',(4.633937751228,0.787775891341));
#2856 = CARTESIAN_POINT('',(4.624517106757,0.787775891341));
#2857 = CARTESIAN_POINT('',(4.61980678463,0.787775891341));
#2858 = CARTESIAN_POINT('',(4.615096462257,0.787775891341));
#2859 = CARTESIAN_POINT('',(4.605675817793,0.787775891341));
#2860 = CARTESIAN_POINT('',(4.600965495701,0.787775891341));
#2861 = CARTESIAN_POINT('',(4.596255173296,0.787775891341));
#2862 = CARTESIAN_POINT('',(4.586996953703,0.787775891341));
#2863 = CARTESIAN_POINT('',(4.582449056537,0.787775891341));
#2864 = CARTESIAN_POINT('',(4.577901159015,0.787775891341));
#2865 = CARTESIAN_POINT('',(4.568642939501,0.787775891341));
#2866 = CARTESIAN_POINT('',(4.563932617479,0.787775891341));
#2867 = CARTESIAN_POINT('',(4.559222295005,0.787775891341));
#2868 = CARTESIAN_POINT('',(4.551750748905,0.787775891341));
#2869 = CARTESIAN_POINT('',(4.548989525599,0.787775891341));
#2870 = CARTESIAN_POINT('',(4.546228302119,0.787775891341));
#2871 = CARTESIAN_POINT('',(4.540218580731,0.787775891341));
#2872 = CARTESIAN_POINT('',(4.536970082754,0.787775891341));
#2873 = CARTESIAN_POINT('',(4.533721584514,0.787775891341));
#2874 = CARTESIAN_POINT('',(4.525762764634,0.787775891341));
#2875 = CARTESIAN_POINT('',(4.52105244269,0.787775891341));
#2876 = CARTESIAN_POINT('',(4.516342120136,0.787775891341));
#2877 = CARTESIAN_POINT('',(4.506596626004,0.787775891341));
#2878 = CARTESIAN_POINT('',(4.501561454334,0.787775891341));
#2879 = CARTESIAN_POINT('',(4.496526281889,0.787775891341));
#2880 = CARTESIAN_POINT('',(4.477685001629,0.787775891341));
#2881 = CARTESIAN_POINT('',(4.463878888357,0.787775891341));
#2882 = CARTESIAN_POINT('',(4.450072768209,0.787775891341));
#2883 = CARTESIAN_POINT('',(4.389326034986,0.787775891341));
#2884 = CARTESIAN_POINT('',(4.342385268846,0.787775891341));
#2885 = CARTESIAN_POINT('',(4.295444393164,0.787775891341));
#2886 = CARTESIAN_POINT('',(4.20692288336,0.787775891341));
#2887 = CARTESIAN_POINT('',(4.165342167548,0.787775891341));
#2888 = CARTESIAN_POINT('',(4.123761312627,0.787775891341));
#2889 = CARTESIAN_POINT('',(4.077307602169,0.787775891341));
#2890 = CARTESIAN_POINT('',(4.07243485602,0.787775891341));
#2891 = CARTESIAN_POINT('',(4.067562107819,0.787775891341));
#2892 = CARTESIAN_POINT('',(4.062689357582,0.787775891341));
#2893 = ( GEOMETRIC_REPRESENTATION_CONTEXT(2) 
PARAMETRIC_REPRESENTATION_CONTEXT() REPRESENTATION_CONTEXT('2D SPACE',''
  ) );
#2894 = ORIENTED_EDGE('',*,*,#2895,.F.);
#2895 = EDGE_CURVE('',#2896,#2726,#2898,.T.);
#2896 = VERTEX_POINT('',#2897);
#2897 = CARTESIAN_POINT('',(119.85324231335,-81.32801358234,32.));
#2898 = SURFACE_CURVE('',#2899,(#2902,#2908),.PCURVE_S1.);
#2899 = B_SPLINE_CURVE_WITH_KNOTS('',1,(#2900,#2901),.UNSPECIFIED.,.F.,
  .F.,(2,2),(0.,1.),.PIECEWISE_BEZIER_KNOTS.);
#2900 = CARTESIAN_POINT('',(119.85324231335,-81.32801358234,32.));
#2901 = CARTESIAN_POINT('',(-119.8532423133,-81.32801358234,32.));
#2902 = PCURVE('',#737,#2903);
#2903 = DEFINITIONAL_REPRESENTATION('',(#2904),#2907);
#2904 = B_SPLINE_CURVE_WITH_KNOTS('',1,(#2905,#2906),.UNSPECIFIED.,.F.,
  .F.,(2,2),(0.,1.),.PIECEWISE_BEZIER_KNOTS.);
#2905 = CARTESIAN_POINT('',(-240.5982001688,-4.528013582343));
#2906 = CARTESIAN_POINT('',(-0.891715542106,-4.528013582343));
#2907 = ( GEOMETRIC_REPRESENTATION_CONTEXT(2) 
PARAMETRIC_REPRESENTATION_CONTEXT() REPRESENTATION_CONTEXT('2D SPACE',''
  ) );
#2908 = PCURVE('',#2909,#2914);
#2909 = B_SPLINE_SURFACE_WITH_KNOTS('',1,1,(
    (#2910,#2911)
    ,(#2912,#2913
    )),.UNSPECIFIED.,.F.,.F.,.F.,(2,2),(2,2),(2.020683147051,
    251.81931685294),(0.,1.),.PIECEWISE_BEZIER_KNOTS.);
#2910 = CARTESIAN_POINT('',(-124.8993168529,-87.,-5.12));
#2911 = CARTESIAN_POINT('',(-118.4938472326,-79.8,42.));
#2912 = CARTESIAN_POINT('',(124.89931685294,-87.,-5.12));
#2913 = CARTESIAN_POINT('',(118.49384723264,-79.8,42.));
#2914 = DEFINITIONAL_REPRESENTATION('',(#2915),#2918);
#2915 = B_SPLINE_CURVE_WITH_KNOTS('',1,(#2916,#2917),.UNSPECIFIED.,.F.,
  .F.,(2,2),(0.,1.),.PIECEWISE_BEZIER_KNOTS.);
#2916 = CARTESIAN_POINT('',(251.81931685294,0.787775891341));
#2917 = CARTESIAN_POINT('',(2.020683147051,0.787775891341));
#2918 = ( GEOMETRIC_REPRESENTATION_CONTEXT(2) 
PARAMETRIC_REPRESENTATION_CONTEXT() REPRESENTATION_CONTEXT('2D SPACE',''
  ) );
#2919 = ORIENTED_EDGE('',*,*,#2920,.F.);
#2920 = EDGE_CURVE('',#2921,#2896,#2923,.T.);
#2921 = VERTEX_POINT('',#2922);
#2922 = CARTESIAN_POINT('',(123.42093486913,-80.15190796745,32.));
#2923 = SURFACE_CURVE('',#2924,(#2987,#3053),.PCURVE_S1.);
#2924 = B_SPLINE_CURVE_WITH_KNOTS('',5,(#2925,#2926,#2927,#2928,#2929,
    #2930,#2931,#2932,#2933,#2934,#2935,#2936,#2937,#2938,#2939,#2940,
    #2941,#2942,#2943,#2944,#2945,#2946,#2947,#2948,#2949,#2950,#2951,
    #2952,#2953,#2954,#2955,#2956,#2957,#2958,#2959,#2960,#2961,#2962,
    #2963,#2964,#2965,#2966,#2967,#2968,#2969,#2970,#2971,#2972,#2973,
    #2974,#2975,#2976,#2977,#2978,#2979,#2980,#2981,#2982,#2983,#2984,
    #2985,#2986),.UNSPECIFIED.,.F.,.F.,(6,4,4,4,4,4,4,4,4,4,4,4,4,4,4,6)
  ,(0.,2.399970417794E-02,0.470996206171,0.643997029465,0.664997169073,
    0.695997387424,0.715997535468,0.751997814636,0.780998049989,
    0.795998174916,0.818998370171,0.847998621852,0.876998878501,
    0.905999138985,0.938999438858,1.),.UNSPECIFIED.);
#2925 = CARTESIAN_POINT('',(123.42093486913,-80.15190796745,32.));
#2926 = CARTESIAN_POINT('',(123.40619063541,-80.16281422491,32.));
#2927 = CARTESIAN_POINT('',(123.39140472612,-80.17366414117,32.));
#2928 = CARTESIAN_POINT('',(123.37657742835,-80.18445750389,32.));
#2929 = CARTESIAN_POINT('',(123.36170903076,-80.19519410294,32.));
#2930 = CARTESIAN_POINT('',(123.06911459133,-80.40478268702,32.));
#2931 = CARTESIAN_POINT('',(122.77726726168,-80.58393194002,32.));
#2932 = CARTESIAN_POINT('',(122.473149124,-80.7419682192,32.));
#2933 = CARTESIAN_POINT('',(122.15880637023,-80.87782839486,32.));
#2934 = CARTESIAN_POINT('',(121.71166560795,-81.03444393493,32.));
#2935 = CARTESIAN_POINT('',(121.58569397546,-81.07470842692,32.));
#2936 = CARTESIAN_POINT('',(121.45864492615,-81.11149196754,32.));
#2937 = CARTESIAN_POINT('',(121.3306468958,-81.14475737592,32.));
#2938 = CARTESIAN_POINT('',(121.18619365103,-81.17808184327,32.));
#2939 = CARTESIAN_POINT('',(121.17054487189,-81.18163685429,32.));
#2940 = CARTESIAN_POINT('',(121.1548842645,-81.18513952878,32.));
#2941 = CARTESIAN_POINT('',(121.13921206227,-81.18858981454,32.));
#2942 = CARTESIAN_POINT('',(121.10037656315,-81.19700353137,32.));
#2943 = CARTESIAN_POINT('',(121.07719986997,-81.20190512907,32.));
#2944 = CARTESIAN_POINT('',(121.05399917157,-81.20669229112,32.));
#2945 = CARTESIAN_POINT('',(121.03077522153,-81.21136486202,32.));
#2946 = CARTESIAN_POINT('',(120.99253106221,-81.21886323139,32.));
#2947 = CARTESIAN_POINT('',(120.9775239856,-81.22175601076,32.));
#2948 = CARTESIAN_POINT('',(120.96250774798,-81.2246009921,32.));
#2949 = CARTESIAN_POINT('',(120.94748255237,-81.22739813694,32.));
#2950 = CARTESIAN_POINT('',(120.90538748189,-81.23509609801,32.));
#2951 = CARTESIAN_POINT('',(120.87829799639,-81.23988967712,32.));
#2952 = CARTESIAN_POINT('',(120.85118133104,-81.24452792869,32.));
#2953 = CARTESIAN_POINT('',(120.82403867369,-81.24901064956,32.));
#2954 = CARTESIAN_POINT('',(120.7749863089,-81.25682329085,32.));
#2955 = CARTESIAN_POINT('',(120.75308530887,-81.26020788149,32.));
#2956 = CARTESIAN_POINT('',(120.73116883654,-81.26349132305,32.));
#2957 = CARTESIAN_POINT('',(120.7092375149,-81.26667352218,32.));
#2958 = CARTESIAN_POINT('',(120.67594082034,-81.27134794467,32.));
#2959 = CARTESIAN_POINT('',(120.66458586702,-81.27291438831,32.));
#2960 = CARTESIAN_POINT('',(120.65322719416,-81.27445371013,32.));
#2961 = CARTESIAN_POINT('',(120.64186488816,-81.27596589843,32.));
#2962 = CARTESIAN_POINT('',(120.61307139181,-81.27972800894,32.));
#2963 = CARTESIAN_POINT('',(120.59563540948,-81.28194125547,32.));
#2964 = CARTESIAN_POINT('',(120.57819140005,-81.28409064077,32.));
#2965 = CARTESIAN_POINT('',(120.56073967545,-81.28617612643,32.));
#2966 = CARTESIAN_POINT('',(120.52126686108,-81.29074658747,32.));
#2967 = CARTESIAN_POINT('',(120.49924140507,-81.29319385399,32.));
#2968 = CARTESIAN_POINT('',(120.47720480563,-81.2955394034,32.));
#2969 = CARTESIAN_POINT('',(120.45515768917,-81.29778316902,32.));
#2970 = CARTESIAN_POINT('',(120.41104367247,-81.30206701128,32.));
#2971 = CARTESIAN_POINT('',(120.38897677222,-81.30410708789,32.));
#2972 = CARTESIAN_POINT('',(120.36690060898,-81.3060452589,32.));
#2973 = CARTESIAN_POINT('',(120.34481581029,-81.30788146923,32.));
#2974 = CARTESIAN_POINT('',(120.30063019519,-81.31134987016,32.));
#2975 = CARTESIAN_POINT('',(120.27852937875,-81.31298206073,32.));
#2976 = CARTESIAN_POINT('',(120.25642118294,-81.314512192,32.));
#2977 = CARTESIAN_POINT('',(120.23430623619,-81.31594022047,32.));
#2978 = CARTESIAN_POINT('',(120.187012914,-81.3187748777,32.));
#2979 = CARTESIAN_POINT('',(120.16183273319,-81.32015138654,32.));
#2980 = CARTESIAN_POINT('',(120.13664555157,-81.32139557943,32.));
#2981 = CARTESIAN_POINT('',(120.11145229621,-81.3225074106,32.));
#2982 = CARTESIAN_POINT('',(120.03967502611,-81.325297312,32.));
#2983 = CARTESIAN_POINT('',(119.99307857326,-81.32665539049,32.));
#2984 = CARTESIAN_POINT('',(119.94647039548,-81.32756085183,32.));
#2985 = CARTESIAN_POINT('',(119.89985635428,-81.32801358234,32.));
#2986 = CARTESIAN_POINT('',(119.85324231335,-81.32801358234,32.));
#2987 = PCURVE('',#737,#2988);
#2988 = DEFINITIONAL_REPRESENTATION('',(#2989),#3052);
#2989 = B_SPLINE_CURVE_WITH_KNOTS('',5,(#2990,#2991,#2992,#2993,#2994,
    #2995,#2996,#2997,#2998,#2999,#3000,#3001,#3002,#3003,#3004,#3005,
    #3006,#3007,#3008,#3009,#3010,#3011,#3012,#3013,#3014,#3015,#3016,
    #3017,#3018,#3019,#3020,#3021,#3022,#3023,#3024,#3025,#3026,#3027,
    #3028,#3029,#3030,#3031,#3032,#3033,#3034,#3035,#3036,#3037,#3038,
    #3039,#3040,#3041,#3042,#3043,#3044,#3045,#3046,#3047,#3048,#3049,
    #3050,#3051),.UNSPECIFIED.,.F.,.F.,(6,4,4,4,4,4,4,4,4,4,4,4,4,4,4,6)
  ,(0.,2.399970417794E-02,0.470996206171,0.643997029465,0.664997169073,
    0.695997387424,0.715997535468,0.751997814636,0.780998049989,
    0.795998174916,0.818998370171,0.847998621852,0.876998878501,
    0.905999138985,0.938999438858,1.),.UNSPECIFIED.);
#2990 = CARTESIAN_POINT('',(-244.1658927246,-3.351907967454));
#2991 = CARTESIAN_POINT('',(-244.1511484908,-3.362814224916));
#2992 = CARTESIAN_POINT('',(-244.1363625815,-3.373664141176));
#2993 = CARTESIAN_POINT('',(-244.1215352838,-3.384457503897));
#2994 = CARTESIAN_POINT('',(-244.1066668862,-3.395194102948));
#2995 = CARTESIAN_POINT('',(-243.8140724467,-3.604782687029));
#2996 = CARTESIAN_POINT('',(-243.5222251171,-3.783931940023));
#2997 = CARTESIAN_POINT('',(-243.2181069794,-3.941968219202));
#2998 = CARTESIAN_POINT('',(-242.9037642256,-4.077828394868));
#2999 = CARTESIAN_POINT('',(-242.4566234634,-4.234443934935));
#3000 = CARTESIAN_POINT('',(-242.3306518309,-4.274708426929));
#3001 = CARTESIAN_POINT('',(-242.2036027816,-4.31149196754));
#3002 = CARTESIAN_POINT('',(-242.0756047512,-4.344757375927));
#3003 = CARTESIAN_POINT('',(-241.9311515064,-4.378081843275));
#3004 = CARTESIAN_POINT('',(-241.9155027273,-4.381636854293));
#3005 = CARTESIAN_POINT('',(-241.8998421199,-4.385139528784));
#3006 = CARTESIAN_POINT('',(-241.8841699177,-4.388589814541));
#3007 = CARTESIAN_POINT('',(-241.8453344186,-4.397003531372));
#3008 = CARTESIAN_POINT('',(-241.8221577254,-4.401905129079));
#3009 = CARTESIAN_POINT('',(-241.798957027,-4.406692291123));
#3010 = CARTESIAN_POINT('',(-241.775733077,-4.411364862027));
#3011 = CARTESIAN_POINT('',(-241.7374889176,-4.418863231394));
#3012 = CARTESIAN_POINT('',(-241.722481841,-4.421756010765));
#3013 = CARTESIAN_POINT('',(-241.7074656034,-4.424600992103));
#3014 = CARTESIAN_POINT('',(-241.6924404078,-4.427398136949));
#3015 = CARTESIAN_POINT('',(-241.6503453373,-4.43509609801));
#3016 = CARTESIAN_POINT('',(-241.6232558518,-4.439889677121));
#3017 = CARTESIAN_POINT('',(-241.5961391865,-4.444527928693));
#3018 = CARTESIAN_POINT('',(-241.5689965291,-4.449010649566));
#3019 = CARTESIAN_POINT('',(-241.5199441643,-4.456823290853));
#3020 = CARTESIAN_POINT('',(-241.4980431643,-4.460207881498));
#3021 = CARTESIAN_POINT('',(-241.476126692,-4.463491323053));
#3022 = CARTESIAN_POINT('',(-241.4541953703,-4.466673522188));
#3023 = CARTESIAN_POINT('',(-241.4208986758,-4.471347944671));
#3024 = CARTESIAN_POINT('',(-241.4095437224,-4.472914388313));
#3025 = CARTESIAN_POINT('',(-241.3981850496,-4.474453710136));
#3026 = CARTESIAN_POINT('',(-241.3868227436,-4.475965898433));
#3027 = CARTESIAN_POINT('',(-241.3580292472,-4.479728008944));
#3028 = CARTESIAN_POINT('',(-241.3405932649,-4.481941255471));
#3029 = CARTESIAN_POINT('',(-241.3231492555,-4.484090640778));
#3030 = CARTESIAN_POINT('',(-241.3056975309,-4.486176126436));
#3031 = CARTESIAN_POINT('',(-241.2662247165,-4.490746587475));
#3032 = CARTESIAN_POINT('',(-241.2441992605,-4.493193853995));
#3033 = CARTESIAN_POINT('',(-241.222162661,-4.495539403401));
#3034 = CARTESIAN_POINT('',(-241.2001155446,-4.497783169022));
#3035 = CARTESIAN_POINT('',(-241.1560015279,-4.502067011285));
#3036 = CARTESIAN_POINT('',(-241.1339346276,-4.504107087894));
#3037 = CARTESIAN_POINT('',(-241.1118584644,-4.506045258909));
#3038 = CARTESIAN_POINT('',(-241.0897736657,-4.507881469239));
#3039 = CARTESIAN_POINT('',(-241.0455880506,-4.511349870164));
#3040 = CARTESIAN_POINT('',(-241.0234872342,-4.512982060734));
#3041 = CARTESIAN_POINT('',(-241.0013790384,-4.514512192));
#3042 = CARTESIAN_POINT('',(-240.9792640916,-4.515940220471));
#3043 = CARTESIAN_POINT('',(-240.9319707694,-4.518774877709));
#3044 = CARTESIAN_POINT('',(-240.9067905886,-4.520151386546));
#3045 = CARTESIAN_POINT('',(-240.881603407,-4.521395579439));
#3046 = CARTESIAN_POINT('',(-240.8564101516,-4.522507410604));
#3047 = CARTESIAN_POINT('',(-240.7846328815,-4.525297312006));
#3048 = CARTESIAN_POINT('',(-240.7380364287,-4.526655390498));
#3049 = CARTESIAN_POINT('',(-240.6914282509,-4.527560851832));
#3050 = CARTESIAN_POINT('',(-240.6448142097,-4.528013582343));
#3051 = CARTESIAN_POINT('',(-240.5982001688,-4.528013582343));
#3052 = ( GEOMETRIC_REPRESENTATION_CONTEXT(2) 
PARAMETRIC_REPRESENTATION_CONTEXT() REPRESENTATION_CONTEXT('2D SPACE',''
  ) );
#3053 = PCURVE('',#3054,#3069);
#3054 = B_SPLINE_SURFACE_WITH_KNOTS('',6,1,(
    (#3055,#3056)
    ,(#3057,#3058)
    ,(#3059,#3060)
    ,(#3061,#3062)
    ,(#3063,#3064)
    ,(#3065,#3066)
    ,(#3067,#3068
    )),.UNSPECIFIED.,.F.,.F.,.F.,(7,7),(2,2),(4.712388980385,
    5.362088603187),(0.,1.),.PIECEWISE_BEZIER_KNOTS.);
#3055 = CARTESIAN_POINT('',(124.89931685294,-87.,-5.12));
#3056 = CARTESIAN_POINT('',(118.49384723264,-79.8,42.));
#3057 = CARTESIAN_POINT('',(125.54901647575,-87.,-5.12));
#3058 = CARTESIAN_POINT('',(119.12717704567,-79.8,42.));
#3059 = CARTESIAN_POINT('',(126.19871574296,-86.91557818704,-5.12));
#3060 = CARTESIAN_POINT('',(119.76050656057,-79.71977875692,42.));
#3061 = CARTESIAN_POINT('',(126.83470489337,-86.74673385063,-5.12));
#3062 = CARTESIAN_POINT('',(120.38113620046,-79.55933569095,42.));
#3063 = CARTESIAN_POINT('',(127.4432630595,-86.49643888901,-5.12));
#3064 = CARTESIAN_POINT('',(120.97635708033,-79.3213541129,42.));
#3065 = CARTESIAN_POINT('',(128.01166694562,-86.17062728307,-5.12));
#3066 = CARTESIAN_POINT('',(121.53433699054,-79.01119263548,42.));
#3067 = CARTESIAN_POINT('',(128.52900037105,-85.77759328097,-5.12));
#3068 = CARTESIAN_POINT('',(122.04483963694,-78.6363677429,42.));
#3069 = DEFINITIONAL_REPRESENTATION('',(#3070),#3133);
#3070 = B_SPLINE_CURVE_WITH_KNOTS('',5,(#3071,#3072,#3073,#3074,#3075,
    #3076,#3077,#3078,#3079,#3080,#3081,#3082,#3083,#3084,#3085,#3086,
    #3087,#3088,#3089,#3090,#3091,#3092,#3093,#3094,#3095,#3096,#3097,
    #3098,#3099,#3100,#3101,#3102,#3103,#3104,#3105,#3106,#3107,#3108,
    #3109,#3110,#3111,#3112,#3113,#3114,#3115,#3116,#3117,#3118,#3119,
    #3120,#3121,#3122,#3123,#3124,#3125,#3126,#3127,#3128,#3129,#3130,
    #3131,#3132),.UNSPECIFIED.,.F.,.F.,(6,4,4,4,4,4,4,4,4,4,4,4,4,4,4,6)
  ,(0.,2.399970417794E-02,0.470996206171,0.643997029465,0.664997169073,
    0.695997387424,0.715997535468,0.751997814636,0.780998049989,
    0.795998174916,0.818998370171,0.847998621852,0.876998878501,
    0.905999138985,0.938999438858,1.),.UNSPECIFIED.);
#3071 = CARTESIAN_POINT('',(5.362088603187,0.787775891341));
#3072 = CARTESIAN_POINT('',(5.358970043429,0.787775891341));
#3073 = CARTESIAN_POINT('',(5.355851484452,0.787775891341));
#3074 = CARTESIAN_POINT('',(5.352732926261,0.787775891341));
#3075 = CARTESIAN_POINT('',(5.349614368857,0.787775891341));
#3076 = CARTESIAN_POINT('',(5.288412433854,0.787775891341));
#3077 = CARTESIAN_POINT('',(5.230328226947,0.787775891341));
#3078 = CARTESIAN_POINT('',(5.172246369006,0.787775891341));
#3079 = CARTESIAN_POINT('',(5.114162595902,0.787775891341));
#3080 = CARTESIAN_POINT('',(5.033600435305,0.787775891341));
#3081 = CARTESIAN_POINT('',(5.011120808906,0.787775891341));
#3082 = CARTESIAN_POINT('',(4.988641201912,0.787775891341));
#3083 = CARTESIAN_POINT('',(4.966161614369,0.787775891341));
#3084 = CARTESIAN_POINT('',(4.940953307228,0.787775891341));
#3085 = CARTESIAN_POINT('',(4.938224568587,0.787775891341));
#3086 = CARTESIAN_POINT('',(4.935495830176,0.787775891341));
#3087 = CARTESIAN_POINT('',(4.932767091989,0.787775891341));
#3088 = CARTESIAN_POINT('',(4.926010215433,0.787775891341));
#3089 = CARTESIAN_POINT('',(4.921982077322,0.787775891341));
#3090 = CARTESIAN_POINT('',(4.917953939676,0.787775891341));
#3091 = CARTESIAN_POINT('',(4.913925802479,0.787775891341));
#3092 = CARTESIAN_POINT('',(4.907298866874,0.787775891341));
#3093 = CARTESIAN_POINT('',(4.904700068211,0.787775891341));
#3094 = CARTESIAN_POINT('',(4.902101269724,0.787775891341));
#3095 = CARTESIAN_POINT('',(4.899502471409,0.787775891341));
#3096 = CARTESIAN_POINT('',(4.892225834946,0.787775891341));
#3097 = CARTESIAN_POINT('',(4.887547997172,0.787775891341));
#3098 = CARTESIAN_POINT('',(4.882870159913,0.787775891341));
#3099 = CARTESIAN_POINT('',(4.878192323145,0.787775891341));
#3100 = CARTESIAN_POINT('',(4.869746228456,0.787775891341));
#3101 = CARTESIAN_POINT('',(4.865977970372,0.787775891341));
#3102 = CARTESIAN_POINT('',(4.862209712574,0.787775891341));
#3103 = CARTESIAN_POINT('',(4.858441455047,0.787775891341));
#3104 = CARTESIAN_POINT('',(4.852724098776,0.787775891341));
#3105 = CARTESIAN_POINT('',(4.850774999843,0.787775891341));
#3106 = CARTESIAN_POINT('',(4.848825900977,0.787775891341));
#3107 = CARTESIAN_POINT('',(4.846876802175,0.787775891341));
#3108 = CARTESIAN_POINT('',(4.84193908489,0.787775891341));
#3109 = CARTESIAN_POINT('',(4.838950466491,0.787775891341));
#3110 = CARTESIAN_POINT('',(4.835961848233,0.787775891341));
#3111 = CARTESIAN_POINT('',(4.832973230109,0.787775891341));
#3112 = CARTESIAN_POINT('',(4.826216353924,0.787775891341));
#3113 = CARTESIAN_POINT('',(4.822448095938,0.787775891341));
#3114 = CARTESIAN_POINT('',(4.818679838139,0.787775891341));
#3115 = CARTESIAN_POINT('',(4.814911580514,0.787775891341));
#3116 = CARTESIAN_POINT('',(4.807375064942,0.787775891341));
#3117 = CARTESIAN_POINT('',(4.803606806994,0.787775891341));
#3118 = CARTESIAN_POINT('',(4.799838549194,0.787775891341));
#3119 = CARTESIAN_POINT('',(4.796070291529,0.787775891341));
#3120 = CARTESIAN_POINT('',(4.788533775951,0.787775891341));
#3121 = CARTESIAN_POINT('',(4.784765518037,0.787775891341));
#3122 = CARTESIAN_POINT('',(4.780997260235,0.787775891341));
#3123 = CARTESIAN_POINT('',(4.777229002535,0.787775891341));
#3124 = CARTESIAN_POINT('',(4.769172727202,0.787775891341));
#3125 = CARTESIAN_POINT('',(4.764884709596,0.787775891341));
#3126 = CARTESIAN_POINT('',(4.760596692096,0.787775891341));
#3127 = CARTESIAN_POINT('',(4.756308674692,0.787775891341));
#3128 = CARTESIAN_POINT('',(4.74409432145,0.787775891341));
#3129 = CARTESIAN_POINT('',(4.736167985805,0.787775891341));
#3130 = CARTESIAN_POINT('',(4.7282416504,0.787775891341));
#3131 = CARTESIAN_POINT('',(4.720315315241,0.787775891341));
#3132 = CARTESIAN_POINT('',(4.712388980385,0.787775891341));
#3133 = ( GEOMETRIC_REPRESENTATION_CONTEXT(2) 
PARAMETRIC_REPRESENTATION_CONTEXT() REPRESENTATION_CONTEXT('2D SPACE',''
  ) );
#3134 = ORIENTED_EDGE('',*,*,#3135,.F.);
#3135 = EDGE_CURVE('',#3136,#2921,#3138,.T.);
#3136 = VERTEX_POINT('',#3137);
#3137 = CARTESIAN_POINT('',(157.87159747938,-54.66190413282,32.));
#3138 = SURFACE_CURVE('',#3139,(#3142,#3148),.PCURVE_S1.);
#3139 = B_SPLINE_CURVE_WITH_KNOTS('',1,(#3140,#3141),.UNSPECIFIED.,.F.,
  .F.,(2,2),(0.,1.),.PIECEWISE_BEZIER_KNOTS.);
#3140 = CARTESIAN_POINT('',(157.87159747938,-54.66190413282,32.));
#3141 = CARTESIAN_POINT('',(123.42093486913,-80.15190796745,32.));
#3142 = PCURVE('',#737,#3143);
#3143 = DEFINITIONAL_REPRESENTATION('',(#3144),#3147);
#3144 = B_SPLINE_CURVE_WITH_KNOTS('',1,(#3145,#3146),.UNSPECIFIED.,.F.,
  .F.,(2,2),(0.,1.),.PIECEWISE_BEZIER_KNOTS.);
#3145 = CARTESIAN_POINT('',(-278.6165553348,22.138095867175));
#3146 = CARTESIAN_POINT('',(-244.1658927246,-3.351907967454));
#3147 = ( GEOMETRIC_REPRESENTATION_CONTEXT(2) 
PARAMETRIC_REPRESENTATION_CONTEXT() REPRESENTATION_CONTEXT('2D SPACE',''
  ) );
#3148 = PCURVE('',#3149,#3154);
#3149 = B_SPLINE_SURFACE_WITH_KNOTS('',1,1,(
    (#3150,#3151)
    ,(#3152,#3153
    )),.UNSPECIFIED.,.F.,.F.,.F.,(2,2),(2,2),(2.020683147051,
    47.358175508515),(0.,1.),.PIECEWISE_BEZIER_KNOTS.);
#3150 = CARTESIAN_POINT('',(128.52900037105,-85.77759328097,-5.12));
#3151 = CARTESIAN_POINT('',(122.04483963694,-78.6363677429,42.));
#3152 = CARTESIAN_POINT('',(164.6296835181,-58.3508018182,-5.12));
#3153 = CARTESIAN_POINT('',(156.05099240429,-53.66812781672,42.));
#3154 = DEFINITIONAL_REPRESENTATION('',(#3155),#3158);
#3155 = B_SPLINE_CURVE_WITH_KNOTS('',1,(#3156,#3157),.UNSPECIFIED.,.F.,
  .F.,(2,2),(0.,1.),.PIECEWISE_BEZIER_KNOTS.);
#3156 = CARTESIAN_POINT('',(47.358175508515,0.787775891341));
#3157 = CARTESIAN_POINT('',(2.020683147051,0.787775891341));
#3158 = ( GEOMETRIC_REPRESENTATION_CONTEXT(2) 
PARAMETRIC_REPRESENTATION_CONTEXT() REPRESENTATION_CONTEXT('2D SPACE',''
  ) );
#3159 = ORIENTED_EDGE('',*,*,#3160,.F.);
#3160 = EDGE_CURVE('',#3161,#3136,#3163,.T.);
#3161 = VERTEX_POINT('',#3162);
#3162 = CARTESIAN_POINT('',(160.30390492359,-49.83800974771,32.));
#3163 = SURFACE_CURVE('',#3164,(#3272,#3383),.PCURVE_S1.);
#3164 = B_SPLINE_CURVE_WITH_KNOTS('',6,(#3165,#3166,#3167,#3168,#3169,
    #3170,#3171,#3172,#3173,#3174,#3175,#3176,#3177,#3178,#3179,#3180,
    #3181,#3182,#3183,#3184,#3185,#3186,#3187,#3188,#3189,#3190,#3191,
    #3192,#3193,#3194,#3195,#3196,#3197,#3198,#3199,#3200,#3201,#3202,
    #3203,#3204,#3205,#3206,#3207,#3208,#3209,#3210,#3211,#3212,#3213,
    #3214,#3215,#3216,#3217,#3218,#3219,#3220,#3221,#3222,#3223,#3224,
    #3225,#3226,#3227,#3228,#3229,#3230,#3231,#3232,#3233,#3234,#3235,
    #3236,#3237,#3238,#3239,#3240,#3241,#3242,#3243,#3244,#3245,#3246,
    #3247,#3248,#3249,#3250,#3251,#3252,#3253,#3254,#3255,#3256,#3257,
    #3258,#3259,#3260,#3261,#3262,#3263,#3264,#3265,#3266,#3267,#3268,
    #3269,#3270,#3271),.UNSPECIFIED.,.F.,.F.,(7,5,5,5,5,5,5,5,5,5,5,5,5,
    5,5,5,5,5,5,5,5,7),(0.,2.600042623729E-02,5.500090063624E-02,
    8.400137310706E-02,0.113001842646,0.136002212252,0.156002531182,
    0.185002988774,0.210003377903,0.239003822123,0.270004287313,
    0.297004683368,0.320005013393,0.345005363798,0.369005691436,
    0.392005996825,0.421006369064,0.449006713995,0.480007078136,
    0.518007497206,0.550007825188,1.),.UNSPECIFIED.);
#3165 = CARTESIAN_POINT('',(160.30390492359,-49.83800974771,32.));
#3166 = CARTESIAN_POINT('',(160.30390492359,-49.86229355106,32.));
#3167 = CARTESIAN_POINT('',(160.30378697678,-49.88657735444,32.));
#3168 = CARTESIAN_POINT('',(160.30355108319,-49.9108604417,32.));
#3169 = CARTESIAN_POINT('',(160.30319724863,-49.93514209678,32.));
#3170 = CARTESIAN_POINT('',(160.30272548474,-49.9594216037,32.));
#3171 = CARTESIAN_POINT('',(160.30147809358,-50.0107760395,32.));
#3172 = CARTESIAN_POINT('',(160.30067368604,-50.03785026937,32.));
#3173 = CARTESIAN_POINT('',(160.29972261046,-50.0649199427,32.));
#3174 = CARTESIAN_POINT('',(160.29862489994,-50.09198406636,32.));
#3175 = CARTESIAN_POINT('',(160.29738059656,-50.1190416476,32.));
#3176 = CARTESIAN_POINT('',(160.29459890625,-50.17314173857,32.));
#3177 = CARTESIAN_POINT('',(160.29306151934,-50.20018424837,32.));
#3178 = CARTESIAN_POINT('',(160.29137764166,-50.22721823096,32.));
#3179 = CARTESIAN_POINT('',(160.2895473332,-50.25424269448,32.));
#3180 = CARTESIAN_POINT('',(160.2875706629,-50.28125664768,32.));
#3181 = CARTESIAN_POINT('',(160.28332475459,-50.33526154931,32.));
#3182 = CARTESIAN_POINT('',(160.28105551661,-50.36225249783,32.));
#3183 = CARTESIAN_POINT('',(160.27864007259,-50.38923095472,32.));
#3184 = CARTESIAN_POINT('',(160.27607850934,-50.41619593013,32.));
#3185 = CARTESIAN_POINT('',(160.27337092262,-50.44314643502,32.));
#3186 = CARTESIAN_POINT('',(160.26825429231,-50.49144375659,32.));
#3187 = CARTESIAN_POINT('',(160.26589938271,-50.51279630828,32.));
#3188 = CARTESIAN_POINT('',(160.26345274052,-50.53413864329,32.));
#3189 = CARTESIAN_POINT('',(160.26091442149,-50.55547026905,32.));
#3190 = CARTESIAN_POINT('',(160.2582844849,-50.57679069341,32.));
#3191 = CARTESIAN_POINT('',(160.25319647959,-50.61662875382,32.));
#3192 = CARTESIAN_POINT('',(160.25076073711,-50.63514924134,32.));
#3193 = CARTESIAN_POINT('',(160.24825580737,-50.65366056385,32.));
#3194 = CARTESIAN_POINT('',(160.24568173368,-50.67216239831,32.));
#3195 = CARTESIAN_POINT('',(160.24303856135,-50.69065442194,32.));
#3196 = CARTESIAN_POINT('',(160.23639361406,-50.7359350487,32.));
#3197 = CARTESIAN_POINT('',(160.23231571007,-50.7627124799,32.));
#3198 = CARTESIAN_POINT('',(160.22809277,-50.78946762263,32.));
#3199 = CARTESIAN_POINT('',(160.22372494697,-50.81619949509,32.));
#3200 = CARTESIAN_POINT('',(160.21921240299,-50.84290711693,32.));
#3201 = CARTESIAN_POINT('',(160.21054057346,-50.89259156656,32.));
#3202 = CARTESIAN_POINT('',(160.20641841379,-50.91557487431,32.));
#3203 = CARTESIAN_POINT('',(160.20218893933,-50.93853880526,32.));
#3204 = CARTESIAN_POINT('',(160.1978522644,-50.96148273318,32.));
#3205 = CARTESIAN_POINT('',(160.1934085082,-50.98440603273,32.));
#3206 = CARTESIAN_POINT('',(160.18357896858,-51.03387444713,32.));
#3207 = CARTESIAN_POINT('',(160.17815622079,-51.06041221709,32.));
#3208 = CARTESIAN_POINT('',(160.17258974512,-51.08692041466,32.));
#3209 = CARTESIAN_POINT('',(160.16687974399,-51.11339806702,32.));
#3210 = CARTESIAN_POINT('',(160.16102642862,-51.13984420323,32.));
#3211 = CARTESIAN_POINT('',(160.14862006586,-51.19449312743,32.));
#3212 = CARTESIAN_POINT('',(160.14204660084,-51.22269128032,32.));
#3213 = CARTESIAN_POINT('',(160.13530989263,-51.2508511291,32.));
#3214 = CARTESIAN_POINT('',(160.12841022133,-51.27897149277,32.));
#3215 = CARTESIAN_POINT('',(160.12134787843,-51.30705119313,32.));
#3216 = CARTESIAN_POINT('',(160.10783067818,-51.35950911941,32.));
#3217 = CARTESIAN_POINT('',(160.10141501917,-51.38389744595,32.));
#3218 = CARTESIAN_POINT('',(160.09487638988,-51.40825325768,32.));
#3219 = CARTESIAN_POINT('',(160.08821499694,-51.43257577975,32.));
#3220 = CARTESIAN_POINT('',(160.08143105346,-51.45686423906,32.));
#3221 = CARTESIAN_POINT('',(160.06864165831,-51.50177835325,32.));
#3222 = CARTESIAN_POINT('',(160.062669768,-51.52241356485,32.));
#3223 = CARTESIAN_POINT('',(160.05660924386,-51.54302302231,32.));
#3224 = CARTESIAN_POINT('',(160.05046022509,-51.56360624985,32.));
#3225 = CARTESIAN_POINT('',(160.04422285423,-51.5841627727,32.));
#3226 = CARTESIAN_POINT('',(160.0310216524,-51.62700661448,32.));
#3227 = CARTESIAN_POINT('',(160.02404181433,-51.64928900126,32.));
#3228 = CARTESIAN_POINT('',(160.01695795051,-51.67153866904,32.));
#3229 = CARTESIAN_POINT('',(160.00977025311,-51.69375501094,32.));
#3230 = CARTESIAN_POINT('',(160.00247891903,-51.71593742156,32.));
#3231 = CARTESIAN_POINT('',(159.98798517409,-51.75934724974,32.));
#3232 = CARTESIAN_POINT('',(159.98079087259,-51.78057737492,32.));
#3233 = CARTESIAN_POINT('',(159.97350142376,-51.80177513829,32.));
#3234 = CARTESIAN_POINT('',(159.96611700996,-51.82294000699,32.));
#3235 = CARTESIAN_POINT('',(159.9586378175,-51.84407144951,32.));
#3236 = CARTESIAN_POINT('',(159.9438058328,-51.88538735244,32.));
#3237 = CARTESIAN_POINT('',(159.93646075876,-51.90557458364,32.));
#3238 = CARTESIAN_POINT('',(159.92902898207,-51.92573016273,32.));
#3239 = CARTESIAN_POINT('',(159.92151067353,-51.94585362436,32.));
#3240 = CARTESIAN_POINT('',(159.91390600732,-51.96594450443,32.));
#3241 = CARTESIAN_POINT('',(159.89651801098,-52.01129264336,32.));
#3242 = CARTESIAN_POINT('',(159.88668385255,-52.03653041297,32.));
#3243 = CARTESIAN_POINT('',(159.87671304137,-52.06171472101,32.));
#3244 = CARTESIAN_POINT('',(159.86660594154,-52.08684464293,32.));
#3245 = CARTESIAN_POINT('',(159.85636292548,-52.11191925751,32.));
#3246 = CARTESIAN_POINT('',(159.83596370868,-52.16109332061,32.));
#3247 = CARTESIAN_POINT('',(159.82581669417,-52.18519658001,32.));
#3248 = CARTESIAN_POINT('',(159.81554367313,-52.20924659884,32.));
#3249 = CARTESIAN_POINT('',(159.80514499543,-52.23324255403,32.));
#3250 = CARTESIAN_POINT('',(159.79462101811,-52.25718362556,32.));
#3251 = CARTESIAN_POINT('',(159.77218224443,-52.30751349919,32.));
#3252 = CARTESIAN_POINT('',(159.76023924212,-52.33388972618,32.));
#3253 = CARTESIAN_POINT('',(159.74814359272,-52.3601965688,32.));
#3254 = CARTESIAN_POINT('',(159.73589580109,-52.38643292331,32.));
#3255 = CARTESIAN_POINT('',(159.72349638277,-52.41259769088,32.));
#3256 = CARTESIAN_POINT('',(159.69556136794,-52.47067360289,32.));
#3257 = CARTESIAN_POINT('',(159.67994982831,-52.50254821818,32.));
#3258 = CARTESIAN_POINT('',(159.66411221416,-52.53431160855,32.));
#3259 = CARTESIAN_POINT('',(159.64804951828,-52.56596177093,32.));
#3260 = CARTESIAN_POINT('',(159.63176275707,-52.59749671416,32.));
#3261 = CARTESIAN_POINT('',(159.6013500033,-52.65537148659,32.));
#3262 = CARTESIAN_POINT('',(159.58728887977,-52.68174540424,32.));
#3263 = CARTESIAN_POINT('',(159.57307022103,-52.70803502999,32.));
#3264 = CARTESIAN_POINT('',(159.55869465983,-52.73423918827,32.));
#3265 = CARTESIAN_POINT('',(159.54416284058,-52.76035670987,32.));
#3266 = CARTESIAN_POINT('',(159.3229392672,-53.15241928196,32.));
#3267 = CARTESIAN_POINT('',(159.08561848458,-53.501117673,32.));
#3268 = CARTESIAN_POINT('',(158.81936315051,-53.82918324819,32.));
#3269 = CARTESIAN_POINT('',(158.52645378486,-54.1336877869,32.));
#3270 = CARTESIAN_POINT('',(158.2095164754,-54.41200850175,32.));
#3271 = CARTESIAN_POINT('',(157.87159747938,-54.66190413282,32.));
#3272 = PCURVE('',#737,#3273);
#3273 = DEFINITIONAL_REPRESENTATION('',(#3274),#3382);
#3274 = B_SPLINE_CURVE_WITH_KNOTS('',6,(#3275,#3276,#3277,#3278,#3279,
    #3280,#3281,#3282,#3283,#3284,#3285,#3286,#3287,#3288,#3289,#3290,
    #3291,#3292,#3293,#3294,#3295,#3296,#3297,#3298,#3299,#3300,#3301,
    #3302,#3303,#3304,#3305,#3306,#3307,#3308,#3309,#3310,#3311,#3312,
    #3313,#3314,#3315,#3316,#3317,#3318,#3319,#3320,#3321,#3322,#3323,
    #3324,#3325,#3326,#3327,#3328,#3329,#3330,#3331,#3332,#3333,#3334,
    #3335,#3336,#3337,#3338,#3339,#3340,#3341,#3342,#3343,#3344,#3345,
    #3346,#3347,#3348,#3349,#3350,#3351,#3352,#3353,#3354,#3355,#3356,
    #3357,#3358,#3359,#3360,#3361,#3362,#3363,#3364,#3365,#3366,#3367,
    #3368,#3369,#3370,#3371,#3372,#3373,#3374,#3375,#3376,#3377,#3378,
    #3379,#3380,#3381),.UNSPECIFIED.,.F.,.F.,(7,5,5,5,5,5,5,5,5,5,5,5,5,
    5,5,5,5,5,5,5,5,7),(0.,2.600042623729E-02,5.500090063624E-02,
    8.400137310706E-02,0.113001842646,0.136002212252,0.156002531182,
    0.185002988774,0.210003377903,0.239003822123,0.270004287313,
    0.297004683368,0.320005013393,0.345005363798,0.369005691436,
    0.392005996825,0.421006369064,0.449006713995,0.480007078136,
    0.518007497206,0.550007825188,1.),.UNSPECIFIED.);
#3275 = CARTESIAN_POINT('',(-281.048862779,26.961990252287));
#3276 = CARTESIAN_POINT('',(-281.048862779,26.937706448932));
#3277 = CARTESIAN_POINT('',(-281.0487448322,26.913422645559));
#3278 = CARTESIAN_POINT('',(-281.0485089386,26.889139558299));
#3279 = CARTESIAN_POINT('',(-281.0481551041,26.864857903215));
#3280 = CARTESIAN_POINT('',(-281.0476833402,26.840578396298));
#3281 = CARTESIAN_POINT('',(-281.046435949,26.789223960496));
#3282 = CARTESIAN_POINT('',(-281.0456315415,26.762149730623));
#3283 = CARTESIAN_POINT('',(-281.0446804659,26.735080057298));
#3284 = CARTESIAN_POINT('',(-281.0435827554,26.708015933632));
#3285 = CARTESIAN_POINT('',(-281.042338452,26.680958352392));
#3286 = CARTESIAN_POINT('',(-281.0395567617,26.626858261425));
#3287 = CARTESIAN_POINT('',(-281.0380193748,26.599815751625));
#3288 = CARTESIAN_POINT('',(-281.0363354971,26.572781769039));
#3289 = CARTESIAN_POINT('',(-281.0345051886,26.545757305515));
#3290 = CARTESIAN_POINT('',(-281.0325285183,26.518743352319));
#3291 = CARTESIAN_POINT('',(-281.02828261,26.464738450683));
#3292 = CARTESIAN_POINT('',(-281.026013372,26.437747502168));
#3293 = CARTESIAN_POINT('',(-281.023597928,26.410769045276));
#3294 = CARTESIAN_POINT('',(-281.0210363648,26.383804069866));
#3295 = CARTESIAN_POINT('',(-281.018328778,26.356853564974));
#3296 = CARTESIAN_POINT('',(-281.0132121477,26.30855624341));
#3297 = CARTESIAN_POINT('',(-281.0108572381,26.287203691715));
#3298 = CARTESIAN_POINT('',(-281.0084105959,26.265861356705));
#3299 = CARTESIAN_POINT('',(-281.0058722769,26.244529730944));
#3300 = CARTESIAN_POINT('',(-281.0032423403,26.223209306588));
#3301 = CARTESIAN_POINT('',(-280.998154335,26.183371246177));
#3302 = CARTESIAN_POINT('',(-280.9957185925,26.164850758657));
#3303 = CARTESIAN_POINT('',(-280.9932136628,26.146339436145));
#3304 = CARTESIAN_POINT('',(-280.9906395891,26.127837601686));
#3305 = CARTESIAN_POINT('',(-280.9879964168,26.109345578056));
#3306 = CARTESIAN_POINT('',(-280.9813514695,26.064064951291));
#3307 = CARTESIAN_POINT('',(-280.9772735655,26.037287520093));
#3308 = CARTESIAN_POINT('',(-280.9730506254,26.010532377367));
#3309 = CARTESIAN_POINT('',(-280.9686828024,25.983800504902));
#3310 = CARTESIAN_POINT('',(-280.9641702584,25.957092883067));
#3311 = CARTESIAN_POINT('',(-280.9554984289,25.907408433432));
#3312 = CARTESIAN_POINT('',(-280.9513762692,25.884425125689));
#3313 = CARTESIAN_POINT('',(-280.9471467947,25.861461194735));
#3314 = CARTESIAN_POINT('',(-280.9428101198,25.838517266815));
#3315 = CARTESIAN_POINT('',(-280.9383663636,25.815593967267));
#3316 = CARTESIAN_POINT('',(-280.928536824,25.766125552866));
#3317 = CARTESIAN_POINT('',(-280.9231140762,25.739587782908));
#3318 = CARTESIAN_POINT('',(-280.9175476005,25.713079585337));
#3319 = CARTESIAN_POINT('',(-280.9118375994,25.686601932973));
#3320 = CARTESIAN_POINT('',(-280.905984284,25.660155796769));
#3321 = CARTESIAN_POINT('',(-280.8935779213,25.605506872561));
#3322 = CARTESIAN_POINT('',(-280.8870044563,25.577308719675));
#3323 = CARTESIAN_POINT('',(-280.880267748,25.5491488709));
#3324 = CARTESIAN_POINT('',(-280.8733680767,25.521028507223));
#3325 = CARTESIAN_POINT('',(-280.8663057339,25.49294880687));
#3326 = CARTESIAN_POINT('',(-280.8527885336,25.440490880583));
#3327 = CARTESIAN_POINT('',(-280.8463728746,25.416102554044));
#3328 = CARTESIAN_POINT('',(-280.8398342453,25.391746742315));
#3329 = CARTESIAN_POINT('',(-280.8331728524,25.36742422025));
#3330 = CARTESIAN_POINT('',(-280.8263889089,25.343135760938));
#3331 = CARTESIAN_POINT('',(-280.8135995137,25.298221646745));
#3332 = CARTESIAN_POINT('',(-280.8076276234,25.277586435144));
#3333 = CARTESIAN_POINT('',(-280.8015670993,25.256976977687));
#3334 = CARTESIAN_POINT('',(-280.7954180805,25.236393750149));
#3335 = CARTESIAN_POINT('',(-280.7891807096,25.215837227296));
#3336 = CARTESIAN_POINT('',(-280.7759795078,25.172993385518));
#3337 = CARTESIAN_POINT('',(-280.7689996697,25.150710998736));
#3338 = CARTESIAN_POINT('',(-280.7619158059,25.128461330951));
#3339 = CARTESIAN_POINT('',(-280.7547281085,25.106244989057));
#3340 = CARTESIAN_POINT('',(-280.7474367745,25.084062578437));
#3341 = CARTESIAN_POINT('',(-280.7329430295,25.040652750251));
#3342 = CARTESIAN_POINT('',(-280.725748728,25.019422625078));
#3343 = CARTESIAN_POINT('',(-280.7184592792,24.998224861701));
#3344 = CARTESIAN_POINT('',(-280.7110748654,24.977059993001));
#3345 = CARTESIAN_POINT('',(-280.7035956729,24.955928550484));
#3346 = CARTESIAN_POINT('',(-280.6887636882,24.914612647557));
#3347 = CARTESIAN_POINT('',(-280.6814186142,24.894425416359));
#3348 = CARTESIAN_POINT('',(-280.6739868375,24.874269837269));
#3349 = CARTESIAN_POINT('',(-280.666468529,24.854146375633));
#3350 = CARTESIAN_POINT('',(-280.6588638627,24.834055495564));
#3351 = CARTESIAN_POINT('',(-280.6414758664,24.788707356633));
#3352 = CARTESIAN_POINT('',(-280.631641708,24.763469587024));
#3353 = CARTESIAN_POINT('',(-280.6216708968,24.738285278987));
#3354 = CARTESIAN_POINT('',(-280.611563797,24.713155357067));
#3355 = CARTESIAN_POINT('',(-280.6013207809,24.68808074249));
#3356 = CARTESIAN_POINT('',(-280.5809215641,24.638906679382));
#3357 = CARTESIAN_POINT('',(-280.5707745496,24.61480341999));
#3358 = CARTESIAN_POINT('',(-280.5605015285,24.590753401152));
#3359 = CARTESIAN_POINT('',(-280.5501028508,24.566757445962));
#3360 = CARTESIAN_POINT('',(-280.5395788735,24.542816374431));
#3361 = CARTESIAN_POINT('',(-280.5171400998,24.492486500808));
#3362 = CARTESIAN_POINT('',(-280.5051970975,24.466110273817));
#3363 = CARTESIAN_POINT('',(-280.4931014481,24.439803431193));
#3364 = CARTESIAN_POINT('',(-280.4808536565,24.413567076683));
#3365 = CARTESIAN_POINT('',(-280.4684542382,24.387402309112));
#3366 = CARTESIAN_POINT('',(-280.4405192234,24.329326397104));
#3367 = CARTESIAN_POINT('',(-280.4249076837,24.297451781813));
#3368 = CARTESIAN_POINT('',(-280.4090700696,24.265688391447));
#3369 = CARTESIAN_POINT('',(-280.3930073737,24.234038229062));
#3370 = CARTESIAN_POINT('',(-280.3767206125,24.202503285833));
#3371 = CARTESIAN_POINT('',(-280.3463078587,24.144628513407));
#3372 = CARTESIAN_POINT('',(-280.3322467352,24.118254595751));
#3373 = CARTESIAN_POINT('',(-280.3180280765,24.091964970004));
#3374 = CARTESIAN_POINT('',(-280.3036525152,24.065760811728));
#3375 = CARTESIAN_POINT('',(-280.289120696,24.039643290126));
#3376 = CARTESIAN_POINT('',(-280.0678971226,23.647580718039));
#3377 = CARTESIAN_POINT('',(-279.83057634,23.298882326992));
#3378 = CARTESIAN_POINT('',(-279.5643210059,22.970816751804));
#3379 = CARTESIAN_POINT('',(-279.2714116403,22.666312213097));
#3380 = CARTESIAN_POINT('',(-278.9544743308,22.38799149825));
#3381 = CARTESIAN_POINT('',(-278.6165553348,22.138095867175));
#3382 = ( GEOMETRIC_REPRESENTATION_CONTEXT(2) 
PARAMETRIC_REPRESENTATION_CONTEXT() REPRESENTATION_CONTEXT('2D SPACE',''
  ) );
#3383 = PCURVE('',#3384,#3401);
#3384 = B_SPLINE_SURFACE_WITH_KNOTS('',7,1,(
    (#3385,#3386)
    ,(#3387,#3388)
    ,(#3389,#3390)
    ,(#3391,#3392)
    ,(#3393,#3394)
    ,(#3395,#3396)
    ,(#3397,#3398)
    ,(#3399,#3400
    )),.UNSPECIFIED.,.F.,.F.,.F.,(8,8),(2,2),(2.204126139825,
    3.14159265359),(0.,1.),.PIECEWISE_BEZIER_KNOTS.);
#3385 = CARTESIAN_POINT('',(164.6296835181,-58.3508018182,-5.12));
#3386 = CARTESIAN_POINT('',(156.05099240429,-53.66812781672,42.));
#3387 = CARTESIAN_POINT('',(165.25834429298,-57.87318902891,-5.12));
#3388 = CARTESIAN_POINT('',(156.69869709104,-53.19256546391,42.));
#3389 = CARTESIAN_POINT('',(165.81368368378,-57.29906661115,-5.12));
#3390 = CARTESIAN_POINT('',(157.27209767333,-52.61580279007,42.));
#3391 = CARTESIAN_POINT('',(166.27792367236,-56.64194226937,-5.12));
#3392 = CARTESIAN_POINT('',(157.75222082506,-51.95177188733,42.));
#3393 = CARTESIAN_POINT('',(166.63639237052,-55.91941527482,-5.12));
#3394 = CARTESIAN_POINT('',(158.12335345798,-51.21884892812,42.));
#3395 = CARTESIAN_POINT('',(166.87879713804,-55.15223140101,-5.12));
#3396 = CARTESIAN_POINT('',(158.37445078688,-50.43884545886,42.));
#3397 = CARTESIAN_POINT('',(167.,-54.36271999779,-5.12));
#3398 = CARTESIAN_POINT('',(158.5,-49.63530279989,42.));
#3399 = CARTESIAN_POINT('',(167.,-53.57320853723,-5.12));
#3400 = CARTESIAN_POINT('',(158.5,-48.83176007381,42.));
#3401 = DEFINITIONAL_REPRESENTATION('',(#3402),#3510);
#3402 = B_SPLINE_CURVE_WITH_KNOTS('',6,(#3403,#3404,#3405,#3406,#3407,
    #3408,#3409,#3410,#3411,#3412,#3413,#3414,#3415,#3416,#3417,#3418,
    #3419,#3420,#3421,#3422,#3423,#3424,#3425,#3426,#3427,#3428,#3429,
    #3430,#3431,#3432,#3433,#3434,#3435,#3436,#3437,#3438,#3439,#3440,
    #3441,#3442,#3443,#3444,#3445,#3446,#3447,#3448,#3449,#3450,#3451,
    #3452,#3453,#3454,#3455,#3456,#3457,#3458,#3459,#3460,#3461,#3462,
    #3463,#3464,#3465,#3466,#3467,#3468,#3469,#3470,#3471,#3472,#3473,
    #3474,#3475,#3476,#3477,#3478,#3479,#3480,#3481,#3482,#3483,#3484,
    #3485,#3486,#3487,#3488,#3489,#3490,#3491,#3492,#3493,#3494,#3495,
    #3496,#3497,#3498,#3499,#3500,#3501,#3502,#3503,#3504,#3505,#3506,
    #3507,#3508,#3509),.UNSPECIFIED.,.F.,.F.,(7,5,5,5,5,5,5,5,5,5,5,5,5,
    5,5,5,5,5,5,5,5,7),(0.,2.600042623729E-02,5.500090063624E-02,
    8.400137310706E-02,0.113001842646,0.136002212252,0.156002531182,
    0.185002988774,0.210003377903,0.239003822123,0.270004287313,
    0.297004683368,0.320005013393,0.345005363798,0.369005691436,
    0.392005996825,0.421006369064,0.449006713995,0.480007078136,
    0.518007497206,0.550007825188,1.),.UNSPECIFIED.);
#3403 = CARTESIAN_POINT('',(3.14159265359,0.787775891341));
#3404 = CARTESIAN_POINT('',(3.137530298735,0.787775891341));
#3405 = CARTESIAN_POINT('',(3.133467943869,0.787775891341));
#3406 = CARTESIAN_POINT('',(3.129405588989,0.787775891341));
#3407 = CARTESIAN_POINT('',(3.125343234092,0.787775891341));
#3408 = CARTESIAN_POINT('',(3.121280879174,0.787775891341));
#3409 = CARTESIAN_POINT('',(3.112687436186,0.787775891341));
#3410 = CARTESIAN_POINT('',(3.108156348106,0.787775891341));
#3411 = CARTESIAN_POINT('',(3.103625259987,0.787775891341));
#3412 = CARTESIAN_POINT('',(3.099094171823,0.787775891341));
#3413 = CARTESIAN_POINT('',(3.094563083607,0.787775891341));
#3414 = CARTESIAN_POINT('',(3.08550090736,0.787775891341));
#3415 = CARTESIAN_POINT('',(3.080969819326,0.787775891341));
#3416 = CARTESIAN_POINT('',(3.076438731222,0.787775891341));
#3417 = CARTESIAN_POINT('',(3.071907643044,0.787775891341));
#3418 = CARTESIAN_POINT('',(3.067376554784,0.787775891341));
#3419 = CARTESIAN_POINT('',(3.058314378542,0.787775891341));
#3420 = CARTESIAN_POINT('',(3.053783290556,0.787775891341));
#3421 = CARTESIAN_POINT('',(3.04925220247,0.787775891341));
#3422 = CARTESIAN_POINT('',(3.044721114276,0.787775891341));
#3423 = CARTESIAN_POINT('',(3.040190025967,0.787775891341));
#3424 = CARTESIAN_POINT('',(3.032065316109,0.787775891341));
#3425 = CARTESIAN_POINT('',(3.028471694605,0.787775891341));
#3426 = CARTESIAN_POINT('',(3.024878073018,0.787775891341));
#3427 = CARTESIAN_POINT('',(3.021284451344,0.787775891341));
#3428 = CARTESIAN_POINT('',(3.017690829578,0.787775891341));
#3429 = CARTESIAN_POINT('',(3.010972319529,0.787775891341));
#3430 = CARTESIAN_POINT('',(3.007847431268,0.787775891341));
#3431 = CARTESIAN_POINT('',(3.004722542931,0.787775891341));
#3432 = CARTESIAN_POINT('',(3.001597654516,0.787775891341));
#3433 = CARTESIAN_POINT('',(2.998472766021,0.787775891341));
#3434 = CARTESIAN_POINT('',(2.990816789762,0.787775891341));
#3435 = CARTESIAN_POINT('',(2.986285701904,0.787775891341));
#3436 = CARTESIAN_POINT('',(2.981754613861,0.787775891341));
#3437 = CARTESIAN_POINT('',(2.977223525625,0.787775891341));
#3438 = CARTESIAN_POINT('',(2.972692437188,0.787775891341));
#3439 = CARTESIAN_POINT('',(2.964255238478,0.787775891341));
#3440 = CARTESIAN_POINT('',(2.960349128256,0.787775891341));
#3441 = CARTESIAN_POINT('',(2.956443017872,0.787775891341));
#3442 = CARTESIAN_POINT('',(2.952536907321,0.787775891341));
#3443 = CARTESIAN_POINT('',(2.948630796599,0.787775891341));
#3444 = CARTESIAN_POINT('',(2.940193598176,0.787775891341));
#3445 = CARTESIAN_POINT('',(2.935662510413,0.787775891341));
#3446 = CARTESIAN_POINT('',(2.9311314224,0.787775891341));
#3447 = CARTESIAN_POINT('',(2.926600334132,0.787775891341));
#3448 = CARTESIAN_POINT('',(2.922069245601,0.787775891341));
#3449 = CARTESIAN_POINT('',(2.912694580626,0.787775891341));
#3450 = CARTESIAN_POINT('',(2.907851004138,0.787775891341));
#3451 = CARTESIAN_POINT('',(2.903007427328,0.787775891341));
#3452 = CARTESIAN_POINT('',(2.898163850186,0.787775891341));
#3453 = CARTESIAN_POINT('',(2.893320272704,0.787775891341));
#3454 = CARTESIAN_POINT('',(2.884258096251,0.787775891341));
#3455 = CARTESIAN_POINT('',(2.88003949736,0.787775891341));
#3456 = CARTESIAN_POINT('',(2.875820898196,0.787775891341));
#3457 = CARTESIAN_POINT('',(2.871602298752,0.787775891341));
#3458 = CARTESIAN_POINT('',(2.867383699023,0.787775891341));
#3459 = CARTESIAN_POINT('',(2.859571477911,0.787775891341));
#3460 = CARTESIAN_POINT('',(2.855977856607,0.787775891341));
#3461 = CARTESIAN_POINT('',(2.852384235086,0.787775891341));
#3462 = CARTESIAN_POINT('',(2.848790613345,0.787775891341));
#3463 = CARTESIAN_POINT('',(2.845196991379,0.787775891341));
#3464 = CARTESIAN_POINT('',(2.837697259405,0.787775891341));
#3465 = CARTESIAN_POINT('',(2.833791149353,0.787775891341));
#3466 = CARTESIAN_POINT('',(2.829885039026,0.787775891341));
#3467 = CARTESIAN_POINT('',(2.825978928418,0.787775891341));
#3468 = CARTESIAN_POINT('',(2.822072817524,0.787775891341));
#3469 = CARTESIAN_POINT('',(2.814416840972,0.787775891341));
#3470 = CARTESIAN_POINT('',(2.810666975335,0.787775891341));
#3471 = CARTESIAN_POINT('',(2.806917109424,0.787775891341));
#3472 = CARTESIAN_POINT('',(2.803167243236,0.787775891341));
#3473 = CARTESIAN_POINT('',(2.799417376766,0.787775891341));
#3474 = CARTESIAN_POINT('',(2.792073889047,0.787775891341));
#3475 = CARTESIAN_POINT('',(2.788480267819,0.787775891341));
#3476 = CARTESIAN_POINT('',(2.784886646323,0.787775891341));
#3477 = CARTESIAN_POINT('',(2.781293024557,0.787775891341));
#3478 = CARTESIAN_POINT('',(2.777699402515,0.787775891341));
#3479 = CARTESIAN_POINT('',(2.769574693184,0.787775891341));
#3480 = CARTESIAN_POINT('',(2.765043605727,0.787775891341));
#3481 = CARTESIAN_POINT('',(2.760512517817,0.787775891341));
#3482 = CARTESIAN_POINT('',(2.755981429447,0.787775891341));
#3483 = CARTESIAN_POINT('',(2.751450340608,0.787775891341));
#3484 = CARTESIAN_POINT('',(2.742544408702,0.787775891341));
#3485 = CARTESIAN_POINT('',(2.738169565662,0.787775891341));
#3486 = CARTESIAN_POINT('',(2.73379472217,0.787775891341));
#3487 = CARTESIAN_POINT('',(2.729419878218,0.787775891341));
#3488 = CARTESIAN_POINT('',(2.7250450338,0.787775891341));
#3489 = CARTESIAN_POINT('',(2.715826613411,0.787775891341));
#3490 = CARTESIAN_POINT('',(2.710983037328,0.787775891341));
#3491 = CARTESIAN_POINT('',(2.706139460653,0.787775891341));
#3492 = CARTESIAN_POINT('',(2.701295883376,0.787775891341));
#3493 = CARTESIAN_POINT('',(2.696452305489,0.787775891341));
#3494 = CARTESIAN_POINT('',(2.685671441466,0.787775891341));
#3495 = CARTESIAN_POINT('',(2.679734155007,0.787775891341));
#3496 = CARTESIAN_POINT('',(2.673796867592,0.787775891341));
#3497 = CARTESIAN_POINT('',(2.667859579206,0.787775891341));
#3498 = CARTESIAN_POINT('',(2.661922289833,0.787775891341));
#3499 = CARTESIAN_POINT('',(2.650985179881,0.787775891341));
#3500 = CARTESIAN_POINT('',(2.645985359583,0.787775891341));
#3501 = CARTESIAN_POINT('',(2.640985538558,0.787775891341));
#3502 = CARTESIAN_POINT('',(2.635985716795,0.787775891341));
#3503 = CARTESIAN_POINT('',(2.630985894285,0.787775891341));
#3504 = CARTESIAN_POINT('',(2.555677999602,0.787775891341));
#3505 = CARTESIAN_POINT('',(2.485364591852,0.787775891341));
#3506 = CARTESIAN_POINT('',(2.415057056455,0.787775891341));
#3507 = CARTESIAN_POINT('',(2.344749314154,0.787775891341));
#3508 = CARTESIAN_POINT('',(2.274435267702,0.787775891341));
#3509 = CARTESIAN_POINT('',(2.204126139825,0.787775891341));
#3510 = ( GEOMETRIC_REPRESENTATION_CONTEXT(2) 
PARAMETRIC_REPRESENTATION_CONTEXT() REPRESENTATION_CONTEXT('2D SPACE',''
  ) );
#3511 = ORIENTED_EDGE('',*,*,#3512,.F.);
#3512 = EDGE_CURVE('',#3513,#3161,#3515,.T.);
#3513 = VERTEX_POINT('',#3514);
#3514 = CARTESIAN_POINT('',(160.30390492359,49.838009747713,32.));
#3515 = SURFACE_CURVE('',#3516,(#3519,#3525),.PCURVE_S1.);
#3516 = B_SPLINE_CURVE_WITH_KNOTS('',1,(#3517,#3518),.UNSPECIFIED.,.F.,
  .F.,(2,2),(0.,1.),.PIECEWISE_BEZIER_KNOTS.);
#3517 = CARTESIAN_POINT('',(160.30390492359,49.838009747713,32.));
#3518 = CARTESIAN_POINT('',(160.30390492359,-49.83800974771,32.));
#3519 = PCURVE('',#737,#3520);
#3520 = DEFINITIONAL_REPRESENTATION('',(#3521),#3524);
#3521 = B_SPLINE_CURVE_WITH_KNOTS('',1,(#3522,#3523),.UNSPECIFIED.,.F.,
  .F.,(2,2),(0.,1.),.PIECEWISE_BEZIER_KNOTS.);
#3522 = CARTESIAN_POINT('',(-281.048862779,126.63800974771));
#3523 = CARTESIAN_POINT('',(-281.048862779,26.961990252287));
#3524 = ( GEOMETRIC_REPRESENTATION_CONTEXT(2) 
PARAMETRIC_REPRESENTATION_CONTEXT() REPRESENTATION_CONTEXT('2D SPACE',''
  ) );
#3525 = PCURVE('',#3526,#3531);
#3526 = B_SPLINE_SURFACE_WITH_KNOTS('',1,1,(
    (#3527,#3528)
    ,(#3529,#3530
    )),.UNSPECIFIED.,.F.,.F.,.F.,(2,2),(2,2),(2.976791462767,
    110.12320853723),(0.,1.),.PIECEWISE_BEZIER_KNOTS.);
#3527 = CARTESIAN_POINT('',(167.,-53.57320853723,-5.12));
#3528 = CARTESIAN_POINT('',(158.5,-48.83176007381,42.));
#3529 = CARTESIAN_POINT('',(167.,53.573208537233,-5.12));
#3530 = CARTESIAN_POINT('',(158.5,48.831760073812,42.));
#3531 = DEFINITIONAL_REPRESENTATION('',(#3532),#3535);
#3532 = B_SPLINE_CURVE_WITH_KNOTS('',1,(#3533,#3534),.UNSPECIFIED.,.F.,
  .F.,(2,2),(0.,1.),.PIECEWISE_BEZIER_KNOTS.);
#3533 = CARTESIAN_POINT('',(110.12320853723,0.787775891341));
#3534 = CARTESIAN_POINT('',(2.976791462767,0.787775891341));
#3535 = ( GEOMETRIC_REPRESENTATION_CONTEXT(2) 
PARAMETRIC_REPRESENTATION_CONTEXT() REPRESENTATION_CONTEXT('2D SPACE',''
  ) );
#3536 = ORIENTED_EDGE('',*,*,#3537,.F.);
#3537 = EDGE_CURVE('',#3538,#3513,#3540,.T.);
#3538 = VERTEX_POINT('',#3539);
#3539 = CARTESIAN_POINT('',(157.87159747938,54.661904132825,32.));
#3540 = SURFACE_CURVE('',#3541,(#3616,#3694),.PCURVE_S1.);
#3541 = B_SPLINE_CURVE_WITH_KNOTS('',4,(#3542,#3543,#3544,#3545,#3546,
    #3547,#3548,#3549,#3550,#3551,#3552,#3553,#3554,#3555,#3556,#3557,
    #3558,#3559,#3560,#3561,#3562,#3563,#3564,#3565,#3566,#3567,#3568,
    #3569,#3570,#3571,#3572,#3573,#3574,#3575,#3576,#3577,#3578,#3579,
    #3580,#3581,#3582,#3583,#3584,#3585,#3586,#3587,#3588,#3589,#3590,
    #3591,#3592,#3593,#3594,#3595,#3596,#3597,#3598,#3599,#3600,#3601,
    #3602,#3603,#3604,#3605,#3606,#3607,#3608,#3609,#3610,#3611,#3612,
    #3613,#3614,#3615),.UNSPECIFIED.,.F.,.F.,(5,3,3,3,3,3,3,3,3,3,3,3,3,
    3,3,3,3,3,3,3,3,3,3,3,5),(0.,0.229997494412,0.25599736892,
    0.35699707469,0.460997066151,0.499997132719,0.528997203653,
    0.552997275326,0.58199737668,0.609997488932,0.633997595683,
    0.658997716545,0.681997835884,0.704997962497,0.730998113727,
    0.759998291666,0.788998478353,0.816998665908,0.840998831638,
    0.868999029908,0.895999225239,0.92499943855,0.953999654473,
    0.97499981191,1.),.UNSPECIFIED.);
#3542 = CARTESIAN_POINT('',(157.87159747938,54.661904132825,32.));
#3543 = CARTESIAN_POINT('',(158.13067269339,54.470314536315,32.));
#3544 = CARTESIAN_POINT('',(158.37603037735,54.260170717422,32.));
#3545 = CARTESIAN_POINT('',(158.60566821629,54.032954336156,32.));
#3546 = CARTESIAN_POINT('',(158.84194150646,53.763135315393,32.));
#3547 = CARTESIAN_POINT('',(158.8657163104,53.735537418132,32.));
#3548 = CARTESIAN_POINT('',(158.88926692265,53.707747961149,32.));
#3549 = CARTESIAN_POINT('',(159.00319648983,53.571084682886,32.));
#3550 = CARTESIAN_POINT('',(159.09038424241,53.459550445005,32.));
#3551 = CARTESIAN_POINT('',(159.17401979343,53.345328354181,32.));
#3552 = CARTESIAN_POINT('',(159.33632446922,53.108387343706,32.));
#3553 = CARTESIAN_POINT('',(159.4147723164,52.985516727544,32.));
#3554 = CARTESIAN_POINT('',(159.48919834398,52.860169129297,32.));
#3555 = CARTESIAN_POINT('',(159.58585201616,52.684686509467,32.));
#3556 = CARTESIAN_POINT('',(159.61163101448,52.636507471517,32.));
#3557 = CARTESIAN_POINT('',(159.636823054,52.588018940451,32.));
#3558 = CARTESIAN_POINT('',(159.67971474694,52.502953995144,32.));
#3559 = CARTESIAN_POINT('',(159.69767924677,52.466511122189,32.));
#3560 = CARTESIAN_POINT('',(159.71531395622,52.429907525579,32.));
#3561 = CARTESIAN_POINT('',(159.74693632821,52.362725760623,32.));
#3562 = CARTESIAN_POINT('',(159.76102857461,52.332196819699,32.));
#3563 = CARTESIAN_POINT('',(159.77489229916,52.301563426255,32.));
#3564 = CARTESIAN_POINT('',(159.80500085846,52.233689682541,32.));
#3565 = CARTESIAN_POINT('',(159.82114003164,52.196402460954,32.));
#3566 = CARTESIAN_POINT('',(159.83694186481,52.158971031788,32.));
#3567 = CARTESIAN_POINT('',(159.86733388377,52.085124482422,32.));
#3568 = CARTESIAN_POINT('',(159.88194706115,52.0487188244,32.));
#3569 = CARTESIAN_POINT('',(159.89624229722,52.012187151442,32.));
#3570 = CARTESIAN_POINT('',(159.92219717665,51.944116334957,32.));
#3571 = CARTESIAN_POINT('',(159.93394159433,51.912609515152,32.));
#3572 = CARTESIAN_POINT('',(159.94545024841,51.881015814353,32.));
#3573 = CARTESIAN_POINT('',(159.9684638102,51.81634003091,32.));
#3574 = CARTESIAN_POINT('',(159.97994858113,51.783250782917,32.));
#3575 = CARTESIAN_POINT('',(159.99117544055,51.750073140856,32.));
#3576 = CARTESIAN_POINT('',(160.01223391026,51.686208144966,32.));
#3577 = CARTESIAN_POINT('',(160.02210528874,51.655533904007,32.));
#3578 = CARTESIAN_POINT('',(160.03175675094,51.62478975895,32.));
#3579 = CARTESIAN_POINT('',(160.0506183949,51.563166391184,32.));
#3580 = CARTESIAN_POINT('',(160.05982857653,51.53228716838,32.));
#3581 = CARTESIAN_POINT('',(160.06881739092,51.501342781673,32.));
#3582 = CARTESIAN_POINT('',(160.08749443169,51.435284027013,32.));
#3583 = CARTESIAN_POINT('',(160.09712095638,51.400152213798,32.));
#3584 = CARTESIAN_POINT('',(160.10646276364,51.364943622201,32.));
#3585 = CARTESIAN_POINT('',(160.12562011228,51.290308817487,32.));
#3586 = CARTESIAN_POINT('',(160.13536594155,51.250864710412,32.));
#3587 = CARTESIAN_POINT('',(160.14475521583,51.211334211942,32.));
#3588 = CARTESIAN_POINT('',(160.16281844822,51.132110109057,32.));
#3589 = CARTESIAN_POINT('',(160.17149240615,51.092416504415,32.));
#3590 = CARTESIAN_POINT('',(160.1798076,51.052646196954,32.));
#3591 = CARTESIAN_POINT('',(160.19544418972,50.974335778244,32.));
#3592 = CARTESIAN_POINT('',(160.20278996714,50.935800535206,32.));
#3593 = CARTESIAN_POINT('',(160.20979951354,50.897202715735,32.));
#3594 = CARTESIAN_POINT('',(160.22219140208,50.825413015261,32.));
#3595 = CARTESIAN_POINT('',(160.22766315008,50.79223656685,32.));
#3596 = CARTESIAN_POINT('',(160.23288683328,50.759020156855,32.));
#3597 = CARTESIAN_POINT('',(160.243666438,50.686970713018,32.));
#3598 = CARTESIAN_POINT('',(160.24913263001,50.648124254253,32.));
#3599 = CARTESIAN_POINT('',(160.25425994933,50.609231617224,32.));
#3600 = CARTESIAN_POINT('',(160.26366475523,50.532753371856,32.));
#3601 = CARTESIAN_POINT('',(160.26796605298,50.495170691527,32.));
#3602 = CARTESIAN_POINT('',(160.27195125403,50.457553179658,32.));
#3603 = CARTESIAN_POINT('',(160.2795604421,50.379467703138,32.));
#3604 = CARTESIAN_POINT('',(160.28313580576,50.33899500013,32.));
#3605 = CARTESIAN_POINT('',(160.28634557858,50.29849166353,32.));
#3606 = CARTESIAN_POINT('',(160.29203324719,50.217433632529,32.));
#3607 = CARTESIAN_POINT('',(160.29451114294,50.176878937944,32.));
#3608 = CARTESIAN_POINT('',(160.2966227522,50.136303522619,32.));
#3609 = CARTESIAN_POINT('',(160.2996315614,50.066318741892,32.));
#3610 = CARTESIAN_POINT('',(160.30070307758,50.036916870655,32.));
#3611 = CARTESIAN_POINT('',(160.301582329,50.007508621868,32.));
#3612 = CARTESIAN_POINT('',(160.30308706029,49.94308071383,32.));
#3613 = CARTESIAN_POINT('',(160.30363230245,49.908059180541,32.));
#3614 = CARTESIAN_POINT('',(160.30390492359,49.873034464108,32.));
#3615 = CARTESIAN_POINT('',(160.30390492359,49.838009747713,32.));
#3616 = PCURVE('',#737,#3617);
#3617 = DEFINITIONAL_REPRESENTATION('',(#3618),#3693);
#3618 = B_SPLINE_CURVE_WITH_KNOTS('',4,(#3619,#3620,#3621,#3622,#3623,
    #3624,#3625,#3626,#3627,#3628,#3629,#3630,#3631,#3632,#3633,#3634,
    #3635,#3636,#3637,#3638,#3639,#3640,#3641,#3642,#3643,#3644,#3645,
    #3646,#3647,#3648,#3649,#3650,#3651,#3652,#3653,#3654,#3655,#3656,
    #3657,#3658,#3659,#3660,#3661,#3662,#3663,#3664,#3665,#3666,#3667,
    #3668,#3669,#3670,#3671,#3672,#3673,#3674,#3675,#3676,#3677,#3678,
    #3679,#3680,#3681,#3682,#3683,#3684,#3685,#3686,#3687,#3688,#3689,
    #3690,#3691,#3692),.UNSPECIFIED.,.F.,.F.,(5,3,3,3,3,3,3,3,3,3,3,3,3,
    3,3,3,3,3,3,3,3,3,3,3,5),(0.,0.229997494412,0.25599736892,
    0.35699707469,0.460997066151,0.499997132719,0.528997203653,
    0.552997275326,0.58199737668,0.609997488932,0.633997595683,
    0.658997716545,0.681997835884,0.704997962497,0.730998113727,
    0.759998291666,0.788998478353,0.816998665908,0.840998831638,
    0.868999029908,0.895999225239,0.92499943855,0.953999654473,
    0.97499981191,1.),.UNSPECIFIED.);
#3619 = CARTESIAN_POINT('',(-278.6165553348,131.46190413282));
#3620 = CARTESIAN_POINT('',(-278.8756305488,131.27031453631));
#3621 = CARTESIAN_POINT('',(-279.1209882328,131.06017071742));
#3622 = CARTESIAN_POINT('',(-279.3506260717,130.83295433615));
#3623 = CARTESIAN_POINT('',(-279.5868993619,130.56313531539));
#3624 = CARTESIAN_POINT('',(-279.6106741658,130.53553741813));
#3625 = CARTESIAN_POINT('',(-279.6342247781,130.50774796114));
#3626 = CARTESIAN_POINT('',(-279.7481543452,130.37108468288));
#3627 = CARTESIAN_POINT('',(-279.8353420978,130.259550445));
#3628 = CARTESIAN_POINT('',(-279.9189776489,130.14532835418));
#3629 = CARTESIAN_POINT('',(-280.0812823246,129.9083873437));
#3630 = CARTESIAN_POINT('',(-280.1597301718,129.78551672754));
#3631 = CARTESIAN_POINT('',(-280.2341561994,129.66016912929));
#3632 = CARTESIAN_POINT('',(-280.3308098716,129.48468650946));
#3633 = CARTESIAN_POINT('',(-280.3565888699,129.43650747151));
#3634 = CARTESIAN_POINT('',(-280.3817809094,129.38801894045));
#3635 = CARTESIAN_POINT('',(-280.4246726024,129.30295399514));
#3636 = CARTESIAN_POINT('',(-280.4426371022,129.26651112218));
#3637 = CARTESIAN_POINT('',(-280.4602718116,129.22990752557));
#3638 = CARTESIAN_POINT('',(-280.4918941836,129.16272576062));
#3639 = CARTESIAN_POINT('',(-280.50598643,129.13219681969));
#3640 = CARTESIAN_POINT('',(-280.5198501546,129.10156342625));
#3641 = CARTESIAN_POINT('',(-280.5499587139,129.03368968254));
#3642 = CARTESIAN_POINT('',(-280.5660978871,128.99640246095));
#3643 = CARTESIAN_POINT('',(-280.5818997202,128.95897103178));
#3644 = CARTESIAN_POINT('',(-280.6122917392,128.88512448242));
#3645 = CARTESIAN_POINT('',(-280.6269049166,128.8487188244));
#3646 = CARTESIAN_POINT('',(-280.6412001526,128.81218715144));
#3647 = CARTESIAN_POINT('',(-280.6671550321,128.74411633495));
#3648 = CARTESIAN_POINT('',(-280.6788994497,128.71260951515));
#3649 = CARTESIAN_POINT('',(-280.6904081038,128.68101581435));
#3650 = CARTESIAN_POINT('',(-280.7134216656,128.61634003091));
#3651 = CARTESIAN_POINT('',(-280.7249064366,128.58325078291));
#3652 = CARTESIAN_POINT('',(-280.736133296,128.55007314085));
#3653 = CARTESIAN_POINT('',(-280.7571917657,128.48620814496));
#3654 = CARTESIAN_POINT('',(-280.7670631442,128.455533904));
#3655 = CARTESIAN_POINT('',(-280.7767146064,128.42478975895));
#3656 = CARTESIAN_POINT('',(-280.7955762503,128.36316639118));
#3657 = CARTESIAN_POINT('',(-280.804786432,128.33228716838));
#3658 = CARTESIAN_POINT('',(-280.8137752463,128.30134278167));
#3659 = CARTESIAN_POINT('',(-280.8324522871,128.23528402701));
#3660 = CARTESIAN_POINT('',(-280.8420788118,128.20015221379));
#3661 = CARTESIAN_POINT('',(-280.8514206191,128.1649436222));
#3662 = CARTESIAN_POINT('',(-280.8705779677,128.09030881748));
#3663 = CARTESIAN_POINT('',(-280.880323797,128.05086471041));
#3664 = CARTESIAN_POINT('',(-280.8897130712,128.01133421194));
#3665 = CARTESIAN_POINT('',(-280.9077763036,127.93211010905));
#3666 = CARTESIAN_POINT('',(-280.9164502616,127.89241650441));
#3667 = CARTESIAN_POINT('',(-280.9247654554,127.85264619695));
#3668 = CARTESIAN_POINT('',(-280.9404020451,127.77433577824));
#3669 = CARTESIAN_POINT('',(-280.9477478226,127.7358005352));
#3670 = CARTESIAN_POINT('',(-280.954757369,127.69720271573));
#3671 = CARTESIAN_POINT('',(-280.9671492575,127.62541301526));
#3672 = CARTESIAN_POINT('',(-280.9726210055,127.59223656685));
#3673 = CARTESIAN_POINT('',(-280.9778446887,127.55902015685));
#3674 = CARTESIAN_POINT('',(-280.9886242934,127.48697071301));
#3675 = CARTESIAN_POINT('',(-280.9940904854,127.44812425425));
#3676 = CARTESIAN_POINT('',(-280.9992178047,127.40923161722));
#3677 = CARTESIAN_POINT('',(-281.0086226106,127.33275337185));
#3678 = CARTESIAN_POINT('',(-281.0129239084,127.29517069152));
#3679 = CARTESIAN_POINT('',(-281.0169091094,127.25755317965));
#3680 = CARTESIAN_POINT('',(-281.0245182975,127.17946770313));
#3681 = CARTESIAN_POINT('',(-281.0280936612,127.13899500013));
#3682 = CARTESIAN_POINT('',(-281.031303434,127.09849166353));
#3683 = CARTESIAN_POINT('',(-281.0369911026,127.01743363252));
#3684 = CARTESIAN_POINT('',(-281.0394689984,126.97687893794));
#3685 = CARTESIAN_POINT('',(-281.0415806076,126.93630352261));
#3686 = CARTESIAN_POINT('',(-281.0445894168,126.86631874189));
#3687 = CARTESIAN_POINT('',(-281.045660933,126.83691687065));
#3688 = CARTESIAN_POINT('',(-281.0465401844,126.80750862186));
#3689 = CARTESIAN_POINT('',(-281.0480449157,126.74308071383));
#3690 = CARTESIAN_POINT('',(-281.0485901579,126.70805918054));
#3691 = CARTESIAN_POINT('',(-281.048862779,126.6730344641));
#3692 = CARTESIAN_POINT('',(-281.048862779,126.63800974771));
#3693 = ( GEOMETRIC_REPRESENTATION_CONTEXT(2) 
PARAMETRIC_REPRESENTATION_CONTEXT() REPRESENTATION_CONTEXT('2D SPACE',''
  ) );
#3694 = PCURVE('',#3695,#3712);
#3695 = B_SPLINE_SURFACE_WITH_KNOTS('',7,1,(
    (#3696,#3697)
    ,(#3698,#3699)
    ,(#3700,#3701)
    ,(#3702,#3703)
    ,(#3704,#3705)
    ,(#3706,#3707)
    ,(#3708,#3709)
    ,(#3710,#3711
    )),.UNSPECIFIED.,.F.,.F.,.F.,(8,8),(2,2),(3.14159265359,
    4.079059167354),(0.,1.),.PIECEWISE_BEZIER_KNOTS.);
#3696 = CARTESIAN_POINT('',(167.,53.573208537233,-5.12));
#3697 = CARTESIAN_POINT('',(158.5,48.831760073813,42.));
#3698 = CARTESIAN_POINT('',(167.,54.362719997798,-5.12));
#3699 = CARTESIAN_POINT('',(158.49999999999,49.635302799896,42.));
#3700 = CARTESIAN_POINT('',(166.87879713803,55.152231401012,-5.12));
#3701 = CARTESIAN_POINT('',(158.37445078688,50.438845458866,42.));
#3702 = CARTESIAN_POINT('',(166.63639237053,55.919415274829,-5.12));
#3703 = CARTESIAN_POINT('',(158.12335345797,51.218848928125,42.));
#3704 = CARTESIAN_POINT('',(166.27792367235,56.641942269371,-5.12));
#3705 = CARTESIAN_POINT('',(157.75222082507,51.95177188733,42.));
#3706 = CARTESIAN_POINT('',(165.81368368379,57.299066611156,-5.12));
#3707 = CARTESIAN_POINT('',(157.27209767333,52.615802790077,42.));
#3708 = CARTESIAN_POINT('',(165.25834429297,57.873189028912,-5.12));
#3709 = CARTESIAN_POINT('',(156.69869709104,53.192565463912,42.));
#3710 = CARTESIAN_POINT('',(164.6296835181,58.350801818206,-5.12));
#3711 = CARTESIAN_POINT('',(156.05099240429,53.66812781672,42.));
#3712 = DEFINITIONAL_REPRESENTATION('',(#3713),#3788);
#3713 = B_SPLINE_CURVE_WITH_KNOTS('',4,(#3714,#3715,#3716,#3717,#3718,
    #3719,#3720,#3721,#3722,#3723,#3724,#3725,#3726,#3727,#3728,#3729,
    #3730,#3731,#3732,#3733,#3734,#3735,#3736,#3737,#3738,#3739,#3740,
    #3741,#3742,#3743,#3744,#3745,#3746,#3747,#3748,#3749,#3750,#3751,
    #3752,#3753,#3754,#3755,#3756,#3757,#3758,#3759,#3760,#3761,#3762,
    #3763,#3764,#3765,#3766,#3767,#3768,#3769,#3770,#3771,#3772,#3773,
    #3774,#3775,#3776,#3777,#3778,#3779,#3780,#3781,#3782,#3783,#3784,
    #3785,#3786,#3787),.UNSPECIFIED.,.F.,.F.,(5,3,3,3,3,3,3,3,3,3,3,3,3,
    3,3,3,3,3,3,3,3,3,3,3,5),(0.,0.229997494412,0.25599736892,
    0.35699707469,0.460997066151,0.499997132719,0.528997203653,
    0.552997275326,0.58199737668,0.609997488932,0.633997595683,
    0.658997716545,0.681997835884,0.704997962497,0.730998113727,
    0.759998291666,0.788998478353,0.816998665908,0.840998831638,
    0.868999029908,0.895999225239,0.92499943855,0.953999654473,
    0.97499981191,1.),.UNSPECIFIED.);
#3714 = CARTESIAN_POINT('',(4.079059167354,0.787775891341));
#3715 = CARTESIAN_POINT('',(4.025154673775,0.787775891341));
#3716 = CARTESIAN_POINT('',(3.971250201284,0.787775891341));
#3717 = CARTESIAN_POINT('',(3.917345889644,0.787775891341));
#3718 = CARTESIAN_POINT('',(3.857348334253,0.787775891341));
#3719 = CARTESIAN_POINT('',(3.851254801066,0.787775891341));
#3720 = CARTESIAN_POINT('',(3.845161269601,0.787775891341));
#3721 = CARTESIAN_POINT('',(3.815396675046,0.787775891341));
#3722 = CARTESIAN_POINT('',(3.791725633261,0.787775891341));
#3723 = CARTESIAN_POINT('',(3.768054615283,0.787775891341));
#3724 = CARTESIAN_POINT('',(3.720009460781,0.787775891341));
#3725 = CARTESIAN_POINT('',(3.695635320122,0.787775891341));
#3726 = CARTESIAN_POINT('',(3.671261201021,0.787775891341));
#3727 = CARTESIAN_POINT('',(3.637746801965,0.787775891341));
#3728 = CARTESIAN_POINT('',(3.628606502163,0.787775891341));
#3729 = CARTESIAN_POINT('',(3.619466205025,0.787775891341));
#3730 = CARTESIAN_POINT('',(3.603529276165,0.787775891341));
#3731 = CARTESIAN_POINT('',(3.596732643271,0.787775891341));
#3732 = CARTESIAN_POINT('',(3.589936011752,0.787775891341));
#3733 = CARTESIAN_POINT('',(3.577514581144,0.787775891341));
#3734 = CARTESIAN_POINT('',(3.571889781626,0.787775891341));
#3735 = CARTESIAN_POINT('',(3.566264983,0.787775891341));
#3736 = CARTESIAN_POINT('',(3.553843551162,0.787775891341));
#3737 = CARTESIAN_POINT('',(3.547046918343,0.787775891341));
#3738 = CARTESIAN_POINT('',(3.540250286749,0.787775891341));
#3739 = CARTESIAN_POINT('',(3.52689138913,0.787775891341));
#3740 = CARTESIAN_POINT('',(3.520329123017,0.787775891341));
#3741 = CARTESIAN_POINT('',(3.51376685797,0.787775891341));
#3742 = CARTESIAN_POINT('',(3.501579793764,0.787775891341));
#3743 = CARTESIAN_POINT('',(3.495954994325,0.787775891341));
#3744 = CARTESIAN_POINT('',(3.49033019562,0.787775891341));
#3745 = CARTESIAN_POINT('',(3.478846230787,0.787775891341));
#3746 = CARTESIAN_POINT('',(3.472987064715,0.787775891341));
#3747 = CARTESIAN_POINT('',(3.467127899389,0.787775891341));
#3748 = CARTESIAN_POINT('',(3.455878301437,0.787775891341));
#3749 = CARTESIAN_POINT('',(3.450487868698,0.787775891341));
#3750 = CARTESIAN_POINT('',(3.445097436548,0.787775891341));
#3751 = CARTESIAN_POINT('',(3.434316571681,0.787775891341));
#3752 = CARTESIAN_POINT('',(3.428926138963,0.787775891341));
#3753 = CARTESIAN_POINT('',(3.423535706792,0.787775891341));
#3754 = CARTESIAN_POINT('',(3.41205174183,0.787775891341));
#3755 = CARTESIAN_POINT('',(3.405958209181,0.787775891341));
#3756 = CARTESIAN_POINT('',(3.399864677178,0.787775891341));
#3757 = CARTESIAN_POINT('',(3.386974512462,0.787775891341));
#3758 = CARTESIAN_POINT('',(3.380177879893,0.787775891341));
#3759 = CARTESIAN_POINT('',(3.373381248049,0.787775891341));
#3760 = CARTESIAN_POINT('',(3.359787983687,0.787775891341));
#3761 = CARTESIAN_POINT('',(3.352991351159,0.787775891341));
#3762 = CARTESIAN_POINT('',(3.346194719274,0.787775891341));
#3763 = CARTESIAN_POINT('',(3.332835821598,0.787775891341));
#3764 = CARTESIAN_POINT('',(3.326273555758,0.787775891341));
#3765 = CARTESIAN_POINT('',(3.319711290439,0.787775891341));
#3766 = CARTESIAN_POINT('',(3.307524226018,0.787775891341));
#3767 = CARTESIAN_POINT('',(3.301899426781,0.787775891341));
#3768 = CARTESIAN_POINT('',(3.296274627875,0.787775891341));
#3769 = CARTESIAN_POINT('',(3.284087563096,0.787775891341));
#3770 = CARTESIAN_POINT('',(3.277525297327,0.787775891341));
#3771 = CARTESIAN_POINT('',(3.270963031938,0.787775891341));
#3772 = CARTESIAN_POINT('',(3.258072867486,0.787775891341));
#3773 = CARTESIAN_POINT('',(3.251744968393,0.787775891341));
#3774 = CARTESIAN_POINT('',(3.245417069581,0.787775891341));
#3775 = CARTESIAN_POINT('',(3.232292538412,0.787775891341));
#3776 = CARTESIAN_POINT('',(3.225495906083,0.787775891341));
#3777 = CARTESIAN_POINT('',(3.218699273998,0.787775891341));
#3778 = CARTESIAN_POINT('',(3.205106009634,0.787775891341));
#3779 = CARTESIAN_POINT('',(3.198309377344,0.787775891341));
#3780 = CARTESIAN_POINT('',(3.191512745217,0.787775891341));
#3781 = CARTESIAN_POINT('',(3.179794413939,0.787775891341));
#3782 = CARTESIAN_POINT('',(3.174872714722,0.787775891341));
#3783 = CARTESIAN_POINT('',(3.169951015557,0.787775891341));
#3784 = CARTESIAN_POINT('',(3.159170150656,0.787775891341));
#3785 = CARTESIAN_POINT('',(3.153310984933,0.787775891341));
#3786 = CARTESIAN_POINT('',(3.147451819249,0.787775891341));
#3787 = CARTESIAN_POINT('',(3.14159265359,0.787775891341));
#3788 = ( GEOMETRIC_REPRESENTATION_CONTEXT(2) 
PARAMETRIC_REPRESENTATION_CONTEXT() REPRESENTATION_CONTEXT('2D SPACE',''
  ) );
#3789 = ORIENTED_EDGE('',*,*,#3790,.F.);
#3790 = EDGE_CURVE('',#3791,#3538,#3793,.T.);
#3791 = VERTEX_POINT('',#3792);
#3792 = CARTESIAN_POINT('',(123.42093486913,80.151907967454,32.));
#3793 = SURFACE_CURVE('',#3794,(#3797,#3803),.PCURVE_S1.);
#3794 = B_SPLINE_CURVE_WITH_KNOTS('',1,(#3795,#3796),.UNSPECIFIED.,.F.,
  .F.,(2,2),(0.,1.),.PIECEWISE_BEZIER_KNOTS.);
#3795 = CARTESIAN_POINT('',(123.42093486913,80.151907967454,32.));
#3796 = CARTESIAN_POINT('',(157.87159747938,54.661904132825,32.));
#3797 = PCURVE('',#737,#3798);
#3798 = DEFINITIONAL_REPRESENTATION('',(#3799),#3802);
#3799 = B_SPLINE_CURVE_WITH_KNOTS('',1,(#3800,#3801),.UNSPECIFIED.,.F.,
  .F.,(2,2),(0.,1.),.PIECEWISE_BEZIER_KNOTS.);
#3800 = CARTESIAN_POINT('',(-244.1658927246,156.95190796745));
#3801 = CARTESIAN_POINT('',(-278.6165553348,131.46190413282));
#3802 = ( GEOMETRIC_REPRESENTATION_CONTEXT(2) 
PARAMETRIC_REPRESENTATION_CONTEXT() REPRESENTATION_CONTEXT('2D SPACE',''
  ) );
#3803 = PCURVE('',#3804,#3809);
#3804 = B_SPLINE_SURFACE_WITH_KNOTS('',1,1,(
    (#3805,#3806)
    ,(#3807,#3808
    )),.UNSPECIFIED.,.F.,.F.,.F.,(2,2),(2,2),(2.976791462767,
    48.314283824231),(0.,1.),.PIECEWISE_BEZIER_KNOTS.);
#3805 = CARTESIAN_POINT('',(164.6296835181,58.350801818206,-5.12));
#3806 = CARTESIAN_POINT('',(156.05099240429,53.66812781672,42.));
#3807 = CARTESIAN_POINT('',(128.52900037105,85.777593280973,-5.12));
#3808 = CARTESIAN_POINT('',(122.04483963694,78.636367742907,42.));
#3809 = DEFINITIONAL_REPRESENTATION('',(#3810),#3813);
#3810 = B_SPLINE_CURVE_WITH_KNOTS('',1,(#3811,#3812),.UNSPECIFIED.,.F.,
  .F.,(2,2),(0.,1.),.PIECEWISE_BEZIER_KNOTS.);
#3811 = CARTESIAN_POINT('',(48.314283824231,0.787775891341));
#3812 = CARTESIAN_POINT('',(2.976791462767,0.787775891341));
#3813 = ( GEOMETRIC_REPRESENTATION_CONTEXT(2) 
PARAMETRIC_REPRESENTATION_CONTEXT() REPRESENTATION_CONTEXT('2D SPACE',''
  ) );
#3814 = ORIENTED_EDGE('',*,*,#3815,.F.);
#3815 = EDGE_CURVE('',#3816,#3791,#3818,.T.);
#3816 = VERTEX_POINT('',#3817);
#3817 = CARTESIAN_POINT('',(119.85324231335,81.328013582343,32.));
#3818 = SURFACE_CURVE('',#3819,(#3918,#4020),.PCURVE_S1.);
#3819 = B_SPLINE_CURVE_WITH_KNOTS('',4,(#3820,#3821,#3822,#3823,#3824,
    #3825,#3826,#3827,#3828,#3829,#3830,#3831,#3832,#3833,#3834,#3835,
    #3836,#3837,#3838,#3839,#3840,#3841,#3842,#3843,#3844,#3845,#3846,
    #3847,#3848,#3849,#3850,#3851,#3852,#3853,#3854,#3855,#3856,#3857,
    #3858,#3859,#3860,#3861,#3862,#3863,#3864,#3865,#3866,#3867,#3868,
    #3869,#3870,#3871,#3872,#3873,#3874,#3875,#3876,#3877,#3878,#3879,
    #3880,#3881,#3882,#3883,#3884,#3885,#3886,#3887,#3888,#3889,#3890,
    #3891,#3892,#3893,#3894,#3895,#3896,#3897,#3898,#3899,#3900,#3901,
    #3902,#3903,#3904,#3905,#3906,#3907,#3908,#3909,#3910,#3911,#3912,
    #3913,#3914,#3915,#3916,#3917),.UNSPECIFIED.,.F.,.F.,(5,3,3,3,3,3,3,
    3,3,3,3,3,3,3,3,3,3,3,3,3,3,3,3,3,3,3,3,3,3,3,3,3,5),(0.,
    2.700019808841E-02,5.700041634641E-02,7.800056785755E-02,
    0.104000753634,0.129000929862,0.158001130462,0.187001325843,
    0.214001501953,0.243001683647,0.272001856333,0.301002018718,
    0.327002154526,0.355002289418,0.383002411536,0.408002508991,
    0.436002604337,0.453002654757,0.49100274593,0.515002787461,
    0.54400282019,0.569002832415,0.597002827748,0.624002804083,
    0.651002760764,0.668002723016,0.700002629078,0.7160025705,
    0.746002438892,0.869001571175,0.943000771045,0.966000476355,1.),
  .UNSPECIFIED.);
#3820 = CARTESIAN_POINT('',(119.85324231335,81.328013582343,32.));
#3821 = CARTESIAN_POINT('',(119.87903286977,81.328013582343,32.));
#3822 = CARTESIAN_POINT('',(119.90482342617,81.327865754446,32.));
#3823 = CARTESIAN_POINT('',(119.93061271154,81.32757009858,32.));
#3824 = CARTESIAN_POINT('',(119.98505139047,81.326633901,32.));
#3825 = CARTESIAN_POINT('',(120.0137001878,81.325958688726,32.));
#3826 = CARTESIAN_POINT('',(120.04234410374,81.325101029651,32.));
#3827 = CARTESIAN_POINT('',(120.09102749917,81.323332957222,32.));
#3828 = CARTESIAN_POINT('',(120.1110703568,81.322515559493,32.));
#3829 = CARTESIAN_POINT('',(120.13110937116,81.321608815524,32.));
#3830 = CARTESIAN_POINT('',(120.1759486536,81.319379537304,32.));
#3831 = CARTESIAN_POINT('',(120.20074655542,81.318009408084,32.));
#3832 = CARTESIAN_POINT('',(120.22553651681,81.316502423687,32.));
#3833 = CARTESIAN_POINT('',(120.27414518036,81.31327811663,32.));
#3834 = CARTESIAN_POINT('',(120.29796456703,81.311571113199,32.));
#3835 = CARTESIAN_POINT('',(120.32177455852,81.309737715708,32.));
#3836 = CARTESIAN_POINT('',(120.37318167084,81.305504745104,32.));
#3837 = CARTESIAN_POINT('',(120.40077519718,81.303061518862,32.));
#3838 = CARTESIAN_POINT('',(120.42835315864,81.30044845747,32.));
#3839 = CARTESIAN_POINT('',(120.48347481288,81.294882981302,32.));
#3840 = CARTESIAN_POINT('',(120.5110185057,81.291930566584,32.));
#3841 = CARTESIAN_POINT('',(120.53854349971,81.28880863319,32.));
#3842 = CARTESIAN_POINT('',(120.59165607904,81.282453087727,32.));
#3843 = CARTESIAN_POINT('',(120.61724636284,81.279242026416,32.));
#3844 = CARTESIAN_POINT('',(120.64281782052,81.27588433531,32.));
#3845 = CARTESIAN_POINT('',(120.69581325227,81.268616473316,32.));
#3846 = CARTESIAN_POINT('',(120.72323414056,81.264683801556,32.));
#3847 = CARTESIAN_POINT('',(120.75063029734,81.260582385789,32.));
#3848 = CARTESIAN_POINT('',(120.80537002714,81.252042553067,32.));
#3849 = CARTESIAN_POINT('',(120.8327136002,81.247604136211,32.));
#3850 = CARTESIAN_POINT('',(120.86002932954,81.242997460946,32.));
#3851 = CARTESIAN_POINT('',(120.91460198839,81.233448138172,32.));
#3852 = CARTESIAN_POINT('',(120.94185891792,81.228505490778,32.));
#3853 = CARTESIAN_POINT('',(120.96908490106,81.223395127968,32.));
#3854 = CARTESIAN_POINT('',(121.02065875343,81.213385550428,32.));
#3855 = CARTESIAN_POINT('',(121.04501299757,81.208519181856,32.));
#3856 = CARTESIAN_POINT('',(121.06934000993,81.203518460288,32.));
#3857 = CARTESIAN_POINT('',(121.11980646801,81.192853794993,32.));
#3858 = CARTESIAN_POINT('',(121.14594138573,81.187168424195,32.));
#3859 = CARTESIAN_POINT('',(121.17204204627,81.181327801025,32.));
#3860 = CARTESIAN_POINT('',(121.22417207808,81.169336688155,32.));
#3861 = CARTESIAN_POINT('',(121.25020144941,81.163186198592,32.));
#3862 = CARTESIAN_POINT('',(121.27619380063,81.156881092271,32.));
#3863 = CARTESIAN_POINT('',(121.32532091993,81.144654409936,32.));
#3864 = CARTESIAN_POINT('',(121.34846347494,81.138764121832,32.));
#3865 = CARTESIAN_POINT('',(121.37157444204,81.132751090856,32.));
#3866 = CARTESIAN_POINT('',(121.42050064589,81.11974380321,32.));
#3867 = CARTESIAN_POINT('',(121.44630759867,81.112718386844,32.));
#3868 = CARTESIAN_POINT('',(121.47207233445,81.105539691294,32.));
#3869 = CARTESIAN_POINT('',(121.51340989893,81.093756786873,32.));
#3870 = CARTESIAN_POINT('',(121.52901024327,81.089249109768,32.));
#3871 = CARTESIAN_POINT('',(121.54459421785,81.084685160746,32.));
#3872 = CARTESIAN_POINT('',(121.59495899448,81.069737684971,32.));
#3873 = CARTESIAN_POINT('',(121.62967315879,81.059129626271,32.));
#3874 = CARTESIAN_POINT('',(121.66430061442,81.048241862041,32.));
#3875 = CARTESIAN_POINT('',(121.72065105422,81.030023036604,32.));
#3876 = CARTESIAN_POINT('',(121.74242818648,81.022859453578,32.));
#3877 = CARTESIAN_POINT('',(121.76416853709,81.015585007783,32.));
#3878 = CARTESIAN_POINT('',(121.81209536979,80.999276425064,32.));
#3879 = CARTESIAN_POINT('',(121.83826454105,80.990191416044,32.));
#3880 = CARTESIAN_POINT('',(121.86437728372,80.980945467003,32.));
#3881 = CARTESIAN_POINT('',(121.91289316475,80.963430191742,32.));
#3882 = CARTESIAN_POINT('',(121.9353111766,80.955202063695,32.));
#3883 = CARTESIAN_POINT('',(121.95768520295,80.946855071135,32.));
#3884 = CARTESIAN_POINT('',(122.00502287301,80.928908218583,32.));
#3885 = CARTESIAN_POINT('',(122.02997508687,80.919278210634,32.));
#3886 = CARTESIAN_POINT('',(122.05486961643,80.90950005035,32.));
#3887 = CARTESIAN_POINT('',(122.10365367405,80.89000297635,32.));
#3888 = CARTESIAN_POINT('',(122.1275473413,80.88029441926,32.));
#3889 = CARTESIAN_POINT('',(122.15138496679,80.870449064153,32.));
#3890 = CARTESIAN_POINT('',(122.19894577295,80.850485748945,32.));
#3891 = CARTESIAN_POINT('',(122.22266895373,80.840367789033,32.));
#3892 = CARTESIAN_POINT('',(122.24633374887,80.830114015065,32.));
#3893 = CARTESIAN_POINT('',(122.28480154823,80.813183672915,32.));
#3894 = CARTESIAN_POINT('',(122.29964049427,80.806588768615,32.));
#3895 = CARTESIAN_POINT('',(122.31445554275,80.799940353885,32.));
#3896 = CARTESIAN_POINT('',(122.35708800725,80.780623426576,32.));
#3897 = CARTESIAN_POINT('',(122.38484391095,80.767819156686,32.));
#3898 = CARTESIAN_POINT('',(122.41251218836,80.754826623207,32.));
#3899 = CARTESIAN_POINT('',(122.45388029114,80.735056800869,32.));
#3900 = CARTESIAN_POINT('',(122.46764726822,80.728420025526,32.));
#3901 = CARTESIAN_POINT('',(122.48139162281,80.721736526468,32.));
#3902 = CARTESIAN_POINT('',(122.52084090116,80.702387479979,32.));
#3903 = CARTESIAN_POINT('',(122.54648831796,80.689604686406,32.));
#3904 = CARTESIAN_POINT('',(122.5720538024,80.676658807148,32.));
#3905 = CARTESIAN_POINT('',(122.702011732,80.609807296428,32.));
#3906 = CARTESIAN_POINT('',(122.80508433761,80.553335894134,32.));
#3907 = CARTESIAN_POINT('',(122.90664669584,80.494191430394,32.));
#3908 = CARTESIAN_POINT('',(123.0667286933,80.395284225861,32.));
#3909 = CARTESIAN_POINT('',(123.12627722105,80.357186704185,32.));
#3910 = CARTESIAN_POINT('',(123.18521982746,80.31815828917,32.));
#3911 = CARTESIAN_POINT('',(123.26165984377,80.265798606759,32.));
#3912 = CARTESIAN_POINT('',(123.27972414877,80.253294944835,32.));
#3913 = CARTESIAN_POINT('',(123.29772718589,80.240703228431,32.));
#3914 = CARTESIAN_POINT('',(123.34218994865,80.209280594557,32.));
#3915 = CARTESIAN_POINT('',(123.36857629609,80.19034584791,32.));
#3916 = CARTESIAN_POINT('',(123.39482528309,80.171221135766,32.));
#3917 = CARTESIAN_POINT('',(123.42093486913,80.151907967454,32.));
#3918 = PCURVE('',#737,#3919);
#3919 = DEFINITIONAL_REPRESENTATION('',(#3920),#4019);
#3920 = B_SPLINE_CURVE_WITH_KNOTS('',4,(#3921,#3922,#3923,#3924,#3925,
    #3926,#3927,#3928,#3929,#3930,#3931,#3932,#3933,#3934,#3935,#3936,
    #3937,#3938,#3939,#3940,#3941,#3942,#3943,#3944,#3945,#3946,#3947,
    #3948,#3949,#3950,#3951,#3952,#3953,#3954,#3955,#3956,#3957,#3958,
    #3959,#3960,#3961,#3962,#3963,#3964,#3965,#3966,#3967,#3968,#3969,
    #3970,#3971,#3972,#3973,#3974,#3975,#3976,#3977,#3978,#3979,#3980,
    #3981,#3982,#3983,#3984,#3985,#3986,#3987,#3988,#3989,#3990,#3991,
    #3992,#3993,#3994,#3995,#3996,#3997,#3998,#3999,#4000,#4001,#4002,
    #4003,#4004,#4005,#4006,#4007,#4008,#4009,#4010,#4011,#4012,#4013,
    #4014,#4015,#4016,#4017,#4018),.UNSPECIFIED.,.F.,.F.,(5,3,3,3,3,3,3,
    3,3,3,3,3,3,3,3,3,3,3,3,3,3,3,3,3,3,3,3,3,3,3,3,3,5),(0.,
    2.700019808841E-02,5.700041634641E-02,7.800056785755E-02,
    0.104000753634,0.129000929862,0.158001130462,0.187001325843,
    0.214001501953,0.243001683647,0.272001856333,0.301002018718,
    0.327002154526,0.355002289418,0.383002411536,0.408002508991,
    0.436002604337,0.453002654757,0.49100274593,0.515002787461,
    0.54400282019,0.569002832415,0.597002827748,0.624002804083,
    0.651002760764,0.668002723016,0.700002629078,0.7160025705,
    0.746002438892,0.869001571175,0.943000771045,0.966000476355,1.),
  .UNSPECIFIED.);
#3921 = CARTESIAN_POINT('',(-240.5982001688,158.12801358234));
#3922 = CARTESIAN_POINT('',(-240.6239907252,158.12801358234));
#3923 = CARTESIAN_POINT('',(-240.6497812816,158.12786575444));
#3924 = CARTESIAN_POINT('',(-240.675570567,158.12757009858));
#3925 = CARTESIAN_POINT('',(-240.7300092459,158.126633901));
#3926 = CARTESIAN_POINT('',(-240.7586580432,158.12595868872));
#3927 = CARTESIAN_POINT('',(-240.7873019592,158.12510102965));
#3928 = CARTESIAN_POINT('',(-240.8359853546,158.12333295722));
#3929 = CARTESIAN_POINT('',(-240.8560282122,158.12251555949));
#3930 = CARTESIAN_POINT('',(-240.8760672266,158.12160881552));
#3931 = CARTESIAN_POINT('',(-240.920906509,158.1193795373));
#3932 = CARTESIAN_POINT('',(-240.9457044108,158.11800940808));
#3933 = CARTESIAN_POINT('',(-240.9704943722,158.11650242368));
#3934 = CARTESIAN_POINT('',(-241.0191030358,158.11327811663));
#3935 = CARTESIAN_POINT('',(-241.0429224225,158.11157111319));
#3936 = CARTESIAN_POINT('',(-241.0667324139,158.1097377157));
#3937 = CARTESIAN_POINT('',(-241.1181395263,158.1055047451));
#3938 = CARTESIAN_POINT('',(-241.1457330526,158.10306151886));
#3939 = CARTESIAN_POINT('',(-241.1733110141,158.10044845747));
#3940 = CARTESIAN_POINT('',(-241.2284326683,158.0948829813));
#3941 = CARTESIAN_POINT('',(-241.2559763611,158.09193056658));
#3942 = CARTESIAN_POINT('',(-241.2835013551,158.08880863319));
#3943 = CARTESIAN_POINT('',(-241.3366139345,158.08245308772));
#3944 = CARTESIAN_POINT('',(-241.3622042183,158.07924202641));
#3945 = CARTESIAN_POINT('',(-241.3877756759,158.07588433531));
#3946 = CARTESIAN_POINT('',(-241.4407711077,158.06861647331));
#3947 = CARTESIAN_POINT('',(-241.468191996,158.06468380155));
#3948 = CARTESIAN_POINT('',(-241.4955881528,158.06058238578));
#3949 = CARTESIAN_POINT('',(-241.5503278826,158.05204255306));
#3950 = CARTESIAN_POINT('',(-241.5776714556,158.04760413621));
#3951 = CARTESIAN_POINT('',(-241.604987185,158.04299746094));
#3952 = CARTESIAN_POINT('',(-241.6595598438,158.03344813817));
#3953 = CARTESIAN_POINT('',(-241.6868167733,158.02850549077));
#3954 = CARTESIAN_POINT('',(-241.7140427565,158.02339512796));
#3955 = CARTESIAN_POINT('',(-241.7656166088,158.01338555042));
#3956 = CARTESIAN_POINT('',(-241.789970853,158.00851918185));
#3957 = CARTESIAN_POINT('',(-241.8142978654,158.00351846028));
#3958 = CARTESIAN_POINT('',(-241.8647643234,157.99285379499));
#3959 = CARTESIAN_POINT('',(-241.8908992412,157.98716842419));
#3960 = CARTESIAN_POINT('',(-241.9169999017,157.98132780102));
#3961 = CARTESIAN_POINT('',(-241.9691299335,157.96933668815));
#3962 = CARTESIAN_POINT('',(-241.9951593048,157.96318619859));
#3963 = CARTESIAN_POINT('',(-242.021151656,157.95688109227));
#3964 = CARTESIAN_POINT('',(-242.0702787753,157.94465440993));
#3965 = CARTESIAN_POINT('',(-242.0934213304,157.93876412183));
#3966 = CARTESIAN_POINT('',(-242.1165322975,157.93275109085));
#3967 = CARTESIAN_POINT('',(-242.1654585013,157.91974380321));
#3968 = CARTESIAN_POINT('',(-242.1912654541,157.91271838684));
#3969 = CARTESIAN_POINT('',(-242.2170301899,157.90553969129));
#3970 = CARTESIAN_POINT('',(-242.2583677544,157.89375678687));
#3971 = CARTESIAN_POINT('',(-242.2739680987,157.88924910976));
#3972 = CARTESIAN_POINT('',(-242.2895520733,157.88468516074));
#3973 = CARTESIAN_POINT('',(-242.3399168499,157.86973768497));
#3974 = CARTESIAN_POINT('',(-242.3746310142,157.85912962627));
#3975 = CARTESIAN_POINT('',(-242.4092584698,157.84824186204));
#3976 = CARTESIAN_POINT('',(-242.4656089096,157.8300230366));
#3977 = CARTESIAN_POINT('',(-242.4873860419,157.82285945357));
#3978 = CARTESIAN_POINT('',(-242.5091263925,157.81558500778));
#3979 = CARTESIAN_POINT('',(-242.5570532252,157.79927642506));
#3980 = CARTESIAN_POINT('',(-242.5832223965,157.79019141604));
#3981 = CARTESIAN_POINT('',(-242.6093351391,157.780945467));
#3982 = CARTESIAN_POINT('',(-242.6578510202,157.76343019174));
#3983 = CARTESIAN_POINT('',(-242.680269032,157.75520206369));
#3984 = CARTESIAN_POINT('',(-242.7026430584,157.74685507113));
#3985 = CARTESIAN_POINT('',(-242.7499807284,157.72890821858));
#3986 = CARTESIAN_POINT('',(-242.7749329423,157.71927821063));
#3987 = CARTESIAN_POINT('',(-242.7998274718,157.70950005035));
#3988 = CARTESIAN_POINT('',(-242.8486115295,157.69000297635));
#3989 = CARTESIAN_POINT('',(-242.8725051967,157.68029441926));
#3990 = CARTESIAN_POINT('',(-242.8963428222,157.67044906415));
#3991 = CARTESIAN_POINT('',(-242.9439036284,157.65048574894));
#3992 = CARTESIAN_POINT('',(-242.9676268091,157.64036778903));
#3993 = CARTESIAN_POINT('',(-242.9912916043,157.63011401506));
#3994 = CARTESIAN_POINT('',(-243.0297594036,157.61318367291));
#3995 = CARTESIAN_POINT('',(-243.0445983497,157.60658876861));
#3996 = CARTESIAN_POINT('',(-243.0594133982,157.59994035388));
#3997 = CARTESIAN_POINT('',(-243.1020458627,157.58062342657));
#3998 = CARTESIAN_POINT('',(-243.1298017664,157.56781915668));
#3999 = CARTESIAN_POINT('',(-243.1574700438,157.5548266232));
#4000 = CARTESIAN_POINT('',(-243.1988381466,157.53505680086));
#4001 = CARTESIAN_POINT('',(-243.2126051236,157.52842002552));
#4002 = CARTESIAN_POINT('',(-243.2263494782,157.52173652646));
#4003 = CARTESIAN_POINT('',(-243.2657987566,157.50238747997));
#4004 = CARTESIAN_POINT('',(-243.2914461734,157.4896046864));
#4005 = CARTESIAN_POINT('',(-243.3170116578,157.47665880714));
#4006 = CARTESIAN_POINT('',(-243.4469695874,157.40980729642));
#4007 = CARTESIAN_POINT('',(-243.550042193,157.35333589413));
#4008 = CARTESIAN_POINT('',(-243.6516045513,157.29419143039));
#4009 = CARTESIAN_POINT('',(-243.8116865487,157.19528422586));
#4010 = CARTESIAN_POINT('',(-243.8712350765,157.15718670418));
#4011 = CARTESIAN_POINT('',(-243.9301776829,157.11815828917));
#4012 = CARTESIAN_POINT('',(-244.0066176992,157.06579860675));
#4013 = CARTESIAN_POINT('',(-244.0246820042,157.05329494483));
#4014 = CARTESIAN_POINT('',(-244.0426850413,157.04070322843));
#4015 = CARTESIAN_POINT('',(-244.0871478041,157.00928059455));
#4016 = CARTESIAN_POINT('',(-244.1135341515,156.99034584791));
#4017 = CARTESIAN_POINT('',(-244.1397831385,156.97122113576));
#4018 = CARTESIAN_POINT('',(-244.1658927246,156.95190796745));
#4019 = ( GEOMETRIC_REPRESENTATION_CONTEXT(2) 
PARAMETRIC_REPRESENTATION_CONTEXT() REPRESENTATION_CONTEXT('2D SPACE',''
  ) );
#4020 = PCURVE('',#4021,#4036);
#4021 = B_SPLINE_SURFACE_WITH_KNOTS('',6,1,(
    (#4022,#4023)
    ,(#4024,#4025)
    ,(#4026,#4027)
    ,(#4028,#4029)
    ,(#4030,#4031)
    ,(#4032,#4033)
    ,(#4034,#4035
    )),.UNSPECIFIED.,.F.,.F.,.F.,(7,7),(2,2),(0.921096703992,
    1.570796326795),(0.,1.),.PIECEWISE_BEZIER_KNOTS.);
#4022 = CARTESIAN_POINT('',(128.52900037105,85.777593280973,-5.12));
#4023 = CARTESIAN_POINT('',(122.04483963694,78.636367742907,42.));
#4024 = CARTESIAN_POINT('',(128.01166694562,86.170627283074,-5.12));
#4025 = CARTESIAN_POINT('',(121.53433699054,79.011192635488,42.));
#4026 = CARTESIAN_POINT('',(127.4432630595,86.496438889009,-5.12));
#4027 = CARTESIAN_POINT('',(120.97635708033,79.321354112909,42.));
#4028 = CARTESIAN_POINT('',(126.83470489337,86.746733850631,-5.12));
#4029 = CARTESIAN_POINT('',(120.38113620046,79.559335690955,42.));
#4030 = CARTESIAN_POINT('',(126.19871574296,86.915578187049,-5.12));
#4031 = CARTESIAN_POINT('',(119.76050656057,79.719778756926,42.));
#4032 = CARTESIAN_POINT('',(125.54901647575,87.,-5.12));
#4033 = CARTESIAN_POINT('',(119.12717704567,79.8,42.));
#4034 = CARTESIAN_POINT('',(124.89931685294,87.,-5.12));
#4035 = CARTESIAN_POINT('',(118.49384723264,79.8,42.));
#4036 = DEFINITIONAL_REPRESENTATION('',(#4037),#4136);
#4037 = B_SPLINE_CURVE_WITH_KNOTS('',4,(#4038,#4039,#4040,#4041,#4042,
    #4043,#4044,#4045,#4046,#4047,#4048,#4049,#4050,#4051,#4052,#4053,
    #4054,#4055,#4056,#4057,#4058,#4059,#4060,#4061,#4062,#4063,#4064,
    #4065,#4066,#4067,#4068,#4069,#4070,#4071,#4072,#4073,#4074,#4075,
    #4076,#4077,#4078,#4079,#4080,#4081,#4082,#4083,#4084,#4085,#4086,
    #4087,#4088,#4089,#4090,#4091,#4092,#4093,#4094,#4095,#4096,#4097,
    #4098,#4099,#4100,#4101,#4102,#4103,#4104,#4105,#4106,#4107,#4108,
    #4109,#4110,#4111,#4112,#4113,#4114,#4115,#4116,#4117,#4118,#4119,
    #4120,#4121,#4122,#4123,#4124,#4125,#4126,#4127,#4128,#4129,#4130,
    #4131,#4132,#4133,#4134,#4135),.UNSPECIFIED.,.F.,.F.,(5,3,3,3,3,3,3,
    3,3,3,3,3,3,3,3,3,3,3,3,3,3,3,3,3,3,3,3,3,3,3,3,3,5),(0.,
    2.700019808841E-02,5.700041634641E-02,7.800056785755E-02,
    0.104000753634,0.129000929862,0.158001130462,0.187001325843,
    0.214001501953,0.243001683647,0.272001856333,0.301002018718,
    0.327002154526,0.355002289418,0.383002411536,0.408002508991,
    0.436002604337,0.453002654757,0.49100274593,0.515002787461,
    0.54400282019,0.569002832415,0.597002827748,0.624002804083,
    0.651002760764,0.668002723016,0.700002629078,0.7160025705,
    0.746002438892,0.869001571175,0.943000771045,0.966000476355,1.),
  .UNSPECIFIED.);
#4038 = CARTESIAN_POINT('',(1.570796326795,0.787775891341));
#4039 = CARTESIAN_POINT('',(1.566410854473,0.787775891341));
#4040 = CARTESIAN_POINT('',(1.562025382058,0.787775891341));
#4041 = CARTESIAN_POINT('',(1.55763990956,0.787775891341));
#4042 = CARTESIAN_POINT('',(1.548381689966,0.787775891341));
#4043 = CARTESIAN_POINT('',(1.54350894285,0.787775891341));
#4044 = CARTESIAN_POINT('',(1.53863619563,0.787775891341));
#4045 = CARTESIAN_POINT('',(1.530352525367,0.787775891341));
#4046 = CARTESIAN_POINT('',(1.526941602381,0.787775891341));
#4047 = CARTESIAN_POINT('',(1.523530679333,0.787775891341));
#4048 = CARTESIAN_POINT('',(1.515896708842,0.787775891341));
#4049 = CARTESIAN_POINT('',(1.511673661361,0.787775891341));
#4050 = CARTESIAN_POINT('',(1.507450613761,0.787775891341));
#4051 = CARTESIAN_POINT('',(1.499166943589,0.787775891341));
#4052 = CARTESIAN_POINT('',(1.495106321027,0.787775891341));
#4053 = CARTESIAN_POINT('',(1.491045698321,0.787775891341));
#4054 = CARTESIAN_POINT('',(1.482274753548,0.787775891341));
#4055 = CARTESIAN_POINT('',(1.477564431422,0.787775891341));
#4056 = CARTESIAN_POINT('',(1.472854109048,0.787775891341));
#4057 = CARTESIAN_POINT('',(1.463433464584,0.787775891341));
#4058 = CARTESIAN_POINT('',(1.458723142493,0.787775891341));
#4059 = CARTESIAN_POINT('',(1.454012820087,0.787775891341));
#4060 = CARTESIAN_POINT('',(1.444917025361,0.787775891341));
#4061 = CARTESIAN_POINT('',(1.440531553088,0.787775891341));
#4062 = CARTESIAN_POINT('',(1.436146080482,0.787775891341));
#4063 = CARTESIAN_POINT('',(1.427050285911,0.787775891341));
#4064 = CARTESIAN_POINT('',(1.422339963889,0.787775891341));
#4065 = CARTESIAN_POINT('',(1.417629641415,0.787775891341));
#4066 = CARTESIAN_POINT('',(1.408208996956,0.787775891341));
#4067 = CARTESIAN_POINT('',(1.403498674969,0.787775891341));
#4068 = CARTESIAN_POINT('',(1.39878835246,0.787775891341));
#4069 = CARTESIAN_POINT('',(1.389367707999,0.787775891341));
#4070 = CARTESIAN_POINT('',(1.384657386046,0.787775891341));
#4071 = CARTESIAN_POINT('',(1.379947063501,0.787775891341));
#4072 = CARTESIAN_POINT('',(1.371013693561,0.787775891341));
#4073 = CARTESIAN_POINT('',(1.366790646287,0.787775891341));
#4074 = CARTESIAN_POINT('',(1.362567598487,0.787775891341));
#4075 = CARTESIAN_POINT('',(1.353796653762,0.787775891341));
#4076 = CARTESIAN_POINT('',(1.349248756749,0.787775891341));
#4077 = CARTESIAN_POINT('',(1.34470085907,0.787775891341));
#4078 = CARTESIAN_POINT('',(1.335605064405,0.787775891341));
#4079 = CARTESIAN_POINT('',(1.331057167417,0.787775891341));
#4080 = CARTESIAN_POINT('',(1.326509269711,0.787775891341));
#4081 = CARTESIAN_POINT('',(1.317900749526,0.787775891341));
#4082 = CARTESIAN_POINT('',(1.313840127198,0.787775891341));
#4083 = CARTESIAN_POINT('',(1.309779504259,0.787775891341));
#4084 = CARTESIAN_POINT('',(1.301170984538,0.787775891341));
#4085 = CARTESIAN_POINT('',(1.296623087596,0.787775891341));
#4086 = CARTESIAN_POINT('',(1.292075189842,0.787775891341));
#4087 = CARTESIAN_POINT('',(1.284766068323,0.787775891341));
#4088 = CARTESIAN_POINT('',(1.282004845085,0.787775891341));
#4089 = CARTESIAN_POINT('',(1.279243621534,0.787775891341));
#4090 = CARTESIAN_POINT('',(1.27031025369,0.787775891341));
#4091 = CARTESIAN_POINT('',(1.264138108123,0.787775891341));
#4092 = CARTESIAN_POINT('',(1.25796596091,0.787775891341));
#4093 = CARTESIAN_POINT('',(1.247895615294,0.787775891341));
#4094 = CARTESIAN_POINT('',(1.24399741791,0.787775891341));
#4095 = CARTESIAN_POINT('',(1.240099219834,0.787775891341));
#4096 = CARTESIAN_POINT('',(1.231490700358,0.787775891341));
#4097 = CARTESIAN_POINT('',(1.226780378633,0.787775891341));
#4098 = CARTESIAN_POINT('',(1.222070055851,0.787775891341));
#4099 = CARTESIAN_POINT('',(1.213299110569,0.787775891341));
#4100 = CARTESIAN_POINT('',(1.209238488344,0.787775891341));
#4101 = CARTESIAN_POINT('',(1.2051778653,0.787775891341));
#4102 = CARTESIAN_POINT('',(1.196569345657,0.787775891341));
#4103 = CARTESIAN_POINT('',(1.192021448845,0.787775891341));
#4104 = CARTESIAN_POINT('',(1.187473550961,0.787775891341));
#4105 = CARTESIAN_POINT('',(1.178540181079,0.787775891341));
#4106 = CARTESIAN_POINT('',(1.174154709156,0.787775891341));
#4107 = CARTESIAN_POINT('',(1.169769236193,0.787775891341));
#4108 = CARTESIAN_POINT('',(1.160998291332,0.787775891341));
#4109 = CARTESIAN_POINT('',(1.156612819433,0.787775891341));
#4110 = CARTESIAN_POINT('',(1.152227346447,0.787775891341));
#4111 = CARTESIAN_POINT('',(1.14508064962,0.787775891341));
#4112 = CARTESIAN_POINT('',(1.14231942645,0.787775891341));
#4113 = CARTESIAN_POINT('',(1.139558202833,0.787775891341));
#4114 = CARTESIAN_POINT('',(1.13159938423,0.787775891341));
#4115 = CARTESIAN_POINT('',(1.126401788092,0.787775891341));
#4116 = CARTESIAN_POINT('',(1.121204190307,0.787775891341));
#4117 = CARTESIAN_POINT('',(1.113407792981,0.787775891341));
#4118 = CARTESIAN_POINT('',(1.110808994707,0.787775891341));
#4119 = CARTESIAN_POINT('',(1.108210196005,0.787775891341));
#4120 = CARTESIAN_POINT('',(1.100738652024,0.787775891341));
#4121 = CARTESIAN_POINT('',(1.095865905653,0.787775891341));
#4122 = CARTESIAN_POINT('',(1.090993157719,0.787775891341));
#4123 = CARTESIAN_POINT('',(1.066142188387,0.787775891341));
#4124 = CARTESIAN_POINT('',(1.046163940667,0.787775891341));
#4125 = CARTESIAN_POINT('',(1.026185663219,0.787775891341));
#4126 = CARTESIAN_POINT('',(0.99418792951,0.787775891341));
#4127 = CARTESIAN_POINT('',(0.982168492717,0.787775891341));
#4128 = CARTESIAN_POINT('',(0.970149043761,0.787775891341));
#4129 = CARTESIAN_POINT('',(0.954393811461,0.787775891341));
#4130 = CARTESIAN_POINT('',(0.950658039233,0.787775891341));
#4131 = CARTESIAN_POINT('',(0.946922265803,0.787775891341));
#4132 = CARTESIAN_POINT('',(0.937664048322,0.787775891341));
#4133 = CARTESIAN_POINT('',(0.932141602843,0.787775891341));
#4134 = CARTESIAN_POINT('',(0.926619154725,0.787775891341));
#4135 = CARTESIAN_POINT('',(0.921096703992,0.787775891341));
#4136 = ( GEOMETRIC_REPRESENTATION_CONTEXT(2) 
PARAMETRIC_REPRESENTATION_CONTEXT() REPRESENTATION_CONTEXT('2D SPACE',''
  ) );
#4137 = ORIENTED_EDGE('',*,*,#4138,.F.);
#4138 = EDGE_CURVE('',#4139,#3816,#4141,.T.);
#4139 = VERTEX_POINT('',#4140);
#4140 = CARTESIAN_POINT('',(-119.8532423133,81.328013582343,32.));
#4141 = SURFACE_CURVE('',#4142,(#4145,#4151),.PCURVE_S1.);
#4142 = B_SPLINE_CURVE_WITH_KNOTS('',1,(#4143,#4144),.UNSPECIFIED.,.F.,
  .F.,(2,2),(0.,1.),.PIECEWISE_BEZIER_KNOTS.);
#4143 = CARTESIAN_POINT('',(-119.8532423133,81.328013582343,32.));
#4144 = CARTESIAN_POINT('',(119.85324231335,81.328013582343,32.));
#4145 = PCURVE('',#737,#4146);
#4146 = DEFINITIONAL_REPRESENTATION('',(#4147),#4150);
#4147 = B_SPLINE_CURVE_WITH_KNOTS('',1,(#4148,#4149),.UNSPECIFIED.,.F.,
  .F.,(2,2),(0.,1.),.PIECEWISE_BEZIER_KNOTS.);
#4148 = CARTESIAN_POINT('',(-0.891715542106,158.12801358234));
#4149 = CARTESIAN_POINT('',(-240.5982001688,158.12801358234));
#4150 = ( GEOMETRIC_REPRESENTATION_CONTEXT(2) 
PARAMETRIC_REPRESENTATION_CONTEXT() REPRESENTATION_CONTEXT('2D SPACE',''
  ) );
#4151 = PCURVE('',#4152,#4157);
#4152 = B_SPLINE_SURFACE_WITH_KNOTS('',1,1,(
    (#4153,#4154)
    ,(#4155,#4156
    )),.UNSPECIFIED.,.F.,.F.,.F.,(2,2),(2,2),(2.020683147051,
    251.81931685294),(0.,1.),.PIECEWISE_BEZIER_KNOTS.);
#4153 = CARTESIAN_POINT('',(124.89931685294,87.,-5.12));
#4154 = CARTESIAN_POINT('',(118.49384723264,79.8,42.));
#4155 = CARTESIAN_POINT('',(-124.8993168529,87.,-5.12));
#4156 = CARTESIAN_POINT('',(-118.4938472326,79.8,42.));
#4157 = DEFINITIONAL_REPRESENTATION('',(#4158),#4161);
#4158 = B_SPLINE_CURVE_WITH_KNOTS('',1,(#4159,#4160),.UNSPECIFIED.,.F.,
  .F.,(2,2),(0.,1.),.PIECEWISE_BEZIER_KNOTS.);
#4159 = CARTESIAN_POINT('',(251.81931685294,0.787775891341));
#4160 = CARTESIAN_POINT('',(2.020683147051,0.787775891341));
#4161 = ( GEOMETRIC_REPRESENTATION_CONTEXT(2) 
PARAMETRIC_REPRESENTATION_CONTEXT() REPRESENTATION_CONTEXT('2D SPACE',''
  ) );
#4162 = ORIENTED_EDGE('',*,*,#4163,.F.);
#4163 = EDGE_CURVE('',#4164,#4139,#4166,.T.);
#4164 = VERTEX_POINT('',#4165);
#4165 = CARTESIAN_POINT('',(-123.4209348691,80.151907967454,32.));
#4166 = SURFACE_CURVE('',#4167,(#4257,#4350),.PCURVE_S1.);
#4167 = B_SPLINE_CURVE_WITH_KNOTS('',4,(#4168,#4169,#4170,#4171,#4172,
    #4173,#4174,#4175,#4176,#4177,#4178,#4179,#4180,#4181,#4182,#4183,
    #4184,#4185,#4186,#4187,#4188,#4189,#4190,#4191,#4192,#4193,#4194,
    #4195,#4196,#4197,#4198,#4199,#4200,#4201,#4202,#4203,#4204,#4205,
    #4206,#4207,#4208,#4209,#4210,#4211,#4212,#4213,#4214,#4215,#4216,
    #4217,#4218,#4219,#4220,#4221,#4222,#4223,#4224,#4225,#4226,#4227,
    #4228,#4229,#4230,#4231,#4232,#4233,#4234,#4235,#4236,#4237,#4238,
    #4239,#4240,#4241,#4242,#4243,#4244,#4245,#4246,#4247,#4248,#4249,
    #4250,#4251,#4252,#4253,#4254,#4255,#4256),.UNSPECIFIED.,.F.,.F.,(5,
    3,3,3,3,3,3,3,3,3,3,3,3,3,3,3,3,3,3,3,3,3,3,3,3,3,3,3,3,5),(0.,
    2.799960447312E-02,8.599888968185E-02,0.251997562895,0.298997366814,
    0.32499728769,0.35299722459,0.379997184528,0.414997161536,
    0.432997161909,0.456997174777,0.485997208491,0.534997308165,
    0.563997390959,0.592997490298,0.616997584332,0.645997711366,
    0.674997852065,0.703998005295,0.726998134944,0.755998307608,
    0.780998463773,0.808998645627,0.837998840504,0.866999040769,
    0.895999245244,0.920999424105,0.942999583039,0.968999772365,1.),
  .UNSPECIFIED.);
#4168 = CARTESIAN_POINT('',(-123.4209348691,80.151907967454,32.));
#4169 = CARTESIAN_POINT('',(-123.3994328598,80.167812927588,32.));
#4170 = CARTESIAN_POINT('',(-123.3778363086,80.183590076646,32.));
#4171 = CARTESIAN_POINT('',(-123.3561463554,80.199238571654,32.));
#4172 = CARTESIAN_POINT('',(-123.2892437998,80.246904186293,32.));
#4173 = CARTESIAN_POINT('',(-123.2437276257,80.278495220664,32.));
#4174 = CARTESIAN_POINT('',(-123.1978258947,80.309523381974,32.));
#4175 = CARTESIAN_POINT('',(-123.0191012744,80.427156051179,32.));
#4176 = CARTESIAN_POINT('',(-122.883581273,80.509662880905,32.));
#4177 = CARTESIAN_POINT('',(-122.7452361703,80.587339666414,32.));
#4178 = CARTESIAN_POINT('',(-122.5644331525,80.680637770278,32.));
#4179 = CARTESIAN_POINT('',(-122.5243321207,80.70082667091,32.));
#4180 = CARTESIAN_POINT('',(-122.4840316361,80.720614431035,32.));
#4181 = CARTESIAN_POINT('',(-122.4211368459,80.750721079838,32.));
#4182 = CARTESIAN_POINT('',(-122.3986767592,80.761320360224,32.));
#4183 = CARTESIAN_POINT('',(-122.3761585101,80.7717955072,32.));
#4184 = CARTESIAN_POINT('',(-122.3292711636,80.79329279261,32.));
#4185 = CARTESIAN_POINT('',(-122.3048929386,80.804295023295,32.));
#4186 = CARTESIAN_POINT('',(-122.280449744,80.815152149103,32.));
#4187 = CARTESIAN_POINT('',(-122.2323112404,80.83619251167,32.));
#4188 = CARTESIAN_POINT('',(-122.2086203979,80.846385967605,32.));
#4189 = CARTESIAN_POINT('',(-122.184871516,80.85644346117,32.));
#4190 = CARTESIAN_POINT('',(-122.1302064392,80.879225124489,32.));
#4191 = CARTESIAN_POINT('',(-122.0992515532,80.891856454613,32.));
#4192 = CARTESIAN_POINT('',(-122.0682036656,80.904257428864,32.));
#4193 = CARTESIAN_POINT('',(-122.0210513561,80.922685700623,32.));
#4194 = CARTESIAN_POINT('',(-122.0050134411,80.928883168359,32.));
#4195 = CARTESIAN_POINT('',(-121.9889519609,80.935019305625,32.));
#4196 = CARTESIAN_POINT('',(-121.9514209993,80.949193548558,32.));
#4197 = CARTESIAN_POINT('',(-121.9299334634,80.957183849159,32.));
#4198 = CARTESIAN_POINT('',(-121.9084054952,80.965064565818,32.));
#4199 = CARTESIAN_POINT('',(-121.8607771159,80.982225154951,32.));
#4200 = CARTESIAN_POINT('',(-121.8346584894,80.991454471807,32.));
#4201 = CARTESIAN_POINT('',(-121.8084835368,81.000522812732,32.));
#4202 = CARTESIAN_POINT('',(-121.737934415,81.024479204267,32.));
#4203 = CARTESIAN_POINT('',(-121.6934585303,81.03906771507,32.));
#4204 = CARTESIAN_POINT('',(-121.6488332899,81.05319276105,32.));
#4205 = CARTESIAN_POINT('',(-121.5775709891,81.074936245194,32.));
#4206 = CARTESIAN_POINT('',(-121.5510262478,81.082857250281,32.));
#4207 = CARTESIAN_POINT('',(-121.5244332432,81.090614680811,32.));
#4208 = CARTESIAN_POINT('',(-121.4711537215,81.10580153373,32.));
#4209 = CARTESIAN_POINT('',(-121.4444672043,81.113230955939,32.));
#4210 = CARTESIAN_POINT('',(-121.4177354529,81.120495940053,32.));
#4211 = CARTESIAN_POINT('',(-121.368800975,81.133472065234,32.));
#4212 = CARTESIAN_POINT('',(-121.3466120219,81.139235147999,32.));
#4213 = CARTESIAN_POINT('',(-121.3243939935,81.144885101949,32.));
#4214 = CARTESIAN_POINT('',(-121.2752668734,81.157111784497,32.));
#4215 = CARTESIAN_POINT('',(-121.2483448034,81.163636366659,32.));
#4216 = CARTESIAN_POINT('',(-121.2213830746,81.169995077677,32.));
#4217 = CARTESIAN_POINT('',(-121.1673833564,81.18238005627,32.));
#4218 = CARTESIAN_POINT('',(-121.140345367,81.188406323694,32.));
#4219 = CARTESIAN_POINT('',(-121.1132707889,81.194266015751,32.));
#4220 = CARTESIAN_POINT('',(-121.0590515258,81.205651604328,32.));
#4221 = CARTESIAN_POINT('',(-121.0319068409,81.211177500711,32.));
#4222 = CARTESIAN_POINT('',(-121.0047286498,81.216536174326,32.));
#4223 = CARTESIAN_POINT('',(-120.9559380279,81.225844455027,32.));
#4224 = CARTESIAN_POINT('',(-120.9343374534,81.229856208983,32.));
#4225 = CARTESIAN_POINT('',(-120.912717548,81.233762444706,32.));
#4226 = CARTESIAN_POINT('',(-120.8637957979,81.242355065461,32.));
#4227 = CARTESIAN_POINT('',(-120.8364830083,81.246979136418,32.));
#4228 = CARTESIAN_POINT('',(-120.8091422678,81.251434966735,32.));
#4229 = CARTESIAN_POINT('',(-120.7581827674,81.259418301633,32.));
#4230 = CARTESIAN_POINT('',(-120.7345707867,81.262989079182,32.));
#4231 = CARTESIAN_POINT('',(-120.7109401871,81.266434489169,32.));
#4232 = CARTESIAN_POINT('',(-120.6608059555,81.27347268267,32.));
#4233 = CARTESIAN_POINT('',(-120.6342978411,81.277033536919,32.));
#4234 = CARTESIAN_POINT('',(-120.6077690283,81.280436757011,32.));
#4235 = CARTESIAN_POINT('',(-120.5537246672,81.287043493273,32.));
#4236 = CARTESIAN_POINT('',(-120.5262077164,81.290235536217,32.));
#4237 = CARTESIAN_POINT('',(-120.4986716351,81.293258108678,32.));
#4238 = CARTESIAN_POINT('',(-120.4435643391,81.298963988763,32.));
#4239 = CARTESIAN_POINT('',(-120.4159931246,81.301647296328,32.));
#4240 = CARTESIAN_POINT('',(-120.3884059125,81.304160808953,32.));
#4241 = CARTESIAN_POINT('',(-120.333202628,81.308847978181,32.));
#4242 = CARTESIAN_POINT('',(-120.3055865555,81.311021634739,32.));
#4243 = CARTESIAN_POINT('',(-120.2779576241,81.313025229831,32.));
#4244 = CARTESIAN_POINT('',(-120.2264896279,81.316439201975,32.));
#4245 = CARTESIAN_POINT('',(-120.2026534621,81.317893283865,32.));
#4246 = CARTESIAN_POINT('',(-120.1788099147,81.319220838124,32.));
#4247 = CARTESIAN_POINT('',(-120.1339720612,81.32147867288,32.));
#4248 = CARTESIAN_POINT('',(-120.1129791929,81.322437509444,32.));
#4249 = CARTESIAN_POINT('',(-120.0919820754,81.323298289138,32.));
#4250 = CARTESIAN_POINT('',(-120.0461624094,81.324962357296,32.));
#4251 = CARTESIAN_POINT('',(-120.0213384478,81.325726737258,32.));
#4252 = CARTESIAN_POINT('',(-119.9965106452,81.326354085736,32.));
#4253 = CARTESIAN_POINT('',(-119.9420745279,81.327428962449,32.));
#4254 = CARTESIAN_POINT('',(-119.9124650722,81.327818709082,32.));
#4255 = CARTESIAN_POINT('',(-119.8828536928,81.328013582343,32.));
#4256 = CARTESIAN_POINT('',(-119.8532423133,81.328013582343,32.));
#4257 = PCURVE('',#737,#4258);
#4258 = DEFINITIONAL_REPRESENTATION('',(#4259),#4349);
#4259 = B_SPLINE_CURVE_WITH_KNOTS('',4,(#4260,#4261,#4262,#4263,#4264,
    #4265,#4266,#4267,#4268,#4269,#4270,#4271,#4272,#4273,#4274,#4275,
    #4276,#4277,#4278,#4279,#4280,#4281,#4282,#4283,#4284,#4285,#4286,
    #4287,#4288,#4289,#4290,#4291,#4292,#4293,#4294,#4295,#4296,#4297,
    #4298,#4299,#4300,#4301,#4302,#4303,#4304,#4305,#4306,#4307,#4308,
    #4309,#4310,#4311,#4312,#4313,#4314,#4315,#4316,#4317,#4318,#4319,
    #4320,#4321,#4322,#4323,#4324,#4325,#4326,#4327,#4328,#4329,#4330,
    #4331,#4332,#4333,#4334,#4335,#4336,#4337,#4338,#4339,#4340,#4341,
    #4342,#4343,#4344,#4345,#4346,#4347,#4348),.UNSPECIFIED.,.F.,.F.,(5,
    3,3,3,3,3,3,3,3,3,3,3,3,3,3,3,3,3,3,3,3,3,3,3,3,3,3,3,3,5),(0.,
    2.799960447312E-02,8.599888968185E-02,0.251997562895,0.298997366814,
    0.32499728769,0.35299722459,0.379997184528,0.414997161536,
    0.432997161909,0.456997174777,0.485997208491,0.534997308165,
    0.563997390959,0.592997490298,0.616997584332,0.645997711366,
    0.674997852065,0.703998005295,0.726998134944,0.755998307608,
    0.780998463773,0.808998645627,0.837998840504,0.866999040769,
    0.895999245244,0.920999424105,0.942999583039,0.968999772365,1.),
  .UNSPECIFIED.);
#4260 = CARTESIAN_POINT('',(2.675977013677,156.95190796745));
#4261 = CARTESIAN_POINT('',(2.65447500435,156.96781292758));
#4262 = CARTESIAN_POINT('',(2.632878453233,156.98359007664));
#4263 = CARTESIAN_POINT('',(2.611188499965,156.99923857165));
#4264 = CARTESIAN_POINT('',(2.544285944433,157.04690418629));
#4265 = CARTESIAN_POINT('',(2.498769770298,157.07849522066));
#4266 = CARTESIAN_POINT('',(2.452868039297,157.10952338197));
#4267 = CARTESIAN_POINT('',(2.274143419004,157.22715605117));
#4268 = CARTESIAN_POINT('',(2.13862341756,157.3096628809));
#4269 = CARTESIAN_POINT('',(2.000278314904,157.38733966641));
#4270 = CARTESIAN_POINT('',(1.819475297059,157.48063777027));
#4271 = CARTESIAN_POINT('',(1.779374265332,157.50082667091));
#4272 = CARTESIAN_POINT('',(1.739073780708,157.52061443103));
#4273 = CARTESIAN_POINT('',(1.676178990452,157.55072107983));
#4274 = CARTESIAN_POINT('',(1.653718903786,157.56132036022));
#4275 = CARTESIAN_POINT('',(1.631200654681,157.5717955072));
#4276 = CARTESIAN_POINT('',(1.584313308144,157.59329279261));
#4277 = CARTESIAN_POINT('',(1.559935083196,157.60429502329));
#4278 = CARTESIAN_POINT('',(1.535491888604,157.6151521491));
#4279 = CARTESIAN_POINT('',(1.487353384975,157.63619251167));
#4280 = CARTESIAN_POINT('',(1.463662542525,157.6463859676));
#4281 = CARTESIAN_POINT('',(1.439913660603,157.65644346117));
#4282 = CARTESIAN_POINT('',(1.385248583773,157.67922512448));
#4283 = CARTESIAN_POINT('',(1.354293697782,157.69185645461));
#4284 = CARTESIAN_POINT('',(1.323245810179,157.70425742886));
#4285 = CARTESIAN_POINT('',(1.276093500695,157.72268570062));
#4286 = CARTESIAN_POINT('',(1.260055585675,157.72888316835));
#4287 = CARTESIAN_POINT('',(1.243994105465,157.73501930562));
#4288 = CARTESIAN_POINT('',(1.206463143869,157.74919354855));
#4289 = CARTESIAN_POINT('',(1.184975607973,157.75718384915));
#4290 = CARTESIAN_POINT('',(1.163447639807,157.76506456581));
#4291 = CARTESIAN_POINT('',(1.115819260498,157.78222515495));
#4292 = CARTESIAN_POINT('',(1.089700633997,157.7914544718));
#4293 = CARTESIAN_POINT('',(1.063525681414,157.80052281273));
#4294 = CARTESIAN_POINT('',(0.99297655956,157.82447920426));
#4295 = CARTESIAN_POINT('',(0.948500674896,157.83906771507));
#4296 = CARTESIAN_POINT('',(0.903875434452,157.85319276105));
#4297 = CARTESIAN_POINT('',(0.832613133659,157.87493624519));
#4298 = CARTESIAN_POINT('',(0.806068392344,157.88285725028));
#4299 = CARTESIAN_POINT('',(0.77947538775,157.89061468081));
#4300 = CARTESIAN_POINT('',(0.726195866042,157.90580153373));
#4301 = CARTESIAN_POINT('',(0.699509348849,157.91323095593));
#4302 = CARTESIAN_POINT('',(0.672777597536,157.92049594005));
#4303 = CARTESIAN_POINT('',(0.623843119574,157.93347206523));
#4304 = CARTESIAN_POINT('',(0.601654166513,157.93923514799));
#4305 = CARTESIAN_POINT('',(0.57943613812,157.94488510194));
#4306 = CARTESIAN_POINT('',(0.530309017967,157.95711178449));
#4307 = CARTESIAN_POINT('',(0.503386948017,157.96363636665));
#4308 = CARTESIAN_POINT('',(0.476425219137,157.96999507767));
#4309 = CARTESIAN_POINT('',(0.42242550097,157.98238005627));
#4310 = CARTESIAN_POINT('',(0.39538751162,157.98840632369));
#4311 = CARTESIAN_POINT('',(0.368312933455,157.99426601575));
#4312 = CARTESIAN_POINT('',(0.314093670435,158.00565160432));
#4313 = CARTESIAN_POINT('',(0.286948985522,158.01117750071));
#4314 = CARTESIAN_POINT('',(0.259770794395,158.01653617432));
#4315 = CARTESIAN_POINT('',(0.210980172441,158.02584445502));
#4316 = CARTESIAN_POINT('',(0.189379598023,158.02985620898));
#4317 = CARTESIAN_POINT('',(0.167759692607,158.0337624447));
#4318 = CARTESIAN_POINT('',(0.118837942482,158.04235506546));
#4319 = CARTESIAN_POINT('',(9.152515287027E-02,158.04697913641));
#4320 = CARTESIAN_POINT('',(6.418441239499E-02,158.05143496673));
#4321 = CARTESIAN_POINT('',(1.322491203595E-02,158.05941830163));
#4322 = CARTESIAN_POINT('',(-1.038706868615E-02,158.06298907918));
#4323 = CARTESIAN_POINT('',(-3.401766831289E-02,158.06643448916));
#4324 = CARTESIAN_POINT('',(-8.415189988753E-02,158.07347268267));
#4325 = CARTESIAN_POINT('',(-0.11066001432,158.07703353691));
#4326 = CARTESIAN_POINT('',(-0.137188827149,158.08043675701));
#4327 = CARTESIAN_POINT('',(-0.19123318818,158.08704349327));
#4328 = CARTESIAN_POINT('',(-0.218750138973,158.09023553621));
#4329 = CARTESIAN_POINT('',(-0.246286220354,158.09325810867));
#4330 = CARTESIAN_POINT('',(-0.301393516281,158.09896398876));
#4331 = CARTESIAN_POINT('',(-0.328964730859,158.10164729632));
#4332 = CARTESIAN_POINT('',(-0.356551942924,158.10416080895));
#4333 = CARTESIAN_POINT('',(-0.411755227442,158.10884797818));
#4334 = CARTESIAN_POINT('',(-0.439371299927,158.11102163473));
#4335 = CARTESIAN_POINT('',(-0.467000231337,158.11302522983));
#4336 = CARTESIAN_POINT('',(-0.51846822752,158.11643920197));
#4337 = CARTESIAN_POINT('',(-0.542304393278,158.11789328386));
#4338 = CARTESIAN_POINT('',(-0.566147940682,158.11922083812));
#4339 = CARTESIAN_POINT('',(-0.610985794261,158.12147867288));
#4340 = CARTESIAN_POINT('',(-0.631978662486,158.12243750944));
#4341 = CARTESIAN_POINT('',(-0.652975779971,158.12329828913));
#4342 = CARTESIAN_POINT('',(-0.69879544599,158.12496235729));
#4343 = CARTESIAN_POINT('',(-0.723619407611,158.12572673725));
#4344 = CARTESIAN_POINT('',(-0.748447210208,158.12635408573));
#4345 = CARTESIAN_POINT('',(-0.802883327515,158.12742896244));
#4346 = CARTESIAN_POINT('',(-0.832492783191,158.12781870908));
#4347 = CARTESIAN_POINT('',(-0.862104162647,158.12801358234));
#4348 = CARTESIAN_POINT('',(-0.891715542106,158.12801358234));
#4349 = ( GEOMETRIC_REPRESENTATION_CONTEXT(2) 
PARAMETRIC_REPRESENTATION_CONTEXT() REPRESENTATION_CONTEXT('2D SPACE',''
  ) );
#4350 = PCURVE('',#4351,#4366);
#4351 = B_SPLINE_SURFACE_WITH_KNOTS('',6,1,(
    (#4352,#4353)
    ,(#4354,#4355)
    ,(#4356,#4357)
    ,(#4358,#4359)
    ,(#4360,#4361)
    ,(#4362,#4363)
    ,(#4364,#4365
    )),.UNSPECIFIED.,.F.,.F.,.F.,(7,7),(2,2),(1.570796326795,
    2.220495949598),(0.,1.),.PIECEWISE_BEZIER_KNOTS.);
#4352 = CARTESIAN_POINT('',(-124.8993168529,87.,-5.12));
#4353 = CARTESIAN_POINT('',(-118.4938472326,79.8,42.));
#4354 = CARTESIAN_POINT('',(-125.5490164757,87.,-5.12));
#4355 = CARTESIAN_POINT('',(-119.1271770456,79.8,42.));
#4356 = CARTESIAN_POINT('',(-126.1987157429,86.915578187049,-5.12));
#4357 = CARTESIAN_POINT('',(-119.7605065605,79.719778756926,42.));
#4358 = CARTESIAN_POINT('',(-126.8347048933,86.746733850631,-5.12));
#4359 = CARTESIAN_POINT('',(-120.3811362004,79.559335690956,42.));
#4360 = CARTESIAN_POINT('',(-127.4432630595,86.49643888901,-5.12));
#4361 = CARTESIAN_POINT('',(-120.9763570803,79.321354112909,42.));
#4362 = CARTESIAN_POINT('',(-128.0116669456,86.170627283074,-5.12));
#4363 = CARTESIAN_POINT('',(-121.5343369905,79.011192635488,42.));
#4364 = CARTESIAN_POINT('',(-128.529000371,85.777593280973,-5.12));
#4365 = CARTESIAN_POINT('',(-122.0448396369,78.636367742907,42.));
#4366 = DEFINITIONAL_REPRESENTATION('',(#4367),#4457);
#4367 = B_SPLINE_CURVE_WITH_KNOTS('',4,(#4368,#4369,#4370,#4371,#4372,
    #4373,#4374,#4375,#4376,#4377,#4378,#4379,#4380,#4381,#4382,#4383,
    #4384,#4385,#4386,#4387,#4388,#4389,#4390,#4391,#4392,#4393,#4394,
    #4395,#4396,#4397,#4398,#4399,#4400,#4401,#4402,#4403,#4404,#4405,
    #4406,#4407,#4408,#4409,#4410,#4411,#4412,#4413,#4414,#4415,#4416,
    #4417,#4418,#4419,#4420,#4421,#4422,#4423,#4424,#4425,#4426,#4427,
    #4428,#4429,#4430,#4431,#4432,#4433,#4434,#4435,#4436,#4437,#4438,
    #4439,#4440,#4441,#4442,#4443,#4444,#4445,#4446,#4447,#4448,#4449,
    #4450,#4451,#4452,#4453,#4454,#4455,#4456),.UNSPECIFIED.,.F.,.F.,(5,
    3,3,3,3,3,3,3,3,3,3,3,3,3,3,3,3,3,3,3,3,3,3,3,3,3,3,3,3,5),(0.,
    2.799960447312E-02,8.599888968185E-02,0.251997562895,0.298997366814,
    0.32499728769,0.35299722459,0.379997184528,0.414997161536,
    0.432997161909,0.456997174777,0.485997208491,0.534997308165,
    0.563997390959,0.592997490298,0.616997584332,0.645997711366,
    0.674997852065,0.703998005295,0.726998134944,0.755998307608,
    0.780998463773,0.808998645627,0.837998840504,0.866999040769,
    0.895999245244,0.920999424105,0.942999583039,0.968999772365,1.),
  .UNSPECIFIED.);
#4368 = CARTESIAN_POINT('',(2.220495949598,0.787775891341));
#4369 = CARTESIAN_POINT('',(2.215948049567,0.787775891341));
#4370 = CARTESIAN_POINT('',(2.211400151311,0.787775891341));
#4371 = CARTESIAN_POINT('',(2.206852254842,0.787775891341));
#4372 = CARTESIAN_POINT('',(2.192883704197,0.787775891341));
#4373 = CARTESIAN_POINT('',(2.183463055877,0.787775891341));
#4374 = CARTESIAN_POINT('',(2.174042415208,0.787775891341));
#4375 = CARTESIAN_POINT('',(2.137659163418,0.787775891341));
#4376 = CARTESIAN_POINT('',(2.110696601672,0.787775891341));
#4377 = CARTESIAN_POINT('',(2.083734096342,0.787775891341));
#4378 = CARTESIAN_POINT('',(2.049137668318,0.787775891341));
#4379 = CARTESIAN_POINT('',(2.041503695922,0.787775891341));
#4380 = CARTESIAN_POINT('',(2.03386972732,0.787775891341));
#4381 = CARTESIAN_POINT('',(2.022012713178,0.787775891341));
#4382 = CARTESIAN_POINT('',(2.017789665094,0.787775891341));
#4383 = CARTESIAN_POINT('',(2.013566618105,0.787775891341));
#4384 = CARTESIAN_POINT('',(2.004795672992,0.787775891341));
#4385 = CARTESIAN_POINT('',(2.000247775038,0.787775891341));
#4386 = CARTESIAN_POINT('',(1.995699878299,0.787775891341));
#4387 = CARTESIAN_POINT('',(1.986766508662,0.787775891341));
#4388 = CARTESIAN_POINT('',(1.98238103568,0.787775891341));
#4389 = CARTESIAN_POINT('',(1.977995563777,0.787775891341));
#4390 = CARTESIAN_POINT('',(1.967925218618,0.787775891341));
#4391 = CARTESIAN_POINT('',(1.962240346078,0.787775891341));
#4392 = CARTESIAN_POINT('',(1.956555475265,0.787775891341));
#4393 = CARTESIAN_POINT('',(1.947946957172,0.787775891341));
#4394 = CARTESIAN_POINT('',(1.945023308653,0.787775891341));
#4395 = CARTESIAN_POINT('',(1.942099660573,0.787775891341));
#4396 = CARTESIAN_POINT('',(1.93527781405,0.787775891341));
#4397 = CARTESIAN_POINT('',(1.931379615944,0.787775891341));
#4398 = CARTESIAN_POINT('',(1.927481418591,0.787775891341));
#4399 = CARTESIAN_POINT('',(1.918872898118,0.787775891341));
#4400 = CARTESIAN_POINT('',(1.914162575338,0.787775891341));
#4401 = CARTESIAN_POINT('',(1.909452253611,0.787775891341));
#4402 = CARTESIAN_POINT('',(1.896783108251,0.787775891341));
#4403 = CARTESIAN_POINT('',(1.888824286515,0.787775891341));
#4404 = CARTESIAN_POINT('',(1.8808654676,0.787775891341));
#4405 = CARTESIAN_POINT('',(1.868196327739,0.787775891341));
#4406 = CARTESIAN_POINT('',(1.863486005025,0.787775891341));
#4407 = CARTESIAN_POINT('',(1.858775683232,0.787775891341));
#4408 = CARTESIAN_POINT('',(1.849355038754,0.787775891341));
#4409 = CARTESIAN_POINT('',(1.844644716066,0.787775891341));
#4410 = CARTESIAN_POINT('',(1.839934394249,0.787775891341));
#4411 = CARTESIAN_POINT('',(1.831325874688,0.787775891341));
#4412 = CARTESIAN_POINT('',(1.827427676677,0.787775891341));
#4413 = CARTESIAN_POINT('',(1.823529479229,0.787775891341));
#4414 = CARTESIAN_POINT('',(1.814920958895,0.787775891341));
#4415 = CARTESIAN_POINT('',(1.810210636259,0.787775891341));
#4416 = CARTESIAN_POINT('',(1.805500314392,0.787775891341));
#4417 = CARTESIAN_POINT('',(1.796079669922,0.787775891341));
#4418 = CARTESIAN_POINT('',(1.791369347317,0.787775891341));
#4419 = CARTESIAN_POINT('',(1.786659025421,0.787775891341));
#4420 = CARTESIAN_POINT('',(1.777238380955,0.787775891341));
#4421 = CARTESIAN_POINT('',(1.772528058382,0.787775891341));
#4422 = CARTESIAN_POINT('',(1.767817736456,0.787775891341));
#4423 = CARTESIAN_POINT('',(1.759371641751,0.787775891341));
#4424 = CARTESIAN_POINT('',(1.755635868743,0.787775891341));
#4425 = CARTESIAN_POINT('',(1.751900096105,0.787775891341));
#4426 = CARTESIAN_POINT('',(1.743454000749,0.787775891341));
#4427 = CARTESIAN_POINT('',(1.738743678238,0.787775891341));
#4428 = CARTESIAN_POINT('',(1.734033356253,0.787775891341));
#4429 = CARTESIAN_POINT('',(1.725262411593,0.787775891341));
#4430 = CARTESIAN_POINT('',(1.72120178879,0.787775891341));
#4431 = CARTESIAN_POINT('',(1.71714116633,0.787775891341));
#4432 = CARTESIAN_POINT('',(1.708532646262,0.787775891341));
#4433 = CARTESIAN_POINT('',(1.703984748734,0.787775891341));
#4434 = CARTESIAN_POINT('',(1.699436851574,0.787775891341));
#4435 = CARTESIAN_POINT('',(1.69017863198,0.787775891341));
#4436 = CARTESIAN_POINT('',(1.685468309569,0.787775891341));
#4437 = CARTESIAN_POINT('',(1.680757987483,0.787775891341));
#4438 = CARTESIAN_POINT('',(1.67133734302,0.787775891341));
#4439 = CARTESIAN_POINT('',(1.666627020641,0.787775891341));
#4440 = CARTESIAN_POINT('',(1.661916698521,0.787775891341));
#4441 = CARTESIAN_POINT('',(1.652496054051,0.787775891341));
#4442 = CARTESIAN_POINT('',(1.647785731701,0.787775891341));
#4443 = CARTESIAN_POINT('',(1.643075409548,0.787775891341));
#4444 = CARTESIAN_POINT('',(1.634304464748,0.787775891341));
#4445 = CARTESIAN_POINT('',(1.630243842057,0.787775891341));
#4446 = CARTESIAN_POINT('',(1.626183219477,0.787775891341));
#4447 = CARTESIAN_POINT('',(1.618549248964,0.787775891341));
#4448 = CARTESIAN_POINT('',(1.614975901008,0.787775891341));
#4449 = CARTESIAN_POINT('',(1.61140255312,0.787775891341));
#4450 = CARTESIAN_POINT('',(1.603606157622,0.787775891341));
#4451 = CARTESIAN_POINT('',(1.599383110037,0.787775891341));
#4452 = CARTESIAN_POINT('',(1.595160062531,0.787775891341));
#4453 = CARTESIAN_POINT('',(1.585901842859,0.787775891341));
#4454 = CARTESIAN_POINT('',(1.580866670725,0.787775891341));
#4455 = CARTESIAN_POINT('',(1.575831498698,0.787775891341));
#4456 = CARTESIAN_POINT('',(1.570796326795,0.787775891341));
#4457 = ( GEOMETRIC_REPRESENTATION_CONTEXT(2) 
PARAMETRIC_REPRESENTATION_CONTEXT() REPRESENTATION_CONTEXT('2D SPACE',''
  ) );
#4458 = ORIENTED_EDGE('',*,*,#4459,.F.);
#4459 = EDGE_CURVE('',#4460,#4164,#4462,.T.);
#4460 = VERTEX_POINT('',#4461);
#4461 = CARTESIAN_POINT('',(-157.8715974793,54.661904132825,32.));
#4462 = SURFACE_CURVE('',#4463,(#4466,#4472),.PCURVE_S1.);
#4463 = B_SPLINE_CURVE_WITH_KNOTS('',1,(#4464,#4465),.UNSPECIFIED.,.F.,
  .F.,(2,2),(0.,1.),.PIECEWISE_BEZIER_KNOTS.);
#4464 = CARTESIAN_POINT('',(-157.8715974793,54.661904132825,32.));
#4465 = CARTESIAN_POINT('',(-123.4209348691,80.151907967454,32.));
#4466 = PCURVE('',#737,#4467);
#4467 = DEFINITIONAL_REPRESENTATION('',(#4468),#4471);
#4468 = B_SPLINE_CURVE_WITH_KNOTS('',1,(#4469,#4470),.UNSPECIFIED.,.F.,
  .F.,(2,2),(0.,1.),.PIECEWISE_BEZIER_KNOTS.);
#4469 = CARTESIAN_POINT('',(37.12663962392,131.46190413282));
#4470 = CARTESIAN_POINT('',(2.675977013677,156.95190796745));
#4471 = ( GEOMETRIC_REPRESENTATION_CONTEXT(2) 
PARAMETRIC_REPRESENTATION_CONTEXT() REPRESENTATION_CONTEXT('2D SPACE',''
  ) );
#4472 = PCURVE('',#4473,#4478);
#4473 = B_SPLINE_SURFACE_WITH_KNOTS('',1,1,(
    (#4474,#4475)
    ,(#4476,#4477
    )),.UNSPECIFIED.,.F.,.F.,.F.,(2,2),(2,2),(2.020683147051,
    47.358175508515),(0.,1.),.PIECEWISE_BEZIER_KNOTS.);
#4474 = CARTESIAN_POINT('',(-128.529000371,85.777593280973,-5.12));
#4475 = CARTESIAN_POINT('',(-122.0448396369,78.636367742907,42.));
#4476 = CARTESIAN_POINT('',(-164.6296835181,58.350801818206,-5.12));
#4477 = CARTESIAN_POINT('',(-156.0509924042,53.66812781672,42.));
#4478 = DEFINITIONAL_REPRESENTATION('',(#4479),#4482);
#4479 = B_SPLINE_CURVE_WITH_KNOTS('',1,(#4480,#4481),.UNSPECIFIED.,.F.,
  .F.,(2,2),(0.,1.),.PIECEWISE_BEZIER_KNOTS.);
#4480 = CARTESIAN_POINT('',(47.358175508515,0.787775891341));
#4481 = CARTESIAN_POINT('',(2.020683147051,0.787775891341));
#4482 = ( GEOMETRIC_REPRESENTATION_CONTEXT(2) 
PARAMETRIC_REPRESENTATION_CONTEXT() REPRESENTATION_CONTEXT('2D SPACE',''
  ) );
#4483 = ORIENTED_EDGE('',*,*,#4484,.F.);
#4484 = EDGE_CURVE('',#4485,#4460,#4487,.T.);
#4485 = VERTEX_POINT('',#4486);
#4486 = CARTESIAN_POINT('',(-160.3039049235,49.838009747713,32.));
#4487 = SURFACE_CURVE('',#4488,(#4531,#4577),.PCURVE_S1.);
#4488 = B_SPLINE_CURVE_WITH_KNOTS('',5,(#4489,#4490,#4491,#4492,#4493,
    #4494,#4495,#4496,#4497,#4498,#4499,#4500,#4501,#4502,#4503,#4504,
    #4505,#4506,#4507,#4508,#4509,#4510,#4511,#4512,#4513,#4514,#4515,
    #4516,#4517,#4518,#4519,#4520,#4521,#4522,#4523,#4524,#4525,#4526,
    #4527,#4528,#4529,#4530),.UNSPECIFIED.,.F.,.F.,(6,4,4,4,4,4,4,4,4,4,
    6),(0.,6.000068549995E-02,8.600098040544E-02,0.115001306452,
    0.162001825636,0.194002170677,0.243002681766,0.274002992447,
    0.324003468823,0.662003365212,1.),.UNSPECIFIED.);
#4489 = CARTESIAN_POINT('',(-160.3039049235,49.838009747713,32.));
#4490 = CARTESIAN_POINT('',(-160.3039049235,49.905257201201,32.));
#4491 = CARTESIAN_POINT('',(-160.3029627449,49.972504656727,32.));
#4492 = CARTESIAN_POINT('',(-160.3010783884,50.039734507634,32.));
#4493 = CARTESIAN_POINT('',(-160.2982523476,50.106929161111,32.));
#4494 = CARTESIAN_POINT('',(-160.2928533553,50.203165849189,32.));
#4495 = CARTESIAN_POINT('',(-160.2910444597,50.232250750371,32.));
#4496 = CARTESIAN_POINT('',(-160.2890590021,50.261324311723,32.));
#4497 = CARTESIAN_POINT('',(-160.2868970802,50.290385104414,32.));
#4498 = CARTESIAN_POINT('',(-160.2819507372,50.351829824315,32.));
#4499 = CARTESIAN_POINT('',(-160.2791232723,50.384210286546,32.));
#4500 = CARTESIAN_POINT('',(-160.2760765736,50.416571106422,32.));
#4501 = CARTESIAN_POINT('',(-160.2728108273,50.44891030539,32.));
#4502 = CARTESIAN_POINT('',(-160.2636788237,50.533599459039,32.));
#4503 = CARTESIAN_POINT('',(-160.2574566026,50.585911030884,32.));
#4504 = CARTESIAN_POINT('',(-160.2506604904,50.638152209996,32.));
#4505 = CARTESIAN_POINT('',(-160.2432915785,50.690314607363,32.));
#4506 = CARTESIAN_POINT('',(-160.2299448889,50.777845338304,32.));
#4507 = CARTESIAN_POINT('',(-160.2242737009,50.813260421459,32.));
#4508 = CARTESIAN_POINT('',(-160.2183379808,50.848632467552,32.));
#4509 = CARTESIAN_POINT('',(-160.2121381702,50.88395884335,32.));
#4510 = CARTESIAN_POINT('',(-160.1957776422,50.973256461476,32.));
#4511 = CARTESIAN_POINT('',(-160.1852624428,51.027162758665,32.));
#4512 = CARTESIAN_POINT('',(-160.17413088,51.080946382026,32.));
#4513 = CARTESIAN_POINT('',(-160.1623848965,51.134597944254,32.));
#4514 = CARTESIAN_POINT('',(-160.1422081707,51.221961454089,32.));
#4515 = CARTESIAN_POINT('',(-160.1341446333,51.255758209164,32.));
#4516 = CARTESIAN_POINT('',(-160.1258365841,51.289496002255,32.));
#4517 = CARTESIAN_POINT('',(-160.1172846034,51.3231724763,32.));
#4518 = CARTESIAN_POINT('',(-160.0943033491,51.410999459611,32.));
#4519 = CARTESIAN_POINT('',(-160.0794844143,51.465048008946,32.));
#4520 = CARTESIAN_POINT('',(-160.0640350804,51.518921074502,32.));
#4521 = CARTESIAN_POINT('',(-160.0479581548,51.572608865694,32.));
#4522 = CARTESIAN_POINT('',(-159.918355773,51.987709374002,32.));
#4523 = CARTESIAN_POINT('',(-159.7769107358,52.340416296845,32.));
#4524 = CARTESIAN_POINT('',(-159.6078703839,52.681190013204,32.));
#4525 = CARTESIAN_POINT('',(-159.4126322996,53.007212935409,32.));
#4526 = CARTESIAN_POINT('',(-158.9734431592,53.624573563939,32.));
#4527 = CARTESIAN_POINT('',(-158.7294801289,53.915929108668,32.));
#4528 = CARTESIAN_POINT('',(-158.4629909328,54.187373391641,32.));
#4529 = CARTESIAN_POINT('',(-158.1761789054,54.436662081965,32.));
#4530 = CARTESIAN_POINT('',(-157.8715974793,54.661904132825,32.));
#4531 = PCURVE('',#737,#4532);
#4532 = DEFINITIONAL_REPRESENTATION('',(#4533),#4576);
#4533 = B_SPLINE_CURVE_WITH_KNOTS('',5,(#4534,#4535,#4536,#4537,#4538,
    #4539,#4540,#4541,#4542,#4543,#4544,#4545,#4546,#4547,#4548,#4549,
    #4550,#4551,#4552,#4553,#4554,#4555,#4556,#4557,#4558,#4559,#4560,
    #4561,#4562,#4563,#4564,#4565,#4566,#4567,#4568,#4569,#4570,#4571,
    #4572,#4573,#4574,#4575),.UNSPECIFIED.,.F.,.F.,(6,4,4,4,4,4,4,4,4,4,
    6),(0.,6.000068549995E-02,8.600098040544E-02,0.115001306452,
    0.162001825636,0.194002170677,0.243002681766,0.274002992447,
    0.324003468823,0.662003365212,1.),.UNSPECIFIED.);
#4534 = CARTESIAN_POINT('',(39.558947068137,126.63800974771));
#4535 = CARTESIAN_POINT('',(39.558947068137,126.7052572012));
#4536 = CARTESIAN_POINT('',(39.558004889487,126.77250465672));
#4537 = CARTESIAN_POINT('',(39.556120532997,126.83973450763));
#4538 = CARTESIAN_POINT('',(39.55329449218,126.90692916111));
#4539 = CARTESIAN_POINT('',(39.547895499858,127.00316584918));
#4540 = CARTESIAN_POINT('',(39.546086604272,127.03225075037));
#4541 = CARTESIAN_POINT('',(39.544101146736,127.06132431172));
#4542 = CARTESIAN_POINT('',(39.541939224828,127.09038510441));
#4543 = CARTESIAN_POINT('',(39.536992881836,127.15182982431));
#4544 = CARTESIAN_POINT('',(39.534165416914,127.18421028654));
#4545 = CARTESIAN_POINT('',(39.53111871818,127.21657110642));
#4546 = CARTESIAN_POINT('',(39.527852971901,127.24891030539));
#4547 = CARTESIAN_POINT('',(39.518720968239,127.33359945903));
#4548 = CARTESIAN_POINT('',(39.512498747168,127.38591103088));
#4549 = CARTESIAN_POINT('',(39.505702635026,127.43815220999));
#4550 = CARTESIAN_POINT('',(39.498333723051,127.49031460736));
#4551 = CARTESIAN_POINT('',(39.484987033442,127.5778453383));
#4552 = CARTESIAN_POINT('',(39.479315845524,127.61326042145));
#4553 = CARTESIAN_POINT('',(39.473380125345,127.64863246755));
#4554 = CARTESIAN_POINT('',(39.467180314746,127.68395884335));
#4555 = CARTESIAN_POINT('',(39.450819786796,127.77325646147));
#4556 = CARTESIAN_POINT('',(39.440304587372,127.82716275866));
#4557 = CARTESIAN_POINT('',(39.429173024557,127.88094638202));
#4558 = CARTESIAN_POINT('',(39.4174270411,127.93459794425));
#4559 = CARTESIAN_POINT('',(39.397250315297,128.02196145408));
#4560 = CARTESIAN_POINT('',(39.389186777901,128.05575820916));
#4561 = CARTESIAN_POINT('',(39.380878728676,128.08949600225));
#4562 = CARTESIAN_POINT('',(39.372326748025,128.1231724763));
#4563 = CARTESIAN_POINT('',(39.349345493705,128.21099945961));
#4564 = CARTESIAN_POINT('',(39.334526558892,128.26504800894));
#4565 = CARTESIAN_POINT('',(39.319077224943,128.3189210745));
#4566 = CARTESIAN_POINT('',(39.303000299404,128.37260886569));
#4567 = CARTESIAN_POINT('',(39.173397917581,128.787709374));
#4568 = CARTESIAN_POINT('',(39.031952880432,129.14041629684));
#4569 = CARTESIAN_POINT('',(38.862912528467,129.4811900132));
#4570 = CARTESIAN_POINT('',(38.667674444186,129.8072129354));
#4571 = CARTESIAN_POINT('',(38.228485303781,130.42457356393));
#4572 = CARTESIAN_POINT('',(37.984522273519,130.71592910866));
#4573 = CARTESIAN_POINT('',(37.71803307735,130.98737339164));
#4574 = CARTESIAN_POINT('',(37.431221050021,131.23666208196));
#4575 = CARTESIAN_POINT('',(37.12663962392,131.46190413282));
#4576 = ( GEOMETRIC_REPRESENTATION_CONTEXT(2) 
PARAMETRIC_REPRESENTATION_CONTEXT() REPRESENTATION_CONTEXT('2D SPACE',''
  ) );
#4577 = PCURVE('',#4578,#4595);
#4578 = B_SPLINE_SURFACE_WITH_KNOTS('',7,1,(
    (#4579,#4580)
    ,(#4581,#4582)
    ,(#4583,#4584)
    ,(#4585,#4586)
    ,(#4587,#4588)
    ,(#4589,#4590)
    ,(#4591,#4592)
    ,(#4593,#4594
    )),.UNSPECIFIED.,.F.,.F.,.F.,(8,8),(2,2),(5.345718793415,
    6.28318530718),(0.,1.),.PIECEWISE_BEZIER_KNOTS.);
#4579 = CARTESIAN_POINT('',(-164.6296835181,58.350801818206,-5.12));
#4580 = CARTESIAN_POINT('',(-156.0509924042,53.66812781672,42.));
#4581 = CARTESIAN_POINT('',(-165.2583442929,57.873189028912,-5.12));
#4582 = CARTESIAN_POINT('',(-156.698697091,53.192565463911,42.));
#4583 = CARTESIAN_POINT('',(-165.8136836837,57.299066611156,-5.12));
#4584 = CARTESIAN_POINT('',(-157.2720976733,52.615802790078,42.));
#4585 = CARTESIAN_POINT('',(-166.2779236723,56.641942269371,-5.12));
#4586 = CARTESIAN_POINT('',(-157.752220825,51.951771887329,42.));
#4587 = CARTESIAN_POINT('',(-166.6363923705,55.919415274829,-5.12));
#4588 = CARTESIAN_POINT('',(-158.1233534579,51.218848928126,42.));
#4589 = CARTESIAN_POINT('',(-166.878797138,55.152231401012,-5.12));
#4590 = CARTESIAN_POINT('',(-158.3744507868,50.438845458866,42.));
#4591 = CARTESIAN_POINT('',(-167.,54.362719997798,-5.12));
#4592 = CARTESIAN_POINT('',(-158.5,49.635302799896,42.));
#4593 = CARTESIAN_POINT('',(-167.,53.573208537233,-5.12));
#4594 = CARTESIAN_POINT('',(-158.5,48.831760073813,42.));
#4595 = DEFINITIONAL_REPRESENTATION('',(#4596),#4639);
#4596 = B_SPLINE_CURVE_WITH_KNOTS('',5,(#4597,#4598,#4599,#4600,#4601,
    #4602,#4603,#4604,#4605,#4606,#4607,#4608,#4609,#4610,#4611,#4612,
    #4613,#4614,#4615,#4616,#4617,#4618,#4619,#4620,#4621,#4622,#4623,
    #4624,#4625,#4626,#4627,#4628,#4629,#4630,#4631,#4632,#4633,#4634,
    #4635,#4636,#4637,#4638),.UNSPECIFIED.,.F.,.F.,(6,4,4,4,4,4,4,4,4,4,
    6),(0.,6.000068549995E-02,8.600098040544E-02,0.115001306452,
    0.162001825636,0.194002170677,0.243002681766,0.274002992447,
    0.324003468823,0.662003365212,1.),.UNSPECIFIED.);
#4597 = CARTESIAN_POINT('',(6.28318530718,0.787775891341));
#4598 = CARTESIAN_POINT('',(6.271935709447,0.787775891341));
#4599 = CARTESIAN_POINT('',(6.260686111524,0.787775891341));
#4600 = CARTESIAN_POINT('',(6.249436513397,0.787775891341));
#4601 = CARTESIAN_POINT('',(6.238186915029,0.787775891341));
#4602 = CARTESIAN_POINT('',(6.222062490663,0.787775891341));
#4603 = CARTESIAN_POINT('',(6.217187664892,0.787775891341));
#4604 = CARTESIAN_POINT('',(6.212312839031,0.787775891341));
#4605 = CARTESIAN_POINT('',(6.207438013069,0.787775891341));
#4606 = CARTESIAN_POINT('',(6.197125881532,0.787775891341));
#4607 = CARTESIAN_POINT('',(6.191688575926,0.787775891341));
#4608 = CARTESIAN_POINT('',(6.18625127016,0.787775891341));
#4609 = CARTESIAN_POINT('',(6.180813964223,0.787775891341));
#4610 = CARTESIAN_POINT('',(6.166564474038,0.787775891341));
#4611 = CARTESIAN_POINT('',(6.157752289445,0.787775891341));
#4612 = CARTESIAN_POINT('',(6.148940104267,0.787775891341));
#4613 = CARTESIAN_POINT('',(6.140127918452,0.787775891341));
#4614 = CARTESIAN_POINT('',(6.125315946979,0.787775891341));
#4615 = CARTESIAN_POINT('',(6.119316161669,0.787775891341));
#4616 = CARTESIAN_POINT('',(6.113316376,0.787775891341));
#4617 = CARTESIAN_POINT('',(6.107316589954,0.787775891341));
#4618 = CARTESIAN_POINT('',(6.092129633752,0.787775891341));
#4619 = CARTESIAN_POINT('',(6.082942463009,0.787775891341));
#4620 = CARTESIAN_POINT('',(6.073755291228,0.787775891341));
#4621 = CARTESIAN_POINT('',(6.064568118354,0.787775891341));
#4622 = CARTESIAN_POINT('',(6.049568652942,0.787775891341));
#4623 = CARTESIAN_POINT('',(6.04375636107,0.787775891341));
#4624 = CARTESIAN_POINT('',(6.037944068702,0.787775891341));
#4625 = CARTESIAN_POINT('',(6.03213177582,0.787775891341));
#4626 = CARTESIAN_POINT('',(6.01694482025,0.787775891341));
#4627 = CARTESIAN_POINT('',(6.007570156655,0.787775891341));
#4628 = CARTESIAN_POINT('',(5.998195491571,0.787775891341));
#4629 = CARTESIAN_POINT('',(5.988820824943,0.787775891341));
#4630 = CARTESIAN_POINT('',(5.916074022737,0.787775891341));
#4631 = CARTESIAN_POINT('',(5.852700006106,0.787775891341));
#4632 = CARTESIAN_POINT('',(5.789329308963,0.787775891341));
#4633 = CARTESIAN_POINT('',(5.725955064654,0.787775891341));
#4634 = CARTESIAN_POINT('',(5.599210497008,0.787775891341));
#4635 = CARTESIAN_POINT('',(5.535836558111,0.787775891341));
#4636 = CARTESIAN_POINT('',(5.472465863942,0.787775891341));
#4637 = CARTESIAN_POINT('',(5.409091538625,0.787775891341));
#4638 = CARTESIAN_POINT('',(5.345718793415,0.787775891341));
#4639 = ( GEOMETRIC_REPRESENTATION_CONTEXT(2) 
PARAMETRIC_REPRESENTATION_CONTEXT() REPRESENTATION_CONTEXT('2D SPACE',''
  ) );
#4640 = ORIENTED_EDGE('',*,*,#4641,.F.);
#4641 = EDGE_CURVE('',#4642,#4485,#4644,.T.);
#4642 = VERTEX_POINT('',#4643);
#4643 = CARTESIAN_POINT('',(-160.3039049235,-49.83800974771,32.));
#4644 = SURFACE_CURVE('',#4645,(#4648,#4654),.PCURVE_S1.);
#4645 = B_SPLINE_CURVE_WITH_KNOTS('',1,(#4646,#4647),.UNSPECIFIED.,.F.,
  .F.,(2,2),(0.,1.),.PIECEWISE_BEZIER_KNOTS.);
#4646 = CARTESIAN_POINT('',(-160.3039049235,-49.83800974771,32.));
#4647 = CARTESIAN_POINT('',(-160.3039049235,49.838009747713,32.));
#4648 = PCURVE('',#737,#4649);
#4649 = DEFINITIONAL_REPRESENTATION('',(#4650),#4653);
#4650 = B_SPLINE_CURVE_WITH_KNOTS('',1,(#4651,#4652),.UNSPECIFIED.,.F.,
  .F.,(2,2),(0.,1.),.PIECEWISE_BEZIER_KNOTS.);
#4651 = CARTESIAN_POINT('',(39.558947068137,26.961990252287));
#4652 = CARTESIAN_POINT('',(39.558947068137,126.63800974771));
#4653 = ( GEOMETRIC_REPRESENTATION_CONTEXT(2) 
PARAMETRIC_REPRESENTATION_CONTEXT() REPRESENTATION_CONTEXT('2D SPACE',''
  ) );
#4654 = PCURVE('',#4655,#4660);
#4655 = B_SPLINE_SURFACE_WITH_KNOTS('',1,1,(
    (#4656,#4657)
    ,(#4658,#4659
    )),.UNSPECIFIED.,.F.,.F.,.F.,(2,2),(2,2),(2.976791462767,
    110.12320853723),(0.,1.),.PIECEWISE_BEZIER_KNOTS.);
#4656 = CARTESIAN_POINT('',(-167.,53.573208537233,-5.12));
#4657 = CARTESIAN_POINT('',(-158.5,48.831760073813,42.));
#4658 = CARTESIAN_POINT('',(-167.,-53.57320853723,-5.12));
#4659 = CARTESIAN_POINT('',(-158.5,-48.83176007381,42.));
#4660 = DEFINITIONAL_REPRESENTATION('',(#4661),#4664);
#4661 = B_SPLINE_CURVE_WITH_KNOTS('',1,(#4662,#4663),.UNSPECIFIED.,.F.,
  .F.,(2,2),(0.,1.),.PIECEWISE_BEZIER_KNOTS.);
#4662 = CARTESIAN_POINT('',(110.12320853723,0.787775891341));
#4663 = CARTESIAN_POINT('',(2.976791462767,0.787775891341));
#4664 = ( GEOMETRIC_REPRESENTATION_CONTEXT(2) 
PARAMETRIC_REPRESENTATION_CONTEXT() REPRESENTATION_CONTEXT('2D SPACE',''
  ) );
#4665 = ORIENTED_EDGE('',*,*,#4666,.F.);
#4666 = EDGE_CURVE('',#2701,#4642,#4667,.T.);
#4667 = SURFACE_CURVE('',#4668,(#4727,#4789),.PCURVE_S1.);
#4668 = B_SPLINE_CURVE_WITH_KNOTS('',5,(#4669,#4670,#4671,#4672,#4673,
    #4674,#4675,#4676,#4677,#4678,#4679,#4680,#4681,#4682,#4683,#4684,
    #4685,#4686,#4687,#4688,#4689,#4690,#4691,#4692,#4693,#4694,#4695,
    #4696,#4697,#4698,#4699,#4700,#4701,#4702,#4703,#4704,#4705,#4706,
    #4707,#4708,#4709,#4710,#4711,#4712,#4713,#4714,#4715,#4716,#4717,
    #4718,#4719,#4720,#4721,#4722,#4723,#4724,#4725,#4726),
  .UNSPECIFIED.,.F.,.F.,(6,4,4,4,4,4,4,4,4,4,4,4,4,4,6),(0.,
    0.305996894193,0.609996619307,0.624996718672,0.732997525211,
    0.75499770934,0.780997933535,0.80799817313,0.843998501827,
    0.874998791906,0.892998962766,0.909999125473,0.938999405406,
    0.9539995511,1.),.UNSPECIFIED.);
#4669 = CARTESIAN_POINT('',(-157.8715974793,-54.66190413282,32.));
#4670 = CARTESIAN_POINT('',(-158.1473432054,-54.45798646901,32.));
#4671 = CARTESIAN_POINT('',(-158.4085231972,-54.23436126473,32.));
#4672 = CARTESIAN_POINT('',(-158.6532457169,-53.99242908799,32.));
#4673 = CARTESIAN_POINT('',(-158.8798512202,-53.7338305824,32.));
#4674 = CARTESIAN_POINT('',(-159.2926328754,-53.18883661046,32.));
#4675 = CARTESIAN_POINT('',(-159.4790710473,-52.90262329856,32.));
#4676 = CARTESIAN_POINT('',(-159.6448398903,-52.60364177896,32.));
#4677 = CARTESIAN_POINT('',(-159.7888299181,-52.29389326998,32.));
#4678 = CARTESIAN_POINT('',(-159.9162075872,-51.95982498977,32.));
#4679 = CARTESIAN_POINT('',(-159.9221421538,-51.94409535777,32.));
#4680 = CARTESIAN_POINT('',(-159.9280216005,-51.92834500327,32.));
#4681 = CARTESIAN_POINT('',(-159.9338458311,-51.91257418391,32.));
#4682 = CARTESIAN_POINT('',(-159.9811510115,-51.78308767559,32.));
#4683 = CARTESIAN_POINT('',(-160.0198199855,-51.66834464739,32.));
#4684 = CARTESIAN_POINT('',(-160.0555864152,-51.55265059522,32.));
#4685 = CARTESIAN_POINT('',(-160.0884199895,-51.43610357013,32.));
#4686 = CARTESIAN_POINT('',(-160.1243810712,-51.29490860137,32.));
#4687 = CARTESIAN_POINT('',(-160.1303440456,-51.27098278651,32.));
#4688 = CARTESIAN_POINT('',(-160.1361840543,-51.24702654869,32.));
#4689 = CARTESIAN_POINT('',(-160.1419008916,-51.22304073088,32.));
#4690 = CARTESIAN_POINT('',(-160.1541048262,-51.17064533591,32.));
#4691 = CARTESIAN_POINT('',(-160.1605429839,-51.1422243597,32.));
#4692 = CARTESIAN_POINT('',(-160.1668085091,-51.11376464444,32.));
#4693 = CARTESIAN_POINT('',(-160.172901094,-51.08526758881,32.));
#4694 = CARTESIAN_POINT('',(-160.1849674701,-51.02710417135,32.));
#4695 = CARTESIAN_POINT('',(-160.1909276795,-50.9974349918,32.));
#4696 = CARTESIAN_POINT('',(-160.19670075,-50.9677286271,32.));
#4697 = CARTESIAN_POINT('',(-160.2022863757,-50.93798665165,32.));
#4698 = CARTESIAN_POINT('',(-160.2148814652,-50.86850928956,32.));
#4699 = CARTESIAN_POINT('',(-160.2217449159,-50.82874743294,32.));
#4700 = CARTESIAN_POINT('',(-160.2282739445,-50.78892881507,32.));
#4701 = CARTESIAN_POINT('',(-160.2344679357,-50.74905718753,32.));
#4702 = CARTESIAN_POINT('',(-160.2453710738,-50.67475999517,32.));
#4703 = CARTESIAN_POINT('',(-160.2501669663,-50.64034716007,32.));
#4704 = CARTESIAN_POINT('',(-160.2547136625,-50.60590020895,32.));
#4705 = CARTESIAN_POINT('',(-160.2590108451,-50.57142154841,32.));
#4706 = CARTESIAN_POINT('',(-160.2654083264,-50.51687670766,32.));
#4707 = CARTESIAN_POINT('',(-160.2676742031,-50.49682994778,32.));
#4708 = CARTESIAN_POINT('',(-160.2698558059,-50.476773782,32.));
#4709 = CARTESIAN_POINT('',(-160.2719530833,-50.45670868276,32.));
#4710 = CARTESIAN_POINT('',(-160.2758670646,-50.41767675934,32.));
#4711 = CARTESIAN_POINT('',(-160.2776928829,-50.3987108491,32.));
#4712 = CARTESIAN_POINT('',(-160.2794434028,-50.37973779055,32.));
#4713 = CARTESIAN_POINT('',(-160.2811185875,-50.36075798232,32.));
#4714 = CARTESIAN_POINT('',(-160.2854475014,-50.30938366716,32.));
#4715 = CARTESIAN_POINT('',(-160.2879572736,-50.27697703001,32.));
#4716 = CARTESIAN_POINT('',(-160.2902475531,-50.24455389237,32.));
#4717 = CARTESIAN_POINT('',(-160.2923181999,-50.21211623659,32.));
#4718 = CARTESIAN_POINT('',(-160.2951264634,-50.16288146507,32.));
#4719 = CARTESIAN_POINT('',(-160.2960250354,-50.1460935299,32.));
#4720 = CARTESIAN_POINT('',(-160.2968648013,-50.12930251598,32.));
#4721 = CARTESIAN_POINT('',(-160.2976457472,-50.11250869798,32.));
#4722 = CARTESIAN_POINT('',(-160.3005823451,-50.04420354989,32.));
#4723 = CARTESIAN_POINT('',(-160.3022435489,-49.99267096173,32.));
#4724 = CARTESIAN_POINT('',(-160.3033511319,-49.94112251184,32.));
#4725 = CARTESIAN_POINT('',(-160.3039049235,-49.88956612951,32.));
#4726 = CARTESIAN_POINT('',(-160.3039049235,-49.83800974771,32.));
#4727 = PCURVE('',#737,#4728);
#4728 = DEFINITIONAL_REPRESENTATION('',(#4729),#4788);
#4729 = B_SPLINE_CURVE_WITH_KNOTS('',5,(#4730,#4731,#4732,#4733,#4734,
    #4735,#4736,#4737,#4738,#4739,#4740,#4741,#4742,#4743,#4744,#4745,
    #4746,#4747,#4748,#4749,#4750,#4751,#4752,#4753,#4754,#4755,#4756,
    #4757,#4758,#4759,#4760,#4761,#4762,#4763,#4764,#4765,#4766,#4767,
    #4768,#4769,#4770,#4771,#4772,#4773,#4774,#4775,#4776,#4777,#4778,
    #4779,#4780,#4781,#4782,#4783,#4784,#4785,#4786,#4787),
  .UNSPECIFIED.,.F.,.F.,(6,4,4,4,4,4,4,4,4,4,4,4,4,4,6),(0.,
    0.305996894193,0.609996619307,0.624996718672,0.732997525211,
    0.75499770934,0.780997933535,0.80799817313,0.843998501827,
    0.874998791906,0.892998962766,0.909999125473,0.938999405406,
    0.9539995511,1.),.UNSPECIFIED.);
#4730 = CARTESIAN_POINT('',(37.12663962392,22.138095867175));
#4731 = CARTESIAN_POINT('',(37.402385349971,22.342013530989));
#4732 = CARTESIAN_POINT('',(37.66356534177,22.565638735263));
#4733 = CARTESIAN_POINT('',(37.908287861457,22.80757091201));
#4734 = CARTESIAN_POINT('',(38.134893364799,23.0661694176));
#4735 = CARTESIAN_POINT('',(38.547675019995,23.611163389532));
#4736 = CARTESIAN_POINT('',(38.734113191842,23.897376701436));
#4737 = CARTESIAN_POINT('',(38.899882034868,24.196358221036));
#4738 = CARTESIAN_POINT('',(39.043872062712,24.506106730013));
#4739 = CARTESIAN_POINT('',(39.171249731778,24.840175010225));
#4740 = CARTESIAN_POINT('',(39.177184298384,24.855904642223));
#4741 = CARTESIAN_POINT('',(39.183063745079,24.871654996725));
#4742 = CARTESIAN_POINT('',(39.18888797569,24.887425816087));
#4743 = CARTESIAN_POINT('',(39.236193156053,25.016912324408));
#4744 = CARTESIAN_POINT('',(39.274862130099,25.131655352604));
#4745 = CARTESIAN_POINT('',(39.31062855974,25.247349404776));
#4746 = CARTESIAN_POINT('',(39.343462134111,25.363896429863));
#4747 = CARTESIAN_POINT('',(39.379423215811,25.505091398623));
#4748 = CARTESIAN_POINT('',(39.385386190232,25.529017213489));
#4749 = CARTESIAN_POINT('',(39.391226198854,25.552973451305));
#4750 = CARTESIAN_POINT('',(39.396943036194,25.576959269113));
#4751 = CARTESIAN_POINT('',(39.409146970747,25.629354664085));
#4752 = CARTESIAN_POINT('',(39.415585128471,25.657775640297));
#4753 = CARTESIAN_POINT('',(39.421850653715,25.686235355551));
#4754 = CARTESIAN_POINT('',(39.427943238577,25.714732411181));
#4755 = CARTESIAN_POINT('',(39.440009614688,25.77289582865));
#4756 = CARTESIAN_POINT('',(39.445969824113,25.8025650082));
#4757 = CARTESIAN_POINT('',(39.451742894621,25.832271372897));
#4758 = CARTESIAN_POINT('',(39.45732852027,25.86201334835));
#4759 = CARTESIAN_POINT('',(39.469923609755,25.931490710439));
#4760 = CARTESIAN_POINT('',(39.476787060501,25.971252567057));
#4761 = CARTESIAN_POINT('',(39.483316089045,26.011071184924));
#4762 = CARTESIAN_POINT('',(39.489510080297,26.050942812461));
#4763 = CARTESIAN_POINT('',(39.500413218392,26.125240004825));
#4764 = CARTESIAN_POINT('',(39.505209110844,26.159652839926));
#4765 = CARTESIAN_POINT('',(39.509755807136,26.194099791048));
#4766 = CARTESIAN_POINT('',(39.514052989647,26.22857845159));
#4767 = CARTESIAN_POINT('',(39.520450470976,26.28312329234));
#4768 = CARTESIAN_POINT('',(39.522716347727,26.303170052218));
#4769 = CARTESIAN_POINT('',(39.524897950492,26.323226217993));
#4770 = CARTESIAN_POINT('',(39.526995227885,26.343291317236));
#4771 = CARTESIAN_POINT('',(39.53090920922,26.382323240659));
#4772 = CARTESIAN_POINT('',(39.532735027494,26.401289150895));
#4773 = CARTESIAN_POINT('',(39.534485547375,26.420262209445));
#4774 = CARTESIAN_POINT('',(39.536160732085,26.439242017672));
#4775 = CARTESIAN_POINT('',(39.540489645987,26.490616332837));
#4776 = CARTESIAN_POINT('',(39.542999418161,26.523022969986));
#4777 = CARTESIAN_POINT('',(39.545289697663,26.55544610763));
#4778 = CARTESIAN_POINT('',(39.547360344459,26.587883763406));
#4779 = CARTESIAN_POINT('',(39.550168607947,26.637118534921));
#4780 = CARTESIAN_POINT('',(39.551067180012,26.653906470097));
#4781 = CARTESIAN_POINT('',(39.551906945889,26.670697484017));
#4782 = CARTESIAN_POINT('',(39.552687891837,26.687491302014));
#4783 = CARTESIAN_POINT('',(39.555624489698,26.75579645011));
#4784 = CARTESIAN_POINT('',(39.557285693445,26.807329038265));
#4785 = CARTESIAN_POINT('',(39.558393276455,26.858877488159));
#4786 = CARTESIAN_POINT('',(39.558947068137,26.91043387049));
#4787 = CARTESIAN_POINT('',(39.558947068137,26.961990252287));
#4788 = ( GEOMETRIC_REPRESENTATION_CONTEXT(2) 
PARAMETRIC_REPRESENTATION_CONTEXT() REPRESENTATION_CONTEXT('2D SPACE',''
  ) );
#4789 = PCURVE('',#4790,#4807);
#4790 = B_SPLINE_SURFACE_WITH_KNOTS('',7,1,(
    (#4791,#4792)
    ,(#4793,#4794)
    ,(#4795,#4796)
    ,(#4797,#4798)
    ,(#4799,#4800)
    ,(#4801,#4802)
    ,(#4803,#4804)
    ,(#4805,#4806
    )),.UNSPECIFIED.,.F.,.F.,.F.,(8,8),(2,2),(0.,0.937466513764),(0.,1.)
  ,.PIECEWISE_BEZIER_KNOTS.);
#4791 = CARTESIAN_POINT('',(-167.,-53.57320853723,-5.12));
#4792 = CARTESIAN_POINT('',(-158.5,-48.83176007381,42.));
#4793 = CARTESIAN_POINT('',(-167.,-54.36271999779,-5.12));
#4794 = CARTESIAN_POINT('',(-158.5,-49.63530279989,42.));
#4795 = CARTESIAN_POINT('',(-166.878797138,-55.15223140101,-5.12));
#4796 = CARTESIAN_POINT('',(-158.3744507868,-50.43884545886,42.));
#4797 = CARTESIAN_POINT('',(-166.6363923705,-55.91941527482,-5.12));
#4798 = CARTESIAN_POINT('',(-158.1233534579,-51.21884892812,
    42.000000000001));
#4799 = CARTESIAN_POINT('',(-166.2779236723,-56.64194226937,-5.12));
#4800 = CARTESIAN_POINT('',(-157.752220825,-51.95177188732,
    41.999999999999));
#4801 = CARTESIAN_POINT('',(-165.8136836837,-57.29906661115,-5.12));
#4802 = CARTESIAN_POINT('',(-157.2720976733,-52.61580279007,42.));
#4803 = CARTESIAN_POINT('',(-165.2583442929,-57.87318902891,-5.12));
#4804 = CARTESIAN_POINT('',(-156.698697091,-53.19256546391,42.));
#4805 = CARTESIAN_POINT('',(-164.6296835181,-58.3508018182,-5.12));
#4806 = CARTESIAN_POINT('',(-156.0509924042,-53.66812781672,42.));
#4807 = DEFINITIONAL_REPRESENTATION('',(#4808),#4867);
#4808 = B_SPLINE_CURVE_WITH_KNOTS('',5,(#4809,#4810,#4811,#4812,#4813,
    #4814,#4815,#4816,#4817,#4818,#4819,#4820,#4821,#4822,#4823,#4824,
    #4825,#4826,#4827,#4828,#4829,#4830,#4831,#4832,#4833,#4834,#4835,
    #4836,#4837,#4838,#4839,#4840,#4841,#4842,#4843,#4844,#4845,#4846,
    #4847,#4848,#4849,#4850,#4851,#4852,#4853,#4854,#4855,#4856,#4857,
    #4858,#4859,#4860,#4861,#4862,#4863,#4864,#4865,#4866),
  .UNSPECIFIED.,.F.,.F.,(6,4,4,4,4,4,4,4,4,4,4,4,4,4,6),(0.,
    0.305996894193,0.609996619307,0.624996718672,0.732997525211,
    0.75499770934,0.780997933535,0.80799817313,0.843998501827,
    0.874998791906,0.892998962766,0.909999125473,0.938999405406,
    0.9539995511,1.),.UNSPECIFIED.);
#4809 = CARTESIAN_POINT('',(0.937466513764,0.787775891341));
#4810 = CARTESIAN_POINT('',(0.880093469507,0.787775891341));
#4811 = CARTESIAN_POINT('',(0.822719501837,0.787775891341));
#4812 = CARTESIAN_POINT('',(0.765347808499,0.787775891341));
#4813 = CARTESIAN_POINT('',(0.707974163794,0.787775891341));
#4814 = CARTESIAN_POINT('',(0.593603813366,0.787775891341));
#4815 = CARTESIAN_POINT('',(0.53660492076,0.787775891341));
#4816 = CARTESIAN_POINT('',(0.479608172423,0.787775891341));
#4817 = CARTESIAN_POINT('',(0.422609482392,0.787775891341));
#4818 = CARTESIAN_POINT('',(0.362799540477,0.787775891341));
#4819 = CARTESIAN_POINT('',(0.359987140762,0.787775891341));
#4820 = CARTESIAN_POINT('',(0.357174741223,0.787775891341));
#4821 = CARTESIAN_POINT('',(0.354362341857,0.787775891341));
#4822 = CARTESIAN_POINT('',(0.331300651371,0.787775891341));
#4823 = CARTESIAN_POINT('',(0.311051366797,0.787775891341));
#4824 = CARTESIAN_POINT('',(0.290802089521,0.787775891341));
#4825 = CARTESIAN_POINT('',(0.270552820122,0.787775891341));
#4826 = CARTESIAN_POINT('',(0.246178706004,0.787775891341));
#4827 = CARTESIAN_POINT('',(0.242053853095,0.787775891341));
#4828 = CARTESIAN_POINT('',(0.237929000441,0.787775891341));
#4829 = CARTESIAN_POINT('',(0.233804148036,0.787775891341));
#4830 = CARTESIAN_POINT('',(0.224804469353,0.787775891341));
#4831 = CARTESIAN_POINT('',(0.219929643168,0.787775891341));
#4832 = CARTESIAN_POINT('',(0.215054817307,0.787775891341));
#4833 = CARTESIAN_POINT('',(0.210179991759,0.787775891341));
#4834 = CARTESIAN_POINT('',(0.20024284672,0.787775891341));
#4835 = CARTESIAN_POINT('',(0.195180527248,0.787775891341));
#4836 = CARTESIAN_POINT('',(0.190118208086,0.787775891341));
#4837 = CARTESIAN_POINT('',(0.185055889221,0.787775891341));
#4838 = CARTESIAN_POINT('',(0.173243810806,0.787775891341));
#4839 = CARTESIAN_POINT('',(0.166494051465,0.787775891341));
#4840 = CARTESIAN_POINT('',(0.159744292593,0.787775891341));
#4841 = CARTESIAN_POINT('',(0.152994534163,0.787775891341));
#4842 = CARTESIAN_POINT('',(0.140432483204,0.787775891341));
#4843 = CARTESIAN_POINT('',(0.134620190558,0.787775891341));
#4844 = CARTESIAN_POINT('',(0.128807898191,0.787775891341));
#4845 = CARTESIAN_POINT('',(0.122995606085,0.787775891341));
#4846 = CARTESIAN_POINT('',(0.113808434619,0.787775891341));
#4847 = CARTESIAN_POINT('',(0.110433555097,0.787775891341));
#4848 = CARTESIAN_POINT('',(0.107058675651,0.787775891341));
#4849 = CARTESIAN_POINT('',(0.103683796278,0.787775891341));
#4850 = CARTESIAN_POINT('',(9.712153071135E-02,0.787775891341));
#4851 = CARTESIAN_POINT('',(9.393414451048E-02,0.787775891341));
#4852 = CARTESIAN_POINT('',(9.074675836692E-02,0.787775891341));
#4853 = CARTESIAN_POINT('',(8.755937227743E-02,0.787775891341));
#4854 = CARTESIAN_POINT('',(7.893468019873E-02,0.787775891341));
#4855 = CARTESIAN_POINT('',(7.349737430313E-02,0.787775891341));
#4856 = CARTESIAN_POINT('',(6.806006853737E-02,0.787775891341));
#4857 = CARTESIAN_POINT('',(6.262276288736E-02,0.787775891341));
#4858 = CARTESIAN_POINT('',(5.437305774945E-02,0.787775891341));
#4859 = CARTESIAN_POINT('',(5.156065818573E-02,0.787775891341));
#4860 = CARTESIAN_POINT('',(4.874825864643E-02,0.787775891341));
#4861 = CARTESIAN_POINT('',(4.593585912955E-02,0.787775891341));
#4862 = CARTESIAN_POINT('',(3.449876744939E-02,0.787775891341));
#4863 = CARTESIAN_POINT('',(2.587407542811E-02,0.787775891341));
#4864 = CARTESIAN_POINT('',(1.724938353018E-02,0.787775891341));
#4865 = CARTESIAN_POINT('',(8.624691726893E-03,0.787775891341));
#4866 = CARTESIAN_POINT('',(0.,0.787775891341));
#4867 = ( GEOMETRIC_REPRESENTATION_CONTEXT(2) 
PARAMETRIC_REPRESENTATION_CONTEXT() REPRESENTATION_CONTEXT('2D SPACE',''
  ) );
#4868 = ADVANCED_FACE('',(#4869),#762,.T.);
#4869 = FACE_BOUND('',#4870,.T.);
#4870 = EDGE_LOOP('',(#4871,#4872,#4873,#4874));
#4871 = ORIENTED_EDGE('',*,*,#791,.F.);
#4872 = ORIENTED_EDGE('',*,*,#749,.T.);
#4873 = ORIENTED_EDGE('',*,*,#2339,.T.);
#4874 = ORIENTED_EDGE('',*,*,#4875,.F.);
#4875 = EDGE_CURVE('',#792,#2340,#4876,.T.);
#4876 = SURFACE_CURVE('',#4877,(#4880,#4887),.PCURVE_S1.);
#4877 = B_SPLINE_CURVE_WITH_KNOTS('',1,(#4878,#4879),.UNSPECIFIED.,.F.,
  .F.,(2,2),(0.,1.),.PIECEWISE_BEZIER_KNOTS.);
#4878 = CARTESIAN_POINT('',(-170.,-55.55220163849,-5.12));
#4879 = CARTESIAN_POINT('',(-161.5,-50.81441895385,32.));
#4880 = PCURVE('',#762,#4881);
#4881 = DEFINITIONAL_REPRESENTATION('',(#4882),#4886);
#4882 = LINE('',#4883,#4884);
#4883 = CARTESIAN_POINT('',(0.,0.));
#4884 = VECTOR('',#4885,1.);
#4885 = DIRECTION('',(0.,1.));
#4886 = ( GEOMETRIC_REPRESENTATION_CONTEXT(2) 
PARAMETRIC_REPRESENTATION_CONTEXT() REPRESENTATION_CONTEXT('2D SPACE',''
  ) );
#4887 = PCURVE('',#2274,#4888);
#4888 = DEFINITIONAL_REPRESENTATION('',(#4889),#4893);
#4889 = LINE('',#4890,#4891);
#4890 = CARTESIAN_POINT('',(114.05220163849,0.));
#4891 = VECTOR('',#4892,1.);
#4892 = DIRECTION('',(0.,1.));
#4893 = ( GEOMETRIC_REPRESENTATION_CONTEXT(2) 
PARAMETRIC_REPRESENTATION_CONTEXT() REPRESENTATION_CONTEXT('2D SPACE',''
  ) );
#4894 = ADVANCED_FACE('',(#4895),#876,.T.);
#4895 = FACE_BOUND('',#4896,.T.);
#4896 = EDGE_LOOP('',(#4897,#4898,#4899,#5192,#5285,#5286,#5642,#5702,
    #5703,#5723));
#4897 = ORIENTED_EDGE('',*,*,#2291,.F.);
#4898 = ORIENTED_EDGE('',*,*,#1045,.T.);
#4899 = ORIENTED_EDGE('',*,*,#4900,.T.);
#4900 = EDGE_CURVE('',#979,#4901,#4903,.T.);
#4901 = VERTEX_POINT('',#4902);
#4902 = CARTESIAN_POINT('',(-109.6,-89.00689655172,1.829392502145E-14));
#4903 = SURFACE_CURVE('',#4904,(#4998,#5095),.PCURVE_S1.);
#4904 = B_SPLINE_CURVE_WITH_KNOTS('',8,(#4905,#4906,#4907,#4908,#4909,
    #4910,#4911,#4912,#4913,#4914,#4915,#4916,#4917,#4918,#4919,#4920,
    #4921,#4922,#4923,#4924,#4925,#4926,#4927,#4928,#4929,#4930,#4931,
    #4932,#4933,#4934,#4935,#4936,#4937,#4938,#4939,#4940,#4941,#4942,
    #4943,#4944,#4945,#4946,#4947,#4948,#4949,#4950,#4951,#4952,#4953,
    #4954,#4955,#4956,#4957,#4958,#4959,#4960,#4961,#4962,#4963,#4964,
    #4965,#4966,#4967,#4968,#4969,#4970,#4971,#4972,#4973,#4974,#4975,
    #4976,#4977,#4978,#4979,#4980,#4981,#4982,#4983,#4984,#4985,#4986,
    #4987,#4988,#4989,#4990,#4991,#4992,#4993,#4994,#4995,#4996,#4997),
  .UNSPECIFIED.,.F.,.F.,(9,7,7,7,7,7,7,7,7,7,7,7,7,9),(0.,0.15892147993,
    0.204444357301,0.22824690735,0.277721820859,0.31281364188,
    0.354025395866,0.402086341374,0.465867417629,0.553498502269,
    0.790324871408,0.839198093882,0.900584728257,1.),.UNSPECIFIED.);
#4905 = CARTESIAN_POINT('',(-118.7281943673,-90.,-5.12));
#4906 = CARTESIAN_POINT('',(-119.1081379304,-89.95497358304,
    -4.887863805894));
#4907 = CARTESIAN_POINT('',(-119.4731483736,-89.90313362374,
    -4.620600015765));
#4908 = CARTESIAN_POINT('',(-119.8214700488,-89.84431283752,
    -4.317346184585));
#4909 = CARTESIAN_POINT('',(-120.1499446975,-89.77831181078,
    -3.977074224485));
#4910 = CARTESIAN_POINT('',(-120.4543320707,-89.704996425,
    -3.599092680009));
#4911 = CARTESIAN_POINT('',(-120.7293639531,-89.62432404962,
    -3.183181766954));
#4912 = CARTESIAN_POINT('',(-120.9689849607,-89.53640818352,
    -2.729926635069));
#4913 = CARTESIAN_POINT('',(-121.222481485,-89.41424970411,
    -2.100131807899));
#4914 = CARTESIAN_POINT('',(-121.275396617,-89.3864890396,
    -1.957010159719));
#4915 = CARTESIAN_POINT('',(-121.3246064585,-89.35818183131,
    -1.811070774779));
#4916 = CARTESIAN_POINT('',(-121.3699277029,-89.32934580458,
    -1.66240503697));
#4917 = CARTESIAN_POINT('',(-121.4111732104,-89.3000033642,
    -1.511128455468));
#4918 = CARTESIAN_POINT('',(-121.4481562028,-89.27018208748,
    -1.357383206586));
#4919 = CARTESIAN_POINT('',(-121.4806944588,-89.23991521725,
    -1.201340675625));
#4920 = CARTESIAN_POINT('',(-121.5232130676,-89.19320412869,
    -0.960519063512));
#4921 = CARTESIAN_POINT('',(-121.5365489814,-89.17705517392,
    -0.877262230025));
#4922 = CARTESIAN_POINT('',(-121.5485974896,-89.16080105662,
    -0.793463225251));
#4923 = CARTESIAN_POINT('',(-121.5593346203,-89.14444798972,
    -0.709154080335));
#4924 = CARTESIAN_POINT('',(-121.5687374508,-89.12800265034,
    -0.624369219552));
#4925 = CARTESIAN_POINT('',(-121.5767843691,-89.11147219705,
    -0.539145549271));
#4926 = CARTESIAN_POINT('',(-121.5834553343,-89.09486428711,
    -0.453522546918));
#4927 = CARTESIAN_POINT('',(-121.5997002655,-89.04352262718,
    -0.188827766826));
#4928 = CARTESIAN_POINT('',(-121.6046466322,-89.00855405645,
    -8.545357715443E-03));
#4929 = CARTESIAN_POINT('',(-121.6034031724,-88.97336018069,
    0.17289862396));
#4930 = CARTESIAN_POINT('',(-121.5958441012,-88.93802401994,
    0.355076163839));
#4931 = CARTESIAN_POINT('',(-121.5818893881,-88.90263281162,
    0.537537504518));
#4932 = CARTESIAN_POINT('',(-121.561510346,-88.86727799898,
    0.719811205246));
#4933 = CARTESIAN_POINT('',(-121.5347373381,-88.8320552114,
    0.901404243425));
#4934 = CARTESIAN_POINT('',(-121.478215148,-88.7722456581,1.209755718198
    ));
#4935 = CARTESIAN_POINT('',(-121.4515913895,-88.74754108727,
    1.337121505602));
#4936 = CARTESIAN_POINT('',(-121.4218318955,-88.72298521186,
    1.463720685483));
#4937 = CARTESIAN_POINT('',(-121.3889840621,-88.69861099593,
    1.589383309864));
#4938 = CARTESIAN_POINT('',(-121.353108209,-88.67444972853,
    1.713948066227));
#4939 = CARTESIAN_POINT('',(-121.3142766773,-88.65053107248,
    1.837262026311));
#4940 = CARTESIAN_POINT('',(-121.2725729268,-88.62688311305,
    1.959180394908));
#4941 = CARTESIAN_POINT('',(-121.1758507297,-88.57610939085,
    2.220947140467));
#4942 = CARTESIAN_POINT('',(-121.1197755097,-88.54909477315,
    2.360222502845));
#4943 = CARTESIAN_POINT('',(-121.0600150851,-88.5225306917,
    2.497175100526));
#4944 = CARTESIAN_POINT('',(-120.9967319633,-88.49645342278,
    2.631617909198));
#4945 = CARTESIAN_POINT('',(-120.9300976485,-88.47089386576,
    2.763391625407));
#4946 = CARTESIAN_POINT('',(-120.860289243,-88.44587802805,
    2.892362166474));
#4947 = CARTESIAN_POINT('',(-120.7874860479,-88.42142751005,
    3.018418170407));
#4948 = CARTESIAN_POINT('',(-120.6236786283,-88.36972580517,
    3.284969182188));
#4949 = CARTESIAN_POINT('',(-120.5316592097,-88.34268415005,
    3.42438393752));
#4950 = CARTESIAN_POINT('',(-120.4360849293,-88.31646077665,
    3.55957999591));
#4951 = CARTESIAN_POINT('',(-120.3372269264,-88.29107386813,
    3.690463613191));
#4952 = CARTESIAN_POINT('',(-120.2353468687,-88.26653499737,
    3.816975124634));
#4953 = CARTESIAN_POINT('',(-120.1306933616,-88.24285008569,
    3.939084002653));
#4954 = CARTESIAN_POINT('',(-120.0234983573,-88.2200203614,
    4.056783914517));
#4955 = CARTESIAN_POINT('',(-119.7686245872,-88.16887786135,
    4.320451914819));
#4956 = CARTESIAN_POINT('',(-119.6191854328,-88.14121660601,
    4.463061053435));
#4957 = CARTESIAN_POINT('',(-119.466141132,-88.11505048559,
    4.597961940939));
#4958 = CARTESIAN_POINT('',(-119.3099376012,-88.09036382348,
    4.725235398933));
#4959 = CARTESIAN_POINT('',(-119.150979268,-88.06713564809,
    4.844989547578));
#4960 = CARTESIAN_POINT('',(-118.9896266977,-88.04534100758,
    4.957353027581));
#4961 = CARTESIAN_POINT('',(-118.8261942201,-88.02495228448,
    5.062468222194));
#4962 = CARTESIAN_POINT('',(-118.4339092983,-87.97981955937,
    5.295152493888));
#4963 = CARTESIAN_POINT('',(-118.203493933,-87.95630330492,
    5.416391850156));
#4964 = CARTESIAN_POINT('',(-117.9703867286,-87.93531413586,
    5.524602677305));
#4965 = CARTESIAN_POINT('',(-117.735197642,-87.91678119337,
    5.620150291948));
#4966 = CARTESIAN_POINT('',(-117.4984640232,-87.90063832246,
    5.703375759726));
#4967 = CARTESIAN_POINT('',(-117.260651858,-87.88682360043,
    5.774598326634));
#4968 = CARTESIAN_POINT('',(-117.0221555494,-87.87528044225,
    5.834109719954));
#4969 = CARTESIAN_POINT('',(-116.1377697777,-87.84077219492,
    6.01201890616));
#4970 = CARTESIAN_POINT('',(-115.4918303629,-87.83190726639,
    6.057722537717));
#4971 = CARTESIAN_POINT('',(-114.8497085681,-87.83812617449,
    6.025660611479));
#4972 = CARTESIAN_POINT('',(-114.2166789507,-87.85912274549,
    5.917411623218));
#4973 = CARTESIAN_POINT('',(-113.5983873411,-87.8946542229,
    5.734227117448));
#4974 = CARTESIAN_POINT('',(-113.0012958626,-87.94485249452,
    5.475427139357));
#4975 = CARTESIAN_POINT('',(-112.4323022577,-88.00985624588,
    5.140296687901));
#4976 = CARTESIAN_POINT('',(-111.7903147857,-88.10739499517,
    4.637430247097));
#4977 = CARTESIAN_POINT('',(-111.6821197294,-88.12474663024,
    4.547972928494));
#4978 = CARTESIAN_POINT('',(-111.5756434344,-88.14276965009,
    4.455054248378));
#4979 = CARTESIAN_POINT('',(-111.4709867164,-88.16146916184,
    4.358647876738));
#4980 = CARTESIAN_POINT('',(-111.3682589604,-88.18085011645,
    4.258728288513));
#4981 = CARTESIAN_POINT('',(-111.2675780552,-88.20091726884,
    4.155270969519));
#4982 = CARTESIAN_POINT('',(-111.1690703286,-88.2216751379,
    4.048252622372));
#4983 = CARTESIAN_POINT('',(-110.9520398006,-88.27007353884,
    3.798731977528));
#4984 = CARTESIAN_POINT('',(-110.8348582318,-88.29811370579,
    3.654169339017));
#4985 = CARTESIAN_POINT('',(-110.7215872729,-88.32725777604,
    3.503915465708));
#4986 = CARTESIAN_POINT('',(-110.6125238579,-88.35751168108,
    3.347939777522));
#4987 = CARTESIAN_POINT('',(-110.5079972439,-88.38887717741,
    3.186233218648));
#4988 = CARTESIAN_POINT('',(-110.4083658964,-88.42135104878,
    3.018812370711));
#4989 = CARTESIAN_POINT('',(-110.3140143743,-88.45492430833,
    2.845723565934));
#4990 = CARTESIAN_POINT('',(-110.0817591647,-88.54570834603,
    2.377681415989));
#4991 = CARTESIAN_POINT('',(-109.9530141605,-88.60470571639,
    2.073517195502));
#4992 = CARTESIAN_POINT('',(-109.8409503075,-88.66648055287,
    1.755033594052));
#4993 = CARTESIAN_POINT('',(-109.7476095,-88.73085517918,1.423146631766)
  );
#4994 = CARTESIAN_POINT('',(-109.6750679776,-88.79755065723,
    1.079294389351));
#4995 = CARTESIAN_POINT('',(-109.6253101989,-88.86617321664,
    0.725506971981));
#4996 = CARTESIAN_POINT('',(-109.6,-88.93619201068,0.364521189366));
#4997 = CARTESIAN_POINT('',(-109.6,-89.00689655172,1.7763568394E-14));
#4998 = PCURVE('',#876,#4999);
#4999 = DEFINITIONAL_REPRESENTATION('',(#5000),#5094);
#5000 = B_SPLINE_CURVE_WITH_KNOTS('',8,(#5001,#5002,#5003,#5004,#5005,
    #5006,#5007,#5008,#5009,#5010,#5011,#5012,#5013,#5014,#5015,#5016,
    #5017,#5018,#5019,#5020,#5021,#5022,#5023,#5024,#5025,#5026,#5027,
    #5028,#5029,#5030,#5031,#5032,#5033,#5034,#5035,#5036,#5037,#5038,
    #5039,#5040,#5041,#5042,#5043,#5044,#5045,#5046,#5047,#5048,#5049,
    #5050,#5051,#5052,#5053,#5054,#5055,#5056,#5057,#5058,#5059,#5060,
    #5061,#5062,#5063,#5064,#5065,#5066,#5067,#5068,#5069,#5070,#5071,
    #5072,#5073,#5074,#5075,#5076,#5077,#5078,#5079,#5080,#5081,#5082,
    #5083,#5084,#5085,#5086,#5087,#5088,#5089,#5090,#5091,#5092,#5093),
  .UNSPECIFIED.,.F.,.F.,(9,7,7,7,7,7,7,7,7,7,7,7,7,9),(0.,0.15892147993,
    0.204444357301,0.22824690735,0.277721820859,0.31281364188,
    0.354025395866,0.402086341374,0.465867417629,0.553498502269,
    0.790324871408,0.839198093882,0.900584728257,1.),.UNSPECIFIED.);
#5001 = CARTESIAN_POINT('',(10.471805632637,0.));
#5002 = CARTESIAN_POINT('',(10.054441654407,6.253669022245E-03));
#5003 = CARTESIAN_POINT('',(9.646047547284,1.345366336839E-02));
#5004 = CARTESIAN_POINT('',(9.24817162014,2.162321701011E-02));
#5005 = CARTESIAN_POINT('',(8.863742864548,3.079002628004E-02));
#5006 = CARTESIAN_POINT('',(8.496837167575,4.097271874978E-02));
#5007 = CARTESIAN_POINT('',(8.152658713811,5.21772153299E-02));
#5008 = CARTESIAN_POINT('',(7.83737112795,6.4387752288E-02));
#5009 = CARTESIAN_POINT('',(7.478457007319,8.135420776133E-02));
#5010 = CARTESIAN_POINT('',(7.401569102457,8.520985561101E-02));
#5011 = CARTESIAN_POINT('',(7.327899971549,8.914141231739E-02));
#5012 = CARTESIAN_POINT('',(7.257650273946,9.314641602991E-02));
#5013 = CARTESIAN_POINT('',(7.191028988237,9.722175497122E-02));
#5014 = CARTESIAN_POINT('',(7.1282496563,0.10136359896));
#5015 = CARTESIAN_POINT('',(7.069526627342,0.105567330937));
#5016 = CARTESIAN_POINT('',(6.986598242178,0.112054982125));
#5017 = CARTESIAN_POINT('',(6.959292106061,0.11429789251));
#5018 = CARTESIAN_POINT('',(6.933183188442,0.116555408803));
#5019 = CARTESIAN_POINT('',(6.908301416136,0.118826668094));
#5020 = CARTESIAN_POINT('',(6.884676098942,0.121110743008));
#5021 = CARTESIAN_POINT('',(6.862335680655,0.123406639298));
#5022 = CARTESIAN_POINT('',(6.841307490092,0.125713293456));
#5023 = CARTESIAN_POINT('',(6.780690744945,0.132844079557));
#5024 = CARTESIAN_POINT('',(6.745539824484,0.137700825493));
#5025 = CARTESIAN_POINT('',(6.716407119921,0.142588863792));
#5026 = CARTESIAN_POINT('',(6.693496765448,0.147496663897));
#5027 = CARTESIAN_POINT('',(6.676970988606,0.152412109497));
#5028 = CARTESIAN_POINT('',(6.666944267662,0.157322500141));
#5029 = CARTESIAN_POINT('',(6.663475298007,0.162214553972));
#5030 = CARTESIAN_POINT('',(6.668742408133,0.170521436374));
#5031 = CARTESIAN_POINT('',(6.674223756512,0.173952626767));
#5032 = CARTESIAN_POINT('',(6.682999270915,0.177363165018));
#5033 = CARTESIAN_POINT('',(6.69505193056,0.180748472787));
#5034 = CARTESIAN_POINT('',(6.710350149086,0.18410420437));
#5035 = CARTESIAN_POINT('',(6.72884868796,0.187426239933));
#5036 = CARTESIAN_POINT('',(6.75048956989,0.190710678742));
#5037 = CARTESIAN_POINT('',(6.804226378655,0.197762584603));
#5038 = CARTESIAN_POINT('',(6.837489229033,0.20151461484));
#5039 = CARTESIAN_POINT('',(6.874879386761,0.205204070596));
#5040 = CARTESIAN_POINT('',(6.916266739761,0.208825913502));
#5041 = CARTESIAN_POINT('',(6.96150706366,0.212375851978));
#5042 = CARTESIAN_POINT('',(7.010445864973,0.215850273881));
#5043 = CARTESIAN_POINT('',(7.062922224277,0.21924617916));
#5044 = CARTESIAN_POINT('',(7.183905119753,0.226426971503));
#5045 = CARTESIAN_POINT('',(7.253627219517,0.230182756937));
#5046 = CARTESIAN_POINT('',(7.327683199691,0.233824892131));
#5047 = CARTESIAN_POINT('',(7.405816017505,0.237350851648));
#5048 = CARTESIAN_POINT('',(7.487771866785,0.240759028142));
#5049 = CARTESIAN_POINT('',(7.573304718335,0.244048599209));
#5050 = CARTESIAN_POINT('',(7.66218086032,0.247219394249));
#5051 = CARTESIAN_POINT('',(7.876278903095,0.254322519257));
#5052 = CARTESIAN_POINT('',(8.003869562337,0.258164360276));
#5053 = CARTESIAN_POINT('',(8.136455694259,0.261798543668));
#5054 = CARTESIAN_POINT('',(8.273570275916,0.265227246739));
#5055 = CARTESIAN_POINT('',(8.414782759846,0.268453382208));
#5056 = CARTESIAN_POINT('',(8.559702850403,0.271480415614));
#5057 = CARTESIAN_POINT('',(8.70798428008,0.27431218271));
#5058 = CARTESIAN_POINT('',(9.067265899626,0.280580616753));
#5059 = CARTESIAN_POINT('',(9.280941419456,0.283846763205));
#5060 = CARTESIAN_POINT('',(9.499582754013,0.286761925574));
#5061 = CARTESIAN_POINT('',(9.722498277908,0.289335945365));
#5062 = CARTESIAN_POINT('',(9.949073191473,0.291578010768));
#5063 = CARTESIAN_POINT('',(10.178768263009,0.293496722161));
#5064 = CARTESIAN_POINT('',(10.411121253482,0.295099938576));
#5065 = CARTESIAN_POINT('',(11.279846981657,0.299892750705));
#5066 = CARTESIAN_POINT('',(11.928372849003,0.301123990779));
#5067 = CARTESIAN_POINT('',(12.585706481944,0.300260253542));
#5068 = CARTESIAN_POINT('',(13.245960127686,0.297344063126));
#5069 = CARTESIAN_POINT('',(13.902919452255,0.292409135707));
#5070 = CARTESIAN_POINT('',(14.549862374653,0.285437153539));
#5071 = CARTESIAN_POINT('',(15.179660863881,0.276408854739));
#5072 = CARTESIAN_POINT('',(15.908828661556,0.262861806226));
#5073 = CARTESIAN_POINT('',(16.032417466279,0.26045185691));
#5074 = CARTESIAN_POINT('',(16.154768890761,0.257948659708));
#5075 = CARTESIAN_POINT('',(16.275783145758,0.2553515053));
#5076 = CARTESIAN_POINT('',(16.395351756653,0.252659706048));
#5077 = CARTESIAN_POINT('',(16.513357627389,0.24987260155));
#5078 = CARTESIAN_POINT('',(16.629675104403,0.24698956418));
#5079 = CARTESIAN_POINT('',(16.887980054072,0.24026756405));
#5080 = CARTESIAN_POINT('',(17.028905107637,0.236373096417));
#5081 = CARTESIAN_POINT('',(17.166685618102,0.232325308882));
#5082 = CARTESIAN_POINT('',(17.301023921146,0.228123377627));
#5083 = CARTESIAN_POINT('',(17.431586982107,0.223767058692));
#5084 = CARTESIAN_POINT('',(17.558009106816,0.21925679878));
#5085 = CARTESIAN_POINT('',(17.679894652426,0.214593846065));
#5086 = CARTESIAN_POINT('',(17.9861818054,0.201984951939));
#5087 = CARTESIAN_POINT('',(18.162628611808,0.193790872724));
#5088 = CARTESIAN_POINT('',(18.324238271032,0.185211034323));
#5089 = CARTESIAN_POINT('',(18.468820893238,0.176270114002));
#5090 = CARTESIAN_POINT('',(18.594083473676,0.167006853161));
#5091 = CARTESIAN_POINT('',(18.697749296527,0.157475942133));
#5092 = CARTESIAN_POINT('',(18.777771118027,0.147751109627));
#5093 = CARTESIAN_POINT('',(18.832776392808,0.137931034483));
#5094 = ( GEOMETRIC_REPRESENTATION_CONTEXT(2) 
PARAMETRIC_REPRESENTATION_CONTEXT() REPRESENTATION_CONTEXT('2D SPACE',''
  ) );
#5095 = PCURVE('',#1020,#5096);
#5096 = DEFINITIONAL_REPRESENTATION('',(#5097),#5191);
#5097 = B_SPLINE_CURVE_WITH_KNOTS('',8,(#5098,#5099,#5100,#5101,#5102,
    #5103,#5104,#5105,#5106,#5107,#5108,#5109,#5110,#5111,#5112,#5113,
    #5114,#5115,#5116,#5117,#5118,#5119,#5120,#5121,#5122,#5123,#5124,
    #5125,#5126,#5127,#5128,#5129,#5130,#5131,#5132,#5133,#5134,#5135,
    #5136,#5137,#5138,#5139,#5140,#5141,#5142,#5143,#5144,#5145,#5146,
    #5147,#5148,#5149,#5150,#5151,#5152,#5153,#5154,#5155,#5156,#5157,
    #5158,#5159,#5160,#5161,#5162,#5163,#5164,#5165,#5166,#5167,#5168,
    #5169,#5170,#5171,#5172,#5173,#5174,#5175,#5176,#5177,#5178,#5179,
    #5180,#5181,#5182,#5183,#5184,#5185,#5186,#5187,#5188,#5189,#5190),
  .UNSPECIFIED.,.F.,.F.,(9,7,7,7,7,7,7,7,7,7,7,7,7,9),(0.,0.15892147993,
    0.204444357301,0.22824690735,0.277721820859,0.31281364188,
    0.354025395866,0.402086341374,0.465867417629,0.553498502269,
    0.790324871408,0.839198093882,0.900584728257,1.),.UNSPECIFIED.);
#5098 = CARTESIAN_POINT('',(4.163938348368,95.));
#5099 = CARTESIAN_POINT('',(4.089730621211,94.95497358304));
#5100 = CARTESIAN_POINT('',(4.014594233755,94.903133623748));
#5101 = CARTESIAN_POINT('',(3.938081950718,94.844312837527));
#5102 = CARTESIAN_POINT('',(3.859862852461,94.778311810785));
#5103 = CARTESIAN_POINT('',(3.779661139703,94.704996425001));
#5104 = CARTESIAN_POINT('',(3.697203937972,94.624324049625));
#5105 = CARTESIAN_POINT('',(3.612212952788,94.536408183526));
#5106 = CARTESIAN_POINT('',(3.499063345315,94.414249704118));
#5107 = CARTESIAN_POINT('',(3.473641933206,94.386489039601));
#5108 = CARTESIAN_POINT('',(3.447991159438,94.358181831315));
#5109 = CARTESIAN_POINT('',(3.422110270056,94.329345804585));
#5110 = CARTESIAN_POINT('',(3.396000574404,94.300003364207));
#5111 = CARTESIAN_POINT('',(3.369665703541,94.270182087484));
#5112 = CARTESIAN_POINT('',(3.343111868647,94.239915217255));
#5113 = CARTESIAN_POINT('',(3.302354156033,94.193204128698));
#5114 = CARTESIAN_POINT('',(3.288302915604,94.177055173927));
#5115 = CARTESIAN_POINT('',(3.274195822503,94.160801056622));
#5116 = CARTESIAN_POINT('',(3.260034506365,94.14444798972));
#5117 = CARTESIAN_POINT('',(3.245820825288,94.128002650344));
#5118 = CARTESIAN_POINT('',(3.231556889019,94.111472197057));
#5119 = CARTESIAN_POINT('',(3.217245082126,94.094864287118));
#5120 = CARTESIAN_POINT('',(3.173046281113,94.043522627186));
#5121 = CARTESIAN_POINT('',(3.143005145561,94.008554056453));
#5122 = CARTESIAN_POINT('',(3.112793460484,93.973360180697));
#5123 = CARTESIAN_POINT('',(3.082440980578,93.938024019945));
#5124 = CARTESIAN_POINT('',(3.051979155776,93.902632811624));
#5125 = CARTESIAN_POINT('',(3.021442143755,93.867277998983));
#5126 = CARTESIAN_POINT('',(2.990868114484,93.832055211405));
#5127 = CARTESIAN_POINT('',(2.938619938024,93.772245658108));
#5128 = CARTESIAN_POINT('',(2.916940154013,93.747541087276));
#5129 = CARTESIAN_POINT('',(2.895276271778,93.722985211867));
#5130 = CARTESIAN_POINT('',(2.873642069817,93.698610995932));
#5131 = CARTESIAN_POINT('',(2.852050542043,93.674449728534));
#5132 = CARTESIAN_POINT('',(2.830514111721,93.650531072483));
#5133 = CARTESIAN_POINT('',(2.809044845391,93.626883113057));
#5134 = CARTESIAN_POINT('',(2.762534090214,93.576109390858));
#5135 = CARTESIAN_POINT('',(2.737521161144,93.549094773155));
#5136 = CARTESIAN_POINT('',(2.712634262395,93.522530691708));
#5137 = CARTESIAN_POINT('',(2.687888815434,93.496453422785));
#5138 = CARTESIAN_POINT('',(2.663297655943,93.470893865762));
#5139 = CARTESIAN_POINT('',(2.638871409365,93.445878028055));
#5140 = CARTESIAN_POINT('',(2.614618866454,93.42142751005));
#5141 = CARTESIAN_POINT('',(2.562475284605,93.369725805179));
#5142 = CARTESIAN_POINT('',(2.534649055806,93.34268415005));
#5143 = CARTESIAN_POINT('',(2.507077856426,93.316460776655));
#5144 = CARTESIAN_POINT('',(2.479767542878,93.291073868131));
#5145 = CARTESIAN_POINT('',(2.452720940336,93.266534997377));
#5146 = CARTESIAN_POINT('',(2.425938139079,93.242850085692));
#5147 = CARTESIAN_POINT('',(2.399416790839,93.220020361408));
#5148 = CARTESIAN_POINT('',(2.338297269261,93.16887786135));
#5149 = CARTESIAN_POINT('',(2.303897677965,93.141216606015));
#5150 = CARTESIAN_POINT('',(2.269939584533,93.115050485594));
#5151 = CARTESIAN_POINT('',(2.236407595954,93.090363823483));
#5152 = CARTESIAN_POINT('',(2.203284598197,93.067135648099));
#5153 = CARTESIAN_POINT('',(2.170551381472,93.045341007581));
#5154 = CARTESIAN_POINT('',(2.138186265483,93.024952284488));
#5155 = CARTESIAN_POINT('',(2.062169193173,92.979819559375));
#5156 = CARTESIAN_POINT('',(2.018831325436,92.956303304927));
#5157 = CARTESIAN_POINT('',(1.976085702886,92.935314135868));
#5158 = CARTESIAN_POINT('',(1.933874972629,92.916781193372));
#5159 = CARTESIAN_POINT('',(1.892145868804,92.900638322467));
#5160 = CARTESIAN_POINT('',(1.850845958509,92.886823600437));
#5161 = CARTESIAN_POINT('',(1.809921112327,92.87528044225));
#5162 = CARTESIAN_POINT('',(1.659570607795,92.840772194926));
#5163 = CARTESIAN_POINT('',(1.55252480945,92.831907266391));
#5164 = CARTESIAN_POINT('',(1.44665390522,92.838126174497));
#5165 = CARTESIAN_POINT('',(1.341130356574,92.859122745497));
#5166 = CARTESIAN_POINT('',(1.235202089184,92.894654222908));
#5167 = CARTESIAN_POINT('',(1.128087916451,92.944852494521));
#5168 = CARTESIAN_POINT('',(1.018988424593,93.009856245881));
#5169 = CARTESIAN_POINT('',(0.883073564448,93.107394995175));
#5170 = CARTESIAN_POINT('',(0.859683730082,93.124746630249));
#5171 = CARTESIAN_POINT('',(0.836144513091,93.142769650099));
#5172 = CARTESIAN_POINT('',(0.812446322431,93.16146916184));
#5173 = CARTESIAN_POINT('',(0.788579649209,93.180850116452));
#5174 = CARTESIAN_POINT('',(0.764534905681,93.200917268843));
#5175 = CARTESIAN_POINT('',(0.740302264251,93.221675137902));
#5176 = CARTESIAN_POINT('',(0.685185518889,93.270073538842));
#5177 = CARTESIAN_POINT('',(0.654188998586,93.298113705794));
#5178 = CARTESIAN_POINT('',(0.622860542322,93.327257776048));
#5179 = CARTESIAN_POINT('',(0.59118095326,93.357511681084));
#5180 = CARTESIAN_POINT('',(0.559132883619,93.388877177417));
#5181 = CARTESIAN_POINT('',(0.526700487319,93.421351048785));
#5182 = CARTESIAN_POINT('',(0.493869072625,93.454924308332));
#5183 = CARTESIAN_POINT('',(0.40678578929,93.545708346037));
#5184 = CARTESIAN_POINT('',(0.351837216542,93.60470571639));
#5185 = CARTESIAN_POINT('',(0.295749312188,93.666480552878));
#5186 = CARTESIAN_POINT('',(0.238529650426,93.730855179183));
#5187 = CARTESIAN_POINT('',(0.180224347907,93.797550657238));
#5188 = CARTESIAN_POINT('',(0.120917756583,93.866173216642));
#5189 = CARTESIAN_POINT('',(6.075353156092E-02,93.936192010683));
#5190 = CARTESIAN_POINT('',(0.,94.006896551724));
#5191 = ( GEOMETRIC_REPRESENTATION_CONTEXT(2) 
PARAMETRIC_REPRESENTATION_CONTEXT() REPRESENTATION_CONTEXT('2D SPACE',''
  ) );
#5192 = ORIENTED_EDGE('',*,*,#5193,.T.);
#5193 = EDGE_CURVE('',#4901,#956,#5194,.T.);
#5194 = SURFACE_CURVE('',#5195,(#5223,#5254),.PCURVE_S1.);
#5195 = B_SPLINE_CURVE_WITH_KNOTS('',6,(#5196,#5197,#5198,#5199,#5200,
    #5201,#5202,#5203,#5204,#5205,#5206,#5207,#5208,#5209,#5210,#5211,
    #5212,#5213,#5214,#5215,#5216,#5217,#5218,#5219,#5220,#5221,#5222),
  .UNSPECIFIED.,.F.,.F.,(7,5,5,5,5,7),(0.,0.143107763069,0.338262202108,
    0.432262401259,0.592489641621,1.),.UNSPECIFIED.);
#5196 = CARTESIAN_POINT('',(-109.6,-89.00689655172,1.7763568394E-14));
#5197 = CARTESIAN_POINT('',(-109.6,-89.03701138926,-0.155258717994));
#5198 = CARTESIAN_POINT('',(-109.6048211119,-89.06725366955,
    -0.311174474151));
#5199 = CARTESIAN_POINT('',(-109.614539568,-89.09755794773,
    -0.467409863879));
#5200 = CARTESIAN_POINT('',(-109.6291921487,-89.12785667364,
    -0.623616628542));
#5201 = CARTESIAN_POINT('',(-109.6487714003,-89.15808026692,
    -0.779436042788));
#5202 = CARTESIAN_POINT('',(-109.7065622957,-89.2291727552,
    -1.145957315707));
#5203 = CARTESIAN_POINT('',(-109.7489652978,-89.26992100942,
    -1.356037204152));
#5204 = CARTESIAN_POINT('',(-109.800285647,-89.31021692436,
    -1.563785032291));
#5205 = CARTESIAN_POINT('',(-109.8602288179,-89.34989551738,
    -1.768350222938));
#5206 = CARTESIAN_POINT('',(-109.9283773734,-89.38881035033,
    -1.96897780615));
#5207 = CARTESIAN_POINT('',(-110.040748758,-89.44514595817,
    -2.25941916216));
#5208 = CARTESIAN_POINT('',(-110.0790657913,-89.46325368889,
    -2.352774573875));
#5209 = CARTESIAN_POINT('',(-110.1191139523,-89.48114155806,
    -2.444996477107));
#5210 = CARTESIAN_POINT('',(-110.1608344747,-89.49879754139,
    -2.536022880076));
#5211 = CARTESIAN_POINT('',(-110.2041664184,-89.51621110582,
    -2.625799478927));
#5212 = CARTESIAN_POINT('',(-110.3255498388,-89.56262633545,
    -2.865095773898));
#5213 = CARTESIAN_POINT('',(-110.4065537804,-89.59114859755,
    -3.012143880723));
#5214 = CARTESIAN_POINT('',(-110.4917529188,-89.6188948645,
    -3.155191301447));
#5215 = CARTESIAN_POINT('',(-110.5808365158,-89.64583277384,
    -3.294071189606));
#5216 = CARTESIAN_POINT('',(-110.6735009659,-89.67194035668,
    -3.428670283373));
#5217 = CARTESIAN_POINT('',(-111.0135188517,-89.76145703812,
    -3.890178507674));
#5218 = CARTESIAN_POINT('',(-111.2787715779,-89.82021764632,
    -4.193122087709));
#5219 = CARTESIAN_POINT('',(-111.5607257488,-89.87333643131,
    -4.466978934768));
#5220 = CARTESIAN_POINT('',(-111.8554469668,-89.92088070204,
    -4.71209606388));
#5221 = CARTESIAN_POINT('',(-112.1598393672,-89.96302944829,
    -4.929396266742));
#5222 = CARTESIAN_POINT('',(-112.4718056326,-90.,-5.12));
#5223 = PCURVE('',#876,#5224);
#5224 = DEFINITIONAL_REPRESENTATION('',(#5225),#5253);
#5225 = B_SPLINE_CURVE_WITH_KNOTS('',6,(#5226,#5227,#5228,#5229,#5230,
    #5231,#5232,#5233,#5234,#5235,#5236,#5237,#5238,#5239,#5240,#5241,
    #5242,#5243,#5244,#5245,#5246,#5247,#5248,#5249,#5250,#5251,#5252),
  .UNSPECIFIED.,.F.,.F.,(7,5,5,5,5,7),(0.,0.143107763069,0.338262202108,
    0.432262401259,0.592489641621,1.),.UNSPECIFIED.);
#5226 = CARTESIAN_POINT('',(18.832776392808,0.137931034483));
#5227 = CARTESIAN_POINT('',(18.856204519058,0.133748418157));
#5228 = CARTESIAN_POINT('',(18.874864995151,0.129548101451));
#5229 = CARTESIAN_POINT('',(18.88863459653,0.125339173926));
#5230 = CARTESIAN_POINT('',(18.89742856335,0.12113101755));
#5231 = CARTESIAN_POINT('',(18.901205216982,0.116933296261));
#5232 = CARTESIAN_POINT('',(18.898286911312,0.107059339555));
#5233 = CARTESIAN_POINT('',(18.887283488981,0.101399859802));
#5234 = CARTESIAN_POINT('',(18.866973822549,9.580320494907E-02));
#5235 = CARTESIAN_POINT('',(18.837537687402,9.029228925275E-02));
#5236 = CARTESIAN_POINT('',(18.799291448787,8.488745134293E-02));
#5237 = CARTESIAN_POINT('',(18.73019660519,7.706306136422E-02));
#5238 = CARTESIAN_POINT('',(18.705787863183,7.454809876414E-02));
#5239 = CARTESIAN_POINT('',(18.679478278101,7.206367249172E-02));
#5240 = CARTESIAN_POINT('',(18.651318391816,6.961145258416E-02));
#5241 = CARTESIAN_POINT('',(18.621361972221,6.719290196857E-02));
#5242 = CARTESIAN_POINT('',(18.535635687479,6.0746342298E-02));
#5243 = CARTESIAN_POINT('',(18.476548754902,5.678491700638E-02));
#5244 = CARTESIAN_POINT('',(18.41268016811,5.293126881878E-02));
#5245 = CARTESIAN_POINT('',(18.344318968756,4.918989252139E-02));
#5246 = CARTESIAN_POINT('',(18.271754212132,4.556383934878E-02));
#5247 = CARTESIAN_POINT('',(18.000717576704,3.313096692689E-02));
#5248 = CARTESIAN_POINT('',(17.78086666854,2.496977134405E-02));
#5249 = CARTESIAN_POINT('',(17.540113903222,1.759216231767E-02));
#5250 = CARTESIAN_POINT('',(17.282439432323,1.098879138255E-02));
#5251 = CARTESIAN_POINT('',(17.011054336287,5.134798848546E-03));
#5252 = CARTESIAN_POINT('',(16.728194367363,0.));
#5253 = ( GEOMETRIC_REPRESENTATION_CONTEXT(2) 
PARAMETRIC_REPRESENTATION_CONTEXT() REPRESENTATION_CONTEXT('2D SPACE',''
  ) );
#5254 = PCURVE('',#1020,#5255);
#5255 = DEFINITIONAL_REPRESENTATION('',(#5256),#5284);
#5256 = B_SPLINE_CURVE_WITH_KNOTS('',6,(#5257,#5258,#5259,#5260,#5261,
    #5262,#5263,#5264,#5265,#5266,#5267,#5268,#5269,#5270,#5271,#5272,
    #5273,#5274,#5275,#5276,#5277,#5278,#5279,#5280,#5281,#5282,#5283),
  .UNSPECIFIED.,.F.,.F.,(7,5,5,5,5,7),(0.,0.143107763069,0.338262202108,
    0.432262401259,0.592489641621,1.),.UNSPECIFIED.);
#5257 = CARTESIAN_POINT('',(6.28318530718,94.006896551724));
#5258 = CARTESIAN_POINT('',(6.257308854181,94.037011389266));
#5259 = CARTESIAN_POINT('',(6.231322888528,94.067253669555));
#5260 = CARTESIAN_POINT('',(6.205252485863,94.097557947735));
#5261 = CARTESIAN_POINT('',(6.17912312744,94.12785667364));
#5262 = CARTESIAN_POINT('',(6.152961909276,94.15808026692));
#5263 = CARTESIAN_POINT('',(6.091120348481,94.229172755202));
#5264 = CARTESIAN_POINT('',(6.055433650789,94.269921009426));
#5265 = CARTESIAN_POINT('',(6.019817484946,94.310216924367));
#5266 = CARTESIAN_POINT('',(5.984338046025,94.34989551738));
#5267 = CARTESIAN_POINT('',(5.949054388673,94.388810350331));
#5268 = CARTESIAN_POINT('',(5.897150762877,94.445145958178));
#5269 = CARTESIAN_POINT('',(5.880335405468,94.463253688898));
#5270 = CARTESIAN_POINT('',(5.863583480044,94.48114155806));
#5271 = CARTESIAN_POINT('',(5.846899815302,94.498797541394));
#5272 = CARTESIAN_POINT('',(5.830288556663,94.516211105826));
#5273 = CARTESIAN_POINT('',(5.785568237039,94.562626335454));
#5274 = CARTESIAN_POINT('',(5.757603957723,94.591148597554));
#5275 = CARTESIAN_POINT('',(5.729877655758,94.618894864505));
#5276 = CARTESIAN_POINT('',(5.702400593114,94.645832773846));
#5277 = CARTESIAN_POINT('',(5.675179148823,94.671940356689));
#5278 = CARTESIAN_POINT('',(5.579639453214,94.761457038126));
#5279 = CARTESIAN_POINT('',(5.51276744209,94.820217646323));
#5280 = CARTESIAN_POINT('',(5.447566575308,94.873336431313));
#5281 = CARTESIAN_POINT('',(5.383943978302,94.920880702046));
#5282 = CARTESIAN_POINT('',(5.321770523616,94.96302944829));
#5283 = CARTESIAN_POINT('',(5.260839612401,95.));
#5284 = ( GEOMETRIC_REPRESENTATION_CONTEXT(2) 
PARAMETRIC_REPRESENTATION_CONTEXT() REPRESENTATION_CONTEXT('2D SPACE',''
  ) );
#5285 = ORIENTED_EDGE('',*,*,#955,.T.);
#5286 = ORIENTED_EDGE('',*,*,#5287,.T.);
#5287 = EDGE_CURVE('',#889,#5288,#5290,.T.);
#5288 = VERTEX_POINT('',#5289);
#5289 = CARTESIAN_POINT('',(121.6,-89.00689655172,1.829392502145E-14));
#5290 = SURFACE_CURVE('',#5291,(#5406,#5524),.PCURVE_S1.);
#5291 = B_SPLINE_CURVE_WITH_KNOTS('',8,(#5292,#5293,#5294,#5295,#5296,
    #5297,#5298,#5299,#5300,#5301,#5302,#5303,#5304,#5305,#5306,#5307,
    #5308,#5309,#5310,#5311,#5312,#5313,#5314,#5315,#5316,#5317,#5318,
    #5319,#5320,#5321,#5322,#5323,#5324,#5325,#5326,#5327,#5328,#5329,
    #5330,#5331,#5332,#5333,#5334,#5335,#5336,#5337,#5338,#5339,#5340,
    #5341,#5342,#5343,#5344,#5345,#5346,#5347,#5348,#5349,#5350,#5351,
    #5352,#5353,#5354,#5355,#5356,#5357,#5358,#5359,#5360,#5361,#5362,
    #5363,#5364,#5365,#5366,#5367,#5368,#5369,#5370,#5371,#5372,#5373,
    #5374,#5375,#5376,#5377,#5378,#5379,#5380,#5381,#5382,#5383,#5384,
    #5385,#5386,#5387,#5388,#5389,#5390,#5391,#5392,#5393,#5394,#5395,
    #5396,#5397,#5398,#5399,#5400,#5401,#5402,#5403,#5404,#5405),
  .UNSPECIFIED.,.F.,.F.,(9,7,7,7,7,7,7,7,7,7,7,7,7,7,7,7,9),(0.,
    9.118261304324E-02,0.128320753392,0.150174278594,0.194162841485,
    0.246328220451,0.273006113197,0.322923384761,0.38730157552,
    0.438041839757,0.573202138829,0.771462829529,0.83546841943,
    0.883833354319,0.909867559592,0.962879146822,1.),.UNSPECIFIED.);
#5292 = CARTESIAN_POINT('',(112.47180563263,-90.,-5.12));
#5293 = CARTESIAN_POINT('',(112.24043945837,-89.97258121772,
    -4.9786409447));
#5294 = CARTESIAN_POINT('',(112.01303998711,-89.942449815,
    -4.823296824004));
#5295 = CARTESIAN_POINT('',(111.79033272927,-89.90953087701,
    -4.653581410362));
#5296 = CARTESIAN_POINT('',(111.57324696745,-89.87375728581,
    -4.469148673529));
#5297 = CARTESIAN_POINT('',(111.36289957741,-89.83507714508,
    -4.269731059083));
#5298 = CARTESIAN_POINT('',(111.16057502605,-89.79346221375,
    -4.055182968689));
#5299 = CARTESIAN_POINT('',(110.96770154653,-89.74891734868,
    -3.825529442123));
#5300 = CARTESIAN_POINT('',(110.71174563112,-89.68217446638,
    -3.481432804483));
#5301 = CARTESIAN_POINT('',(110.63950206782,-89.66238264439,
    -3.379394966648));
#5302 = CARTESIAN_POINT('',(110.56920172033,-89.64212052289,
    -3.274932473589));
#5303 = CARTESIAN_POINT('',(110.50095795318,-89.62139503168,
    -3.168081052261));
#5304 = CARTESIAN_POINT('',(110.43488723473,-89.60021526595,
    -3.05888759339));
#5305 = CARTESIAN_POINT('',(110.3711077964,-89.5785927545,
    -2.947411534355));
#5306 = CARTESIAN_POINT('',(110.30973829185,-89.55654172798,
    -2.83372624206));
#5307 = CARTESIAN_POINT('',(110.21627163318,-89.52086167272,
    -2.649775734946));
#5308 = CARTESIAN_POINT('',(110.18252201062,-89.50750153362,
    -2.580896795568));
#5309 = CARTESIAN_POINT('',(110.14967162845,-89.49400251863,
    -2.511301873834));
#5310 = CARTESIAN_POINT('',(110.11774426727,-89.48036849702,
    -2.441010917984));
#5311 = CARTESIAN_POINT('',(110.08676331593,-89.46660367623,
    -2.370045619684));
#5312 = CARTESIAN_POINT('',(110.05675163914,-89.45271261957,
    -2.298429505359));
#5313 = CARTESIAN_POINT('',(110.02773144504,-89.43870026396,
    -2.226188027536));
#5314 = CARTESIAN_POINT('',(109.94334878422,-89.39613328682,
    -2.006731612069));
#5315 = CARTESIAN_POINT('',(109.89107299816,-89.36722244999,
    -1.857680186624));
#5316 = CARTESIAN_POINT('',(109.84307709182,-89.33788537811,
    -1.706431282726));
#5317 = CARTESIAN_POINT('',(109.79952097522,-89.30817159098,
    -1.553240202407));
#5318 = CARTESIAN_POINT('',(109.7605413246,-89.27813433236,
    -1.398381446847));
#5319 = CARTESIAN_POINT('',(109.72624873587,-89.24783072516,
    -1.242149516379));
#5320 = CARTESIAN_POINT('',(109.69672487813,-89.2173219266,
    -1.084859710496));
#5321 = CARTESIAN_POINT('',(109.64272208293,-89.15032751576,
    -0.739466303478));
#5322 = CARTESIAN_POINT('',(109.620195199,-89.11377812841,
    -0.551033906468));
#5323 = CARTESIAN_POINT('',(109.6045269673,-89.07713582636,
    -0.362122482567));
#5324 = CARTESIAN_POINT('',(109.59572752597,-89.04050593103,
    -0.173275022198));
#5325 = CARTESIAN_POINT('',(109.59374102082,-89.00398844124,
    1.499292511503E-02));
#5326 = CARTESIAN_POINT('',(109.59845484369,-88.9676780831,
    0.202192993754));
#5327 = CARTESIAN_POINT('',(109.60970626763,-88.93166434866,
    0.38786380245));
#5328 = CARTESIAN_POINT('',(109.63627717329,-88.87780854292,
    0.665520400914));
#5329 = CARTESIAN_POINT('',(109.64692383349,-88.85968373882,
    0.758963835379));
#5330 = CARTESIAN_POINT('',(109.65919939054,-88.8416675547,
    0.851847273546));
#5331 = CARTESIAN_POINT('',(109.67307436159,-88.82376965906,
    0.944120868832));
#5332 = CARTESIAN_POINT('',(109.68851725488,-88.80599897659,
    1.035738609552));
#5333 = CARTESIAN_POINT('',(109.70549497479,-88.78836371927,
    1.126658158396));
#5334 = CARTESIAN_POINT('',(109.72397322689,-88.77087141751,
    1.216840691915));
#5335 = CARTESIAN_POINT('',(109.78123377208,-88.72107928953,
    1.473546773958));
#5336 = CARTESIAN_POINT('',(109.82368063278,-88.68915493959,
    1.63813453364));
#5337 = CARTESIAN_POINT('',(109.87102767179,-88.65779949641,
    1.79978926291));
#5338 = CARTESIAN_POINT('',(109.92303769781,-88.62704864576,
    1.958326981835));
#5339 = CARTESIAN_POINT('',(109.97947145478,-88.59693088393,
    2.113600776172));
#5340 = CARTESIAN_POINT('',(110.04009291508,-88.56746823746,
    2.265497086854));
#5341 = CARTESIAN_POINT('',(110.1046745727,-88.53867698285,
    2.413931999485));
#5342 = CARTESIAN_POINT('',(110.26112541265,-88.47431674789,
    2.745744766403));
#5343 = CARTESIAN_POINT('',(110.35547205231,-88.43920355343,
    2.926772791181));
#5344 = CARTESIAN_POINT('',(110.45558762428,-88.40524961253,
    3.101824219839));
#5345 = CARTESIAN_POINT('',(110.56104178594,-88.37246761439,
    3.270833632434));
#5346 = CARTESIAN_POINT('',(110.67143296491,-88.34086311396,
    3.43377239022));
#5347 = CARTESIAN_POINT('',(110.7863924407,-88.31043553801,
    3.590643448476));
#5348 = CARTESIAN_POINT('',(110.90558842639,-88.28117919129,
    3.741476169334));
#5349 = CARTESIAN_POINT('',(111.12578543466,-88.23094098583,
    4.000482028611));
#5350 = CARTESIAN_POINT('',(111.22528600409,-88.20952047795,
    4.110916646974));
#5351 = CARTESIAN_POINT('',(111.32708633793,-88.18881845403,
    4.217647081418));
#5352 = CARTESIAN_POINT('',(111.43105009293,-88.16883027256,
    4.32069726147));
#5353 = CARTESIAN_POINT('',(111.53705019012,-88.14955098469,
    4.420092701146));
#5354 = CARTESIAN_POINT('',(111.64496890171,-88.13097538339,
    4.515860245629));
#5355 = CARTESIAN_POINT('',(111.75469793796,-88.11309805255,
    4.608027817946));
#5356 = CARTESIAN_POINT('',(112.16299044307,-88.05013752925,
    4.932624293602));
#5357 = CARTESIAN_POINT('',(112.47187858383,-88.00929351138,
    5.143197896845));
#5358 = CARTESIAN_POINT('',(112.79103728174,-87.97325312731,
    5.32900609918));
#5359 = CARTESIAN_POINT('',(113.11893365702,-87.94193584465,
    5.490464089794));
#5360 = CARTESIAN_POINT('',(113.45421525599,-87.91528410099,
    5.627868634885));
#5361 = CARTESIAN_POINT('',(113.79569780745,-87.8932583331,
    5.741423704877));
#5362 = CARTESIAN_POINT('',(114.14237517436,-87.87584452936,
    5.831201537496));
#5363 = CARTESIAN_POINT('',(115.00838567473,-87.84432436899,
    5.993705475413));
#5364 = CARTESIAN_POINT('',(115.53148385737,-87.83560451896,
    6.038661146653));
#5365 = CARTESIAN_POINT('',(116.06088755781,-87.83686789534,
    6.032147739555));
#5366 = CARTESIAN_POINT('',(116.59392027181,-87.84842042789,
    5.972588016185));
#5367 = CARTESIAN_POINT('',(117.12708252245,-87.87067277879,
    5.85786478488));
#5368 = CARTESIAN_POINT('',(117.65595437047,-87.90420501309,
    5.684987488037));
#5369 = CARTESIAN_POINT('',(118.17523888962,-87.94961695089,
    5.45086371985));
#5370 = CARTESIAN_POINT('',(118.84097020354,-88.02680545546,
    5.052914096288));
#5371 = CARTESIAN_POINT('',(119.00166194321,-88.04697912139,
    4.948907640813));
#5372 = CARTESIAN_POINT('',(119.16031909543,-88.06851631168,
    4.837871459749));
#5373 = CARTESIAN_POINT('',(119.31664007997,-88.09144326116,
    4.719670297974));
#5374 = CARTESIAN_POINT('',(119.47027981909,-88.1157836471,
    4.594182086036));
#5375 = CARTESIAN_POINT('',(119.62085196142,-88.14155736382,
    4.46130425762));
#5376 = CARTESIAN_POINT('',(119.76793110599,-88.16877929734,
    4.320960067012));
#5377 = CARTESIAN_POINT('',(120.01920462829,-88.21912883887,
    4.061380208482));
#5378 = CARTESIAN_POINT('',(120.12508895857,-88.24163010315,
    3.945373690391));
#5379 = CARTESIAN_POINT('',(120.2285047353,-88.26496436118,
    3.825072626788));
#5380 = CARTESIAN_POINT('',(120.329229508,-88.28913054925,3.700482501599
    ));
#5381 = CARTESIAN_POINT('',(120.42702498201,-88.31412317768,
    3.571631617247));
#5382 = CARTESIAN_POINT('',(120.52164034321,-88.33993143678,
    3.438575703707));
#5383 = CARTESIAN_POINT('',(120.61281558265,-88.36653830284,
    3.301402527565));
#5384 = CARTESIAN_POINT('',(120.74736835632,-88.40865865836,
    3.084248694629));
#5385 = CARTESIAN_POINT('',(120.79337762521,-88.42362191775,
    3.007104779602));
#5386 = CARTESIAN_POINT('',(120.83827081625,-88.43880547172,
    2.928825123559));
#5387 = CARTESIAN_POINT('',(120.88200577476,-88.45420475769,
    2.849433249222));
#5388 = CARTESIAN_POINT('',(120.92454029921,-88.46981455092,
    2.768956093014));
#5389 = CARTESIAN_POINT('',(120.96583243751,-88.48562891438,
    2.687424263595));
#5390 = CARTESIAN_POINT('',(121.00584078318,-88.50164114862,
    2.604872300401));
#5391 = CARTESIAN_POINT('',(121.1232942062,-88.55083592099,
    2.351245918415));
#5392 = CARTESIAN_POINT('',(121.19658591468,-88.58462292943,
    2.177055119339));
#5393 = CARTESIAN_POINT('',(121.26403878456,-88.61913529426,
    1.999124705118));
#5394 = CARTESIAN_POINT('',(121.32532885179,-88.65429508022,
    1.817856475298));
#5395 = CARTESIAN_POINT('',(121.38017337228,-88.69001557755,
    1.633697466818));
#5396 = CARTESIAN_POINT('',(121.42833761449,-88.72620079284,
    1.447142579135));
#5397 = CARTESIAN_POINT('',(121.46964437318,-88.76274474249,
    1.258738216472));
#5398 = CARTESIAN_POINT('',(121.52803374047,-88.82528945563,
    0.936285473175));
#5399 = CARTESIAN_POINT('',(121.54866902074,-88.85117012362,
    0.802856251546));
#5400 = CARTESIAN_POINT('',(121.56585517433,-88.87713374815,
    0.668999342834));
#5401 = CARTESIAN_POINT('',(121.57957399968,-88.90314234534,
    0.534910575112));
#5402 = CARTESIAN_POINT('',(121.58982479638,-88.92915877073,
    0.400781448639));
#5403 = CARTESIAN_POINT('',(121.59662319717,-88.95514673783,
    0.266799040523));
#5404 = CARTESIAN_POINT('',(121.6,-88.98107083654,0.13314590938));
#5405 = CARTESIAN_POINT('',(121.6,-89.00689655172,1.7763568394E-14));
#5406 = PCURVE('',#876,#5407);
#5407 = DEFINITIONAL_REPRESENTATION('',(#5408),#5523);
#5408 = B_SPLINE_CURVE_WITH_KNOTS('',8,(#5409,#5410,#5411,#5412,#5413,
    #5414,#5415,#5416,#5417,#5418,#5419,#5420,#5421,#5422,#5423,#5424,
    #5425,#5426,#5427,#5428,#5429,#5430,#5431,#5432,#5433,#5434,#5435,
    #5436,#5437,#5438,#5439,#5440,#5441,#5442,#5443,#5444,#5445,#5446,
    #5447,#5448,#5449,#5450,#5451,#5452,#5453,#5454,#5455,#5456,#5457,
    #5458,#5459,#5460,#5461,#5462,#5463,#5464,#5465,#5466,#5467,#5468,
    #5469,#5470,#5471,#5472,#5473,#5474,#5475,#5476,#5477,#5478,#5479,
    #5480,#5481,#5482,#5483,#5484,#5485,#5486,#5487,#5488,#5489,#5490,
    #5491,#5492,#5493,#5494,#5495,#5496,#5497,#5498,#5499,#5500,#5501,
    #5502,#5503,#5504,#5505,#5506,#5507,#5508,#5509,#5510,#5511,#5512,
    #5513,#5514,#5515,#5516,#5517,#5518,#5519,#5520,#5521,#5522),
  .UNSPECIFIED.,.F.,.F.,(9,7,7,7,7,7,7,7,7,7,7,7,7,7,7,7,9),(0.,
    9.118261304324E-02,0.128320753392,0.150174278594,0.194162841485,
    0.246328220451,0.273006113197,0.322923384761,0.38730157552,
    0.438041839757,0.573202138829,0.771462829529,0.83546841943,
    0.883833354319,0.909867559592,0.962879146822,1.),.UNSPECIFIED.);
#5409 = CARTESIAN_POINT('',(241.67180563263,0.));
#5410 = CARTESIAN_POINT('',(241.46202580668,3.808164205286E-03));
#5411 = CARTESIAN_POINT('',(241.25825624811,7.993081249885E-03));
#5412 = CARTESIAN_POINT('',(241.06127016282,1.256515597084E-02));
#5413 = CARTESIAN_POINT('',(240.87203982488,1.753371030363E-02));
#5414 = CARTESIAN_POINT('',(240.69171570871,2.290595207213E-02));
#5415 = CARTESIAN_POINT('',(240.52160120264,2.868580364522E-02));
#5416 = CARTESIAN_POINT('',(240.36312290378,3.487259046004E-02));
#5417 = CARTESIAN_POINT('',(240.15860590506,4.414243522406E-02));
#5418 = CARTESIAN_POINT('',(240.10160527902,4.689129938987E-02));
#5419 = CARTESIAN_POINT('',(240.04690023849,4.970548293134E-02));
#5420 = CARTESIAN_POINT('',(239.99459957592,5.25840233766E-02));
#5421 = CARTESIAN_POINT('',(239.94481371414,5.552565750564E-02));
#5422 = CARTESIAN_POINT('',(239.89765316657,5.852878409603E-02));
#5423 = CARTESIAN_POINT('',(239.85322699753,6.159142666864E-02));
#5424 = CARTESIAN_POINT('',(239.78717063131,6.65469898991E-02));
#5425 = CARTESIAN_POINT('',(239.7636834875,6.840256477457E-02));
#5426 = CARTESIAN_POINT('',(239.74120147972,7.027742796783E-02));
#5427 = CARTESIAN_POINT('',(239.71974575607,7.217104208017E-02));
#5428 = CARTESIAN_POINT('',(239.69933683661,7.40828227456E-02));
#5429 = CARTESIAN_POINT('',(239.67999446618,7.601213617027E-02));
#5430 = CARTESIAN_POINT('',(239.66173746706,7.795829667199E-02));
#5431 = CARTESIAN_POINT('',(239.61005486846,8.387037683003E-02));
#5432 = CARTESIAN_POINT('',(239.57999305914,8.788577083447E-02));
#5433 = CARTESIAN_POINT('',(239.55454661486,9.196036415069E-02));
#5434 = CARTESIAN_POINT('',(239.53384120992,9.608727902998E-02));
#5435 = CARTESIAN_POINT('',(239.51797665817,0.100259120505));
#5436 = CARTESIAN_POINT('',(239.50702382936,0.104467954839));
#5437 = CARTESIAN_POINT('',(239.50102156558,0.108705287972));
#5438 = CARTESIAN_POINT('',(239.49873082789,0.118010067255));
#5439 = CARTESIAN_POINT('',(239.50445488973,0.123086371054));
#5440 = CARTESIAN_POINT('',(239.51715541976,0.128175579672));
#5441 = CARTESIAN_POINT('',(239.53676808889,0.133263065135));
#5442 = CARTESIAN_POINT('',(239.56316612282,0.138334938715));
#5443 = CARTESIAN_POINT('',(239.59616927358,0.143378044013));
#5444 = CARTESIAN_POINT('',(239.63555024185,0.148379951575));
#5445 = CARTESIAN_POINT('',(239.70430172295,0.155859924594));
#5446 = CARTESIAN_POINT('',(239.72916407673,0.158377258496));
#5447 = CARTESIAN_POINT('',(239.75559095165,0.160879506292));
#5448 = CARTESIAN_POINT('',(239.78354580501,0.16336532513));
#5449 = CARTESIAN_POINT('',(239.81299059392,0.165833475473));
#5450 = CARTESIAN_POINT('',(239.84388615799,0.168282816767));
#5451 = CARTESIAN_POINT('',(239.87619260182,0.170712303123));
#5452 = CARTESIAN_POINT('',(239.97288319057,0.177627876454));
#5453 = CARTESIAN_POINT('',(240.04069419255,0.182061813945));
#5454 = CARTESIAN_POINT('',(240.11304022879,0.186416736609));
#5455 = CARTESIAN_POINT('',(240.18965685826,0.190687688088));
#5456 = CARTESIAN_POINT('',(240.2702824961,0.194870710565));
#5457 = CARTESIAN_POINT('',(240.35466325619,0.198962744797));
#5458 = CARTESIAN_POINT('',(240.44255779359,0.202961530159));
#5459 = CARTESIAN_POINT('',(240.65134239874,0.211900451681));
#5460 = CARTESIAN_POINT('',(240.77440457666,0.216777284245));
#5461 = CARTESIAN_POINT('',(240.90245426161,0.221493109371));
#5462 = CARTESIAN_POINT('',(241.03504701711,0.226046164667));
#5463 = CARTESIAN_POINT('',(241.17177195097,0.230435678616));
#5464 = CARTESIAN_POINT('',(241.31225527689,0.234661730832));
#5465 = CARTESIAN_POINT('',(241.4561638761,0.23872511232));
#5466 = CARTESIAN_POINT('',(241.71910371699,0.245702640857));
#5467 = CARTESIAN_POINT('',(241.83693998361,0.248677711395));
#5468 = CARTESIAN_POINT('',(241.95657259104,0.251552992495));
#5469 = CARTESIAN_POINT('',(242.07786581727,0.254329128811));
#5470 = CARTESIAN_POINT('',(242.20069336871,0.257006807682));
#5471 = CARTESIAN_POINT('',(242.32493846311,0.259586752307));
#5472 = CARTESIAN_POINT('',(242.45049391228,0.262069714923));
#5473 = CARTESIAN_POINT('',(242.91494354358,0.270814232047));
#5474 = CARTESIAN_POINT('',(243.26110745229,0.276487012307));
#5475 = CARTESIAN_POINT('',(243.61403130867,0.281492621206));
#5476 = CARTESIAN_POINT('',(243.97218512495,0.285842243798));
#5477 = CARTESIAN_POINT('',(244.33419973637,0.289543874862));
#5478 = CARTESIAN_POINT('',(244.69885977171,0.292603009291));
#5479 = CARTESIAN_POINT('',(245.06510847731,0.295021593144));
#5480 = CARTESIAN_POINT('',(245.97030397799,0.299399393195));
#5481 = CARTESIAN_POINT('',(246.5087116502,0.300610483477));
#5482 = CARTESIAN_POINT('',(247.045285567,0.300435014536));
#5483 = CARTESIAN_POINT('',(247.57690126086,0.298830496126));
#5484 = CARTESIAN_POINT('',(248.09950266482,0.295739891834));
#5485 = CARTESIAN_POINT('',(248.60795256083,0.29108263707));
#5486 = CARTESIAN_POINT('',(249.09621682545,0.284775423487));
#5487 = CARTESIAN_POINT('',(249.70541320542,0.274054797853));
#5488 = CARTESIAN_POINT('',(249.85109566798,0.271252899806));
#5489 = CARTESIAN_POINT('',(249.99350032614,0.268261623377));
#5490 = CARTESIAN_POINT('',(250.1322952346,0.265077324838));
#5491 = CARTESIAN_POINT('',(250.26710707576,0.26169671568));
#5492 = CARTESIAN_POINT('',(250.39752469047,0.258117032802));
#5493 = CARTESIAN_POINT('',(250.52310260871,0.254336208702));
#5494 = CARTESIAN_POINT('',(250.73423886858,0.247343216823));
#5495 = CARTESIAN_POINT('',(250.8220719921,0.244218041228));
#5496 = CARTESIAN_POINT('',(250.90665566781,0.240977172058));
#5497 = CARTESIAN_POINT('',(250.98776564618,0.237620757047));
#5498 = CARTESIAN_POINT('',(251.06516592163,0.234149558654));
#5499 = CARTESIAN_POINT('',(251.13861294309,0.230565078225));
#5500 = CARTESIAN_POINT('',(251.20785982441,0.226869680161));
#5501 = CARTESIAN_POINT('',(251.3075419317,0.221019630782));
#5502 = CARTESIAN_POINT('',(251.3411347154,0.218941400313));
#5503 = CARTESIAN_POINT('',(251.37340034858,0.216832573372));
#5504 = CARTESIAN_POINT('',(251.40430051211,0.214693783654));
#5505 = CARTESIAN_POINT('',(251.43379746842,0.212525756816));
#5506 = CARTESIAN_POINT('',(251.46185440485,0.210329317446));
#5507 = CARTESIAN_POINT('',(251.4884357769,0.208105396024));
#5508 = CARTESIAN_POINT('',(251.56455971407,0.20127278875));
#5509 = CARTESIAN_POINT('',(251.6093617469,0.196580148689));
#5510 = CARTESIAN_POINT('',(251.64761364441,0.191786764685));
#5511 = CARTESIAN_POINT('',(251.67906115604,0.18690346108));
#5512 = CARTESIAN_POINT('',(251.70350016827,0.181942280895));
#5513 = CARTESIAN_POINT('',(251.72078381159,0.17691655655));
#5514 = CARTESIAN_POINT('',(251.7308323927,0.171841007987));
#5515 = CARTESIAN_POINT('',(251.73561645912,0.163154242273));
#5516 = CARTESIAN_POINT('',(251.73403945245,0.159559705052));
#5517 = CARTESIAN_POINT('',(251.72891409152,0.155953646089));
#5518 = CARTESIAN_POINT('',(251.72025748504,0.152341340924));
#5519 = CARTESIAN_POINT('',(251.70810364417,0.148727948509));
#5520 = CARTESIAN_POINT('',(251.69250223626,0.145118508635));
#5521 = CARTESIAN_POINT('',(251.67351733856,0.141517939369));
#5522 = CARTESIAN_POINT('',(251.65122619192,0.137931034483));
#5523 = ( GEOMETRIC_REPRESENTATION_CONTEXT(2) 
PARAMETRIC_REPRESENTATION_CONTEXT() REPRESENTATION_CONTEXT('2D SPACE',''
  ) );
#5524 = PCURVE('',#930,#5525);
#5525 = DEFINITIONAL_REPRESENTATION('',(#5526),#5641);
#5526 = B_SPLINE_CURVE_WITH_KNOTS('',8,(#5527,#5528,#5529,#5530,#5531,
    #5532,#5533,#5534,#5535,#5536,#5537,#5538,#5539,#5540,#5541,#5542,
    #5543,#5544,#5545,#5546,#5547,#5548,#5549,#5550,#5551,#5552,#5553,
    #5554,#5555,#5556,#5557,#5558,#5559,#5560,#5561,#5562,#5563,#5564,
    #5565,#5566,#5567,#5568,#5569,#5570,#5571,#5572,#5573,#5574,#5575,
    #5576,#5577,#5578,#5579,#5580,#5581,#5582,#5583,#5584,#5585,#5586,
    #5587,#5588,#5589,#5590,#5591,#5592,#5593,#5594,#5595,#5596,#5597,
    #5598,#5599,#5600,#5601,#5602,#5603,#5604,#5605,#5606,#5607,#5608,
    #5609,#5610,#5611,#5612,#5613,#5614,#5615,#5616,#5617,#5618,#5619,
    #5620,#5621,#5622,#5623,#5624,#5625,#5626,#5627,#5628,#5629,#5630,
    #5631,#5632,#5633,#5634,#5635,#5636,#5637,#5638,#5639,#5640),
  .UNSPECIFIED.,.F.,.F.,(9,7,7,7,7,7,7,7,7,7,7,7,7,7,7,7,9),(0.,
    9.118261304324E-02,0.128320753392,0.150174278594,0.194162841485,
    0.246328220451,0.273006113197,0.322923384761,0.38730157552,
    0.438041839757,0.573202138829,0.771462829529,0.83546841943,
    0.883833354319,0.909867559592,0.962879146822,1.),.UNSPECIFIED.);
#5527 = CARTESIAN_POINT('',(4.163938348368,95.));
#5528 = CARTESIAN_POINT('',(4.118749642457,94.972581217722));
#5529 = CARTESIAN_POINT('',(4.07290989362,94.942449815001));
#5530 = CARTESIAN_POINT('',(4.026348005553,94.90953087701));
#5531 = CARTESIAN_POINT('',(3.979008585395,94.873757285814));
#5532 = CARTESIAN_POINT('',(3.93084781749,94.835077145081));
#5533 = CARTESIAN_POINT('',(3.88183145008,94.793462213754));
#5534 = CARTESIAN_POINT('',(3.831934894945,94.748917348688));
#5535 = CARTESIAN_POINT('',(3.760459194594,94.682174466387));
#5536 = CARTESIAN_POINT('',(3.73962768795,94.662382644393));
#5537 = CARTESIAN_POINT('',(3.718651772673,94.642120522894));
#5538 = CARTESIAN_POINT('',(3.697533192072,94.621395031688));
#5539 = CARTESIAN_POINT('',(3.676274706275,94.600215265959));
#5540 = CARTESIAN_POINT('',(3.654880218378,94.578592754509));
#5541 = CARTESIAN_POINT('',(3.633354900588,94.556541727986));
#5542 = CARTESIAN_POINT('',(3.598965865937,94.520861672726));
#5543 = CARTESIAN_POINT('',(3.586183382905,94.507501533623));
#5544 = CARTESIAN_POINT('',(3.573359256277,94.494002518632));
#5545 = CARTESIAN_POINT('',(3.560495004073,94.480368497023));
#5546 = CARTESIAN_POINT('',(3.547592292304,94.466603676232));
#5547 = CARTESIAN_POINT('',(3.534652949942,94.452712619574));
#5548 = CARTESIAN_POINT('',(3.521678983893,94.438700263962));
#5549 = CARTESIAN_POINT('',(3.48249226855,94.396133286824));
#5550 = CARTESIAN_POINT('',(3.456178434038,94.367222449992));
#5551 = CARTESIAN_POINT('',(3.429751466798,94.337885378115));
#5552 = CARTESIAN_POINT('',(3.403232076226,94.308171590984));
#5553 = CARTESIAN_POINT('',(3.376641883341,94.278134332363));
#5554 = CARTESIAN_POINT('',(3.350003999371,94.24783072516));
#5555 = CARTESIAN_POINT('',(3.323343604343,94.217321926605));
#5556 = CARTESIAN_POINT('',(3.265078666464,94.150327515761));
#5557 = CARTESIAN_POINT('',(3.233470267361,94.11377812841));
#5558 = CARTESIAN_POINT('',(3.201911421909,94.07713582636));
#5559 = CARTESIAN_POINT('',(3.170443739454,94.04050593103));
#5560 = CARTESIAN_POINT('',(3.139104247602,94.003988441249));
#5561 = CARTESIAN_POINT('',(3.107926929044,93.967678083108));
#5562 = CARTESIAN_POINT('',(3.076943892748,93.931664348663));
#5563 = CARTESIAN_POINT('',(3.030456379581,93.877808542926));
#5564 = CARTESIAN_POINT('',(3.014784265241,93.859683738827));
#5565 = CARTESIAN_POINT('',(2.999173262314,93.8416675547));
#5566 = CARTESIAN_POINT('',(2.983626366039,93.823769659063));
#5567 = CARTESIAN_POINT('',(2.968146176396,93.805998976596));
#5568 = CARTESIAN_POINT('',(2.952734933422,93.788363719277));
#5569 = CARTESIAN_POINT('',(2.93739455253,93.770871417517));
#5570 = CARTESIAN_POINT('',(2.893558753299,93.721079289534));
#5571 = CARTESIAN_POINT('',(2.865245300859,93.689154939596));
#5572 = CARTESIAN_POINT('',(2.837195533092,93.657799496418));
#5573 = CARTESIAN_POINT('',(2.809415237441,93.627048645765));
#5574 = CARTESIAN_POINT('',(2.781907063505,93.596930883932));
#5575 = CARTESIAN_POINT('',(2.754670828348,93.567468237464));
#5576 = CARTESIAN_POINT('',(2.727703821799,93.538676982859));
#5577 = CARTESIAN_POINT('',(2.666562687798,93.474316747896));
#5578 = CARTESIAN_POINT('',(2.632566681885,93.439203553435));
#5579 = CARTESIAN_POINT('',(2.598999294086,93.405249612531));
#5580 = CARTESIAN_POINT('',(2.56584552361,93.372467614399));
#5581 = CARTESIAN_POINT('',(2.533088808525,93.340863113966));
#5582 = CARTESIAN_POINT('',(2.500710665461,93.310435538011));
#5583 = CARTESIAN_POINT('',(2.46869032933,93.281179191293));
#5584 = CARTESIAN_POINT('',(2.412030830374,93.23094098583));
#5585 = CARTESIAN_POINT('',(2.38726644975,93.209520477958));
#5586 = CARTESIAN_POINT('',(2.362700430759,93.188818454035));
#5587 = CARTESIAN_POINT('',(2.338322379232,93.16883027256));
#5588 = CARTESIAN_POINT('',(2.314122149831,93.149550984691));
#5589 = CARTESIAN_POINT('',(2.290089668631,93.130975383391));
#5590 = CARTESIAN_POINT('',(2.26621475572,93.113098052554));
#5591 = CARTESIAN_POINT('',(2.179281569093,93.050137529258));
#5592 = CARTESIAN_POINT('',(2.117143100821,93.009293511388));
#5593 = CARTESIAN_POINT('',(2.055848698486,92.973253127314));
#5594 = CARTESIAN_POINT('',(1.995224612357,92.941935844652));
#5595 = CARTESIAN_POINT('',(1.935114329136,92.915284100992));
#5596 = CARTESIAN_POINT('',(1.875364792509,92.893258333106));
#5597 = CARTESIAN_POINT('',(1.81581682925,92.875844529365));
#5598 = CARTESIAN_POINT('',(1.668962619934,92.844324368993));
#5599 = CARTESIAN_POINT('',(1.581892863189,92.835604518968));
#5600 = CARTESIAN_POINT('',(1.494360295437,92.836867895345));
#5601 = CARTESIAN_POINT('',(1.405850695209,92.848420427895));
#5602 = CARTESIAN_POINT('',(1.315913576698,92.870672778795));
#5603 = CARTESIAN_POINT('',(1.224051210932,92.904205013096));
#5604 = CARTESIAN_POINT('',(1.129743145943,92.949616950891));
#5605 = CARTESIAN_POINT('',(1.000475756694,93.026805455461));
#5606 = CARTESIAN_POINT('',(0.96859373402,93.046979121394));
#5607 = CARTESIAN_POINT('',(0.936353862942,93.068516311687));
#5608 = CARTESIAN_POINT('',(0.903735531906,93.091443261169));
#5609 = CARTESIAN_POINT('',(0.870720463123,93.115783647105));
#5610 = CARTESIAN_POINT('',(0.837292370225,93.141557363824));
#5611 = CARTESIAN_POINT('',(0.803436615917,93.168779297347));
#5612 = CARTESIAN_POINT('',(0.743224009733,93.219128838872));
#5613 = CARTESIAN_POINT('',(0.717057942763,93.241630103157));
#5614 = CARTESIAN_POINT('',(0.690637316016,93.264964361183));
#5615 = CARTESIAN_POINT('',(0.663959807771,93.289130549259));
#5616 = CARTESIAN_POINT('',(0.637025400561,93.314123177689));
#5617 = CARTESIAN_POINT('',(0.609836654447,93.339931436781));
#5618 = CARTESIAN_POINT('',(0.582398980283,93.366538302843));
#5619 = CARTESIAN_POINT('',(0.539822175153,93.408658658369));
#5620 = CARTESIAN_POINT('',(0.524853948086,93.42362191775));
#5621 = CARTESIAN_POINT('',(0.509817754006,93.438805471723));
#5622 = CARTESIAN_POINT('',(0.494715385047,93.454204757694));
#5623 = CARTESIAN_POINT('',(0.479548935018,93.469814550924));
#5624 = CARTESIAN_POINT('',(0.464320831169,93.485628914389));
#5625 = CARTESIAN_POINT('',(0.449033865947,93.501641148629));
#5626 = CARTESIAN_POINT('',(0.402450115735,93.550835920997));
#5627 = CARTESIAN_POINT('',(0.370972918497,93.584622929439));
#5628 = CARTESIAN_POINT('',(0.339292601205,93.619135294266));
#5629 = CARTESIAN_POINT('',(0.307443260009,93.654295080222));
#5630 = CARTESIAN_POINT('',(0.275460999491,93.690015577557));
#5631 = CARTESIAN_POINT('',(0.243385217682,93.72620079284));
#5632 = CARTESIAN_POINT('',(0.211260299644,93.762744742495));
#5633 = CARTESIAN_POINT('',(0.156644192468,93.825289455634));
#5634 = CARTESIAN_POINT('',(0.134149055688,93.851170123622));
#5635 = CARTESIAN_POINT('',(0.111668847115,93.877133748157));
#5636 = CARTESIAN_POINT('',(8.921889202996E-02,93.903142345345));
#5637 = CARTESIAN_POINT('',(6.681355900083E-02,93.929158770738));
#5638 = CARTESIAN_POINT('',(4.44665157301E-02,93.95514673783));
#5639 = CARTESIAN_POINT('',(2.21909848967E-02,93.981070836543));
#5640 = CARTESIAN_POINT('',(0.,94.006896551724));
#5641 = ( GEOMETRIC_REPRESENTATION_CONTEXT(2) 
PARAMETRIC_REPRESENTATION_CONTEXT() REPRESENTATION_CONTEXT('2D SPACE',''
  ) );
#5642 = ORIENTED_EDGE('',*,*,#5643,.T.);
#5643 = EDGE_CURVE('',#5288,#861,#5644,.T.);
#5644 = SURFACE_CURVE('',#5645,(#5662,#5682),.PCURVE_S1.);
#5645 = B_SPLINE_CURVE_WITH_KNOTS('',8,(#5646,#5647,#5648,#5649,#5650,
    #5651,#5652,#5653,#5654,#5655,#5656,#5657,#5658,#5659,#5660,#5661),
  .UNSPECIFIED.,.F.,.F.,(9,7,9),(0.,0.37227211848,1.),.UNSPECIFIED.);
#5646 = CARTESIAN_POINT('',(121.6,-89.00689655172,1.7763568394E-14));
#5647 = CARTESIAN_POINT('',(121.6,-89.07051842212,-0.328006087408));
#5648 = CARTESIAN_POINT('',(121.57950679533,-89.13353592172,
    -0.652896307536));
#5649 = CARTESIAN_POINT('',(121.53920335196,-89.19544847145,
    -0.972089897257));
#5650 = CARTESIAN_POINT('',(121.48026827332,-89.25587041104,
    -1.283598563607));
#5651 = CARTESIAN_POINT('',(121.40409858891,-89.31450695083,
    -1.585902502067));
#5652 = CARTESIAN_POINT('',(121.31216597975,-89.37114093107,
    -1.87788213355));
#5653 = CARTESIAN_POINT('',(121.20592987733,-89.42562437305,
    -2.158774545533));
#5654 = CARTESIAN_POINT('',(120.88573666803,-89.56596373904,
    -2.882301943539));
#5655 = CARTESIAN_POINT('',(120.64812048658,-89.64758980401,
    -3.303129656237));
#5656 = CARTESIAN_POINT('',(120.37981932142,-89.72263157692,
    -3.690011685504));
#5657 = CARTESIAN_POINT('',(120.08586384785,-89.79102823736,
    -4.042634468201));
#5658 = CARTESIAN_POINT('',(119.77062573407,-89.85283039188,
    -4.361258909293));
#5659 = CARTESIAN_POINT('',(119.43765646013,-89.90815490495,
    -4.64648750999));
#5660 = CARTESIAN_POINT('',(119.08964552974,-89.95716508363,
    -4.899162208936));
#5661 = CARTESIAN_POINT('',(118.72819436736,-90.,-5.12));
#5662 = PCURVE('',#876,#5663);
#5663 = DEFINITIONAL_REPRESENTATION('',(#5664),#5681);
#5664 = B_SPLINE_CURVE_WITH_KNOTS('',8,(#5665,#5666,#5667,#5668,#5669,
    #5670,#5671,#5672,#5673,#5674,#5675,#5676,#5677,#5678,#5679,#5680),
  .UNSPECIFIED.,.F.,.F.,(9,7,9),(0.,0.37227211848,1.),.UNSPECIFIED.);
#5665 = CARTESIAN_POINT('',(251.65122619192,0.137931034483));
#5666 = CARTESIAN_POINT('',(251.59631176136,0.129094663594));
#5667 = CARTESIAN_POINT('',(251.52133861178,0.120342233094));
#5668 = CARTESIAN_POINT('',(251.42746162219,0.111743267854));
#5669 = CARTESIAN_POINT('',(251.31623001193,0.103351331799));
#5670 = CARTESIAN_POINT('',(251.18932596037,9.520736794001E-02));
#5671 = CARTESIAN_POINT('',(251.04843128472,8.734153735048E-02));
#5672 = CARTESIAN_POINT('',(250.89514886156,7.977439263112E-02));
#5673 = CARTESIAN_POINT('',(250.45395711927,6.028281402104E-02));
#5674 = CARTESIAN_POINT('',(250.14616745674,4.894586055394E-02));
#5675 = CARTESIAN_POINT('',(249.81361980998,3.852339209312E-02));
#5676 = CARTESIAN_POINT('',(249.46140004813,2.902385592131E-02));
#5677 = CARTESIAN_POINT('',(249.09381035414,2.04402233488E-02));
#5678 = CARTESIAN_POINT('',(248.71425891251,1.275626320069E-02));
#5679 = CARTESIAN_POINT('',(248.32524463941,5.949293940303E-03));
#5680 = CARTESIAN_POINT('',(247.92819436736,0.));
#5681 = ( GEOMETRIC_REPRESENTATION_CONTEXT(2) 
PARAMETRIC_REPRESENTATION_CONTEXT() REPRESENTATION_CONTEXT('2D SPACE',''
  ) );
#5682 = PCURVE('',#930,#5683);
#5683 = DEFINITIONAL_REPRESENTATION('',(#5684),#5701);
#5684 = B_SPLINE_CURVE_WITH_KNOTS('',8,(#5685,#5686,#5687,#5688,#5689,
    #5690,#5691,#5692,#5693,#5694,#5695,#5696,#5697,#5698,#5699,#5700),
  .UNSPECIFIED.,.F.,.F.,(9,7,9),(0.,0.37227211848,1.),.UNSPECIFIED.);
#5685 = CARTESIAN_POINT('',(6.28318530718,94.006896551724));
#5686 = CARTESIAN_POINT('',(6.228517625945,94.070518422127));
#5687 = CARTESIAN_POINT('',(6.174369289492,94.13353592172));
#5688 = CARTESIAN_POINT('',(6.120921252795,94.195448471451));
#5689 = CARTESIAN_POINT('',(6.068276445208,94.255870411044));
#5690 = CARTESIAN_POINT('',(6.016496649169,94.314506950832));
#5691 = CARTESIAN_POINT('',(5.965615511007,94.371140931077));
#5692 = CARTESIAN_POINT('',(5.915639481895,94.425624373056));
#5693 = CARTESIAN_POINT('',(5.78377090391,94.565963739049));
#5694 = CARTESIAN_POINT('',(5.703606144207,94.647589804012));
#5695 = CARTESIAN_POINT('',(5.625681382637,94.72263157693));
#5696 = CARTESIAN_POINT('',(5.549747046575,94.791028237366));
#5697 = CARTESIAN_POINT('',(5.475562625986,94.852830391889));
#5698 = CARTESIAN_POINT('',(5.402886481544,94.908154904955));
#5699 = CARTESIAN_POINT('',(5.331435542555,94.95716508363));
#5700 = CARTESIAN_POINT('',(5.260839612401,95.));
#5701 = ( GEOMETRIC_REPRESENTATION_CONTEXT(2) 
PARAMETRIC_REPRESENTATION_CONTEXT() REPRESENTATION_CONTEXT('2D SPACE',''
  ) );
#5702 = ORIENTED_EDGE('',*,*,#860,.T.);
#5703 = ORIENTED_EDGE('',*,*,#5704,.T.);
#5704 = EDGE_CURVE('',#839,#2653,#5705,.T.);
#5705 = SURFACE_CURVE('',#5706,(#5709,#5716),.PCURVE_S1.);
#5706 = B_SPLINE_CURVE_WITH_KNOTS('',1,(#5707,#5708),.UNSPECIFIED.,.F.,
  .F.,(2,2),(0.,1.),.PIECEWISE_BEZIER_KNOTS.);
#5707 = CARTESIAN_POINT('',(127.15332783652,-90.,-5.12));
#5708 = CARTESIAN_POINT('',(120.74495785546,-82.8,32.));
#5709 = PCURVE('',#876,#5710);
#5710 = DEFINITIONAL_REPRESENTATION('',(#5711),#5715);
#5711 = LINE('',#5712,#5713);
#5712 = CARTESIAN_POINT('',(256.35332783652,0.));
#5713 = VECTOR('',#5714,1.);
#5714 = DIRECTION('',(0.,1.));
#5715 = ( GEOMETRIC_REPRESENTATION_CONTEXT(2) 
PARAMETRIC_REPRESENTATION_CONTEXT() REPRESENTATION_CONTEXT('2D SPACE',''
  ) );
#5716 = PCURVE('',#1107,#5717);
#5717 = DEFINITIONAL_REPRESENTATION('',(#5718),#5722);
#5718 = LINE('',#5719,#5720);
#5719 = CARTESIAN_POINT('',(1.570796326795,0.));
#5720 = VECTOR('',#5721,1.);
#5721 = DIRECTION('',(0.,1.));
#5722 = ( GEOMETRIC_REPRESENTATION_CONTEXT(2) 
PARAMETRIC_REPRESENTATION_CONTEXT() REPRESENTATION_CONTEXT('2D SPACE',''
  ) );
#5723 = ORIENTED_EDGE('',*,*,#2675,.F.);
#5724 = ADVANCED_FACE('',(#5725),#1020,.F.);
#5725 = FACE_BOUND('',#5726,.F.);
#5726 = EDGE_LOOP('',(#5727,#5728,#5751,#6065,#6132,#6210,#6211,#6212));
#5727 = ORIENTED_EDGE('',*,*,#4900,.T.);
#5728 = ORIENTED_EDGE('',*,*,#5729,.F.);
#5729 = EDGE_CURVE('',#5730,#4901,#5732,.T.);
#5730 = VERTEX_POINT('',#5731);
#5731 = CARTESIAN_POINT('',(-109.6,-86.21765704584,1.767458943733E-14));
#5732 = SEAM_CURVE('',#5733,(#5737,#5744),.PCURVE_S1.);
#5733 = LINE('',#5734,#5735);
#5734 = CARTESIAN_POINT('',(-109.6,5.,-2.579799183602E-15));
#5735 = VECTOR('',#5736,1.);
#5736 = DIRECTION('',(0.,-1.,2.22044604925E-16));
#5737 = PCURVE('',#1020,#5738);
#5738 = DEFINITIONAL_REPRESENTATION('',(#5739),#5743);
#5739 = LINE('',#5740,#5741);
#5740 = CARTESIAN_POINT('',(6.28318530718,-0.));
#5741 = VECTOR('',#5742,1.);
#5742 = DIRECTION('',(0.,1.));
#5743 = ( GEOMETRIC_REPRESENTATION_CONTEXT(2) 
PARAMETRIC_REPRESENTATION_CONTEXT() REPRESENTATION_CONTEXT('2D SPACE',''
  ) );
#5744 = PCURVE('',#1020,#5745);
#5745 = DEFINITIONAL_REPRESENTATION('',(#5746),#5750);
#5746 = LINE('',#5747,#5748);
#5747 = CARTESIAN_POINT('',(0.,-0.));
#5748 = VECTOR('',#5749,1.);
#5749 = DIRECTION('',(0.,1.));
#5750 = ( GEOMETRIC_REPRESENTATION_CONTEXT(2) 
PARAMETRIC_REPRESENTATION_CONTEXT() REPRESENTATION_CONTEXT('2D SPACE',''
  ) );
#5751 = ORIENTED_EDGE('',*,*,#5752,.F.);
#5752 = EDGE_CURVE('',#5753,#5730,#5755,.T.);
#5753 = VERTEX_POINT('',#5754);
#5754 = CARTESIAN_POINT('',(-118.7281943673,-87.,-5.12));
#5755 = SURFACE_CURVE('',#5756,(#5857,#5961),.PCURVE_S1.);
#5756 = B_SPLINE_CURVE_WITH_KNOTS('',8,(#5757,#5758,#5759,#5760,#5761,
    #5762,#5763,#5764,#5765,#5766,#5767,#5768,#5769,#5770,#5771,#5772,
    #5773,#5774,#5775,#5776,#5777,#5778,#5779,#5780,#5781,#5782,#5783,
    #5784,#5785,#5786,#5787,#5788,#5789,#5790,#5791,#5792,#5793,#5794,
    #5795,#5796,#5797,#5798,#5799,#5800,#5801,#5802,#5803,#5804,#5805,
    #5806,#5807,#5808,#5809,#5810,#5811,#5812,#5813,#5814,#5815,#5816,
    #5817,#5818,#5819,#5820,#5821,#5822,#5823,#5824,#5825,#5826,#5827,
    #5828,#5829,#5830,#5831,#5832,#5833,#5834,#5835,#5836,#5837,#5838,
    #5839,#5840,#5841,#5842,#5843,#5844,#5845,#5846,#5847,#5848,#5849,
    #5850,#5851,#5852,#5853,#5854,#5855,#5856),.UNSPECIFIED.,.F.,.F.,(9,
    7,7,7,7,7,7,7,7,7,7,7,7,7,9),(0.,0.15186022974,0.196233208346,
    0.220065108218,0.267614481292,0.301790061488,0.343495719032,
    0.391800847665,0.454832909608,0.541984323101,0.748064821284,
    0.833436178561,0.895968419496,0.943789008419,1.),.UNSPECIFIED.);
#5757 = CARTESIAN_POINT('',(-118.7281943673,-87.,-5.12));
#5758 = CARTESIAN_POINT('',(-119.0914095479,-86.96609100057,
    -4.898084437122));
#5759 = CARTESIAN_POINT('',(-119.4416175918,-86.92721696825,
    -4.643675492212));
#5760 = CARTESIAN_POINT('',(-119.7772222123,-86.88323043826,
    -4.355808090398));
#5761 = CARTESIAN_POINT('',(-120.0953873384,-86.83396336513,
    -4.033382467369));
#5762 = CARTESIAN_POINT('',(-120.3922858813,-86.77929058348,
    -3.67557948525));
#5763 = CARTESIAN_POINT('',(-120.663158244,-86.7191506105,
    -3.281996773173));
#5764 = CARTESIAN_POINT('',(-120.9024972701,-86.6535880412,
    -2.85292618078));
#5765 = CARTESIAN_POINT('',(-121.1626619466,-86.56200704867,
    -2.253579463006));
#5766 = CARTESIAN_POINT('',(-121.2182106229,-86.54085767209,
    -2.115168542941));
#5767 = CARTESIAN_POINT('',(-121.2703092694,-86.51927673068,
    -1.973933270828));
#5768 = CARTESIAN_POINT('',(-121.3187803422,-86.4972765212,
    -1.829954122105));
#5769 = CARTESIAN_POINT('',(-121.3634419497,-86.47487284829,
    -1.683334529395));
#5770 = CARTESIAN_POINT('',(-121.4041117413,-86.45208541474,
    -1.534203436473));
#5771 = CARTESIAN_POINT('',(-121.4406107959,-86.42893821171,
    -1.382717852232));
#5772 = CARTESIAN_POINT('',(-121.4900382824,-86.3928501502,
    -1.14654153853));
#5773 = CARTESIAN_POINT('',(-121.5060564085,-86.3801449721,
    -1.063393206318));
#5774 = CARTESIAN_POINT('',(-121.5207953147,-86.3673489257,
    -0.979650191536));
#5775 = CARTESIAN_POINT('',(-121.5342291816,-86.35446693781,
    -0.895344737497));
#5776 = CARTESIAN_POINT('',(-121.5463332214,-86.34150432717,
    -0.810511652272));
#5777 = CARTESIAN_POINT('',(-121.5570839539,-86.32846682042,
    -0.725188413655));
#5778 = CARTESIAN_POINT('',(-121.5664594835,-86.3153605682,
    -0.639415274128));
#5779 = CARTESIAN_POINT('',(-121.5903620424,-86.27591857397,
    -0.381289334124));
#5780 = CARTESIAN_POINT('',(-121.6007321682,-86.24939426597,
    -0.207702473981));
#5781 = CARTESIAN_POINT('',(-121.6053864002,-86.22267528009,
    -3.284155525427E-02));
#5782 = CARTESIAN_POINT('',(-121.604198226,-86.19582081016,
    0.142906031265));
#5783 = CARTESIAN_POINT('',(-121.5970814541,-86.16889321916,
    0.31913215458));
#5784 = CARTESIAN_POINT('',(-121.583995072,-86.1419580652,0.495407773243
    ));
#5785 = CARTESIAN_POINT('',(-121.5649498833,-86.11508413536,
    0.671282714108));
#5786 = CARTESIAN_POINT('',(-121.5220966331,-86.06912394543,
    0.972066623781));
#5787 = CARTESIAN_POINT('',(-121.5011329553,-86.04997131584,
    1.097409944053));
#5788 = CARTESIAN_POINT('',(-121.4771507402,-86.03091167556,
    1.222144701025));
#5789 = CARTESIAN_POINT('',(-121.4501881116,-86.01196991056,
    1.346108029745));
#5790 = CARTESIAN_POINT('',(-121.4202956206,-85.99316974612,
    1.46914466148));
#5791 = CARTESIAN_POINT('',(-121.387535401,-85.97453377716,
    1.591106724972));
#5792 = CARTESIAN_POINT('',(-121.3519803257,-85.95608349865,
    1.711853547712));
#5793 = CARTESIAN_POINT('',(-121.2670144022,-85.9155753451,
    1.976956908168));
#5794 = CARTESIAN_POINT('',(-121.2162738872,-85.89361701045,
    2.12066200933));
#5795 = CARTESIAN_POINT('',(-121.1616406888,-85.87200076025,
    2.262128357864));
#5796 = CARTESIAN_POINT('',(-121.103278791,-85.85075802998,
    2.401150225967));
#5797 = CARTESIAN_POINT('',(-121.0413631663,-85.82991566893,
    2.537551899946));
#5798 = CARTESIAN_POINT('',(-120.9760758522,-85.80949634679,
    2.671185019314));
#5799 = CARTESIAN_POINT('',(-120.907602027,-85.78951896022,
    2.801925915891));
#5800 = CARTESIAN_POINT('',(-120.7533398472,-85.74739030148,
    3.07763458253));
#5801 = CARTESIAN_POINT('',(-120.6665251004,-85.72539496332,
    3.221581851138));
#5802 = CARTESIAN_POINT('',(-120.5759628219,-85.70403511865,
    3.361370167934));
#5803 = CARTESIAN_POINT('',(-120.4819289576,-85.68332658987,
    3.496895984021));
#5804 = CARTESIAN_POINT('',(-120.3846904494,-85.66327970808,
    3.628091688185));
#5805 = CARTESIAN_POINT('',(-120.2845012605,-85.64390009296,3.7549205027
    ));
#5806 = CARTESIAN_POINT('',(-120.1815984025,-85.62518943273,
    3.877371379117));
#5807 = CARTESIAN_POINT('',(-119.9386637608,-85.583602219,4.149536588956
    ));
#5808 = CARTESIAN_POINT('',(-119.7968894944,-85.56119676027,
    4.296167868884));
#5809 = CARTESIAN_POINT('',(-119.6513468213,-85.53992417774,
    4.435385103427));
#5810 = CARTESIAN_POINT('',(-119.5024701011,-85.519773708,4.56725873316)
  );
#5811 = CARTESIAN_POINT('',(-119.3506539714,-85.50073048638,
    4.69188603913));
#5812 = CARTESIAN_POINT('',(-119.1962509263,-85.48277649896,
    4.80938491232));
#5813 = CARTESIAN_POINT('',(-119.039568895,-85.46589153466,
    4.919887623117));
#5814 = CARTESIAN_POINT('',(-118.6614418267,-85.42815652623,
    5.166842289395));
#5815 = CARTESIAN_POINT('',(-118.4382033657,-85.40826618975,
    5.297013491498));
#5816 = CARTESIAN_POINT('',(-118.2118399556,-85.39032448454,
    5.414431984489));
#5817 = CARTESIAN_POINT('',(-117.9829620644,-85.37427802167,
    5.519447169261));
#5818 = CARTESIAN_POINT('',(-117.7521072814,-85.36007694283,
    5.612385340754));
#5819 = CARTESIAN_POINT('',(-117.5197417331,-85.34767444621,
    5.693552790854));
#5820 = CARTESIAN_POINT('',(-117.2862597419,-85.33702756192,
    5.763230733649));
#5821 = CARTESIAN_POINT('',(-116.4980018472,-85.30698688573,
    5.959830270018));
#5822 = CARTESIAN_POINT('',(-115.9406275568,-85.29552358357,
    6.034851214142));
#5823 = CARTESIAN_POINT('',(-115.3832966314,-85.29312238146,
    6.050565747973));
#5824 = CARTESIAN_POINT('',(-114.8296311994,-85.29955614363,
    6.008460348908));
#5825 = CARTESIAN_POINT('',(-114.2833027742,-85.31467541251,
    5.909513133645));
#5826 = CARTESIAN_POINT('',(-113.7481209838,-85.33847815699,
    5.753737394794));
#5827 = CARTESIAN_POINT('',(-113.2279994332,-85.37103695053,
    5.540658179301));
#5828 = CARTESIAN_POINT('',(-112.5198592643,-85.43004711257,
    5.154469452166));
#5829 = CARTESIAN_POINT('',(-112.3159055892,-85.44889344359,
    5.031130685821));
#5830 = CARTESIAN_POINT('',(-112.1157752204,-85.46932224013,
    4.897435561796));
#5831 = CARTESIAN_POINT('',(-111.919890504,-85.4913572939,4.753228376529
    ));
#5832 = CARTESIAN_POINT('',(-111.7287413364,-85.51502334351,
    4.59834722969));
#5833 = CARTESIAN_POINT('',(-111.5428839091,-85.540345468,4.432627992706
    ));
#5834 = CARTESIAN_POINT('',(-111.3629426825,-85.56734947365,
    4.255901777957));
#5835 = CARTESIAN_POINT('',(-111.0626581196,-85.61709536599,
    3.930342549242));
#5836 = CARTESIAN_POINT('',(-110.9392672736,-85.63904181227,
    3.786715250784));
#5837 = CARTESIAN_POINT('',(-110.8197173255,-85.66191292826,
    3.637036502829));
#5838 = CARTESIAN_POINT('',(-110.704322859,-85.68571634928,
    3.481256336356));
#5839 = CARTESIAN_POINT('',(-110.59343547,-85.71045631448,3.319347008527
    ));
#5840 = CARTESIAN_POINT('',(-110.487440468,-85.73613295098,
    3.151307687424));
#5841 = CARTESIAN_POINT('',(-110.3867535779,-85.76274155804,
    2.977169136793));
#5842 = CARTESIAN_POINT('',(-110.2192168155,-85.81132529865,2.6592155455
    ));
#5843 = CARTESIAN_POINT('',(-110.1499843036,-85.83291636083,
    2.517914038552));
#5844 = CARTESIAN_POINT('',(-110.0843197367,-85.85503947343,
    2.373130557213));
#5845 = CARTESIAN_POINT('',(-110.0224373794,-85.87768557391,
    2.224924410737));
#5846 = CARTESIAN_POINT('',(-109.9645617188,-85.90084160411,
    2.073381057542));
#5847 = CARTESIAN_POINT('',(-109.9109230532,-85.9244899728,
    1.918615622404));
#5848 = CARTESIAN_POINT('',(-109.86175308,-85.94860801828,1.760776413642
    ));
#5849 = CARTESIAN_POINT('',(-109.7650049125,-86.00203602348,
    1.411119801858));
#5850 = CARTESIAN_POINT('',(-109.7192136453,-86.0315175562,
    1.218179548807));
#5851 = CARTESIAN_POINT('',(-109.680289909,-86.06156072891,
    1.021563674118));
#5852 = CARTESIAN_POINT('',(-109.6485978403,-86.09210411507,
    0.821674180248));
#5853 = CARTESIAN_POINT('',(-109.6244715648,-86.12307557604,
    0.618983174539));
#5854 = CARTESIAN_POINT('',(-109.6081989447,-86.15439141556,0.4140384026
    ));
#5855 = CARTESIAN_POINT('',(-109.6,-86.18595531448,0.207470219672));
#5856 = CARTESIAN_POINT('',(-109.6,-86.21765704584,1.7763568394E-14));
#5857 = PCURVE('',#1020,#5858);
#5858 = DEFINITIONAL_REPRESENTATION('',(#5859),#5960);
#5859 = B_SPLINE_CURVE_WITH_KNOTS('',8,(#5860,#5861,#5862,#5863,#5864,
    #5865,#5866,#5867,#5868,#5869,#5870,#5871,#5872,#5873,#5874,#5875,
    #5876,#5877,#5878,#5879,#5880,#5881,#5882,#5883,#5884,#5885,#5886,
    #5887,#5888,#5889,#5890,#5891,#5892,#5893,#5894,#5895,#5896,#5897,
    #5898,#5899,#5900,#5901,#5902,#5903,#5904,#5905,#5906,#5907,#5908,
    #5909,#5910,#5911,#5912,#5913,#5914,#5915,#5916,#5917,#5918,#5919,
    #5920,#5921,#5922,#5923,#5924,#5925,#5926,#5927,#5928,#5929,#5930,
    #5931,#5932,#5933,#5934,#5935,#5936,#5937,#5938,#5939,#5940,#5941,
    #5942,#5943,#5944,#5945,#5946,#5947,#5948,#5949,#5950,#5951,#5952,
    #5953,#5954,#5955,#5956,#5957,#5958,#5959),.UNSPECIFIED.,.F.,.F.,(9,
    7,7,7,7,7,7,7,7,7,7,7,7,7,9),(0.,0.15186022974,0.196233208346,
    0.220065108218,0.267614481292,0.301790061488,0.343495719032,
    0.391800847665,0.454832909608,0.541984323101,0.748064821284,
    0.833436178561,0.895968419496,0.943789008419,1.),.UNSPECIFIED.);
#5860 = CARTESIAN_POINT('',(4.163938348368,92.));
#5861 = CARTESIAN_POINT('',(4.092997883417,91.966091000579));
#5862 = CARTESIAN_POINT('',(4.021083766975,91.92721696825));
#5863 = CARTESIAN_POINT('',(3.947795649365,91.883230438261));
#5864 = CARTESIAN_POINT('',(3.872832756842,91.833963365133));
#5865 = CARTESIAN_POINT('',(3.795943677889,91.779290583484));
#5866 = CARTESIAN_POINT('',(3.716883199468,91.719150610502));
#5867 = CARTESIAN_POINT('',(3.635401518099,91.653588041206));
#5868 = CARTESIAN_POINT('',(3.526505269433,91.562007048677));
#5869 = CARTESIAN_POINT('',(3.501657952905,91.540857672096));
#5870 = CARTESIAN_POINT('',(3.476585114281,91.519276730687));
#5871 = CARTESIAN_POINT('',(3.451286282552,91.497276521205));
#5872 = CARTESIAN_POINT('',(3.425762995796,91.474872848295));
#5873 = CARTESIAN_POINT('',(3.400019053332,91.452085414741));
#5874 = CARTESIAN_POINT('',(3.374060767869,91.428938211716));
#5875 = CARTESIAN_POINT('',(3.333845262439,91.3928501502));
#5876 = CARTESIAN_POINT('',(3.319734201475,91.380144972103));
#5877 = CARTESIAN_POINT('',(3.305565576668,91.367348925702));
#5878 = CARTESIAN_POINT('',(3.29134114903,91.354466937818));
#5879 = CARTESIAN_POINT('',(3.277062923786,91.341504327172));
#5880 = CARTESIAN_POINT('',(3.262733175473,91.328466820423));
#5881 = CARTESIAN_POINT('',(3.248354473038,91.315360568203));
#5882 = CARTESIAN_POINT('',(3.205149427928,91.275918573975));
#5883 = CARTESIAN_POINT('',(3.176182171796,91.249394265973));
#5884 = CARTESIAN_POINT('',(3.147054977289,91.22267528009));
#5885 = CARTESIAN_POINT('',(3.11779579958,91.195820810163));
#5886 = CARTESIAN_POINT('',(3.088434148781,91.168893219164));
#5887 = CARTESIAN_POINT('',(3.059001978296,91.141958065209));
#5888 = CARTESIAN_POINT('',(3.029534821003,91.115084135366));
#5889 = CARTESIAN_POINT('',(2.97889794342,91.069123945432));
#5890 = CARTESIAN_POINT('',(2.957723429356,91.049971315849));
#5891 = CARTESIAN_POINT('',(2.936563888515,91.030911675565));
#5892 = CARTESIAN_POINT('',(2.915432640885,91.011969910565));
#5893 = CARTESIAN_POINT('',(2.894342266032,90.993169746124));
#5894 = CARTESIAN_POINT('',(2.873304800131,90.974533777169));
#5895 = CARTESIAN_POINT('',(2.852331932983,90.956083498652));
#5896 = CARTESIAN_POINT('',(2.805934196007,90.915575345102));
#5897 = CARTESIAN_POINT('',(2.780545107954,90.893617010459));
#5898 = CARTESIAN_POINT('',(2.755287982281,90.872000760258));
#5899 = CARTESIAN_POINT('',(2.730179567577,90.850758029988));
#5900 = CARTESIAN_POINT('',(2.705233739584,90.829915668939));
#5901 = CARTESIAN_POINT('',(2.680461921168,90.809496346794));
#5902 = CARTESIAN_POINT('',(2.655873502286,90.78951896022));
#5903 = CARTESIAN_POINT('',(2.603218416807,90.747390301481));
#5904 = CARTESIAN_POINT('',(2.575216657373,90.725394963324));
#5905 = CARTESIAN_POINT('',(2.547480354433,90.704035118652));
#5906 = CARTESIAN_POINT('',(2.520015380988,90.683326589878));
#5907 = CARTESIAN_POINT('',(2.492824419652,90.663279708087));
#5908 = CARTESIAN_POINT('',(2.465907272054,90.643900092966));
#5909 = CARTESIAN_POINT('',(2.439261168228,90.625189432733));
#5910 = CARTESIAN_POINT('',(2.378458403863,90.583602219005));
#5911 = CARTESIAN_POINT('',(2.344491676833,90.561196760272));
#5912 = CARTESIAN_POINT('',(2.310966352466,90.539924177745));
#5913 = CARTESIAN_POINT('',(2.277866709969,90.519773708006));
#5914 = CARTESIAN_POINT('',(2.24517546086,90.500730486381));
#5915 = CARTESIAN_POINT('',(2.212873359599,90.482776498966));
#5916 = CARTESIAN_POINT('',(2.180938814227,90.465891534668));
#5917 = CARTESIAN_POINT('',(2.105667695566,90.428156526238));
#5918 = CARTESIAN_POINT('',(2.06265320145,90.408266189754));
#5919 = CARTESIAN_POINT('',(2.020237983166,90.390324484543));
#5920 = CARTESIAN_POINT('',(1.978364383423,90.374278021675));
#5921 = CARTESIAN_POINT('',(1.936979046489,90.360076942839));
#5922 = CARTESIAN_POINT('',(1.896029621496,90.347674446219));
#5923 = CARTESIAN_POINT('',(1.85546224172,90.337027561921));
#5924 = CARTESIAN_POINT('',(1.720061408158,90.306986885736));
#5925 = CARTESIAN_POINT('',(1.6269006995,90.295523583578));
#5926 = CARTESIAN_POINT('',(1.534828248479,90.293122381464));
#5927 = CARTESIAN_POINT('',(1.443278138375,90.299556143631));
#5928 = CARTESIAN_POINT('',(1.351736004872,90.314675412516));
#5929 = CARTESIAN_POINT('',(1.259689478248,90.338478156993));
#5930 = CARTESIAN_POINT('',(1.166580801719,90.371036950531));
#5931 = CARTESIAN_POINT('',(1.03214739899,90.430047112572));
#5932 = CARTESIAN_POINT('',(0.992462326334,90.448893443593));
#5933 = CARTESIAN_POINT('',(0.952417333654,90.469322240133));
#5934 = CARTESIAN_POINT('',(0.911962445559,90.491357293909));
#5935 = CARTESIAN_POINT('',(0.871048899779,90.515023343511));
#5936 = CARTESIAN_POINT('',(0.829626909697,90.540345468008));
#5937 = CARTESIAN_POINT('',(0.787642748389,90.567349473657));
#5938 = CARTESIAN_POINT('',(0.713826228461,90.61709536599));
#5939 = CARTESIAN_POINT('',(0.682287210259,90.639041812274));
#5940 = CARTESIAN_POINT('',(0.650394576796,90.66191292826));
#5941 = CARTESIAN_POINT('',(0.618127257409,90.685716349283));
#5942 = CARTESIAN_POINT('',(0.585466223549,90.710456314487));
#5943 = CARTESIAN_POINT('',(0.552394078789,90.736132950988));
#5944 = CARTESIAN_POINT('',(0.518894648831,90.762741558045));
#5945 = CARTESIAN_POINT('',(0.458995879375,90.81132529865));
#5946 = CARTESIAN_POINT('',(0.432782022458,90.832916360832));
#5947 = CARTESIAN_POINT('',(0.406305396073,90.855039473431));
#5948 = CARTESIAN_POINT('',(0.379562437865,90.877685573911));
#5949 = CARTESIAN_POINT('',(0.352551871585,90.900841604111));
#5950 = CARTESIAN_POINT('',(0.325274950859,90.924489972808));
#5951 = CARTESIAN_POINT('',(0.297735702955,90.948608018289));
#5952 = CARTESIAN_POINT('',(0.237269928871,91.002036023485));
#5953 = CARTESIAN_POINT('',(0.204242511086,91.031517556209));
#5954 = CARTESIAN_POINT('',(0.170876711093,91.061560728912));
#5955 = CARTESIAN_POINT('',(0.137195392805,91.092104115072));
#5956 = CARTESIAN_POINT('',(0.103226885906,91.123075576047));
#5957 = CARTESIAN_POINT('',(6.900638725631E-02,91.154391415562));
#5958 = CARTESIAN_POINT('',(3.457836994531E-02,91.185955314481));
#5959 = CARTESIAN_POINT('',(0.,91.21765704584));
#5960 = ( GEOMETRIC_REPRESENTATION_CONTEXT(2) 
PARAMETRIC_REPRESENTATION_CONTEXT() REPRESENTATION_CONTEXT('2D SPACE',''
  ) );
#5961 = PCURVE('',#2909,#5962);
#5962 = DEFINITIONAL_REPRESENTATION('',(#5963),#6064);
#5963 = B_SPLINE_CURVE_WITH_KNOTS('',8,(#5964,#5965,#5966,#5967,#5968,
    #5969,#5970,#5971,#5972,#5973,#5974,#5975,#5976,#5977,#5978,#5979,
    #5980,#5981,#5982,#5983,#5984,#5985,#5986,#5987,#5988,#5989,#5990,
    #5991,#5992,#5993,#5994,#5995,#5996,#5997,#5998,#5999,#6000,#6001,
    #6002,#6003,#6004,#6005,#6006,#6007,#6008,#6009,#6010,#6011,#6012,
    #6013,#6014,#6015,#6016,#6017,#6018,#6019,#6020,#6021,#6022,#6023,
    #6024,#6025,#6026,#6027,#6028,#6029,#6030,#6031,#6032,#6033,#6034,
    #6035,#6036,#6037,#6038,#6039,#6040,#6041,#6042,#6043,#6044,#6045,
    #6046,#6047,#6048,#6049,#6050,#6051,#6052,#6053,#6054,#6055,#6056,
    #6057,#6058,#6059,#6060,#6061,#6062,#6063),.UNSPECIFIED.,.F.,.F.,(9,
    7,7,7,7,7,7,7,7,7,7,7,7,7,9),(0.,0.15186022974,0.196233208346,
    0.220065108218,0.267614481292,0.301790061488,0.343495719032,
    0.391800847665,0.454832909608,0.541984323101,0.748064821284,
    0.833436178561,0.895968419496,0.943789008419,1.),.UNSPECIFIED.);
#5964 = CARTESIAN_POINT('',(8.191805632637,0.));
#5965 = CARTESIAN_POINT('',(7.799913878778,4.709583252931E-03));
#5966 = CARTESIAN_POINT('',(7.416614020063,1.010875440976E-02));
#5967 = CARTESIAN_POINT('',(7.043330497357,1.621799468597E-02));
#5968 = CARTESIAN_POINT('',(6.682713092974,2.306064373153E-02));
#5969 = CARTESIAN_POINT('',(6.338445937022,3.065408562714E-02));
#5970 = CARTESIAN_POINT('',(6.015215760908,3.900685965252E-02));
#5971 = CARTESIAN_POINT('',(5.718575242974,4.811277205475E-02));
#5972 = CARTESIAN_POINT('',(5.378164250085,6.083235435047E-02));
#5973 = CARTESIAN_POINT('',(5.304071271639,6.37697677644E-02));
#5974 = CARTESIAN_POINT('',(5.233038810743,6.676712073795E-02));
#5975 = CARTESIAN_POINT('',(5.165256657103,6.982270538826E-02));
#5976 = CARTESIAN_POINT('',(5.100922351462,7.293432662573E-02));
#5977 = CARTESIAN_POINT('',(5.040237650627,7.609924795261E-02));
#5978 = CARTESIAN_POINT('',(4.983404992489,7.931413726164E-02));
#5979 = CARTESIAN_POINT('',(4.902276252678,8.43263680278E-02));
#5980 = CARTESIAN_POINT('',(4.875097408755,8.609097609682E-02));
#5981 = CARTESIAN_POINT('',(4.849118431427,8.786820476367E-02));
#5982 = CARTESIAN_POINT('',(4.824369926484,8.965736974751E-02));
#5983 = CARTESIAN_POINT('',(4.800881838495,9.145773233718E-02));
#5984 = CARTESIAN_POINT('',(4.778683185952,9.326849716352E-02));
#5985 = CARTESIAN_POINT('',(4.757801796409,9.508880997181E-02));
#5986 = CARTESIAN_POINT('',(4.699282340797,0.100566864726));
#5987 = CARTESIAN_POINT('',(4.665644467425,0.104250796393));
#5988 = CARTESIAN_POINT('',(4.637567749931,0.107961766654));
#5989 = CARTESIAN_POINT('',(4.61523531475,0.111691554144));
#5990 = CARTESIAN_POINT('',(4.598792903764,0.115431497338));
#5991 = CARTESIAN_POINT('',(4.58834387557,0.119172490943));
#5992 = CARTESIAN_POINT('',(4.583942390597,0.122904981199));
#5993 = CARTESIAN_POINT('',(4.586765229107,0.129288340912));
#5994 = CARTESIAN_POINT('',(4.591068017666,0.131948428354));
#5995 = CARTESIAN_POINT('',(4.598492724487,0.134595600616));
#5996 = CARTESIAN_POINT('',(4.609024500837,0.13722640131));
#5997 = CARTESIAN_POINT('',(4.622634917728,0.139837535261));
#5998 = CARTESIAN_POINT('',(4.639282813167,0.142425864282));
#5999 = CARTESIAN_POINT('',(4.658915139402,0.144988402965));
#6000 = CARTESIAN_POINT('',(4.708989624226,0.150614535403));
#6001 = CARTESIAN_POINT('',(4.740862214615,0.153664304103));
#6002 = CARTESIAN_POINT('',(4.776969888992,0.156666561075));
#6003 = CARTESIAN_POINT('',(4.817177247204,0.159616940279));
#6004 = CARTESIAN_POINT('',(4.861333481877,0.162511712647));
#6005 = CARTESIAN_POINT('',(4.909276678998,0.165347729612));
#6006 = CARTESIAN_POINT('',(4.960838118508,0.168122366636));
#6007 = CARTESIAN_POINT('',(5.079559526978,0.173973569239));
#6008 = CARTESIAN_POINT('',(5.147897581559,0.177028477316));
#6009 = CARTESIAN_POINT('',(5.22059852543,0.179995122409));
#6010 = CARTESIAN_POINT('',(5.297399140687,0.182871306961));
#6011 = CARTESIAN_POINT('',(5.378039963301,0.185655596099));
#6012 = CARTESIAN_POINT('',(5.462270041694,0.18834720931));
#6013 = CARTESIAN_POINT('',(5.549851695322,0.19094591212));
#6014 = CARTESIAN_POINT('',(5.758934979021,0.196721914027));
#6015 = CARTESIAN_POINT('',(5.882626513831,0.199833783296));
#6016 = CARTESIAN_POINT('',(6.011158218599,0.202788308647));
#6017 = CARTESIAN_POINT('',(6.144080750067,0.205586984999));
#6018 = CARTESIAN_POINT('',(6.280980541031,0.208231876892));
#6019 = CARTESIAN_POINT('',(6.421483260579,0.210725486255));
#6020 = CARTESIAN_POINT('',(6.565257274323,0.213070620185));
#6021 = CARTESIAN_POINT('',(6.914934893799,0.218311593578));
#6022 = CARTESIAN_POINT('',(7.123517729802,0.221074140312));
#6023 = CARTESIAN_POINT('',(7.337012499271,0.223566043813));
#6024 = CARTESIAN_POINT('',(7.554746402401,0.225794719212));
#6025 = CARTESIAN_POINT('',(7.77612268505,0.227767091272));
#6026 = CARTESIAN_POINT('',(8.000619118383,0.229489660247));
#6027 = CARTESIAN_POINT('',(8.227789226046,0.230968394178));
#6028 = CARTESIAN_POINT('',(8.999893616857,0.235140710314));
#6029 = CARTESIAN_POINT('',(9.554385002756,0.236732835614));
#6030 = CARTESIAN_POINT('',(10.11661637842,0.237066335908));
#6031 = CARTESIAN_POINT('',(10.682585256821,0.236172757829));
#6032 = CARTESIAN_POINT('',(11.248303990792,0.234072859373));
#6033 = CARTESIAN_POINT('',(11.809772861736,0.23076692264));
#6034 = CARTESIAN_POINT('',(12.362957876529,0.226244867982));
#6035 = CARTESIAN_POINT('',(13.127667597829,0.218049012143));
#6036 = CARTESIAN_POINT('',(13.349370426242,0.215431466168));
#6037 = CARTESIAN_POINT('',(13.568433402264,0.212594133315));
#6038 = CARTESIAN_POINT('',(13.784440296807,0.209533709179));
#6039 = CARTESIAN_POINT('',(13.996907857062,0.206246757846));
#6040 = CARTESIAN_POINT('',(14.205286828995,0.20272979611));
#6041 = CARTESIAN_POINT('',(14.408960595968,0.19897923977));
#6042 = CARTESIAN_POINT('',(14.752476855479,0.192070088057));
#6043 = CARTESIAN_POINT('',(14.894798256773,0.189021970517));
#6044 = CARTESIAN_POINT('',(15.033934881609,0.18584542663));
#6045 = CARTESIAN_POINT('',(15.169573478881,0.182539395933));
#6046 = CARTESIAN_POINT('',(15.301361229614,0.179103289655));
#6047 = CARTESIAN_POINT('',(15.428908674472,0.175537090141));
#6048 = CARTESIAN_POINT('',(15.551792641263,0.171841450272));
#6049 = CARTESIAN_POINT('',(15.759619352482,0.165093708521));
#6050 = CARTESIAN_POINT('',(15.846680562785,0.162094949884));
#6051 = CARTESIAN_POINT('',(15.930537371211,0.159022295357));
#6052 = CARTESIAN_POINT('',(16.010967188197,0.155877003623));
#6053 = CARTESIAN_POINT('',(16.087734338051,0.152660888318));
#6054 = CARTESIAN_POINT('',(16.160594130228,0.149376392666));
#6055 = CARTESIAN_POINT('',(16.22929693062,0.146026664127));
#6056 = CARTESIAN_POINT('',(16.369168522732,0.138606107849));
#6057 = CARTESIAN_POINT('',(16.438663523839,0.134511450526));
#6058 = CARTESIAN_POINT('',(16.501654149786,0.130338787651));
#6059 = CARTESIAN_POINT('',(16.557729557238,0.126096650684));
#6060 = CARTESIAN_POINT('',(16.606501707608,0.121795058882));
#6061 = CARTESIAN_POINT('',(16.647620986127,0.117445636727));
#6062 = CARTESIAN_POINT('',(16.680796878277,0.113061761878));
#6063 = CARTESIAN_POINT('',(16.705823703582,0.108658743633));
#6064 = ( GEOMETRIC_REPRESENTATION_CONTEXT(2) 
PARAMETRIC_REPRESENTATION_CONTEXT() REPRESENTATION_CONTEXT('2D SPACE',''
  ) );
#6065 = ORIENTED_EDGE('',*,*,#6066,.F.);
#6066 = EDGE_CURVE('',#6067,#5753,#6069,.T.);
#6067 = VERTEX_POINT('',#6068);
#6068 = CARTESIAN_POINT('',(-112.4718056326,-87.,-5.12));
#6069 = SURFACE_CURVE('',#6070,(#6087,#6107),.PCURVE_S1.);
#6070 = B_SPLINE_CURVE_WITH_KNOTS('',8,(#6071,#6072,#6073,#6074,#6075,
    #6076,#6077,#6078,#6079,#6080,#6081,#6082,#6083,#6084,#6085,#6086),
  .UNSPECIFIED.,.F.,.F.,(9,7,9),(0.,0.592122287448,1.),.UNSPECIFIED.);
#6071 = CARTESIAN_POINT('',(-112.4718056326,-87.,-5.12));
#6072 = CARTESIAN_POINT('',(-112.8226387763,-86.83842931492,
    -5.334350442194));
#6073 = CARTESIAN_POINT('',(-113.195449372,-86.69517736119,
    -5.524398034155));
#6074 = CARTESIAN_POINT('',(-113.5908697277,-86.57142206681,
    -5.688580058025));
#6075 = CARTESIAN_POINT('',(-114.0091965464,-86.46929227375,
    -5.824072250149));
#6076 = CARTESIAN_POINT('',(-114.4501361881,-86.39156182809,
    -5.927194641401));
#6077 = CARTESIAN_POINT('',(-114.9127970102,-86.34168932764,
    -5.993358825321));
#6078 = CARTESIAN_POINT('',(-115.3954600813,-86.32354629106,
    -6.017428587183));
#6079 = CARTESIAN_POINT('',(-116.2410131568,-86.35504125657,
    -5.975645266277));
#6080 = CARTESIAN_POINT('',(-116.5946349226,-86.38535273528,
    -5.935432037862));
#6081 = CARTESIAN_POINT('',(-116.9548722379,-86.43476626677,
    -5.869876752745));
#6082 = CARTESIAN_POINT('',(-117.3188242717,-86.50475878341,
    -5.777020014004));
#6083 = CARTESIAN_POINT('',(-117.6828310603,-86.59642888837,
    -5.655404341428));
#6084 = CARTESIAN_POINT('',(-118.0425177465,-86.71021007423,
    -5.504454634853));
#6085 = CARTESIAN_POINT('',(-118.3928262774,-86.84555150216,
    -5.324901673797));
#6086 = CARTESIAN_POINT('',(-118.7281943673,-87.,-5.12));
#6087 = PCURVE('',#1020,#6088);
#6088 = DEFINITIONAL_REPRESENTATION('',(#6089),#6106);
#6089 = B_SPLINE_CURVE_WITH_KNOTS('',8,(#6090,#6091,#6092,#6093,#6094,
    #6095,#6096,#6097,#6098,#6099,#6100,#6101,#6102,#6103,#6104,#6105),
  .UNSPECIFIED.,.F.,.F.,(9,7,9),(0.,0.592122287448,1.),.UNSPECIFIED.);
#6090 = CARTESIAN_POINT('',(5.260839612401,92.));
#6091 = CARTESIAN_POINT('',(5.192317514021,91.838429314929));
#6092 = CARTESIAN_POINT('',(5.122781407553,91.69517736119));
#6093 = CARTESIAN_POINT('',(5.051787745037,91.571422066815));
#6094 = CARTESIAN_POINT('',(4.978985256473,91.469292273757));
#6095 = CARTESIAN_POINT('',(4.904068458549,91.39156182809));
#6096 = CARTESIAN_POINT('',(4.826708662315,91.341689327647));
#6097 = CARTESIAN_POINT('',(4.746560726561,91.323546291068));
#6098 = CARTESIAN_POINT('',(4.605463257351,91.355041256575));
#6099 = CARTESIAN_POINT('',(4.54626736494,91.38535273528));
#6100 = CARTESIAN_POINT('',(4.485471120613,91.434766266775));
#6101 = CARTESIAN_POINT('',(4.423181864153,91.504758783414));
#6102 = CARTESIAN_POINT('',(4.359564127654,91.596428888371));
#6103 = CARTESIAN_POINT('',(4.294863700159,91.710210074231));
#6104 = CARTESIAN_POINT('',(4.229439928428,91.845551502163));
#6105 = CARTESIAN_POINT('',(4.163938348368,92.));
#6106 = ( GEOMETRIC_REPRESENTATION_CONTEXT(2) 
PARAMETRIC_REPRESENTATION_CONTEXT() REPRESENTATION_CONTEXT('2D SPACE',''
  ) );
#6107 = PCURVE('',#6108,#6113);
#6108 = B_SPLINE_SURFACE_WITH_KNOTS('',1,1,(
    (#6109,#6110)
    ,(#6111,#6112
    )),.UNSPECIFIED.,.F.,.F.,.F.,(2,2),(2,2),(2.020683147051,
    251.81931685294),(0.,1.),.PIECEWISE_BEZIER_KNOTS.);
#6109 = CARTESIAN_POINT('',(-104.4679863326,-69.,-29.));
#6110 = CARTESIAN_POINT('',(-124.8993168529,-87.,-5.12));
#6111 = CARTESIAN_POINT('',(104.46798633269,-69.,-29.));
#6112 = CARTESIAN_POINT('',(124.89931685294,-87.,-5.12));
#6113 = DEFINITIONAL_REPRESENTATION('',(#6114),#6131);
#6114 = B_SPLINE_CURVE_WITH_KNOTS('',8,(#6115,#6116,#6117,#6118,#6119,
    #6120,#6121,#6122,#6123,#6124,#6125,#6126,#6127,#6128,#6129,#6130),
  .UNSPECIFIED.,.F.,.F.,(9,7,9),(0.,0.592122287448,1.),.UNSPECIFIED.);
#6115 = CARTESIAN_POINT('',(14.448194367363,1.));
#6116 = CARTESIAN_POINT('',(13.932214365731,0.991023850829));
#6117 = CARTESIAN_POINT('',(13.411249400267,0.983065408955));
#6118 = CARTESIAN_POINT('',(12.886185241848,0.976190114823));
#6119 = CARTESIAN_POINT('',(12.359269455213,0.970516237431));
#6120 = CARTESIAN_POINT('',(11.834110150292,0.966197879338));
#6121 = CARTESIAN_POINT('',(11.315763948403,0.963427184869));
#6122 = CARTESIAN_POINT('',(10.810669857003,0.962419238393));
#6123 = CARTESIAN_POINT('',(9.993603992148,0.964168958699));
#6124 = CARTESIAN_POINT('',(9.670255848679,0.965852929738));
#6125 = CARTESIAN_POINT('',(9.360912000118,0.968598125932));
#6126 = CARTESIAN_POINT('',(9.070284660256,0.972486599079));
#6127 = CARTESIAN_POINT('',(8.803428631009,0.977579382687));
#6128 = CARTESIAN_POINT('',(8.565342732567,0.98390055968));
#6129 = CARTESIAN_POINT('',(8.360525136496,0.991419527898));
#6130 = CARTESIAN_POINT('',(8.191805632637,1.));
#6131 = ( GEOMETRIC_REPRESENTATION_CONTEXT(2) 
PARAMETRIC_REPRESENTATION_CONTEXT() REPRESENTATION_CONTEXT('2D SPACE',''
  ) );
#6132 = ORIENTED_EDGE('',*,*,#6133,.F.);
#6133 = EDGE_CURVE('',#5730,#6067,#6134,.T.);
#6134 = SURFACE_CURVE('',#6135,(#6158,#6184),.PCURVE_S1.);
#6135 = B_SPLINE_CURVE_WITH_KNOTS('',6,(#6136,#6137,#6138,#6139,#6140,
    #6141,#6142,#6143,#6144,#6145,#6146,#6147,#6148,#6149,#6150,#6151,
    #6152,#6153,#6154,#6155,#6156,#6157),.UNSPECIFIED.,.F.,.F.,(7,5,5,5,
    7),(0.,0.108287297006,0.405436057705,0.569777445093,1.),
  .UNSPECIFIED.);
#6136 = CARTESIAN_POINT('',(-109.6,-86.21765704584,1.7763568394E-14));
#6137 = CARTESIAN_POINT('',(-109.6,-86.23586735092,-0.119176329914));
#6138 = CARTESIAN_POINT('',(-109.6028403984,-86.25412631112,
    -0.23867108059));
#6139 = CARTESIAN_POINT('',(-109.608550238,-86.27240980418,
    -0.358326385135));
#6140 = CARTESIAN_POINT('',(-109.6171427961,-86.29069323611,
    -0.47798128971));
#6141 = CARTESIAN_POINT('',(-109.628615585,-86.30895154128,
    -0.597471753528));
#6142 = CARTESIAN_POINT('',(-109.6822860655,-86.37712236475,
    -1.043611920458));
#6143 = CARTESIAN_POINT('',(-109.7431869748,-86.42672423935,
    -1.368228633121));
#6144 = CARTESIAN_POINT('',(-109.8252565371,-86.47539294074,
    -1.686738245518));
#6145 = CARTESIAN_POINT('',(-109.9271357854,-86.52267776969,
    -1.996191181646));
#6146 = CARTESIAN_POINT('',(-110.0469859478,-86.56822197696,
    -2.294252715881));
#6147 = CARTESIAN_POINT('',(-110.257633718,-86.63582988693,
    -2.736708926719));
#6148 = CARTESIAN_POINT('',(-110.3374999764,-86.65929806341,
    -2.890295103922));
#6149 = CARTESIAN_POINT('',(-110.4218789657,-86.68211979035,
    -3.039650627967));
#6150 = CARTESIAN_POINT('',(-110.5104270882,-86.70426781425,
    -3.184597139984));
#6151 = CARTESIAN_POINT('',(-110.6028104388,-86.72572428442,
    -3.325017816968));
#6152 = CARTESIAN_POINT('',(-110.94979192,-86.80081066794,
    -3.816416482433));
#6153 = CARTESIAN_POINT('',(-111.2248538604,-86.85029508787,
    -4.140264519564));
#6154 = CARTESIAN_POINT('',(-111.5185966726,-86.89482942279,
    -4.431717000273));
#6155 = CARTESIAN_POINT('',(-111.8264653728,-86.93449836125,
    -4.691328164235));
#6156 = CARTESIAN_POINT('',(-112.144952708,-86.96948570372,
    -4.920300883284));
#6157 = CARTESIAN_POINT('',(-112.4718056326,-87.,-5.12));
#6158 = PCURVE('',#1020,#6159);
#6159 = DEFINITIONAL_REPRESENTATION('',(#6160),#6183);
#6160 = B_SPLINE_CURVE_WITH_KNOTS('',6,(#6161,#6162,#6163,#6164,#6165,
    #6166,#6167,#6168,#6169,#6170,#6171,#6172,#6173,#6174,#6175,#6176,
    #6177,#6178,#6179,#6180,#6181,#6182),.UNSPECIFIED.,.F.,.F.,(7,5,5,5,
    7),(0.,0.108287297006,0.405436057705,0.569777445093,1.),
  .UNSPECIFIED.);
#6161 = CARTESIAN_POINT('',(6.28318530718,91.21765704584));
#6162 = CARTESIAN_POINT('',(6.263322585527,91.235867350921));
#6163 = CARTESIAN_POINT('',(6.243406861771,91.254126311126));
#6164 = CARTESIAN_POINT('',(6.223450138975,91.27240980418));
#6165 = CARTESIAN_POINT('',(6.20346488983,91.290693236119));
#6166 = CARTESIAN_POINT('',(6.183464056662,91.308951541286));
#6167 = CARTESIAN_POINT('',(6.108571250111,91.377122364756));
#6168 = CARTESIAN_POINT('',(6.053643502052,91.426724239356));
#6169 = CARTESIAN_POINT('',(5.999006839809,91.475392940741));
#6170 = CARTESIAN_POINT('',(5.944878397245,91.522677769691));
#6171 = CARTESIAN_POINT('',(5.891438933471,91.56822197696));
#6172 = CARTESIAN_POINT('',(5.809765467494,91.635829886935));
#6173 = CARTESIAN_POINT('',(5.780931560616,91.659298063418));
#6174 = CARTESIAN_POINT('',(5.752366618298,91.682119790351));
#6175 = CARTESIAN_POINT('',(5.72408184982,91.704267814259));
#6176 = CARTESIAN_POINT('',(5.69608278122,91.725724284426));
#6177 = CARTESIAN_POINT('',(5.595823562101,91.800810667944));
#6178 = CARTESIAN_POINT('',(5.525289760366,91.850295087879));
#6179 = CARTESIAN_POINT('',(5.456683338676,91.894829422792));
#6180 = CARTESIAN_POINT('',(5.389870444082,91.934498361258));
#6181 = CARTESIAN_POINT('',(5.324678074231,91.969485703728));
#6182 = CARTESIAN_POINT('',(5.260839612401,92.));
#6183 = ( GEOMETRIC_REPRESENTATION_CONTEXT(2) 
PARAMETRIC_REPRESENTATION_CONTEXT() REPRESENTATION_CONTEXT('2D SPACE',''
  ) );
#6184 = PCURVE('',#2909,#6185);
#6185 = DEFINITIONAL_REPRESENTATION('',(#6186),#6209);
#6186 = B_SPLINE_CURVE_WITH_KNOTS('',6,(#6187,#6188,#6189,#6190,#6191,
    #6192,#6193,#6194,#6195,#6196,#6197,#6198,#6199,#6200,#6201,#6202,
    #6203,#6204,#6205,#6206,#6207,#6208),.UNSPECIFIED.,.F.,.F.,(7,5,5,5,
    7),(0.,0.108287297006,0.405436057705,0.569777445093,1.),
  .UNSPECIFIED.);
#6187 = CARTESIAN_POINT('',(16.705823703582,0.108658743633));
#6188 = CARTESIAN_POINT('',(16.720199767742,0.106129534594));
#6189 = CARTESIAN_POINT('',(16.731753415535,0.103593567899));
#6190 = CARTESIAN_POINT('',(16.740438065563,0.101054193864));
#6191 = CARTESIAN_POINT('',(16.746222646103,9.851482831686E-02));
#6192 = CARTESIAN_POINT('',(16.74909159511,9.597895259915E-02));
#6193 = CARTESIAN_POINT('',(16.748916616037,8.65107826728E-02));
#6194 = CARTESIAN_POINT('',(16.726834532286,7.962163342272E-02));
#6195 = CARTESIAN_POINT('',(16.682781497505,7.286209156372E-02));
#6196 = CARTESIAN_POINT('',(16.617802035282,6.629475420954E-02));
#6197 = CARTESIAN_POINT('',(16.533486292425,5.996916986671E-02));
#6198 = CARTESIAN_POINT('',(16.375609280749,5.057918237014E-02));
#6199 = CARTESIAN_POINT('',(16.314065395345,4.731971341422E-02));
#6200 = CARTESIAN_POINT('',(16.247512331587,4.415002911786E-02));
#6201 = CARTESIAN_POINT('',(16.176275227909,4.107391468626E-02));
#6202 = CARTESIAN_POINT('',(16.100676105878,3.809384938523E-02));
#6203 = CARTESIAN_POINT('',(15.812486835747,2.766518500778E-02));
#6204 = CARTESIAN_POINT('',(15.576281011088,2.079234890568E-02));
#6205 = CARTESIAN_POINT('',(15.317653212124,1.46070246122E-02));
#6206 = CARTESIAN_POINT('',(15.041217173842,9.097449825239E-03));
#6207 = CARTESIAN_POINT('',(14.750601425056,4.238096704506E-03));
#6208 = CARTESIAN_POINT('',(14.448194367363,0.));
#6209 = ( GEOMETRIC_REPRESENTATION_CONTEXT(2) 
PARAMETRIC_REPRESENTATION_CONTEXT() REPRESENTATION_CONTEXT('2D SPACE',''
  ) );
#6210 = ORIENTED_EDGE('',*,*,#5729,.T.);
#6211 = ORIENTED_EDGE('',*,*,#5193,.T.);
#6212 = ORIENTED_EDGE('',*,*,#978,.T.);
#6213 = ADVANCED_FACE('',(#6214),#930,.F.);
#6214 = FACE_BOUND('',#6215,.F.);
#6215 = EDGE_LOOP('',(#6216,#6217,#6240,#6548,#6631,#6691,#6692,#6693));
#6216 = ORIENTED_EDGE('',*,*,#5287,.T.);
#6217 = ORIENTED_EDGE('',*,*,#6218,.F.);
#6218 = EDGE_CURVE('',#6219,#5288,#6221,.T.);
#6219 = VERTEX_POINT('',#6220);
#6220 = CARTESIAN_POINT('',(121.6,-86.21765704584,1.767458943733E-14));
#6221 = SEAM_CURVE('',#6222,(#6226,#6233),.PCURVE_S1.);
#6222 = LINE('',#6223,#6224);
#6223 = CARTESIAN_POINT('',(121.6,5.,-2.579799183602E-15));
#6224 = VECTOR('',#6225,1.);
#6225 = DIRECTION('',(0.,-1.,2.22044604925E-16));
#6226 = PCURVE('',#930,#6227);
#6227 = DEFINITIONAL_REPRESENTATION('',(#6228),#6232);
#6228 = LINE('',#6229,#6230);
#6229 = CARTESIAN_POINT('',(6.28318530718,-0.));
#6230 = VECTOR('',#6231,1.);
#6231 = DIRECTION('',(0.,1.));
#6232 = ( GEOMETRIC_REPRESENTATION_CONTEXT(2) 
PARAMETRIC_REPRESENTATION_CONTEXT() REPRESENTATION_CONTEXT('2D SPACE',''
  ) );
#6233 = PCURVE('',#930,#6234);
#6234 = DEFINITIONAL_REPRESENTATION('',(#6235),#6239);
#6235 = LINE('',#6236,#6237);
#6236 = CARTESIAN_POINT('',(0.,-0.));
#6237 = VECTOR('',#6238,1.);
#6238 = DIRECTION('',(0.,1.));
#6239 = ( GEOMETRIC_REPRESENTATION_CONTEXT(2) 
PARAMETRIC_REPRESENTATION_CONTEXT() REPRESENTATION_CONTEXT('2D SPACE',''
  ) );
#6240 = ORIENTED_EDGE('',*,*,#6241,.F.);
#6241 = EDGE_CURVE('',#6242,#6219,#6244,.T.);
#6242 = VERTEX_POINT('',#6243);
#6243 = CARTESIAN_POINT('',(112.47180563263,-87.,-5.12));
#6244 = SURFACE_CURVE('',#6245,(#6344,#6446),.PCURVE_S1.);
#6245 = B_SPLINE_CURVE_WITH_KNOTS('',7,(#6246,#6247,#6248,#6249,#6250,
    #6251,#6252,#6253,#6254,#6255,#6256,#6257,#6258,#6259,#6260,#6261,
    #6262,#6263,#6264,#6265,#6266,#6267,#6268,#6269,#6270,#6271,#6272,
    #6273,#6274,#6275,#6276,#6277,#6278,#6279,#6280,#6281,#6282,#6283,
    #6284,#6285,#6286,#6287,#6288,#6289,#6290,#6291,#6292,#6293,#6294,
    #6295,#6296,#6297,#6298,#6299,#6300,#6301,#6302,#6303,#6304,#6305,
    #6306,#6307,#6308,#6309,#6310,#6311,#6312,#6313,#6314,#6315,#6316,
    #6317,#6318,#6319,#6320,#6321,#6322,#6323,#6324,#6325,#6326,#6327,
    #6328,#6329,#6330,#6331,#6332,#6333,#6334,#6335,#6336,#6337,#6338,
    #6339,#6340,#6341,#6342,#6343),.UNSPECIFIED.,.F.,.F.,(8,6,6,6,6,6,6,
    6,6,6,6,6,6,6,6,6,8),(0.,9.904257466779E-02,0.136917020165,
    0.158347692143,0.201839827361,0.237500408062,0.279479888867,
    0.328082528679,0.393342783996,0.443081898122,0.586360965712,
    0.733236139103,0.844881633975,0.893268295557,0.918614598649,
    0.970831666607,1.),.UNSPECIFIED.);
#6246 = CARTESIAN_POINT('',(112.47180563263,-87.,-5.12));
#6247 = CARTESIAN_POINT('',(112.18781920228,-86.97348762877,
    -4.946491259406));
#6248 = CARTESIAN_POINT('',(111.90997548491,-86.94369263119,
    -4.751499553012));
#6249 = CARTESIAN_POINT('',(111.63961070525,-86.91049053459,
    -4.534210276412));
#6250 = CARTESIAN_POINT('',(111.3786322358,-86.87376820408,
    -4.293883024531));
#6251 = CARTESIAN_POINT('',(111.12945515874,-86.83344664719,
    -4.030000835508));
#6252 = CARTESIAN_POINT('',(110.8949237473,-86.7895062208,
    -3.742435156124));
#6253 = CARTESIAN_POINT('',(110.59534830194,-86.72385303618,
    -3.312771536797));
#6254 = CARTESIAN_POINT('',(110.51510396832,-86.70517653098,
    -3.190544186108));
#6255 = CARTESIAN_POINT('',(110.43767174303,-86.6859915114,
    -3.064988891331));
#6256 = CARTESIAN_POINT('',(110.36324879879,-86.66630814507,
    -2.936172193873));
#6257 = CARTESIAN_POINT('',(110.29203830066,-86.64614063016,
    -2.80418701295));
#6258 = CARTESIAN_POINT('',(110.22424510281,-86.62550784498,
    -2.669156896634));
#6259 = CARTESIAN_POINT('',(110.12375976893,-86.59250968537,
    -2.45320227431));
#6260 = CARTESIAN_POINT('',(110.08860695088,-86.58044416855,
    -2.374240169769));
#6261 = CARTESIAN_POINT('',(110.05464970526,-86.56824189506,
    -2.294383068809));
#6262 = CARTESIAN_POINT('',(110.02192420748,-86.55590780944,
    -2.213663330683));
#6263 = CARTESIAN_POINT('',(109.99046573733,-86.54344738846,
    -2.132116797828));
#6264 = CARTESIAN_POINT('',(109.96030832203,-86.5308666768,
    -2.049783029338));
#6265 = CARTESIAN_POINT('',(109.87298808908,-86.4924099685,
    -1.798105238305));
#6266 = CARTESIAN_POINT('',(109.81997838633,-86.46617705146,
    -1.626425370144));
#6267 = CARTESIAN_POINT('',(109.77273478024,-86.43953242852,
    -1.452051115565));
#6268 = CARTESIAN_POINT('',(109.73149538686,-86.41254058212,
    -1.275404476347));
#6269 = CARTESIAN_POINT('',(109.69644881315,-86.38527193641,
    -1.096946339432));
#6270 = CARTESIAN_POINT('',(109.66772604097,-86.3578031734,
    -0.917178545918));
#6271 = CARTESIAN_POINT('',(109.6270801777,-86.30759922101,
    -0.588621568632));
#6272 = CARTESIAN_POINT('',(109.61306136415,-86.28490004382,
    -0.440068064561));
#6273 = CARTESIAN_POINT('',(109.60337195841,-86.26216524771,
    -0.291281454473));
#6274 = CARTESIAN_POINT('',(109.59801517239,-86.23943868815,
    -0.142548748046));
#6275 = CARTESIAN_POINT('',(109.59696395573,-86.21676283122,
    5.852137883685E-03));
#6276 = CARTESIAN_POINT('',(109.60016360969,-86.19417873893,
    0.153652475207));
#6277 = CARTESIAN_POINT('',(109.61621126433,-86.14529485207,
    0.473570356976));
#6278 = CARTESIAN_POINT('',(109.6306692267,-86.11904387702,
    0.645368404805));
#6279 = CARTESIAN_POINT('',(109.65077856414,-86.09303649941,
    0.815572242692));
#6280 = CARTESIAN_POINT('',(109.6763661823,-86.06732799068,
    0.983820149853));
#6281 = CARTESIAN_POINT('',(109.70722690914,-86.04196612582,
    1.149799465457));
#6282 = CARTESIAN_POINT('',(109.74313478773,-86.01699178551,
    1.313242648149));
#6283 = CARTESIAN_POINT('',(109.83099833325,-85.96401369311,
    1.659954830606));
#6284 = CARTESIAN_POINT('',(109.88459277042,-85.93615323739,
    1.842286035271));
#6285 = CARTESIAN_POINT('',(109.94427506629,-85.90890861631,
    2.020586944343));
#6286 = CARTESIAN_POINT('',(110.00967139033,-85.88231827864,
    2.194605932008));
#6287 = CARTESIAN_POINT('',(110.08040977036,-85.85641020014,
    2.364159912383));
#6288 = CARTESIAN_POINT('',(110.15613316724,-85.83120338709,
    2.529124500038));
#6289 = CARTESIAN_POINT('',(110.34444041176,-85.77382052468,
    2.90466345514));
#6290 = CARTESIAN_POINT('',(110.4607502332,-85.74222040845,
    3.111468660244));
#6291 = CARTESIAN_POINT('',(110.58465296306,-85.71193209397,
    3.309688851627));
#6292 = CARTESIAN_POINT('',(110.71541791024,-85.68296488492,
    3.499263141977));
#6293 = CARTESIAN_POINT('',(110.85238427947,-85.65531673074,
    3.680204951006));
#6294 = CARTESIAN_POINT('',(110.9949727074,-85.62897663174,
    3.852586265583));
#6295 = CARTESIAN_POINT('',(111.25528700242,-85.5848351131,
    4.141467982026));
#6296 = CARTESIAN_POINT('',(111.37085211935,-85.56649423827,
    4.261498818409));
#6297 = CARTESIAN_POINT('',(111.48917103465,-85.54889737475,
    4.376660514114));
#6298 = CARTESIAN_POINT('',(111.61004044711,-85.53203711173,
    4.487001568737));
#6299 = CARTESIAN_POINT('',(111.73327501589,-85.51590575408,
    4.592572342696));
#6300 = CARTESIAN_POINT('',(111.8587075071,-85.50049540387,4.69342452355
    ));
#6301 = CARTESIAN_POINT('',(112.35341343236,-85.44346065104,
    5.066685294854));
#6302 = CARTESIAN_POINT('',(112.73745087661,-85.40706136596,
    5.304898393845));
#6303 = CARTESIAN_POINT('',(113.13496899651,-85.37636993306,
    5.505756771422));
#6304 = CARTESIAN_POINT('',(113.54321692121,-85.35126411933,
    5.670060374547));
#6305 = CARTESIAN_POINT('',(113.95983666932,-85.33165215079,
    5.798409813149));
#6306 = CARTESIAN_POINT('',(114.38289507701,-85.31748858912,5.8911024556
    ));
#6307 = CARTESIAN_POINT('',(115.24969422596,-85.29991735477,
    6.006096422633));
#6308 = CARTESIAN_POINT('',(115.6931819364,-85.29679880106,
    6.026505624164));
#6309 = CARTESIAN_POINT('',(116.13979965658,-85.29947525665,
    6.008989709253));
#6310 = CARTESIAN_POINT('',(116.58761932525,-85.30807657453,
    5.95269886222));
#6311 = CARTESIAN_POINT('',(117.0343431728,-85.32280010739,
    5.856341519401));
#6312 = CARTESIAN_POINT('',(117.47731248789,-85.34389070137,
    5.718315298797));
#6313 = CARTESIAN_POINT('',(118.24497281285,-85.39290868562,
    5.397519824083));
#6314 = CARTESIAN_POINT('',(118.57223963394,-85.41796316336,
    5.233552186435));
#6315 = CARTESIAN_POINT('',(118.89401922051,-85.44706915642,
    5.04306963186));
#6316 = CARTESIAN_POINT('',(119.2083651966,-85.48041311305,
    4.824851960102));
#6317 = CARTESIAN_POINT('',(119.51268232247,-85.51816784197,
    4.577768234174));
#6318 = CARTESIAN_POINT('',(119.80376241305,-85.5604713737,4.30091512101
    ));
#6319 = CARTESIAN_POINT('',(120.19655044191,-85.62776543817,
    3.860512854611));
#6320 = CARTESIAN_POINT('',(120.3120699545,-85.64897785253,
    3.721689387293));
#6321 = CARTESIAN_POINT('',(120.42401524689,-85.6710581293,
    3.577186242661));
#6322 = CARTESIAN_POINT('',(120.53201488531,-85.69400249767,
    3.427028098554));
#6323 = CARTESIAN_POINT('',(120.63566780104,-85.71779927487,
    3.271291412217));
#6324 = CARTESIAN_POINT('',(120.73455312194,-85.74242692833,
    3.110117102328));
#6325 = CARTESIAN_POINT('',(120.87731584491,-85.78117058238,
    2.856561410865));
#6326 = CARTESIAN_POINT('',(120.9249646445,-85.79470768141,
    2.767968618292));
#6327 = CARTESIAN_POINT('',(120.97112398826,-85.80845840526,
    2.677977769962));
#6328 = CARTESIAN_POINT('',(121.01573097207,-85.82241680391,
    2.586627805474));
#6329 = CARTESIAN_POINT('',(121.05872296907,-85.83657591151,
    2.493964312445));
#6330 = CARTESIAN_POINT('',(121.10003839654,-85.85092765085,
    2.400040151598));
#6331 = CARTESIAN_POINT('',(121.22115615251,-85.89540712965,
    2.108946673727));
#6332 = CARTESIAN_POINT('',(121.29534167178,-85.9261356041,
    1.907845879807));
#6333 = CARTESIAN_POINT('',(121.36162368163,-85.95755919538,
    1.702195932453));
#6334 = CARTESIAN_POINT('',(121.41952672127,-85.98957593149,
    1.49266418164));
#6335 = CARTESIAN_POINT('',(121.46866189126,-86.02207018986,
    1.280007313007));
#6336 = CARTESIAN_POINT('',(121.50874940742,-86.05491149522,
    1.065079214612));
#6337 = CARTESIAN_POINT('',(121.55691418785,-86.1064095342,
    0.728053159455));
#6338 = CARTESIAN_POINT('',(121.57131204687,-86.12493051365,
    0.60684363844));
#6339 = CARTESIAN_POINT('',(121.58282191118,-86.14349124002,
    0.485373995868));
#6340 = CARTESIAN_POINT('',(121.59143462462,-86.16206766551,
    0.363801611236));
#6341 = CARTESIAN_POINT('',(121.59715479454,-86.18063616379,
    0.242281105841));
#6342 = CARTESIAN_POINT('',(121.6,-86.19917354083,0.120964271623));
#6343 = CARTESIAN_POINT('',(121.6,-86.21765704584,1.7763568394E-14));
#6344 = PCURVE('',#930,#6345);
#6345 = DEFINITIONAL_REPRESENTATION('',(#6346),#6445);
#6346 = B_SPLINE_CURVE_WITH_KNOTS('',7,(#6347,#6348,#6349,#6350,#6351,
    #6352,#6353,#6354,#6355,#6356,#6357,#6358,#6359,#6360,#6361,#6362,
    #6363,#6364,#6365,#6366,#6367,#6368,#6369,#6370,#6371,#6372,#6373,
    #6374,#6375,#6376,#6377,#6378,#6379,#6380,#6381,#6382,#6383,#6384,
    #6385,#6386,#6387,#6388,#6389,#6390,#6391,#6392,#6393,#6394,#6395,
    #6396,#6397,#6398,#6399,#6400,#6401,#6402,#6403,#6404,#6405,#6406,
    #6407,#6408,#6409,#6410,#6411,#6412,#6413,#6414,#6415,#6416,#6417,
    #6418,#6419,#6420,#6421,#6422,#6423,#6424,#6425,#6426,#6427,#6428,
    #6429,#6430,#6431,#6432,#6433,#6434,#6435,#6436,#6437,#6438,#6439,
    #6440,#6441,#6442,#6443,#6444),.UNSPECIFIED.,.F.,.F.,(8,6,6,6,6,6,6,
    6,6,6,6,6,6,6,6,6,8),(0.,9.904257466779E-02,0.136917020165,
    0.158347692143,0.201839827361,0.237500408062,0.279479888867,
    0.328082528679,0.393342783996,0.443081898122,0.586360965712,
    0.733236139103,0.844881633975,0.893268295557,0.918614598649,
    0.970831666607,1.),.UNSPECIFIED.);
#6347 = CARTESIAN_POINT('',(4.163938348368,92.));
#6348 = CARTESIAN_POINT('',(4.108472248689,91.973487628772));
#6349 = CARTESIAN_POINT('',(4.052013058401,91.94369263119));
#6350 = CARTESIAN_POINT('',(3.994401200947,91.910490534596));
#6351 = CARTESIAN_POINT('',(3.935520154341,91.873768204088));
#6352 = CARTESIAN_POINT('',(3.875279545362,91.833446647191));
#6353 = CARTESIAN_POINT('',(3.8136084398,91.7895062208));
#6354 = CARTESIAN_POINT('',(3.726310057284,91.723853036183));
#6355 = CARTESIAN_POINT('',(3.70195045557,91.705176530984));
#6356 = CARTESIAN_POINT('',(3.677380979305,91.685991511409));
#6357 = CARTESIAN_POINT('',(3.652604630512,91.666308145074));
#6358 = CARTESIAN_POINT('',(3.627626846709,91.646140630162));
#6359 = CARTESIAN_POINT('',(3.602455890064,91.625507844987));
#6360 = CARTESIAN_POINT('',(3.562757827828,91.592509685379));
#6361 = CARTESIAN_POINT('',(3.548354259331,91.580444168556));
#6362 = CARTESIAN_POINT('',(3.53389469254,91.568241895064));
#6363 = CARTESIAN_POINT('',(3.519381559324,91.555907809442));
#6364 = CARTESIAN_POINT('',(3.504817600944,91.543447388463));
#6365 = CARTESIAN_POINT('',(3.490205907053,91.530866676809));
#6366 = CARTESIAN_POINT('',(3.445806666074,91.492409968502));
#6367 = CARTESIAN_POINT('',(3.415878170879,91.466177051465));
#6368 = CARTESIAN_POINT('',(3.385797550903,91.439532428524));
#6369 = CARTESIAN_POINT('',(3.355598721792,91.412540582124));
#6370 = CARTESIAN_POINT('',(3.325317999144,91.385271936416));
#6371 = CARTESIAN_POINT('',(3.294995664598,91.3578031734));
#6372 = CARTESIAN_POINT('',(3.239818733649,91.307599221013));
#6373 = CARTESIAN_POINT('',(3.214960276835,91.284900043821));
#6374 = CARTESIAN_POINT('',(3.190126737813,91.262165247712));
#6375 = CARTESIAN_POINT('',(3.165340610859,91.239438688156));
#6376 = CARTESIAN_POINT('',(3.140622901298,91.216762831223));
#6377 = CARTESIAN_POINT('',(3.115993718586,91.194178738933));
#6378 = CARTESIAN_POINT('',(3.062607032175,91.145294852075));
#6379 = CARTESIAN_POINT('',(3.033889300332,91.119043877025));
#6380 = CARTESIAN_POINT('',(3.005350340677,91.093036499419));
#6381 = CARTESIAN_POINT('',(2.977014554523,91.067327990685));
#6382 = CARTESIAN_POINT('',(2.948901134424,91.041966125821));
#6383 = CARTESIAN_POINT('',(2.92102512092,91.016991785512));
#6384 = CARTESIAN_POINT('',(2.861413102161,90.964013693116));
#6385 = CARTESIAN_POINT('',(2.82976151863,90.936153237395));
#6386 = CARTESIAN_POINT('',(2.798458211086,90.908908616314));
#6387 = CARTESIAN_POINT('',(2.767510991009,90.882318278641));
#6388 = CARTESIAN_POINT('',(2.736921764891,90.856410200145));
#6389 = CARTESIAN_POINT('',(2.706687320168,90.831203387091));
#6390 = CARTESIAN_POINT('',(2.636669638842,90.773820524681));
#6391 = CARTESIAN_POINT('',(2.597169581868,90.742220408452));
#6392 = CARTESIAN_POINT('',(2.558275653196,90.711932093979));
#6393 = CARTESIAN_POINT('',(2.519961069421,90.682964884927));
#6394 = CARTESIAN_POINT('',(2.482195424469,90.655316730746));
#6395 = CARTESIAN_POINT('',(2.444943563309,90.628976631745));
#6396 = CARTESIAN_POINT('',(2.380132689244,90.584835113103));
#6397 = CARTESIAN_POINT('',(2.352377583981,90.566494238274));
#6398 = CARTESIAN_POINT('',(2.324882139987,90.548897374753));
#6399 = CARTESIAN_POINT('',(2.29763022845,90.532037111738));
#6400 = CARTESIAN_POINT('',(2.270606133934,90.515905754087));
#6401 = CARTESIAN_POINT('',(2.243794096684,90.500495403872));
#6402 = CARTESIAN_POINT('',(2.140506801041,90.443460651041));
#6403 = CARTESIAN_POINT('',(2.065499900761,90.407061365966));
#6404 = CARTESIAN_POINT('',(1.991713425301,90.37636993306));
#6405 = CARTESIAN_POINT('',(1.918839110299,90.351264119339));
#6406 = CARTESIAN_POINT('',(1.846583209032,90.331652150792));
#6407 = CARTESIAN_POINT('',(1.774654264852,90.317488589127));
#6408 = CARTESIAN_POINT('',(1.628921978232,90.299917354776));
#6409 = CARTESIAN_POINT('',(1.555202103844,90.296798801062));
#6410 = CARTESIAN_POINT('',(1.481140084094,90.299475256651));
#6411 = CARTESIAN_POINT('',(1.406423514747,90.308076574534));
#6412 = CARTESIAN_POINT('',(1.330736143075,90.322800107392));
#6413 = CARTESIAN_POINT('',(1.253746616649,90.343890701372));
#6414 = CARTESIAN_POINT('',(1.11508114078,90.392908685624));
#6415 = CARTESIAN_POINT('',(1.054217078352,90.417963163363));
#6416 = CARTESIAN_POINT('',(0.992142983378,90.447069156422));
#6417 = CARTESIAN_POINT('',(0.928675094446,90.480413113057));
#6418 = CARTESIAN_POINT('',(0.86365553468,90.518167841977));
#6419 = CARTESIAN_POINT('',(0.796928488264,90.5604713737));
#6420 = CARTESIAN_POINT('',(0.698575864186,90.627765438175));
#6421 = CARTESIAN_POINT('',(0.66849333032,90.648977852536));
#6422 = CARTESIAN_POINT('',(0.638058057315,90.671058129305));
#6423 = CARTESIAN_POINT('',(0.607266635133,90.694002497674));
#6424 = CARTESIAN_POINT('',(0.576120706367,90.717799274874));
#6425 = CARTESIAN_POINT('',(0.544627730604,90.742426928337));
#6426 = CARTESIAN_POINT('',(0.496130398563,90.781170582381));
#6427 = CARTESIAN_POINT('',(0.479367916896,90.794707681416));
#6428 = CARTESIAN_POINT('',(0.462516628114,90.808458405269));
#6429 = CARTESIAN_POINT('',(0.445579380908,90.822416803917));
#6430 = CARTESIAN_POINT('',(0.428559627759,90.836575911511));
#6431 = CARTESIAN_POINT('',(0.411461504354,90.850927650859));
#6432 = CARTESIAN_POINT('',(0.358913927058,90.895407129651));
#6433 = CARTESIAN_POINT('',(0.323219134451,90.926135604104));
#6434 = CARTESIAN_POINT('',(0.287258000122,90.957559195381));
#6435 = CARTESIAN_POINT('',(0.251085596277,90.989575931498));
#6436 = CARTESIAN_POINT('',(0.214761872949,91.022070189863));
#6437 = CARTESIAN_POINT('',(0.17835560038,91.054911495221));
#6438 = CARTESIAN_POINT('',(0.12161388343,91.106409534209));
#6439 = CARTESIAN_POINT('',(0.101275999369,91.124930513651));
#6440 = CARTESIAN_POINT('',(8.094955128789E-02,91.14349124002));
#6441 = CARTESIAN_POINT('',(6.064698438373E-02,91.162067665516));
#6442 = CARTESIAN_POINT('',(4.038018685088E-02,91.180636163793));
#6443 = CARTESIAN_POINT('',(2.016071193714E-02,91.199173540839));
#6444 = CARTESIAN_POINT('',(0.,91.21765704584));
#6445 = ( GEOMETRIC_REPRESENTATION_CONTEXT(2) 
PARAMETRIC_REPRESENTATION_CONTEXT() REPRESENTATION_CONTEXT('2D SPACE',''
  ) );
#6446 = PCURVE('',#2909,#6447);
#6447 = DEFINITIONAL_REPRESENTATION('',(#6448),#6547);
#6448 = B_SPLINE_CURVE_WITH_KNOTS('',7,(#6449,#6450,#6451,#6452,#6453,
    #6454,#6455,#6456,#6457,#6458,#6459,#6460,#6461,#6462,#6463,#6464,
    #6465,#6466,#6467,#6468,#6469,#6470,#6471,#6472,#6473,#6474,#6475,
    #6476,#6477,#6478,#6479,#6480,#6481,#6482,#6483,#6484,#6485,#6486,
    #6487,#6488,#6489,#6490,#6491,#6492,#6493,#6494,#6495,#6496,#6497,
    #6498,#6499,#6500,#6501,#6502,#6503,#6504,#6505,#6506,#6507,#6508,
    #6509,#6510,#6511,#6512,#6513,#6514,#6515,#6516,#6517,#6518,#6519,
    #6520,#6521,#6522,#6523,#6524,#6525,#6526,#6527,#6528,#6529,#6530,
    #6531,#6532,#6533,#6534,#6535,#6536,#6537,#6538,#6539,#6540,#6541,
    #6542,#6543,#6544,#6545,#6546),.UNSPECIFIED.,.F.,.F.,(8,6,6,6,6,6,6,
    6,6,6,6,6,6,6,6,6,8),(0.,9.904257466779E-02,0.136917020165,
    0.158347692143,0.201839827361,0.237500408062,0.279479888867,
    0.328082528679,0.393342783996,0.443081898122,0.586360965712,
    0.733236139103,0.844881633975,0.893268295557,0.918614598649,
    0.970831666607,1.),.UNSPECIFIED.);
#6449 = CARTESIAN_POINT('',(239.39180563263,0.));
#6450 = CARTESIAN_POINT('',(239.12905901367,3.682273781711E-03));
#6451 = CARTESIAN_POINT('',(238.87496912303,7.820467890236E-03));
#6452 = CARTESIAN_POINT('',(238.63095303551,1.243187019499E-02));
#6453 = CARTESIAN_POINT('',(238.3989924676,1.753219387668E-02));
#6454 = CARTESIAN_POINT('',(238.18155550592,2.313241011231E-02));
#6455 = CARTESIAN_POINT('',(237.98150249329,2.923524711111E-02));
#6456 = CARTESIAN_POINT('',(237.73332414521,3.835374497461E-02));
#6457 = CARTESIAN_POINT('',(237.6676892597,4.094770402997E-02));
#6458 = CARTESIAN_POINT('',(237.60525384293,4.36122900821E-02));
#6459 = CARTESIAN_POINT('',(237.5462083028,4.634609096196E-02));
#6460 = CARTESIAN_POINT('',(237.49074623449,4.91471346997E-02));
#6461 = CARTESIAN_POINT('',(237.43905962681,5.201279930742E-02));
#6462 = CARTESIAN_POINT('',(237.36432929611,5.659587703076E-02));
#6463 = CARTESIAN_POINT('',(237.33859271432,5.827164325617E-02));
#6464 = CARTESIAN_POINT('',(237.31415797006,5.996640346331E-02));
#6465 = CARTESIAN_POINT('',(237.29105782119,6.167947091081E-02));
#6466 = CARTESIAN_POINT('',(237.26932374913,6.341008493574E-02));
#6467 = CARTESIAN_POINT('',(237.24898557142,6.515740599876E-02));
#6468 = CARTESIAN_POINT('',(237.19168528908,7.049861548589E-02));
#6469 = CARTESIAN_POINT('',(237.15915952964,7.414207618539E-02));
#6470 = CARTESIAN_POINT('',(237.13273180646,7.78427182605E-02));
#6471 = CARTESIAN_POINT('',(237.11259490488,8.159158581607E-02));
#6472 = CARTESIAN_POINT('',(237.09888774472,8.537889772004E-02));
#6473 = CARTESIAN_POINT('',(237.09168676007,8.919400369443E-02));
#6474 = CARTESIAN_POINT('',(237.09043195149,9.616677485925E-02));
#6475 = CARTESIAN_POINT('',(237.09424405958,9.931943835822E-02));
#6476 = CARTESIAN_POINT('',(237.1024371795,0.102477048929));
#6477 = CARTESIAN_POINT('',(237.11498296527,0.105633515534));
#6478 = CARTESIAN_POINT('',(237.13182369091,0.108782940108));
#6479 = CARTESIAN_POINT('',(237.15287479282,0.111919619593));
#6480 = CARTESIAN_POINT('',(237.20763696643,0.118709048323));
#6481 = CARTESIAN_POINT('',(237.24293262353,0.12235501708));
#6482 = CARTESIAN_POINT('',(237.28373821342,0.125967152858));
#6483 = CARTESIAN_POINT('',(237.32983985959,0.129537779072));
#6484 = CARTESIAN_POINT('',(237.38099680697,0.133060260303));
#6485 = CARTESIAN_POINT('',(237.43695224982,0.136528918679));
#6486 = CARTESIAN_POINT('',(237.56747995949,0.143886987067));
#6487 = CARTESIAN_POINT('',(237.64359762625,0.147756494806));
#6488 = CARTESIAN_POINT('',(237.72539596018,0.151540469956));
#6489 = CARTESIAN_POINT('',(237.81247085017,0.155233572411));
#6490 = CARTESIAN_POINT('',(237.90442738584,0.158831916646));
#6491 = CARTESIAN_POINT('',(238.00089196958,0.162332862904));
#6492 = CARTESIAN_POINT('',(238.23664671803,0.170302704905));
#6493 = CARTESIAN_POINT('',(238.37926796816,0.174691609937));
#6494 = CARTESIAN_POINT('',(238.52857611992,0.178898320281));
#6495 = CARTESIAN_POINT('',(238.68382660808,0.18292154376));
#6496 = CARTESIAN_POINT('',(238.8443526236,0.186761565174));
#6497 = CARTESIAN_POINT('',(239.00957537605,0.190419912258));
#6498 = CARTESIAN_POINT('',(239.30815489835,0.196550678736));
#6499 = CARTESIAN_POINT('',(239.43973503817,0.199098022462));
#6500 = CARTESIAN_POINT('',(239.57353560248,0.201542031284));
#6501 = CARTESIAN_POINT('',(239.70935538353,0.203883734481));
#6502 = CARTESIAN_POINT('',(239.84701128694,0.206124200821));
#6503 = CARTESIAN_POINT('',(239.98633847982,0.20826452724));
#6504 = CARTESIAN_POINT('',(240.53293060973,0.216186020689));
#6505 = CARTESIAN_POINT('',(240.95111506412,0.221241476949));
#6506 = CARTESIAN_POINT('',(241.3785060554,0.225504175964));
#6507 = CARTESIAN_POINT('',(241.81235652844,0.228991094536));
#6508 = CARTESIAN_POINT('',(242.25028645567,0.231714979057));
#6509 = CARTESIAN_POINT('',(242.69030594933,0.233682140399));
#6510 = CARTESIAN_POINT('',(243.58239618601,0.236122589614));
#6511 = CARTESIAN_POINT('',(244.0339718453,0.236555722075));
#6512 = CARTESIAN_POINT('',(244.48384888157,0.236183992132));
#6513 = CARTESIAN_POINT('',(244.9298868092,0.234989364648));
#6514 = CARTESIAN_POINT('',(245.36951087204,0.232944429529));
#6515 = CARTESIAN_POINT('',(245.79974153996,0.230015180365));
#6516 = CARTESIAN_POINT('',(246.53426814759,0.223207126997));
#6517 = CARTESIAN_POINT('',(246.84372250291,0.219727338422));
#6518 = CARTESIAN_POINT('',(247.14399688445,0.215684839386));
#6519 = CARTESIAN_POINT('',(247.43293092102,0.211053734298));
#6520 = CARTESIAN_POINT('',(247.70772386055,0.205810021948));
#6521 = CARTESIAN_POINT('',(247.96499494612,0.199934531431));
#6522 = CARTESIAN_POINT('',(248.30300215079,0.190588133587));
#6523 = CARTESIAN_POINT('',(248.40113566082,0.187641964926));
#6524 = CARTESIAN_POINT('',(248.49486681864,0.184575259819));
#6525 = CARTESIAN_POINT('',(248.58382424899,0.18138854199));
#6526 = CARTESIAN_POINT('',(248.66761438314,0.178083434045));
#6527 = CARTESIAN_POINT('',(248.74583324033,0.17466292662));
#6528 = CARTESIAN_POINT('',(248.8559221689,0.169281863558));
#6529 = CARTESIAN_POINT('',(248.89212646881,0.167401710915));
#6530 = CARTESIAN_POINT('',(248.92663295591,0.165491888157));
#6531 = CARTESIAN_POINT('',(248.95938387259,0.163553221678));
#6532 = CARTESIAN_POINT('',(248.99032271434,0.161586678957));
#6533 = CARTESIAN_POINT('',(249.0193950875,0.159593381825));
#6534 = CARTESIAN_POINT('',(249.1024917413,0.153415676437));
#6535 = CARTESIAN_POINT('',(249.1503051607,0.149147832763));
#6536 = CARTESIAN_POINT('',(249.18951902552,0.144783445086));
#6537 = CARTESIAN_POINT('',(249.2197509761,0.140336676181));
#6538 = CARTESIAN_POINT('',(249.24071919331,0.135823584741));
#6539 = CARTESIAN_POINT('',(249.25226567043,0.13126229233));
#6540 = CARTESIAN_POINT('',(249.25557766872,0.124109786915));
#6541 = CARTESIAN_POINT('',(249.2538249887,0.12153742866));
#6542 = CARTESIAN_POINT('',(249.24913183426,0.118959549997));
#6543 = CARTESIAN_POINT('',(249.24151173061,0.116379490901));
#6544 = CARTESIAN_POINT('',(249.23099166693,0.113800532806));
#6545 = CARTESIAN_POINT('',(249.2176112531,0.111225897106));
#6546 = CARTESIAN_POINT('',(249.20142187631,0.108658743633));
#6547 = ( GEOMETRIC_REPRESENTATION_CONTEXT(2) 
PARAMETRIC_REPRESENTATION_CONTEXT() REPRESENTATION_CONTEXT('2D SPACE',''
  ) );
#6548 = ORIENTED_EDGE('',*,*,#6549,.F.);
#6549 = EDGE_CURVE('',#6550,#6242,#6552,.T.);
#6550 = VERTEX_POINT('',#6551);
#6551 = CARTESIAN_POINT('',(118.72819436736,-87.,-5.12));
#6552 = SURFACE_CURVE('',#6553,(#6577,#6604),.PCURVE_S1.);
#6553 = B_SPLINE_CURVE_WITH_KNOTS('',8,(#6554,#6555,#6556,#6557,#6558,
    #6559,#6560,#6561,#6562,#6563,#6564,#6565,#6566,#6567,#6568,#6569,
    #6570,#6571,#6572,#6573,#6574,#6575,#6576),.UNSPECIFIED.,.F.,.F.,(9,
    7,7,9),(0.,0.241074534774,0.768439850391,1.),.UNSPECIFIED.);
#6554 = CARTESIAN_POINT('',(118.72819436736,-87.,-5.12));
#6555 = CARTESIAN_POINT('',(118.53022991791,-86.90883058715,
    -5.240951421038));
#6556 = CARTESIAN_POINT('',(118.32700514954,-86.82429398808,
    -5.353103309142));
#6557 = CARTESIAN_POINT('',(118.11963999853,-86.7468915551,
    -5.455790536891));
#6558 = CARTESIAN_POINT('',(117.90922394964,-86.6769150419,
    -5.548626044407));
#6559 = CARTESIAN_POINT('',(117.69679906364,-86.61449210562,
    -5.631440473199));
#6560 = CARTESIAN_POINT('',(117.48334756327,-86.5596221536,
    -5.70423460955));
#6561 = CARTESIAN_POINT('',(117.2697839778,-86.51220253457,
    -5.767144637469));
#6562 = CARTESIAN_POINT('',(116.59136851741,-86.38419817007,
    -5.936963761041));
#6563 = CARTESIAN_POINT('',(116.13019263177,-86.33127611783,
    -6.007173683672));
#6564 = CARTESIAN_POINT('',(115.67915040556,-86.31049649391,
    -6.034741318076));
#6565 = CARTESIAN_POINT('',(115.24213222785,-86.31846214127,
    -6.024173559247));
#6566 = CARTESIAN_POINT('',(114.8216362988,-86.35188848794,
    -5.979827939329));
#6567 = CARTESIAN_POINT('',(114.41891298211,-86.40775439595,
    -5.905712501362));
#6568 = CARTESIAN_POINT('',(114.03413355238,-86.4836173615,
    -5.805067633732));
#6569 = CARTESIAN_POINT('',(113.50519289538,-86.61933184366,
    -5.625019754075));
#6570 = CARTESIAN_POINT('',(113.34723694691,-86.66426782985,
    -5.56540467906));
#6571 = CARTESIAN_POINT('',(113.19271753549,-86.71257255736,
    -5.501320407227));
#6572 = CARTESIAN_POINT('',(113.04163991899,-86.7641015977,
    -5.43295854705));
#6573 = CARTESIAN_POINT('',(112.89400849699,-86.81872314185,
    -5.360493965135));
#6574 = CARTESIAN_POINT('',(112.74982576226,-86.87631710928,
    -5.284085968352));
#6575 = CARTESIAN_POINT('',(112.60909198539,-86.93677493001,
    -5.203878592854));
#6576 = CARTESIAN_POINT('',(112.47180563263,-87.,-5.12));
#6577 = PCURVE('',#930,#6578);
#6578 = DEFINITIONAL_REPRESENTATION('',(#6579),#6603);
#6579 = B_SPLINE_CURVE_WITH_KNOTS('',8,(#6580,#6581,#6582,#6583,#6584,
    #6585,#6586,#6587,#6588,#6589,#6590,#6591,#6592,#6593,#6594,#6595,
    #6596,#6597,#6598,#6599,#6600,#6601,#6602),.UNSPECIFIED.,.F.,.F.,(9,
    7,7,9),(0.,0.241074534774,0.768439850391,1.),.UNSPECIFIED.);
#6580 = CARTESIAN_POINT('',(5.260839612401,92.));
#6581 = CARTESIAN_POINT('',(5.222174680868,91.908830587157));
#6582 = CARTESIAN_POINT('',(5.183526276738,91.824293988084));
#6583 = CARTESIAN_POINT('',(5.145023238388,91.746891555107));
#6584 = CARTESIAN_POINT('',(5.106766668717,91.676915041904));
#6585 = CARTESIAN_POINT('',(5.06883843142,91.614492105629));
#6586 = CARTESIAN_POINT('',(5.031307292556,91.559622153606));
#6587 = CARTESIAN_POINT('',(4.994232707413,91.512202534571));
#6588 = CARTESIAN_POINT('',(4.877674892524,91.38419817007));
#6589 = CARTESIAN_POINT('',(4.800271312965,91.331276117835));
#6590 = CARTESIAN_POINT('',(4.725451729263,91.310496493913));
#6591 = CARTESIAN_POINT('',(4.653095926879,91.318462141271));
#6592 = CARTESIAN_POINT('',(4.583056652141,91.351888487943));
#6593 = CARTESIAN_POINT('',(4.51512275121,91.407754395959));
#6594 = CARTESIAN_POINT('',(4.449008388168,91.483617361509));
#6595 = CARTESIAN_POINT('',(4.355884298674,91.619331843662));
#6596 = CARTESIAN_POINT('',(4.327760861764,91.664267829855));
#6597 = CARTESIAN_POINT('',(4.299904661809,91.712572557367));
#6598 = CARTESIAN_POINT('',(4.272294839559,91.764101597701));
#6599 = CARTESIAN_POINT('',(4.244911902128,91.818723141858));
#6600 = CARTESIAN_POINT('',(4.217737125231,91.876317109282));
#6601 = CARTESIAN_POINT('',(4.190752089141,91.93677493001));
#6602 = CARTESIAN_POINT('',(4.163938348368,92.));
#6603 = ( GEOMETRIC_REPRESENTATION_CONTEXT(2) 
PARAMETRIC_REPRESENTATION_CONTEXT() REPRESENTATION_CONTEXT('2D SPACE',''
  ) );
#6604 = PCURVE('',#6108,#6605);
#6605 = DEFINITIONAL_REPRESENTATION('',(#6606),#6630);
#6606 = B_SPLINE_CURVE_WITH_KNOTS('',8,(#6607,#6608,#6609,#6610,#6611,
    #6612,#6613,#6614,#6615,#6616,#6617,#6618,#6619,#6620,#6621,#6622,
    #6623,#6624,#6625,#6626,#6627,#6628,#6629),.UNSPECIFIED.,.F.,.F.,(9,
    7,7,9),(0.,0.241074534774,0.768439850391,1.),.UNSPECIFIED.);
#6607 = CARTESIAN_POINT('',(245.64819436736,1.));
#6608 = CARTESIAN_POINT('',(245.54860092153,0.99493503262));
#6609 = CARTESIAN_POINT('',(245.43640183991,0.990238554894));
#6610 = CARTESIAN_POINT('',(245.31215813996,0.985938419728));
#6611 = CARTESIAN_POINT('',(245.17664149191,0.982050835661));
#6612 = CARTESIAN_POINT('',(245.03076751098,0.978582894757));
#6613 = CARTESIAN_POINT('',(244.87554275304,0.975534564089));
#6614 = CARTESIAN_POINT('',(244.71202541365,0.97290014081));
#6615 = CARTESIAN_POINT('',(244.16782683851,0.965788787226));
#6616 = CARTESIAN_POINT('',(243.76058558202,0.962848673213));
#6617 = CARTESIAN_POINT('',(243.32868631835,0.961694249662));
#6618 = CARTESIAN_POINT('',(242.88016226366,0.962136785626));
#6619 = CARTESIAN_POINT('',(242.42149637624,0.963993804886));
#6620 = CARTESIAN_POINT('',(241.95754855344,0.967097466442));
#6621 = CARTESIAN_POINT('',(241.49139839557,0.971312075639));
#6622 = CARTESIAN_POINT('',(240.81914735336,0.978851769092));
#6623 = CARTESIAN_POINT('',(240.61398362603,0.98134821277));
#6624 = CARTESIAN_POINT('',(240.40896652018,0.984031808743));
#6625 = CARTESIAN_POINT('',(240.20427578303,0.986894533206));
#6626 = CARTESIAN_POINT('',(240.00007495149,0.989929063437));
#6627 = CARTESIAN_POINT('',(239.79651140105,0.993128728293));
#6628 = CARTESIAN_POINT('',(239.59371646629,0.996487496112));
#6629 = CARTESIAN_POINT('',(239.39180563263,1.));
#6630 = ( GEOMETRIC_REPRESENTATION_CONTEXT(2) 
PARAMETRIC_REPRESENTATION_CONTEXT() REPRESENTATION_CONTEXT('2D SPACE',''
  ) );
#6631 = ORIENTED_EDGE('',*,*,#6632,.F.);
#6632 = EDGE_CURVE('',#6219,#6550,#6633,.T.);
#6633 = SURFACE_CURVE('',#6634,(#6651,#6671),.PCURVE_S1.);
#6634 = B_SPLINE_CURVE_WITH_KNOTS('',8,(#6635,#6636,#6637,#6638,#6639,
    #6640,#6641,#6642,#6643,#6644,#6645,#6646,#6647,#6648,#6649,#6650),
  .UNSPECIFIED.,.F.,.F.,(9,7,9),(0.,0.388678435043,1.),.UNSPECIFIED.);
#6635 = CARTESIAN_POINT('',(121.6,-86.21765704584,1.7763568394E-14));
#6636 = CARTESIAN_POINT('',(121.6,-86.26998456141,-0.342454518576));
#6637 = CARTESIAN_POINT('',(121.57766152593,-86.32188251841,
    -0.682097814974));
#6638 = CARTESIAN_POINT('',(121.53362868339,-86.3728681016,
    -1.015770131602));
#6639 = CARTESIAN_POINT('',(121.46921779912,-86.42257276622,
    -1.341059547845));
#6640 = CARTESIAN_POINT('',(121.38604288564,-86.47071679692,
    -1.656135482116));
#6641 = CARTESIAN_POINT('',(121.2858282991,-86.5170956855,
    -1.959659541773));
#6642 = CARTESIAN_POINT('',(121.17030079089,-86.56157175757,
    -2.250730724565));
#6643 = CARTESIAN_POINT('',(120.83776976799,-86.6708979177,
    -2.966209705837));
#6644 = CARTESIAN_POINT('',(120.60071362919,-86.73277027672,
    -3.371129922096));
#6645 = CARTESIAN_POINT('',(120.33547787251,-86.78961491468,
    -3.743146497211));
#6646 = CARTESIAN_POINT('',(120.04682550743,-86.84141285717,
    -4.082135254189));
#6647 = CARTESIAN_POINT('',(119.73887225299,-86.88822676268,
    -4.388506257997));
#6648 = CARTESIAN_POINT('',(119.41495053858,-86.93016870331,
    -4.66299295839));
#6649 = CARTESIAN_POINT('',(119.07756334114,-86.96738365309,
    -4.906544129702));
#6650 = CARTESIAN_POINT('',(118.72819436736,-87.,-5.12));
#6651 = PCURVE('',#930,#6652);
#6652 = DEFINITIONAL_REPRESENTATION('',(#6653),#6670);
#6653 = B_SPLINE_CURVE_WITH_KNOTS('',8,(#6654,#6655,#6656,#6657,#6658,
    #6659,#6660,#6661,#6662,#6663,#6664,#6665,#6666,#6667,#6668,#6669),
  .UNSPECIFIED.,.F.,.F.,(9,7,9),(0.,0.388678435043,1.),.UNSPECIFIED.);
#6654 = CARTESIAN_POINT('',(6.28318530718,91.21765704584));
#6655 = CARTESIAN_POINT('',(6.226109554084,91.269984561412));
#6656 = CARTESIAN_POINT('',(6.169502386659,91.321882518417));
#6657 = CARTESIAN_POINT('',(6.113606792398,91.372868101603));
#6658 = CARTESIAN_POINT('',(6.058561893394,91.422572766224));
#6659 = CARTESIAN_POINT('',(6.00445445261,91.470716796928));
#6660 = CARTESIAN_POINT('',(5.951336950558,91.5170956855));
#6661 = CARTESIAN_POINT('',(5.89922904473,91.561571757574));
#6662 = CARTESIAN_POINT('',(5.767732630137,91.6708979177));
#6663 = CARTESIAN_POINT('',(5.689880787275,91.732770276721));
#6664 = CARTESIAN_POINT('',(5.6142312183,91.789614914684));
#6665 = CARTESIAN_POINT('',(5.540554190185,91.841412857177));
#6666 = CARTESIAN_POINT('',(5.468627015095,91.888226762682));
#6667 = CARTESIAN_POINT('',(5.398222951472,91.930168703319));
#6668 = CARTESIAN_POINT('',(5.329075740094,91.967383653095));
#6669 = CARTESIAN_POINT('',(5.260839612401,92.));
#6670 = ( GEOMETRIC_REPRESENTATION_CONTEXT(2) 
PARAMETRIC_REPRESENTATION_CONTEXT() REPRESENTATION_CONTEXT('2D SPACE',''
  ) );
#6671 = PCURVE('',#2909,#6672);
#6672 = DEFINITIONAL_REPRESENTATION('',(#6673),#6690);
#6673 = B_SPLINE_CURVE_WITH_KNOTS('',8,(#6674,#6675,#6676,#6677,#6678,
    #6679,#6680,#6681,#6682,#6683,#6684,#6685,#6686,#6687,#6688,#6689),
  .UNSPECIFIED.,.F.,.F.,(9,7,9),(0.,0.388678435043,1.),.UNSPECIFIED.);
#6674 = CARTESIAN_POINT('',(249.20142187631,0.108658743633));
#6675 = CARTESIAN_POINT('',(249.1555891262,0.101391033137));
#6676 = CARTESIAN_POINT('',(249.08770822714,9.418298355318E-02));
#6677 = CARTESIAN_POINT('',(248.99888229424,8.710165255513E-02));
#6678 = CARTESIAN_POINT('',(248.89078585243,8.019822691331E-02));
#6679 = CARTESIAN_POINT('',(248.76530687657,7.351155598226E-02));
#6680 = CARTESIAN_POINT('',(248.62437010596,6.707004368054E-02));
#6681 = CARTESIAN_POINT('',(248.46983740096,6.089281144811E-02));
#6682 = CARTESIAN_POINT('',(248.04157465955,4.570862254166E-02));
#6683 = CARTESIAN_POINT('',(247.75048732696,3.711523934431E-02));
#6684 = CARTESIAN_POINT('',(247.43580444517,2.922015073832E-02));
#6685 = CARTESIAN_POINT('',(247.10230798211,2.202599205879E-02));
#6686 = CARTESIAN_POINT('',(246.75404056633,1.552406073862E-02));
#6687 = CARTESIAN_POINT('',(246.39420648678,9.698791205645E-03));
#6688 = CARTESIAN_POINT('',(246.02514672842,4.530048181204E-03));
#6689 = CARTESIAN_POINT('',(245.64819436736,0.));
#6690 = ( GEOMETRIC_REPRESENTATION_CONTEXT(2) 
PARAMETRIC_REPRESENTATION_CONTEXT() REPRESENTATION_CONTEXT('2D SPACE',''
  ) );
#6691 = ORIENTED_EDGE('',*,*,#6218,.T.);
#6692 = ORIENTED_EDGE('',*,*,#5643,.T.);
#6693 = ORIENTED_EDGE('',*,*,#888,.T.);
#6694 = ADVANCED_FACE('',(#6695),#1107,.T.);
#6695 = FACE_BOUND('',#6696,.T.);
#6696 = EDGE_LOOP('',(#6697,#6698,#6718,#6719));
#6697 = ORIENTED_EDGE('',*,*,#1092,.F.);
#6698 = ORIENTED_EDGE('',*,*,#6699,.T.);
#6699 = EDGE_CURVE('',#1071,#2631,#6700,.T.);
#6700 = SURFACE_CURVE('',#6701,(#6704,#6711),.PCURVE_S1.);
#6701 = B_SPLINE_CURVE_WITH_KNOTS('',1,(#6702,#6703),.UNSPECIFIED.,.F.,
  .F.,(2,2),(0.,1.),.PIECEWISE_BEZIER_KNOTS.);
#6702 = CARTESIAN_POINT('',(130.82002478453,-88.74924557076,-5.12));
#6703 = CARTESIAN_POINT('',(124.33781279333,-81.60535049662,32.));
#6704 = PCURVE('',#1107,#6705);
#6705 = DEFINITIONAL_REPRESENTATION('',(#6706),#6710);
#6706 = LINE('',#6707,#6708);
#6707 = CARTESIAN_POINT('',(2.228266259194,0.));
#6708 = VECTOR('',#6709,1.);
#6709 = DIRECTION('',(0.,1.));
#6710 = ( GEOMETRIC_REPRESENTATION_CONTEXT(2) 
PARAMETRIC_REPRESENTATION_CONTEXT() REPRESENTATION_CONTEXT('2D SPACE',''
  ) );
#6711 = PCURVE('',#1170,#6712);
#6712 = DEFINITIONAL_REPRESENTATION('',(#6713),#6717);
#6713 = LINE('',#6714,#6715);
#6714 = CARTESIAN_POINT('',(2.04667216348,0.));
#6715 = VECTOR('',#6716,1.);
#6716 = DIRECTION('',(0.,1.));
#6717 = ( GEOMETRIC_REPRESENTATION_CONTEXT(2) 
PARAMETRIC_REPRESENTATION_CONTEXT() REPRESENTATION_CONTEXT('2D SPACE',''
  ) );
#6718 = ORIENTED_EDGE('',*,*,#2652,.T.);
#6719 = ORIENTED_EDGE('',*,*,#5704,.F.);
#6720 = ADVANCED_FACE('',(#6721),#1170,.T.);
#6721 = FACE_BOUND('',#6722,.T.);
#6722 = EDGE_LOOP('',(#6723,#6724,#6725,#6747,#6826,#6941,#6961));
#6723 = ORIENTED_EDGE('',*,*,#6699,.F.);
#6724 = ORIENTED_EDGE('',*,*,#1156,.T.);
#6725 = ORIENTED_EDGE('',*,*,#6726,.T.);
#6726 = EDGE_CURVE('',#1135,#6727,#6729,.T.);
#6727 = VERTEX_POINT('',#6728);
#6728 = CARTESIAN_POINT('',(166.83993414043,-59.85,-1.540573719318));
#6729 = SURFACE_CURVE('',#6730,(#6733,#6740),.PCURVE_S1.);
#6730 = B_SPLINE_CURVE_WITH_KNOTS('',1,(#6731,#6732),.UNSPECIFIED.,.F.,
  .F.,(2,2),(0.,1.),.PIECEWISE_BEZIER_KNOTS.);
#6731 = CARTESIAN_POINT('',(167.66669694801,-60.30144720925,-5.12));
#6732 = CARTESIAN_POINT('',(159.09285493787,-55.61976945047,32.));
#6733 = PCURVE('',#1170,#6734);
#6734 = DEFINITIONAL_REPRESENTATION('',(#6735),#6739);
#6735 = LINE('',#6736,#6737);
#6736 = CARTESIAN_POINT('',(48.597230496761,0.));
#6737 = VECTOR('',#6738,1.);
#6738 = DIRECTION('',(0.,1.));
#6739 = ( GEOMETRIC_REPRESENTATION_CONTEXT(2) 
PARAMETRIC_REPRESENTATION_CONTEXT() REPRESENTATION_CONTEXT('2D SPACE',''
  ) );
#6740 = PCURVE('',#1374,#6741);
#6741 = DEFINITIONAL_REPRESENTATION('',(#6742),#6746);
#6742 = LINE('',#6743,#6744);
#6743 = CARTESIAN_POINT('',(2.212809710427,0.));
#6744 = VECTOR('',#6745,1.);
#6745 = DIRECTION('',(0.,1.));
#6746 = ( GEOMETRIC_REPRESENTATION_CONTEXT(2) 
PARAMETRIC_REPRESENTATION_CONTEXT() REPRESENTATION_CONTEXT('2D SPACE',''
  ) );
#6747 = ORIENTED_EDGE('',*,*,#6748,.T.);
#6748 = EDGE_CURVE('',#6727,#6749,#6751,.T.);
#6749 = VERTEX_POINT('',#6750);
#6750 = CARTESIAN_POINT('',(163.16017352849,-59.85,7.75));
#6751 = SURFACE_CURVE('',#6752,(#6773,#6797),.PCURVE_S1.);
#6752 = B_SPLINE_CURVE_WITH_KNOTS('',4,(#6753,#6754,#6755,#6756,#6757,
    #6758,#6759,#6760,#6761,#6762,#6763,#6764,#6765,#6766,#6767,#6768,
    #6769,#6770,#6771,#6772),.UNSPECIFIED.,.F.,.F.,(5,3,3,3,3,3,5),(0.,
    0.499076529278,0.750845837096,0.874791698337,0.938779295151,
    0.970775754512,1.),.UNSPECIFIED.);
#6753 = CARTESIAN_POINT('',(166.83993414043,-59.85,-1.540573719318));
#6754 = CARTESIAN_POINT('',(166.38171790836,-59.85,-0.379970070034));
#6755 = CARTESIAN_POINT('',(165.92320542623,-59.85,0.780171162341));
#6756 = CARTESIAN_POINT('',(165.46439367627,-59.85,1.939839940141));
#6757 = CARTESIAN_POINT('',(164.77367017928,-59.85,3.683800527267));
#6758 = CARTESIAN_POINT('',(164.54198381218,-59.85,4.268452436099));
#6759 = CARTESIAN_POINT('',(164.31022011713,-59.85,4.852980062238));
#6760 = CARTESIAN_POINT('',(163.96424332744,-59.85,5.725082700136));
#6761 = CARTESIAN_POINT('',(163.85008911752,-59.85,6.012752929235));
#6762 = CARTESIAN_POINT('',(163.73591602432,-59.85,6.30039253341));
#6763 = CARTESIAN_POINT('',(163.56277186571,-59.85,6.736480659692));
#6764 = CARTESIAN_POINT('',(163.50381468532,-59.85,6.884951768134));
#6765 = CARTESIAN_POINT('',(163.44485245319,-59.85,7.033414646407));
#6766 = CARTESIAN_POINT('',(163.35639906549,-59.85,7.256102757132));
#6767 = CARTESIAN_POINT('',(163.3269108843,-59.85,7.330336241436));
#6768 = CARTESIAN_POINT('',(163.29742061704,-59.85,7.404569724098));
#6769 = CARTESIAN_POINT('',(163.24099116107,-59.85,7.546605003064));
#6770 = CARTESIAN_POINT('',(163.21405299027,-59.85,7.614405108862));
#6771 = CARTESIAN_POINT('',(163.18711380067,-59.85,7.682203388959));
#6772 = CARTESIAN_POINT('',(163.16017352849,-59.85,7.75));
#6773 = PCURVE('',#1170,#6774);
#6774 = DEFINITIONAL_REPRESENTATION('',(#6775),#6796);
#6775 = B_SPLINE_CURVE_WITH_KNOTS('',4,(#6776,#6777,#6778,#6779,#6780,
    #6781,#6782,#6783,#6784,#6785,#6786,#6787,#6788,#6789,#6790,#6791,
    #6792,#6793,#6794,#6795),.UNSPECIFIED.,.F.,.F.,(5,3,3,3,3,3,5),(0.,
    0.499076529278,0.750845837096,0.874791698337,0.938779295151,
    0.970775754512,1.),.UNSPECIFIED.);
#6776 = CARTESIAN_POINT('',(48.597230496761,9.642850971664E-02));
#6777 = CARTESIAN_POINT('',(48.355687979706,0.12769477182));
#6778 = CARTESIAN_POINT('',(48.112483954446,0.158948576572));
#6779 = CARTESIAN_POINT('',(47.867594883658,0.19018965356));
#6780 = CARTESIAN_POINT('',(47.496594861591,0.237171350411));
#6781 = CARTESIAN_POINT('',(47.37175825283,0.252921671231));
#6782 = CARTESIAN_POINT('',(47.246483507549,0.268668643918));
#6783 = CARTESIAN_POINT('',(47.058877523807,0.292162788258));
#6784 = CARTESIAN_POINT('',(46.996880639464,0.299912525033));
#6785 = CARTESIAN_POINT('',(46.93477642147,0.307661436784));
#6786 = CARTESIAN_POINT('',(46.840447303676,0.319409500531));
#6787 = CARTESIAN_POINT('',(46.808301411,0.323409260995));
#6788 = CARTESIAN_POINT('',(46.776126757704,0.327408799742));
#6789 = CARTESIAN_POINT('',(46.72782021855,0.333407940655));
#6790 = CARTESIAN_POINT('',(46.711709494186,0.335407765125));
#6791 = CARTESIAN_POINT('',(46.695591109793,0.33740758955));
#6792 = CARTESIAN_POINT('',(46.664736186218,0.341233970988));
#6793 = CARTESIAN_POINT('',(46.65000147636,0.343060482459));
#6794 = CARTESIAN_POINT('',(46.635260225511,0.344886944746));
#6795 = CARTESIAN_POINT('',(46.620513272776,0.346713362069));
#6796 = ( GEOMETRIC_REPRESENTATION_CONTEXT(2) 
PARAMETRIC_REPRESENTATION_CONTEXT() REPRESENTATION_CONTEXT('2D SPACE',''
  ) );
#6797 = PCURVE('',#6798,#6803);
#6798 = PLANE('',#6799);
#6799 = AXIS2_PLACEMENT_3D('',#6800,#6801,#6802);
#6800 = CARTESIAN_POINT('',(132.3,-59.85,-10.75));
#6801 = DIRECTION('',(-0.,1.,0.));
#6802 = DIRECTION('',(0.,0.,1.));
#6803 = DEFINITIONAL_REPRESENTATION('',(#6804),#6825);
#6804 = B_SPLINE_CURVE_WITH_KNOTS('',4,(#6805,#6806,#6807,#6808,#6809,
    #6810,#6811,#6812,#6813,#6814,#6815,#6816,#6817,#6818,#6819,#6820,
    #6821,#6822,#6823,#6824),.UNSPECIFIED.,.F.,.F.,(5,3,3,3,3,3,5),(0.,
    0.499076529278,0.750845837096,0.874791698337,0.938779295151,
    0.970775754512,1.),.UNSPECIFIED.);
#6805 = CARTESIAN_POINT('',(9.209426280682,34.539934140432));
#6806 = CARTESIAN_POINT('',(10.370029929966,34.081717908365));
#6807 = CARTESIAN_POINT('',(11.530171162341,33.62320542623));
#6808 = CARTESIAN_POINT('',(12.689839940141,33.164393676275));
#6809 = CARTESIAN_POINT('',(14.433800527267,32.473670179285));
#6810 = CARTESIAN_POINT('',(15.018452436099,32.241983812185));
#6811 = CARTESIAN_POINT('',(15.602980062238,32.010220117137));
#6812 = CARTESIAN_POINT('',(16.475082700136,31.664243327448));
#6813 = CARTESIAN_POINT('',(16.762752929235,31.550089117526));
#6814 = CARTESIAN_POINT('',(17.05039253341,31.43591602432));
#6815 = CARTESIAN_POINT('',(17.486480659692,31.262771865712));
#6816 = CARTESIAN_POINT('',(17.634951768134,31.203814685323));
#6817 = CARTESIAN_POINT('',(17.783414646407,31.144852453194));
#6818 = CARTESIAN_POINT('',(18.006102757132,31.056399065492));
#6819 = CARTESIAN_POINT('',(18.080336241436,31.0269108843));
#6820 = CARTESIAN_POINT('',(18.154569724098,30.997420617044));
#6821 = CARTESIAN_POINT('',(18.296605003064,30.940991161074));
#6822 = CARTESIAN_POINT('',(18.364405108862,30.914052990274));
#6823 = CARTESIAN_POINT('',(18.432203388959,30.887113800678));
#6824 = CARTESIAN_POINT('',(18.5,30.860173528497));
#6825 = ( GEOMETRIC_REPRESENTATION_CONTEXT(2) 
PARAMETRIC_REPRESENTATION_CONTEXT() REPRESENTATION_CONTEXT('2D SPACE',''
  ) );
#6826 = ORIENTED_EDGE('',*,*,#6827,.T.);
#6827 = EDGE_CURVE('',#6749,#6828,#6830,.T.);
#6828 = VERTEX_POINT('',#6829);
#6829 = CARTESIAN_POINT('',(163.62285392808,-58.09333911675,
    12.38760659249));
#6830 = SURFACE_CURVE('',#6831,(#6864,#6900),.PCURVE_S1.);
#6831 = B_SPLINE_CURVE_WITH_KNOTS('',7,(#6832,#6833,#6834,#6835,#6836,
    #6837,#6838,#6839,#6840,#6841,#6842,#6843,#6844,#6845,#6846,#6847,
    #6848,#6849,#6850,#6851,#6852,#6853,#6854,#6855,#6856,#6857,#6858,
    #6859,#6860,#6861,#6862,#6863),.UNSPECIFIED.,.F.,.F.,(8,6,6,6,6,8),(
    0.,0.162156673353,0.278777350357,0.464808039276,0.57902970976,1.),
  .UNSPECIFIED.);
#6832 = CARTESIAN_POINT('',(163.16017352849,-59.85,7.75));
#6833 = CARTESIAN_POINT('',(163.11256817901,-59.85,7.869801364357));
#6834 = CARTESIAN_POINT('',(163.06712294789,-59.84760797981,
    7.992034557065));
#6835 = CARTESIAN_POINT('',(163.02409272707,-59.84264891296,
    8.116637169649));
#6836 = CARTESIAN_POINT('',(162.98376543861,-59.83494552899,
    8.243471665946));
#6837 = CARTESIAN_POINT('',(162.94645018161,-59.82433003096,
    8.372316791076));
#6838 = CARTESIAN_POINT('',(162.91245536519,-59.81066537848,
    8.502852426916));
#6839 = CARTESIAN_POINT('',(162.86019464955,-59.78180156207,
    8.729416049524));
#6840 = CARTESIAN_POINT('',(162.84019144536,-59.76811024671,
    8.824845506466));
#6841 = CARTESIAN_POINT('',(162.82215330044,-59.7527758471,
    8.920747919613));
#6842 = CARTESIAN_POINT('',(162.80617159084,-59.73578761063,
    9.016930719217));
#6843 = CARTESIAN_POINT('',(162.79231876162,-59.71715366968,
    9.113186778231));
#6844 = CARTESIAN_POINT('',(162.78064410536,-59.69690433607,
    9.209294079476));
#6845 = CARTESIAN_POINT('',(162.7560559274,-59.6403062628,9.457707859515
    ));
#6846 = CARTESIAN_POINT('',(162.74653375791,-59.60153291407,
    9.609487053025));
#6847 = CARTESIAN_POINT('',(162.74270592079,-59.55900760804,
    9.759335797167));
#6848 = CARTESIAN_POINT('',(162.74445356282,-59.51306448603,
    9.906457991859));
#6849 = CARTESIAN_POINT('',(162.751507864,-59.46409593325,
    10.050241083702));
#6850 = CARTESIAN_POINT('',(162.76350683461,-59.41251819594,
    10.190226295478));
#6851 = CARTESIAN_POINT('',(162.79018663425,-59.32573062141,
    10.409503978013));
#6852 = CARTESIAN_POINT('',(162.80204760458,-59.29187760704,
    10.491391861916));
#6853 = CARTESIAN_POINT('',(162.81552893722,-59.25727270918,
    10.571697922824));
#6854 = CARTESIAN_POINT('',(162.83053682111,-59.22199647204,
    10.650392758832));
#6855 = CARTESIAN_POINT('',(162.84697791087,-59.18612309087,
    10.727466571488));
#6856 = CARTESIAN_POINT('',(162.86476249538,-59.14971901658,
    10.802925837725));
#6857 = CARTESIAN_POINT('',(162.95399969849,-58.97692765364,
    11.149020374103));
#6858 = CARTESIAN_POINT('',(163.04115018051,-58.83489969733,
    11.398953900339));
#6859 = CARTESIAN_POINT('',(163.14124958681,-58.68911442334,
    11.62889876827));
#6860 = CARTESIAN_POINT('',(163.25131234702,-58.54126049332,
    11.840776246278));
#6861 = CARTESIAN_POINT('',(163.3690922075,-58.3924426557,
    12.036571500083));
#6862 = CARTESIAN_POINT('',(163.49315678843,-58.24316317257,
    12.218213540961));
#6863 = CARTESIAN_POINT('',(163.62285392808,-58.09333911675,
    12.38760659249));
#6864 = PCURVE('',#1170,#6865);
#6865 = DEFINITIONAL_REPRESENTATION('',(#6866),#6899);
#6866 = B_SPLINE_CURVE_WITH_KNOTS('',7,(#6867,#6868,#6869,#6870,#6871,
    #6872,#6873,#6874,#6875,#6876,#6877,#6878,#6879,#6880,#6881,#6882,
    #6883,#6884,#6885,#6886,#6887,#6888,#6889,#6890,#6891,#6892,#6893,
    #6894,#6895,#6896,#6897,#6898),.UNSPECIFIED.,.F.,.F.,(8,6,6,6,6,8),(
    0.,0.162156673353,0.278777350357,0.464808039276,0.57902970976,1.),
  .UNSPECIFIED.);
#6867 = CARTESIAN_POINT('',(46.620513425919,0.346713362069));
#6868 = CARTESIAN_POINT('',(46.594454526696,0.349940769514));
#6869 = CARTESIAN_POINT('',(46.571884425986,0.353233689576));
#6870 = CARTESIAN_POINT('',(46.553115554534,0.356590440993));
#6871 = CARTESIAN_POINT('',(46.538481348767,0.360007318587));
#6872 = CARTESIAN_POINT('',(46.528318615171,0.363478361829));
#6873 = CARTESIAN_POINT('',(46.522934829115,0.366994946846));
#6874 = CARTESIAN_POINT('',(46.522291061357,0.373098492713));
#6875 = CARTESIAN_POINT('',(46.524612701846,0.375669329377));
#6876 = CARTESIAN_POINT('',(46.529611212965,0.378252907317));
#6877 = CARTESIAN_POINT('',(46.537349482315,0.380844038772));
#6878 = CARTESIAN_POINT('',(46.54786172521,0.38343714381));
#6879 = CARTESIAN_POINT('',(46.561147848144,0.386026241365));
#6880 = CARTESIAN_POINT('',(46.602722499787,0.39271842294));
#6881 = CARTESIAN_POINT('',(46.635245136152,0.396807302075));
#6882 = CARTESIAN_POINT('',(46.674575185764,0.40084417557));
#6883 = CARTESIAN_POINT('',(46.720330209097,0.404807596763));
#6884 = CARTESIAN_POINT('',(46.771986692828,0.408681063677));
#6885 = CARTESIAN_POINT('',(46.828944378312,0.412452217012));
#6886 = CARTESIAN_POINT('',(46.928414341942,0.418359482166));
#6887 = CARTESIAN_POINT('',(46.968027617242,0.420565513521));
#6888 = CARTESIAN_POINT('',(47.009281120954,0.422728931111));
#6889 = CARTESIAN_POINT('',(47.052045152891,0.424848942856));
#6890 = CARTESIAN_POINT('',(47.096196255591,0.426925284792));
#6891 = CARTESIAN_POINT('',(47.141620363902,0.428958131404));
#6892 = CARTESIAN_POINT('',(47.359946583602,0.438281798871));
#6893 = CARTESIAN_POINT('',(47.547189805546,0.445014921884));
#6894 = CARTESIAN_POINT('',(47.745441049181,0.451209557335));
#6895 = CARTESIAN_POINT('',(47.95139104849,0.456917463531));
#6896 = CARTESIAN_POINT('',(48.162702964748,0.462192120153));
#6897 = CARTESIAN_POINT('',(48.378079155284,0.467085494099));
#6898 = CARTESIAN_POINT('',(48.597230496761,0.471648884496));
#6899 = ( GEOMETRIC_REPRESENTATION_CONTEXT(2) 
PARAMETRIC_REPRESENTATION_CONTEXT() REPRESENTATION_CONTEXT('2D SPACE',''
  ) );
#6900 = PCURVE('',#6901,#6906);
#6901 = CYLINDRICAL_SURFACE('',#6902,7.);
#6902 = AXIS2_PLACEMENT_3D('',#6903,#6904,#6905);
#6903 = CARTESIAN_POINT('',(132.3,-52.85,7.75));
#6904 = DIRECTION('',(1.,0.,-0.));
#6905 = DIRECTION('',(0.,-1.,0.));
#6906 = DEFINITIONAL_REPRESENTATION('',(#6907),#6940);
#6907 = B_SPLINE_CURVE_WITH_KNOTS('',7,(#6908,#6909,#6910,#6911,#6912,
    #6913,#6914,#6915,#6916,#6917,#6918,#6919,#6920,#6921,#6922,#6923,
    #6924,#6925,#6926,#6927,#6928,#6929,#6930,#6931,#6932,#6933,#6934,
    #6935,#6936,#6937,#6938,#6939),.UNSPECIFIED.,.F.,.F.,(8,6,6,6,6,8),(
    0.,0.162156673353,0.278777350357,0.464808039276,0.57902970976,1.),
  .UNSPECIFIED.);
#6908 = CARTESIAN_POINT('',(0.,30.860173528497));
#6909 = CARTESIAN_POINT('',(-1.711448062246E-02,30.812568179011));
#6910 = CARTESIAN_POINT('',(-3.457636162202E-02,30.767122947898));
#6911 = CARTESIAN_POINT('',(-5.238493518405E-02,30.724092727076));
#6912 = CARTESIAN_POINT('',(-7.05301915342E-02,30.683765438614));
#6913 = CARTESIAN_POINT('',(-8.899188831339E-02,30.646450181617));
#6914 = CARTESIAN_POINT('',(-0.107737018839,30.612455365193));
#6915 = CARTESIAN_POINT('',(-0.140364850638,30.560194649554));
#6916 = CARTESIAN_POINT('',(-0.154135513001,30.540191445367));
#6917 = CARTESIAN_POINT('',(-0.168007000163,30.522153300448));
#6918 = CARTESIAN_POINT('',(-0.181956729227,30.506171590846));
#6919 = CARTESIAN_POINT('',(-0.195959874789,30.492318761627));
#6920 = CARTESIAN_POINT('',(-0.209989043146,30.480644105364));
#6921 = CARTESIAN_POINT('',(-0.246386157859,30.456055927408));
#6922 = CARTESIAN_POINT('',(-0.268757595418,30.446533757916));
#6923 = CARTESIAN_POINT('',(-0.290997520067,30.442705920794));
#6924 = CARTESIAN_POINT('',(-0.313002677784,30.444453562827));
#6925 = CARTESIAN_POINT('',(-0.33469091332,30.451507864004));
#6926 = CARTESIAN_POINT('',(-0.355996968909,30.463506834615));
#6927 = CARTESIAN_POINT('',(-0.389686664891,30.490186634256));
#6928 = CARTESIAN_POINT('',(-0.402343717655,30.50204760458));
#6929 = CARTESIAN_POINT('',(-0.414833631951,30.515528937222));
#6930 = CARTESIAN_POINT('',(-0.427151303551,30.530536821118));
#6931 = CARTESIAN_POINT('',(-0.439294172425,30.546977910878));
#6932 = CARTESIAN_POINT('',(-0.451261876805,30.564762495382));
#6933 = CARTESIAN_POINT('',(-0.506523459434,30.653999698491));
#6934 = CARTESIAN_POINT('',(-0.547531351593,30.741150180517));
#6935 = CARTESIAN_POINT('',(-0.58635818562,30.841249586812));
#6936 = CARTESIAN_POINT('',(-0.623208327679,30.951312347029));
#6937 = CARTESIAN_POINT('',(-0.658299875863,31.069092207508));
#6938 = CARTESIAN_POINT('',(-0.691865360941,31.193156788431));
#6939 = CARTESIAN_POINT('',(-0.724171692414,31.322853928089));
#6940 = ( GEOMETRIC_REPRESENTATION_CONTEXT(2) 
PARAMETRIC_REPRESENTATION_CONTEXT() REPRESENTATION_CONTEXT('2D SPACE',''
  ) );
#6941 = ORIENTED_EDGE('',*,*,#6942,.T.);
#6942 = EDGE_CURVE('',#6828,#2590,#6943,.T.);
#6943 = SURFACE_CURVE('',#6944,(#6947,#6954),.PCURVE_S1.);
#6944 = B_SPLINE_CURVE_WITH_KNOTS('',1,(#6945,#6946),.UNSPECIFIED.,.F.,
  .F.,(2,2),(0.,1.),.PIECEWISE_BEZIER_KNOTS.);
#6945 = CARTESIAN_POINT('',(167.66669694801,-60.30144720925,-5.12));
#6946 = CARTESIAN_POINT('',(159.09285493787,-55.61976945047,32.));
#6947 = PCURVE('',#1170,#6948);
#6948 = DEFINITIONAL_REPRESENTATION('',(#6949),#6953);
#6949 = LINE('',#6950,#6951);
#6950 = CARTESIAN_POINT('',(48.597230496761,0.));
#6951 = VECTOR('',#6952,1.);
#6952 = DIRECTION('',(0.,1.));
#6953 = ( GEOMETRIC_REPRESENTATION_CONTEXT(2) 
PARAMETRIC_REPRESENTATION_CONTEXT() REPRESENTATION_CONTEXT('2D SPACE',''
  ) );
#6954 = PCURVE('',#2606,#6955);
#6955 = DEFINITIONAL_REPRESENTATION('',(#6956),#6960);
#6956 = LINE('',#6957,#6958);
#6957 = CARTESIAN_POINT('',(2.212809710427,0.));
#6958 = VECTOR('',#6959,1.);
#6959 = DIRECTION('',(0.,1.));
#6960 = ( GEOMETRIC_REPRESENTATION_CONTEXT(2) 
PARAMETRIC_REPRESENTATION_CONTEXT() REPRESENTATION_CONTEXT('2D SPACE',''
  ) );
#6961 = ORIENTED_EDGE('',*,*,#2630,.F.);
#6962 = ADVANCED_FACE('',(#6963),#1374,.T.);
#6963 = FACE_BOUND('',#6964,.T.);
#6964 = EDGE_LOOP('',(#6965,#6966,#7001,#7031));
#6965 = ORIENTED_EDGE('',*,*,#1360,.F.);
#6966 = ORIENTED_EDGE('',*,*,#6967,.T.);
#6967 = EDGE_CURVE('',#1210,#6968,#6970,.T.);
#6968 = VERTEX_POINT('',#6969);
#6969 = CARTESIAN_POINT('',(167.68567241503,-59.85,-3.75));
#6970 = SURFACE_CURVE('',#6971,(#6979,#6990),.PCURVE_S1.);
#6971 = B_SPLINE_CURVE_WITH_KNOTS('',6,(#6972,#6973,#6974,#6975,#6976,
    #6977,#6978),.UNSPECIFIED.,.F.,.F.,(7,7),(0.,1.),
  .PIECEWISE_BEZIER_KNOTS.);
#6972 = CARTESIAN_POINT('',(168.32136753857,-59.71462671964,-5.12));
#6973 = CARTESIAN_POINT('',(168.2043738781,-59.75753331717,
    -4.905008922714));
#6974 = CARTESIAN_POINT('',(168.09031020026,-59.79295994689,
    -4.685400971392));
#6975 = CARTESIAN_POINT('',(167.98003818736,-59.8205934759,
    -4.46052754811));
#6976 = CARTESIAN_POINT('',(167.87475050213,-59.83986993425,
    -4.229889670007));
#6977 = CARTESIAN_POINT('',(167.7760389961,-59.85,-3.993084133475));
#6978 = CARTESIAN_POINT('',(167.68567241503,-59.85,-3.75));
#6979 = PCURVE('',#1374,#6980);
#6980 = DEFINITIONAL_REPRESENTATION('',(#6981),#6989);
#6981 = B_SPLINE_CURVE_WITH_KNOTS('',6,(#6982,#6983,#6984,#6985,#6986,
    #6987,#6988),.UNSPECIFIED.,.F.,.F.,(7,7),(0.,1.),
  .PIECEWISE_BEZIER_KNOTS.);
#6982 = CARTESIAN_POINT('',(2.361952579792,0.));
#6983 = CARTESIAN_POINT('',(2.345474192516,5.791785487223E-03));
#6984 = CARTESIAN_POINT('',(2.330311247656,1.170794796896E-02));
#6985 = CARTESIAN_POINT('',(2.31660262859,1.776596044962E-02));
#6986 = CARTESIAN_POINT('',(2.304560784867,2.397926535541E-02));
#6987 = CARTESIAN_POINT('',(2.294477707344,3.03587248525E-02));
#6988 = CARTESIAN_POINT('',(2.286687598677,3.690732758621E-02));
#6989 = ( GEOMETRIC_REPRESENTATION_CONTEXT(2) 
PARAMETRIC_REPRESENTATION_CONTEXT() REPRESENTATION_CONTEXT('2D SPACE',''
  ) );
#6990 = PCURVE('',#1307,#6991);
#6991 = DEFINITIONAL_REPRESENTATION('',(#6992),#7000);
#6992 = B_SPLINE_CURVE_WITH_KNOTS('',6,(#6993,#6994,#6995,#6996,#6997,
    #6998,#6999),.UNSPECIFIED.,.F.,.F.,(7,7),(0.,1.),
  .PIECEWISE_BEZIER_KNOTS.);
#6993 = CARTESIAN_POINT('',(0.19698576902,36.021367538576));
#6994 = CARTESIAN_POINT('',(0.165667084689,35.9043738781));
#6995 = CARTESIAN_POINT('',(0.133910738956,35.790310200263));
#6996 = CARTESIAN_POINT('',(0.101579309932,35.680038187363));
#6997 = CARTESIAN_POINT('',(6.855566961406E-02,35.574750502138));
#6998 = CARTESIAN_POINT('',(3.472630478216E-02,35.476038996109));
#6999 = CARTESIAN_POINT('',(0.,35.385672415031));
#7000 = ( GEOMETRIC_REPRESENTATION_CONTEXT(2) 
PARAMETRIC_REPRESENTATION_CONTEXT() REPRESENTATION_CONTEXT('2D SPACE',''
  ) );
#7001 = ORIENTED_EDGE('',*,*,#7002,.T.);
#7002 = EDGE_CURVE('',#6968,#6727,#7003,.T.);
#7003 = SURFACE_CURVE('',#7004,(#7011,#7021),.PCURVE_S1.);
#7004 = B_SPLINE_CURVE_WITH_KNOTS('',5,(#7005,#7006,#7007,#7008,#7009,
    #7010),.UNSPECIFIED.,.F.,.F.,(6,6),(0.,1.),
  .PIECEWISE_BEZIER_KNOTS.);
#7005 = CARTESIAN_POINT('',(167.68567241503,-59.85,-3.75));
#7006 = CARTESIAN_POINT('',(167.52079318801,-59.85,-3.306478473023));
#7007 = CARTESIAN_POINT('',(167.35393528204,-59.85,-2.863700535707));
#7008 = CARTESIAN_POINT('',(167.18495893676,-59.85,-2.421731400356));
#7009 = CARTESIAN_POINT('',(167.01369823561,-59.85,-1.980652837814));
#7010 = CARTESIAN_POINT('',(166.83993414043,-59.85,-1.540573719318));
#7011 = PCURVE('',#1374,#7012);
#7012 = DEFINITIONAL_REPRESENTATION('',(#7013),#7020);
#7013 = B_SPLINE_CURVE_WITH_KNOTS('',5,(#7014,#7015,#7016,#7017,#7018,
    #7019),.UNSPECIFIED.,.F.,.F.,(6,6),(0.,1.),
  .PIECEWISE_BEZIER_KNOTS.);
#7014 = CARTESIAN_POINT('',(2.286687598677,3.690732758621E-02));
#7015 = CARTESIAN_POINT('',(2.272474079915,4.885564458451E-02));
#7016 = CARTESIAN_POINT('',(2.258006789203,6.078392953375E-02));
#7017 = CARTESIAN_POINT('',(2.243261305305,7.269042563697E-02));
#7018 = CARTESIAN_POINT('',(2.228208495717,8.457293001579E-02));
#7019 = CARTESIAN_POINT('',(2.212809710427,9.642850971664E-02));
#7020 = ( GEOMETRIC_REPRESENTATION_CONTEXT(2) 
PARAMETRIC_REPRESENTATION_CONTEXT() REPRESENTATION_CONTEXT('2D SPACE',''
  ) );
#7021 = PCURVE('',#6798,#7022);
#7022 = DEFINITIONAL_REPRESENTATION('',(#7023),#7030);
#7023 = B_SPLINE_CURVE_WITH_KNOTS('',5,(#7024,#7025,#7026,#7027,#7028,
    #7029),.UNSPECIFIED.,.F.,.F.,(6,6),(0.,1.),
  .PIECEWISE_BEZIER_KNOTS.);
#7024 = CARTESIAN_POINT('',(7.,35.385672415031));
#7025 = CARTESIAN_POINT('',(7.443521526977,35.220793188014));
#7026 = CARTESIAN_POINT('',(7.886299464293,35.053935282046));
#7027 = CARTESIAN_POINT('',(8.328268599644,34.884958936762));
#7028 = CARTESIAN_POINT('',(8.769347162186,34.713698235618));
#7029 = CARTESIAN_POINT('',(9.209426280682,34.539934140432));
#7030 = ( GEOMETRIC_REPRESENTATION_CONTEXT(2) 
PARAMETRIC_REPRESENTATION_CONTEXT() REPRESENTATION_CONTEXT('2D SPACE',''
  ) );
#7031 = ORIENTED_EDGE('',*,*,#6726,.F.);
#7032 = ADVANCED_FACE('',(#7033),#1307,.F.);
#7033 = FACE_BOUND('',#7034,.F.);
#7034 = EDGE_LOOP('',(#7035,#7058,#7096,#7247,#7320,#7341,#7342,#7343));
#7035 = ORIENTED_EDGE('',*,*,#7036,.F.);
#7036 = EDGE_CURVE('',#7037,#6968,#7039,.T.);
#7037 = VERTEX_POINT('',#7038);
#7038 = CARTESIAN_POINT('',(162.22574281763,-59.85,-3.75));
#7039 = SURFACE_CURVE('',#7040,(#7044,#7051),.PCURVE_S1.);
#7040 = LINE('',#7041,#7042);
#7041 = CARTESIAN_POINT('',(132.3,-59.85,-3.75));
#7042 = VECTOR('',#7043,1.);
#7043 = DIRECTION('',(1.,0.,-0.));
#7044 = PCURVE('',#1307,#7045);
#7045 = DEFINITIONAL_REPRESENTATION('',(#7046),#7050);
#7046 = LINE('',#7047,#7048);
#7047 = CARTESIAN_POINT('',(0.,0.));
#7048 = VECTOR('',#7049,1.);
#7049 = DIRECTION('',(0.,1.));
#7050 = ( GEOMETRIC_REPRESENTATION_CONTEXT(2) 
PARAMETRIC_REPRESENTATION_CONTEXT() REPRESENTATION_CONTEXT('2D SPACE',''
  ) );
#7051 = PCURVE('',#6798,#7052);
#7052 = DEFINITIONAL_REPRESENTATION('',(#7053),#7057);
#7053 = LINE('',#7054,#7055);
#7054 = CARTESIAN_POINT('',(7.,0.));
#7055 = VECTOR('',#7056,1.);
#7056 = DIRECTION('',(0.,1.));
#7057 = ( GEOMETRIC_REPRESENTATION_CONTEXT(2) 
PARAMETRIC_REPRESENTATION_CONTEXT() REPRESENTATION_CONTEXT('2D SPACE',''
  ) );
#7058 = ORIENTED_EDGE('',*,*,#7059,.F.);
#7059 = EDGE_CURVE('',#7060,#7037,#7062,.T.);
#7060 = VERTEX_POINT('',#7061);
#7061 = CARTESIAN_POINT('',(162.83454059365,-59.71462671964,-5.12));
#7062 = SURFACE_CURVE('',#7063,(#7072,#7084),.PCURVE_S1.);
#7063 = B_SPLINE_CURVE_WITH_KNOTS('',7,(#7064,#7065,#7066,#7067,#7068,
    #7069,#7070,#7071),.UNSPECIFIED.,.F.,.F.,(8,8),(0.,1.),
  .PIECEWISE_BEZIER_KNOTS.);
#7064 = CARTESIAN_POINT('',(162.83454059365,-59.71462671964,-5.12));
#7065 = CARTESIAN_POINT('',(162.73442691599,-59.74926852139,
    -4.946421140205));
#7066 = CARTESIAN_POINT('',(162.63741717196,-59.77993030043,
    -4.766104739124));
#7067 = CARTESIAN_POINT('',(162.54399055158,-59.80610310741,
    -4.578441061646));
#7068 = CARTESIAN_POINT('',(162.45493483399,-59.82709048131,
    -4.383015334703));
#7069 = CARTESIAN_POINT('',(162.37131244114,-59.84204565392,
    -4.179653756031));
#7070 = CARTESIAN_POINT('',(162.29443591066,-59.85,-3.968461973982));
#7071 = CARTESIAN_POINT('',(162.22574281763,-59.85,-3.75));
#7072 = PCURVE('',#1307,#7073);
#7073 = DEFINITIONAL_REPRESENTATION('',(#7074),#7083);
#7074 = B_SPLINE_CURVE_WITH_KNOTS('',7,(#7075,#7076,#7077,#7078,#7079,
    #7080,#7081,#7082),.UNSPECIFIED.,.F.,.F.,(8,8),(0.,1.),
  .PIECEWISE_BEZIER_KNOTS.);
#7075 = CARTESIAN_POINT('',(0.19698576902,30.534540593656));
#7076 = CARTESIAN_POINT('',(0.171699782341,30.434426915999));
#7077 = CARTESIAN_POINT('',(0.14558117658,30.337417171966));
#7078 = CARTESIAN_POINT('',(0.118532392384,30.243990551584));
#7079 = CARTESIAN_POINT('',(9.048043030985E-02,30.154934833999));
#7080 = CARTESIAN_POINT('',(6.137910392404E-02,30.071312441144));
#7081 = CARTESIAN_POINT('',(3.120885342601E-02,29.994435910668));
#7082 = CARTESIAN_POINT('',(0.,29.925742817638));
#7083 = ( GEOMETRIC_REPRESENTATION_CONTEXT(2) 
PARAMETRIC_REPRESENTATION_CONTEXT() REPRESENTATION_CONTEXT('2D SPACE',''
  ) );
#7084 = PCURVE('',#3149,#7085);
#7085 = DEFINITIONAL_REPRESENTATION('',(#7086),#7095);
#7086 = B_SPLINE_CURVE_WITH_KNOTS('',7,(#7087,#7088,#7089,#7090,#7091,
    #7092,#7093,#7094),.UNSPECIFIED.,.F.,.F.,(8,8),(0.,1.),
  .PIECEWISE_BEZIER_KNOTS.);
#7087 = CARTESIAN_POINT('',(45.103722918423,0.));
#7088 = CARTESIAN_POINT('',(45.017199652231,3.683761880193E-03));
#7089 = CARTESIAN_POINT('',(44.936053140122,7.510510629801E-03));
#7090 = CARTESIAN_POINT('',(44.861024701661,1.149318629784E-02));
#7091 = CARTESIAN_POINT('',(44.793200419292,1.564059136879E-02));
#7092 = CARTESIAN_POINT('',(44.733959437584,1.995641434569E-02));
#7093 = CARTESIAN_POINT('',(44.684936393975,2.443841311583E-02));
#7094 = CARTESIAN_POINT('',(44.647825440507,2.907470288625E-02));
#7095 = ( GEOMETRIC_REPRESENTATION_CONTEXT(2) 
PARAMETRIC_REPRESENTATION_CONTEXT() REPRESENTATION_CONTEXT('2D SPACE',''
  ) );
#7096 = ORIENTED_EDGE('',*,*,#7097,.F.);
#7097 = EDGE_CURVE('',#7098,#7060,#7100,.T.);
#7098 = VERTEX_POINT('',#7099);
#7099 = CARTESIAN_POINT('',(159.03224231417,-55.90573405471,
    -10.04781623952));
#7100 = SURFACE_CURVE('',#7101,(#7146,#7194),.PCURVE_S1.);
#7101 = B_SPLINE_CURVE_WITH_KNOTS('',7,(#7102,#7103,#7104,#7105,#7106,
    #7107,#7108,#7109,#7110,#7111,#7112,#7113,#7114,#7115,#7116,#7117,
    #7118,#7119,#7120,#7121,#7122,#7123,#7124,#7125,#7126,#7127,#7128,
    #7129,#7130,#7131,#7132,#7133,#7134,#7135,#7136,#7137,#7138,#7139,
    #7140,#7141,#7142,#7143,#7144,#7145),.UNSPECIFIED.,.F.,.F.,(8,6,6,6,
    6,6,6,8),(0.,0.135439103408,0.219907384487,0.287168552132,
    0.373306152695,0.504100523506,0.728892884024,1.),.UNSPECIFIED.);
#7102 = CARTESIAN_POINT('',(159.03224231417,-55.90573405471,
    -10.04781623952));
#7103 = CARTESIAN_POINT('',(158.98232508575,-56.01481670441,
    -9.994888755653));
#7104 = CARTESIAN_POINT('',(158.93646806624,-56.12576768767,
    -9.938331606225));
#7105 = CARTESIAN_POINT('',(158.89511898386,-56.23865346658,
    -9.877848023831));
#7106 = CARTESIAN_POINT('',(158.85883533576,-56.35346056228,
    -9.813139449187));
#7107 = CARTESIAN_POINT('',(158.82827640877,-56.47009228059,
    -9.743912333486));
#7108 = CARTESIAN_POINT('',(158.80417604673,-56.58835958371,
    -9.669899875055));
#7109 = CARTESIAN_POINT('',(158.77676881583,-56.78256020404,
    -9.54162861902));
#7110 = CARTESIAN_POINT('',(158.76905153109,-56.85766307671,
    -9.490426212313));
#7111 = CARTESIAN_POINT('',(158.76432972796,-56.93318558538,
    -9.437254546037));
#7112 = CARTESIAN_POINT('',(158.76278974922,-57.00901024053,
    -9.382097079664));
#7113 = CARTESIAN_POINT('',(158.76460879957,-57.08499052024,
    -9.324963718424));
#7114 = CARTESIAN_POINT('',(158.76993929949,-57.16094996566,
    -9.265900141452));
#7115 = CARTESIAN_POINT('',(158.78601313424,-57.29698489288,
    -9.156506595208));
#7116 = CARTESIAN_POINT('',(158.79543307516,-57.35714785155,
    -9.106845372481));
#7117 = CARTESIAN_POINT('',(158.80720095111,-57.41705928771,
    -9.056068687038));
#7118 = CARTESIAN_POINT('',(158.82135157251,-57.47660575367,
    -9.004240877906));
#7119 = CARTESIAN_POINT('',(158.83789746505,-57.53567168685,
    -8.951440169098));
#7120 = CARTESIAN_POINT('',(158.85682524697,-57.59414009903,
    -8.89776017483));
#7121 = CARTESIAN_POINT('',(158.90532715086,-57.72585450309,
    -8.773581922293));
#7122 = CARTESIAN_POINT('',(158.93640427308,-57.79865859516,
    -8.702576579091));
#7123 = CARTESIAN_POINT('',(158.97123321618,-57.87005053856,
    -8.630533217906));
#7124 = CARTESIAN_POINT('',(159.00966183866,-57.93982567089,
    -8.557686820775));
#7125 = CARTESIAN_POINT('',(159.05148898822,-58.00782370128,
    -8.484266761284));
#7126 = CARTESIAN_POINT('',(159.09647747559,-58.07392274118,
    -8.41049405686));
#7127 = CARTESIAN_POINT('',(159.21708426482,-58.23538112207,
    -8.224342816275));
#7128 = CARTESIAN_POINT('',(159.29648916856,-58.32814249264,
    -8.111779885019));
#7129 = CARTESIAN_POINT('',(159.38173349728,-58.41609516963,
    -7.99952270004));
#7130 = CARTESIAN_POINT('',(159.47194456877,-58.49924355387,
    -7.888050522903));
#7131 = CARTESIAN_POINT('',(159.56632468508,-58.57772469257,
    -7.777703438133));
#7132 = CARTESIAN_POINT('',(159.66421105101,-58.65175023575,
    -7.668691956963));
#7133 = CARTESIAN_POINT('',(159.93848449736,-58.84160623046,
    -7.376189800287));
#7134 = CARTESIAN_POINT('',(160.1205312032,-58.94910850262,
    -7.195689487724));
#7135 = CARTESIAN_POINT('',(160.3088886543,-59.04565484868,
    -7.019744971015));
#7136 = CARTESIAN_POINT('',(160.50180044418,-59.13249460395,
    -6.84840639336));
#7137 = CARTESIAN_POINT('',(160.69800481684,-59.21074668914,
    -6.681547005447));
#7138 = CARTESIAN_POINT('',(160.89674285541,-59.2813859944,
    -6.518867810961));
#7139 = CARTESIAN_POINT('',(161.340153644,-59.42230691033,-6.16815608941
    ));
#7140 = CARTESIAN_POINT('',(161.58552700835,-59.48941220941,
    -5.982064359373));
#7141 = CARTESIAN_POINT('',(161.83301870617,-59.54801098662,
    -5.801026378421));
#7142 = CARTESIAN_POINT('',(162.08201682535,-59.59909295163,
    -5.624651224566));
#7143 = CARTESIAN_POINT('',(162.33208500032,-59.64347141891,
    -5.452581115263));
#7144 = CARTESIAN_POINT('',(162.58296013069,-59.68180094521,
    -5.284479334448));
#7145 = CARTESIAN_POINT('',(162.83454059365,-59.71462671964,-5.12));
#7146 = PCURVE('',#1307,#7147);
#7147 = DEFINITIONAL_REPRESENTATION('',(#7148),#7193);
#7148 = B_SPLINE_CURVE_WITH_KNOTS('',7,(#7149,#7150,#7151,#7152,#7153,
    #7154,#7155,#7156,#7157,#7158,#7159,#7160,#7161,#7162,#7163,#7164,
    #7165,#7166,#7167,#7168,#7169,#7170,#7171,#7172,#7173,#7174,#7175,
    #7176,#7177,#7178,#7179,#7180,#7181,#7182,#7183,#7184,#7185,#7186,
    #7187,#7188,#7189,#7190,#7191,#7192),.UNSPECIFIED.,.F.,.F.,(8,6,6,6,
    6,6,6,8),(0.,0.135439103408,0.219907384487,0.287168552132,
    0.373306152695,0.504100523506,0.728892884024,1.),.UNSPECIFIED.);
#7149 = CARTESIAN_POINT('',(1.119054344376,26.732242314172));
#7150 = CARTESIAN_POINT('',(1.10173363422,26.68232508575));
#7151 = CARTESIAN_POINT('',(1.083946444315,26.636468066241));
#7152 = CARTESIAN_POINT('',(1.065657215718,26.595118983864));
#7153 = CARTESIAN_POINT('',(1.046838566707,26.558835335767));
#7154 = CARTESIAN_POINT('',(1.027471264839,26.528276408779));
#7155 = CARTESIAN_POINT('',(1.007546270594,26.504176046736));
#7156 = CARTESIAN_POINT('',(0.974297856158,26.476768815832));
#7157 = CARTESIAN_POINT('',(0.961314072813,26.469051531095));
#7158 = CARTESIAN_POINT('',(0.948121814921,26.46432972796));
#7159 = CARTESIAN_POINT('',(0.934729882127,26.46278974922));
#7160 = CARTESIAN_POINT('',(0.921152074965,26.464608799578));
#7161 = CARTESIAN_POINT('',(0.907408159723,26.469939299493));
#7162 = CARTESIAN_POINT('',(0.882470503015,26.486013134247));
#7163 = CARTESIAN_POINT('',(0.871326890313,26.495433075165));
#7164 = CARTESIAN_POINT('',(0.860109217919,26.507200951115));
#7165 = CARTESIAN_POINT('',(0.848833498469,26.521351572513));
#7166 = CARTESIAN_POINT('',(0.837517142558,26.537897465052));
#7167 = CARTESIAN_POINT('',(0.826179115516,26.556825246972));
#7168 = CARTESIAN_POINT('',(0.800318846312,26.605327150865));
#7169 = CARTESIAN_POINT('',(0.785792857564,26.636404273088));
#7170 = CARTESIAN_POINT('',(0.771306898476,26.671233216185));
#7171 = CARTESIAN_POINT('',(0.756900306234,26.709661838668));
#7172 = CARTESIAN_POINT('',(0.742607580234,26.751488988226));
#7173 = CARTESIAN_POINT('',(0.728458977636,26.796477475591));
#7174 = CARTESIAN_POINT('',(0.693256620012,26.917084264825));
#7175 = CARTESIAN_POINT('',(0.672426143306,26.99648916856));
#7176 = CARTESIAN_POINT('',(0.652063109936,27.081733497288));
#7177 = CARTESIAN_POINT('',(0.632205965903,27.171944568779));
#7178 = CARTESIAN_POINT('',(0.612869105307,27.26632468508));
#7179 = CARTESIAN_POINT('',(0.594048933563,27.364211051011));
#7180 = CARTESIAN_POINT('',(0.544232369973,27.638484497365));
#7181 = CARTESIAN_POINT('',(0.514242060333,27.820531203209));
#7182 = CARTESIAN_POINT('',(0.48559880923,28.008888654308));
#7183 = CARTESIAN_POINT('',(0.458182175772,28.201800444189));
#7184 = CARTESIAN_POINT('',(0.43187195941,28.398004816843));
#7185 = CARTESIAN_POINT('',(0.406545325966,28.596742855412));
#7186 = CARTESIAN_POINT('',(0.352550349596,29.040153644004));
#7187 = CARTESIAN_POINT('',(0.324308451954,29.285527008357));
#7188 = CARTESIAN_POINT('',(0.297147578913,29.53301870617));
#7189 = CARTESIAN_POINT('',(0.270937324726,29.782016825353));
#7190 = CARTESIAN_POINT('',(0.245567963779,30.032085000327));
#7191 = CARTESIAN_POINT('',(0.220946188307,30.282960130697));
#7192 = CARTESIAN_POINT('',(0.19698576902,30.534540593656));
#7193 = ( GEOMETRIC_REPRESENTATION_CONTEXT(2) 
PARAMETRIC_REPRESENTATION_CONTEXT() REPRESENTATION_CONTEXT('2D SPACE',''
  ) );
#7194 = PCURVE('',#7195,#7200);
#7195 = B_SPLINE_SURFACE_WITH_KNOTS('',1,1,(
    (#7196,#7197)
    ,(#7198,#7199
    )),.UNSPECIFIED.,.F.,.F.,.F.,(2,2),(2,2),(2.020683147051,
    47.358175508515),(0.,1.),.PIECEWISE_BEZIER_KNOTS.);
#7196 = CARTESIAN_POINT('',(107.69269411049,-67.96014059464,-29.));
#7197 = CARTESIAN_POINT('',(128.52900037105,-85.77759328097,-5.12));
#7198 = CARTESIAN_POINT('',(137.50470777779,-46.5021014296,-29.));
#7199 = CARTESIAN_POINT('',(164.6296835181,-58.3508018182,-5.12));
#7200 = DEFINITIONAL_REPRESENTATION('',(#7201),#7246);
#7201 = B_SPLINE_CURVE_WITH_KNOTS('',7,(#7202,#7203,#7204,#7205,#7206,
    #7207,#7208,#7209,#7210,#7211,#7212,#7213,#7214,#7215,#7216,#7217,
    #7218,#7219,#7220,#7221,#7222,#7223,#7224,#7225,#7226,#7227,#7228,
    #7229,#7230,#7231,#7232,#7233,#7234,#7235,#7236,#7237,#7238,#7239,
    #7240,#7241,#7242,#7243,#7244,#7245),.UNSPECIFIED.,.F.,.F.,(8,6,6,6,
    6,6,6,8),(0.,0.135439103408,0.219907384487,0.287168552132,
    0.373306152695,0.504100523506,0.728892884024,1.),.UNSPECIFIED.);
#7202 = CARTESIAN_POINT('',(47.358175508515,0.793642536033));
#7203 = CARTESIAN_POINT('',(47.214831557053,0.79585892983));
#7204 = CARTESIAN_POINT('',(47.071539899659,0.798227319672));
#7205 = CARTESIAN_POINT('',(46.928461127672,0.800760133005));
#7206 = CARTESIAN_POINT('',(46.785897883902,0.803469872312));
#7207 = CARTESIAN_POINT('',(46.644293941965,0.806368830256));
#7208 = CARTESIAN_POINT('',(46.504229192871,0.809468179437));
#7209 = CARTESIAN_POINT('',(46.280458221477,0.81483967257));
#7210 = CARTESIAN_POINT('',(46.19539345618,0.816983826955));
#7211 = CARTESIAN_POINT('',(46.111406652714,0.819210446146));
#7212 = CARTESIAN_POINT('',(46.028718844803,0.821520222795));
#7213 = CARTESIAN_POINT('',(45.947577107954,0.82391274211));
#7214 = CARTESIAN_POINT('',(45.868247466726,0.826386091229));
#7215 = CARTESIAN_POINT('',(45.729498192808,0.830967060502));
#7216 = CARTESIAN_POINT('',(45.669310710338,0.833046676194));
#7217 = CARTESIAN_POINT('',(45.610588105746,0.835173003055));
#7218 = CARTESIAN_POINT('',(45.553468826908,0.837343346821));
#7219 = CARTESIAN_POINT('',(45.498081991291,0.83955443178));
#7220 = CARTESIAN_POINT('',(45.44454486935,0.841802337737));
#7221 = CARTESIAN_POINT('',(45.326898993504,0.847002432065));
#7222 = CARTESIAN_POINT('',(45.264025873685,0.849975855147));
#7223 = CARTESIAN_POINT('',(45.204565509823,0.852992746319));
#7224 = CARTESIAN_POINT('',(45.148656241202,0.856043265462));
#7225 = CARTESIAN_POINT('',(45.096363632154,0.859117807316));
#7226 = CARTESIAN_POINT('',(45.04769385919,0.862207116547));
#7227 = CARTESIAN_POINT('',(44.934145769892,0.870002394628));
#7228 = CARTESIAN_POINT('',(44.873946898113,0.874716085217));
#7229 = CARTESIAN_POINT('',(44.821804472177,0.87941697236));
#7230 = CARTESIAN_POINT('',(44.777258345285,0.884084986478));
#7231 = CARTESIAN_POINT('',(44.739747002475,0.888705886175));
#7232 = CARTESIAN_POINT('',(44.708700032585,0.893270856074));
#7233 = CARTESIAN_POINT('',(44.640380593974,0.905519690105));
#7234 = CARTESIAN_POINT('',(44.614719996862,0.91307832966));
#7235 = CARTESIAN_POINT('',(44.603686156946,0.920446190494));
#7236 = CARTESIAN_POINT('',(44.605032682393,0.927621172807));
#7237 = CARTESIAN_POINT('',(44.616914969012,0.934608584362));
#7238 = CARTESIAN_POINT('',(44.637899944508,0.94142094594));
#7239 = CARTESIAN_POINT('',(44.701930773348,0.95610736644));
#7240 = CARTESIAN_POINT('',(44.748583907314,0.963900152455));
#7241 = CARTESIAN_POINT('',(44.80491843211,0.971481307436));
#7242 = CARTESIAN_POINT('',(44.869565125132,0.978867201651));
#7243 = CARTESIAN_POINT('',(44.941435855564,0.986072817619));
#7244 = CARTESIAN_POINT('',(45.019700151018,0.993112255676));
#7245 = CARTESIAN_POINT('',(45.103722918423,1.));
#7246 = ( GEOMETRIC_REPRESENTATION_CONTEXT(2) 
PARAMETRIC_REPRESENTATION_CONTEXT() REPRESENTATION_CONTEXT('2D SPACE',''
  ) );
#7247 = ORIENTED_EDGE('',*,*,#7248,.F.);
#7248 = EDGE_CURVE('',#7249,#7098,#7251,.T.);
#7249 = VERTEX_POINT('',#7250);
#7250 = CARTESIAN_POINT('',(160.23701444326,-52.85,-10.75));
#7251 = SURFACE_CURVE('',#7252,(#7267,#7285),.PCURVE_S1.);
#7252 = B_SPLINE_CURVE_WITH_KNOTS('',7,(#7253,#7254,#7255,#7256,#7257,
    #7258,#7259,#7260,#7261,#7262,#7263,#7264,#7265,#7266),
  .UNSPECIFIED.,.F.,.F.,(8,6,8),(0.,0.701955889979,1.),.UNSPECIFIED.);
#7253 = CARTESIAN_POINT('',(160.23701444326,-52.85,-10.75));
#7254 = CARTESIAN_POINT('',(160.12111654425,-53.17077020671,
    -10.74999999911));
#7255 = CARTESIAN_POINT('',(160.0036386516,-53.49047931895,
    -10.7328509119));
#7256 = CARTESIAN_POINT('',(159.88505339817,-53.80831858708,
    -10.698758179));
#7257 = CARTESIAN_POINT('',(159.76568029706,-54.12339803745,
    -10.64791537234));
#7258 = CARTESIAN_POINT('',(159.64565119676,-54.43473179574,
    -10.58058182947));
#7259 = CARTESIAN_POINT('',(159.52489173662,-54.74122245841,
    -10.49708908141));
#7260 = CARTESIAN_POINT('',(159.35092185849,-55.16892969088,
    -10.35610178846));
#7261 = CARTESIAN_POINT('',(159.29882738701,-55.29527337951,
    -10.31129295095));
#7262 = CARTESIAN_POINT('',(159.24644091292,-55.42037704247,
    -10.26374836097));
#7263 = CARTESIAN_POINT('',(159.19369592313,-55.54412027058,
    -10.21353336968));
#7264 = CARTESIAN_POINT('',(159.14050341944,-55.66636822434,
    -10.16072954526));
#7265 = CARTESIAN_POINT('',(159.08674201305,-55.78696665411,
    -10.10544281623));
#7266 = CARTESIAN_POINT('',(159.03224231417,-55.90573405471,
    -10.04781623952));
#7267 = PCURVE('',#1307,#7268);
#7268 = DEFINITIONAL_REPRESENTATION('',(#7269),#7284);
#7269 = B_SPLINE_CURVE_WITH_KNOTS('',7,(#7270,#7271,#7272,#7273,#7274,
    #7275,#7276,#7277,#7278,#7279,#7280,#7281,#7282,#7283),
  .UNSPECIFIED.,.F.,.F.,(8,6,8),(0.,0.701955889979,1.),.UNSPECIFIED.);
#7270 = CARTESIAN_POINT('',(1.570796326795,27.937014443262));
#7271 = CARTESIAN_POINT('',(1.52497201155,27.821116544253));
#7272 = CARTESIAN_POINT('',(1.479299265289,27.703638651608));
#7273 = CARTESIAN_POINT('',(1.433736571288,27.585053398172));
#7274 = CARTESIAN_POINT('',(1.388258177023,27.46568029706));
#7275 = CARTESIAN_POINT('',(1.34285577619,27.345651196762));
#7276 = CARTESIAN_POINT('',(1.297538279009,27.224891736622));
#7277 = CARTESIAN_POINT('',(1.233203235479,27.050921858492));
#7278 = CARTESIAN_POINT('',(1.214057424431,26.998827387015));
#7279 = CARTESIAN_POINT('',(1.194945982977,26.946440912926));
#7280 = CARTESIAN_POINT('',(1.175876824434,26.89369592313));
#7281 = CARTESIAN_POINT('',(1.156860773093,26.84050341944));
#7282 = CARTESIAN_POINT('',(1.137912849623,26.786742013057));
#7283 = CARTESIAN_POINT('',(1.119054344376,26.732242314172));
#7284 = ( GEOMETRIC_REPRESENTATION_CONTEXT(2) 
PARAMETRIC_REPRESENTATION_CONTEXT() REPRESENTATION_CONTEXT('2D SPACE',''
  ) );
#7285 = PCURVE('',#7286,#7303);
#7286 = B_SPLINE_SURFACE_WITH_KNOTS('',7,1,(
    (#7287,#7288)
    ,(#7289,#7290)
    ,(#7291,#7292)
    ,(#7293,#7294)
    ,(#7295,#7296)
    ,(#7297,#7298)
    ,(#7299,#7300)
    ,(#7301,#7302
    )),.UNSPECIFIED.,.F.,.F.,.F.,(8,8),(2,2),(2.194673325591,
    3.14159265359),(0.,1.),.PIECEWISE_BEZIER_KNOTS.);
#7287 = CARTESIAN_POINT('',(137.50470777779,-46.5021014296,-29.));
#7288 = CARTESIAN_POINT('',(164.6296835181,-58.3508018182,-5.12));
#7289 = CARTESIAN_POINT('',(138.11075516654,-46.0658816979,-29.));
#7290 = CARTESIAN_POINT('',(165.25834429298,-57.87318902891,-5.12));
#7291 = CARTESIAN_POINT('',(138.64795826599,-45.53401555612,-29.));
#7292 = CARTESIAN_POINT('',(165.81368368378,-57.29906661115,-5.12));
#7293 = CARTESIAN_POINT('',(139.09820423929,-44.91954157546,-29.));
#7294 = CARTESIAN_POINT('',(166.27792367236,-56.64194226937,-5.12));
#7295 = CARTESIAN_POINT('',(139.44646191799,-44.23978352609,-29.));
#7296 = CARTESIAN_POINT('',(166.63639237052,-55.91941527482,-5.12));
#7297 = CARTESIAN_POINT('',(139.68215360876,-43.51538782187,-29.));
#7298 = CARTESIAN_POINT('',(166.87879713804,-55.15223140101,-5.12));
#7299 = CARTESIAN_POINT('',(139.8,-42.76867436218,-29.));
#7300 = CARTESIAN_POINT('',(167.,-54.36271999779,-5.12));
#7301 = CARTESIAN_POINT('',(139.8,-42.02196083496,-29.));
#7302 = CARTESIAN_POINT('',(167.,-53.57320853723,-5.12));
#7303 = DEFINITIONAL_REPRESENTATION('',(#7304),#7319);
#7304 = B_SPLINE_CURVE_WITH_KNOTS('',7,(#7305,#7306,#7307,#7308,#7309,
    #7310,#7311,#7312,#7313,#7314,#7315,#7316,#7317,#7318),
  .UNSPECIFIED.,.F.,.F.,(8,6,8),(0.,0.701955889979,1.),.UNSPECIFIED.);
#7305 = CARTESIAN_POINT('',(2.78739944707,0.764237859478));
#7306 = CARTESIAN_POINT('',(2.728204544133,0.764237859515));
#7307 = CARTESIAN_POINT('',(2.669305064554,0.764955972452));
#7308 = CARTESIAN_POINT('',(2.610543462554,0.766383689664));
#7309 = CARTESIAN_POINT('',(2.551781089464,0.768512735987));
#7310 = CARTESIAN_POINT('',(2.492880554545,0.771332425584));
#7311 = CARTESIAN_POINT('',(2.433697094263,0.774828765435));
#7312 = CARTESIAN_POINT('',(2.34874453711,0.780732755927));
#7313 = CARTESIAN_POINT('',(2.323344595472,0.782609172908));
#7314 = CARTESIAN_POINT('',(2.297851546919,0.784600152388));
#7315 = CARTESIAN_POINT('',(2.272252210251,0.786702957718));
#7316 = CARTESIAN_POINT('',(2.246532775173,0.788914173147));
#7317 = CARTESIAN_POINT('',(2.220678499434,0.791229362804));
#7318 = CARTESIAN_POINT('',(2.194673325591,0.793642536033));
#7319 = ( GEOMETRIC_REPRESENTATION_CONTEXT(2) 
PARAMETRIC_REPRESENTATION_CONTEXT() REPRESENTATION_CONTEXT('2D SPACE',''
  ) );
#7320 = ORIENTED_EDGE('',*,*,#7321,.T.);
#7321 = EDGE_CURVE('',#7249,#1463,#7322,.T.);
#7322 = SURFACE_CURVE('',#7323,(#7327,#7334),.PCURVE_S1.);
#7323 = LINE('',#7324,#7325);
#7324 = CARTESIAN_POINT('',(132.3,-52.85,-10.75));
#7325 = VECTOR('',#7326,1.);
#7326 = DIRECTION('',(1.,0.,-0.));
#7327 = PCURVE('',#1307,#7328);
#7328 = DEFINITIONAL_REPRESENTATION('',(#7329),#7333);
#7329 = LINE('',#7330,#7331);
#7330 = CARTESIAN_POINT('',(1.570796326795,0.));
#7331 = VECTOR('',#7332,1.);
#7332 = DIRECTION('',(0.,1.));
#7333 = ( GEOMETRIC_REPRESENTATION_CONTEXT(2) 
PARAMETRIC_REPRESENTATION_CONTEXT() REPRESENTATION_CONTEXT('2D SPACE',''
  ) );
#7334 = PCURVE('',#1476,#7335);
#7335 = DEFINITIONAL_REPRESENTATION('',(#7336),#7340);
#7336 = LINE('',#7337,#7338);
#7337 = CARTESIAN_POINT('',(0.,7.));
#7338 = VECTOR('',#7339,1.);
#7339 = DIRECTION('',(1.,0.));
#7340 = ( GEOMETRIC_REPRESENTATION_CONTEXT(2) 
PARAMETRIC_REPRESENTATION_CONTEXT() REPRESENTATION_CONTEXT('2D SPACE',''
  ) );
#7341 = ORIENTED_EDGE('',*,*,#1487,.T.);
#7342 = ORIENTED_EDGE('',*,*,#1209,.T.);
#7343 = ORIENTED_EDGE('',*,*,#6967,.T.);
#7344 = ADVANCED_FACE('',(#7345),#1476,.T.);
#7345 = FACE_BOUND('',#7346,.T.);
#7346 = EDGE_LOOP('',(#7347,#7415,#7416,#7417,#7440,#7531));
#7347 = ORIENTED_EDGE('',*,*,#7348,.T.);
#7348 = EDGE_CURVE('',#7349,#7249,#7351,.T.);
#7349 = VERTEX_POINT('',#7350);
#7350 = CARTESIAN_POINT('',(160.58726968174,-50.84986161245,-10.75));
#7351 = SURFACE_CURVE('',#7352,(#7371,#7393),.PCURVE_S1.);
#7352 = B_SPLINE_CURVE_WITH_KNOTS('',5,(#7353,#7354,#7355,#7356,#7357,
    #7358,#7359,#7360,#7361,#7362,#7363,#7364,#7365,#7366,#7367,#7368,
    #7369,#7370),.UNSPECIFIED.,.F.,.F.,(6,4,4,4,6),(0.,0.128326398305,
    0.197836519032,0.261999694281,1.),.UNSPECIFIED.);
#7353 = CARTESIAN_POINT('',(160.58726968174,-50.84986161245,-10.75));
#7354 = CARTESIAN_POINT('',(160.58726968174,-50.90223872299,-10.75));
#7355 = CARTESIAN_POINT('',(160.58668708263,-50.95461583417,-10.75));
#7356 = CARTESIAN_POINT('',(160.58552188479,-51.00698430363,-10.75));
#7357 = CARTESIAN_POINT('',(160.58377428063,-51.05933549335,-10.75));
#7358 = CARTESIAN_POINT('',(160.58018277402,-51.14000362272,-10.75));
#7359 = CARTESIAN_POINT('',(160.57875012667,-51.16833887301,-10.75));
#7360 = CARTESIAN_POINT('',(160.57714677363,-51.1966651485,-10.75));
#7361 = CARTESIAN_POINT('',(160.5753727925,-51.2249810782,-10.75));
#7362 = CARTESIAN_POINT('',(160.57163334075,-51.27941225332,-10.75));
#7363 = CARTESIAN_POINT('',(160.56969309711,-51.30552923191,-10.75));
#7364 = CARTESIAN_POINT('',(160.5676076205,-51.33163515024,-10.75));
#7365 = CARTESIAN_POINT('',(160.56537699692,-51.35772893168,-10.75));
#7366 = CARTESIAN_POINT('',(160.53567650628,-51.68378636018,-10.75));
#7367 = CARTESIAN_POINT('',(160.48916194477,-51.98201899585,-10.75));
#7368 = CARTESIAN_POINT('',(160.42360823805,-52.27685997206,-10.75));
#7369 = CARTESIAN_POINT('',(160.33937188682,-52.56670567369,-10.75));
#7370 = CARTESIAN_POINT('',(160.23701444326,-52.85,-10.75));
#7371 = PCURVE('',#1476,#7372);
#7372 = DEFINITIONAL_REPRESENTATION('',(#7373),#7392);
#7373 = B_SPLINE_CURVE_WITH_KNOTS('',5,(#7374,#7375,#7376,#7377,#7378,
    #7379,#7380,#7381,#7382,#7383,#7384,#7385,#7386,#7387,#7388,#7389,
    #7390,#7391),.UNSPECIFIED.,.F.,.F.,(6,4,4,4,6),(0.,0.128326398305,
    0.197836519032,0.261999694281,1.),.UNSPECIFIED.);
#7374 = CARTESIAN_POINT('',(28.287269681742,9.000138387549));
#7375 = CARTESIAN_POINT('',(28.287269681742,8.947761277001));
#7376 = CARTESIAN_POINT('',(28.286687082636,8.895384165828));
#7377 = CARTESIAN_POINT('',(28.285521884798,8.843015696362));
#7378 = CARTESIAN_POINT('',(28.283774280635,8.790664506649));
#7379 = CARTESIAN_POINT('',(28.280182774024,8.709996377277));
#7380 = CARTESIAN_POINT('',(28.278750126674,8.681661126982));
#7381 = CARTESIAN_POINT('',(28.277146773631,8.653334851492));
#7382 = CARTESIAN_POINT('',(28.275372792501,8.625018921799));
#7383 = CARTESIAN_POINT('',(28.271633340753,8.570587746678));
#7384 = CARTESIAN_POINT('',(28.269693097112,8.544470768086));
#7385 = CARTESIAN_POINT('',(28.267607620503,8.51836484976));
#7386 = CARTESIAN_POINT('',(28.265376996924,8.49227106832));
#7387 = CARTESIAN_POINT('',(28.235676506287,8.166213639812));
#7388 = CARTESIAN_POINT('',(28.189161944777,7.867981004147));
#7389 = CARTESIAN_POINT('',(28.123608238051,7.573140027933));
#7390 = CARTESIAN_POINT('',(28.039371886825,7.283294326308));
#7391 = CARTESIAN_POINT('',(27.937014443262,7.));
#7392 = ( GEOMETRIC_REPRESENTATION_CONTEXT(2) 
PARAMETRIC_REPRESENTATION_CONTEXT() REPRESENTATION_CONTEXT('2D SPACE',''
  ) );
#7393 = PCURVE('',#7286,#7394);
#7394 = DEFINITIONAL_REPRESENTATION('',(#7395),#7414);
#7395 = B_SPLINE_CURVE_WITH_KNOTS('',5,(#7396,#7397,#7398,#7399,#7400,
    #7401,#7402,#7403,#7404,#7405,#7406,#7407,#7408,#7409,#7410,#7411,
    #7412,#7413),.UNSPECIFIED.,.F.,.F.,(6,4,4,4,6),(0.,0.128326398305,
    0.197836519032,0.261999694281,1.),.UNSPECIFIED.);
#7396 = CARTESIAN_POINT('',(3.14159265359,0.764237855946));
#7397 = CARTESIAN_POINT('',(3.132502228509,0.764237855946));
#7398 = CARTESIAN_POINT('',(3.123411803344,0.764237855946));
#7399 = CARTESIAN_POINT('',(3.114321377951,0.764237855946));
#7400 = CARTESIAN_POINT('',(3.105230952174,0.764237855946));
#7401 = CARTESIAN_POINT('',(3.091216545746,0.764237855946));
#7402 = CARTESIAN_POINT('',(3.086292565473,0.764237855946));
#7403 = CARTESIAN_POINT('',(3.081368584997,0.764237855946));
#7404 = CARTESIAN_POINT('',(3.076444604289,0.764237855946));
#7405 = CARTESIAN_POINT('',(3.066975411043,0.764237855946));
#7406 = CARTESIAN_POINT('',(3.062430198543,0.764237855946));
#7407 = CARTESIAN_POINT('',(3.057884985792,0.764237855946));
#7408 = CARTESIAN_POINT('',(3.053339772768,0.764237855946));
#7409 = CARTESIAN_POINT('',(2.99651583714,0.764237855946));
#7410 = CARTESIAN_POINT('',(2.944236410267,0.764237855946));
#7411 = CARTESIAN_POINT('',(2.891958182229,0.764237855946));
#7412 = CARTESIAN_POINT('',(2.839678547155,0.764237855946));
#7413 = CARTESIAN_POINT('',(2.78739943934,0.764237855946));
#7414 = ( GEOMETRIC_REPRESENTATION_CONTEXT(2) 
PARAMETRIC_REPRESENTATION_CONTEXT() REPRESENTATION_CONTEXT('2D SPACE',''
  ) );
#7415 = ORIENTED_EDGE('',*,*,#7321,.T.);
#7416 = ORIENTED_EDGE('',*,*,#1462,.F.);
#7417 = ORIENTED_EDGE('',*,*,#7418,.F.);
#7418 = EDGE_CURVE('',#7419,#1426,#7421,.T.);
#7419 = VERTEX_POINT('',#7420);
#7420 = CARTESIAN_POINT('',(160.23701444326,52.85,-10.75));
#7421 = SURFACE_CURVE('',#7422,(#7426,#7433),.PCURVE_S1.);
#7422 = LINE('',#7423,#7424);
#7423 = CARTESIAN_POINT('',(132.3,52.85,-10.75));
#7424 = VECTOR('',#7425,1.);
#7425 = DIRECTION('',(1.,0.,-0.));
#7426 = PCURVE('',#1476,#7427);
#7427 = DEFINITIONAL_REPRESENTATION('',(#7428),#7432);
#7428 = LINE('',#7429,#7430);
#7429 = CARTESIAN_POINT('',(0.,112.7));
#7430 = VECTOR('',#7431,1.);
#7431 = DIRECTION('',(1.,0.));
#7432 = ( GEOMETRIC_REPRESENTATION_CONTEXT(2) 
PARAMETRIC_REPRESENTATION_CONTEXT() REPRESENTATION_CONTEXT('2D SPACE',''
  ) );
#7433 = PCURVE('',#1447,#7434);
#7434 = DEFINITIONAL_REPRESENTATION('',(#7435),#7439);
#7435 = LINE('',#7436,#7437);
#7436 = CARTESIAN_POINT('',(-1.570796326795,0.));
#7437 = VECTOR('',#7438,1.);
#7438 = DIRECTION('',(-0.,1.));
#7439 = ( GEOMETRIC_REPRESENTATION_CONTEXT(2) 
PARAMETRIC_REPRESENTATION_CONTEXT() REPRESENTATION_CONTEXT('2D SPACE',''
  ) );
#7440 = ORIENTED_EDGE('',*,*,#7441,.T.);
#7441 = EDGE_CURVE('',#7419,#7442,#7444,.T.);
#7442 = VERTEX_POINT('',#7443);
#7443 = CARTESIAN_POINT('',(160.58726968174,50.849861612451,-10.75));
#7444 = SURFACE_CURVE('',#7445,(#7466,#7490),.PCURVE_S1.);
#7445 = B_SPLINE_CURVE_WITH_KNOTS('',4,(#7446,#7447,#7448,#7449,#7450,
    #7451,#7452,#7453,#7454,#7455,#7456,#7457,#7458,#7459,#7460,#7461,
    #7462,#7463,#7464,#7465),.UNSPECIFIED.,.F.,.F.,(5,3,3,3,3,3,5),(0.,
    0.577593052538,0.705919142855,0.780776066312,0.847612621528,
    0.903755336324,1.),.UNSPECIFIED.);
#7446 = CARTESIAN_POINT('',(160.23701444326,52.85,-10.75));
#7447 = CARTESIAN_POINT('',(160.33715165158,52.572850610734,-10.75));
#7448 = CARTESIAN_POINT('',(160.41878863653,52.289014773542,-10.75));
#7449 = CARTESIAN_POINT('',(160.48125359658,52.000353180625,-10.75));
#7450 = CARTESIAN_POINT('',(160.53381186809,51.644052407758,-10.75));
#7451 = CARTESIAN_POINT('',(160.54240561498,51.579140278646,-10.75));
#7452 = CARTESIAN_POINT('',(160.55003560785,51.514107823203,-10.75));
#7453 = CARTESIAN_POINT('',(160.56058700644,51.410983264552,-10.75));
#7454 = CARTESIAN_POINT('',(160.56414567247,51.372956363047,-10.75));
#7455 = CARTESIAN_POINT('',(160.56737520952,51.334900096268,-10.75));
#7456 = CARTESIAN_POINT('',(160.57286465201,51.262817520464,-10.75));
#7457 = CARTESIAN_POINT('',(160.57519137273,51.228796299659,-10.75));
#7458 = CARTESIAN_POINT('',(160.57725522242,51.194758120752,-10.75));
#7459 = CARTESIAN_POINT('',(160.58056872681,51.132102272393,-10.75));
#7460 = CARTESIAN_POINT('',(160.58189581813,51.103488698074,-10.75));
#7461 = CARTESIAN_POINT('',(160.58303721833,51.074867115063,-10.75));
#7462 = CARTESIAN_POINT('',(160.58563112208,50.997163125632,-10.75));
#7463 = CARTESIAN_POINT('',(160.58672349506,50.948068697069,-10.75));
#7464 = CARTESIAN_POINT('',(160.58726968174,50.898965154639,-10.75));
#7465 = CARTESIAN_POINT('',(160.58726968174,50.849861612451,-10.75));
#7466 = PCURVE('',#1476,#7467);
#7467 = DEFINITIONAL_REPRESENTATION('',(#7468),#7489);
#7468 = B_SPLINE_CURVE_WITH_KNOTS('',4,(#7469,#7470,#7471,#7472,#7473,
    #7474,#7475,#7476,#7477,#7478,#7479,#7480,#7481,#7482,#7483,#7484,
    #7485,#7486,#7487,#7488),.UNSPECIFIED.,.F.,.F.,(5,3,3,3,3,3,5),(0.,
    0.577593052538,0.705919142855,0.780776066312,0.847612621528,
    0.903755336324,1.),.UNSPECIFIED.);
#7469 = CARTESIAN_POINT('',(27.937014443262,112.7));
#7470 = CARTESIAN_POINT('',(28.037151651585,112.42285061073));
#7471 = CARTESIAN_POINT('',(28.118788636539,112.13901477354));
#7472 = CARTESIAN_POINT('',(28.181253596587,111.85035318062));
#7473 = CARTESIAN_POINT('',(28.233811868097,111.49405240775));
#7474 = CARTESIAN_POINT('',(28.242405614981,111.42914027864));
#7475 = CARTESIAN_POINT('',(28.250035607851,111.3641078232));
#7476 = CARTESIAN_POINT('',(28.260587006449,111.26098326455));
#7477 = CARTESIAN_POINT('',(28.264145672474,111.22295636304));
#7478 = CARTESIAN_POINT('',(28.267375209524,111.18490009626));
#7479 = CARTESIAN_POINT('',(28.272864652012,111.11281752046));
#7480 = CARTESIAN_POINT('',(28.275191372731,111.07879629965));
#7481 = CARTESIAN_POINT('',(28.277255222428,111.04475812075));
#7482 = CARTESIAN_POINT('',(28.280568726815,110.98210227239));
#7483 = CARTESIAN_POINT('',(28.281895818138,110.95348869807));
#7484 = CARTESIAN_POINT('',(28.283037218334,110.92486711506));
#7485 = CARTESIAN_POINT('',(28.285631122084,110.84716312563));
#7486 = CARTESIAN_POINT('',(28.28672349506,110.79806869706));
#7487 = CARTESIAN_POINT('',(28.287269681742,110.74896515463));
#7488 = CARTESIAN_POINT('',(28.287269681742,110.69986161245));
#7489 = ( GEOMETRIC_REPRESENTATION_CONTEXT(2) 
PARAMETRIC_REPRESENTATION_CONTEXT() REPRESENTATION_CONTEXT('2D SPACE',''
  ) );
#7490 = PCURVE('',#7491,#7508);
#7491 = B_SPLINE_SURFACE_WITH_KNOTS('',7,1,(
    (#7492,#7493)
    ,(#7494,#7495)
    ,(#7496,#7497)
    ,(#7498,#7499)
    ,(#7500,#7501)
    ,(#7502,#7503)
    ,(#7504,#7505)
    ,(#7506,#7507
    )),.UNSPECIFIED.,.F.,.F.,.F.,(8,8),(2,2),(3.14159265359,
    4.088511981588),(0.,1.),.PIECEWISE_BEZIER_KNOTS.);
#7492 = CARTESIAN_POINT('',(139.8,42.02196083496,-29.));
#7493 = CARTESIAN_POINT('',(167.,53.573208537233,-5.12));
#7494 = CARTESIAN_POINT('',(139.8,42.768674362181,-29.));
#7495 = CARTESIAN_POINT('',(167.,54.362719997798,-5.12));
#7496 = CARTESIAN_POINT('',(139.68215360876,43.515387821875,-29.));
#7497 = CARTESIAN_POINT('',(166.87879713803,55.152231401012,-5.12));
#7498 = CARTESIAN_POINT('',(139.44646191799,44.239783526093,-29.));
#7499 = CARTESIAN_POINT('',(166.63639237053,55.919415274829,-5.12));
#7500 = CARTESIAN_POINT('',(139.09820423929,44.919541575468,
    -28.99999999999));
#7501 = CARTESIAN_POINT('',(166.27792367235,56.641942269371,-5.12));
#7502 = CARTESIAN_POINT('',(138.64795826599,45.53401555613,-29.));
#7503 = CARTESIAN_POINT('',(165.81368368379,57.299066611156,-5.12));
#7504 = CARTESIAN_POINT('',(138.11075516654,46.0658816979,-29.));
#7505 = CARTESIAN_POINT('',(165.25834429297,57.873189028912,-5.12));
#7506 = CARTESIAN_POINT('',(137.50470777779,46.502101429606,-29.));
#7507 = CARTESIAN_POINT('',(164.6296835181,58.350801818206,-5.12));
#7508 = DEFINITIONAL_REPRESENTATION('',(#7509),#7530);
#7509 = B_SPLINE_CURVE_WITH_KNOTS('',4,(#7510,#7511,#7512,#7513,#7514,
    #7515,#7516,#7517,#7518,#7519,#7520,#7521,#7522,#7523,#7524,#7525,
    #7526,#7527,#7528,#7529),.UNSPECIFIED.,.F.,.F.,(5,3,3,3,3,3,5),(0.,
    0.577593052538,0.705919142855,0.780776066312,0.847612621528,
    0.903755336324,1.),.UNSPECIFIED.);
#7510 = CARTESIAN_POINT('',(3.495785867839,0.764237855946));
#7511 = CARTESIAN_POINT('',(3.444640746117,0.764237855946));
#7512 = CARTESIAN_POINT('',(3.393495652978,0.764237855946));
#7513 = CARTESIAN_POINT('',(3.342350696364,0.764237855946));
#7514 = CARTESIAN_POINT('',(3.279842871142,0.764237855946));
#7515 = CARTESIAN_POINT('',(3.268479838056,0.764237855946));
#7516 = CARTESIAN_POINT('',(3.257116807712,0.764237855946));
#7517 = CARTESIAN_POINT('',(3.23912534333,0.764237855946));
#7518 = CARTESIAN_POINT('',(3.23249690775,0.764237855946));
#7519 = CARTESIAN_POINT('',(3.225868472833,0.764237855946));
#7520 = CARTESIAN_POINT('',(3.213321792079,0.764237855946));
#7521 = CARTESIAN_POINT('',(3.207403546122,0.764237855946));
#7522 = CARTESIAN_POINT('',(3.201485300546,0.764237855946));
#7523 = CARTESIAN_POINT('',(3.190595728522,0.764237855946));
#7524 = CARTESIAN_POINT('',(3.185624401979,0.764237855946));
#7525 = CARTESIAN_POINT('',(3.180653075617,0.764237855946));
#7526 = CARTESIAN_POINT('',(3.167159475017,0.764237855946));
#7527 = CARTESIAN_POINT('',(3.15863720104,0.764237855946));
#7528 = CARTESIAN_POINT('',(3.150114927285,0.764237855946));
#7529 = CARTESIAN_POINT('',(3.14159265359,0.764237855946));
#7530 = ( GEOMETRIC_REPRESENTATION_CONTEXT(2) 
PARAMETRIC_REPRESENTATION_CONTEXT() REPRESENTATION_CONTEXT('2D SPACE',''
  ) );
#7531 = ORIENTED_EDGE('',*,*,#7532,.T.);
#7532 = EDGE_CURVE('',#7442,#7349,#7533,.T.);
#7533 = SURFACE_CURVE('',#7534,(#7537,#7543),.PCURVE_S1.);
#7534 = B_SPLINE_CURVE_WITH_KNOTS('',1,(#7535,#7536),.UNSPECIFIED.,.F.,
  .F.,(2,2),(0.,1.),.PIECEWISE_BEZIER_KNOTS.);
#7535 = CARTESIAN_POINT('',(160.58726968174,50.849861612451,-10.75));
#7536 = CARTESIAN_POINT('',(160.58726968174,-50.84986161245,-10.75));
#7537 = PCURVE('',#1476,#7538);
#7538 = DEFINITIONAL_REPRESENTATION('',(#7539),#7542);
#7539 = B_SPLINE_CURVE_WITH_KNOTS('',1,(#7540,#7541),.UNSPECIFIED.,.F.,
  .F.,(2,2),(0.,1.),.PIECEWISE_BEZIER_KNOTS.);
#7540 = CARTESIAN_POINT('',(28.287269681742,110.69986161245));
#7541 = CARTESIAN_POINT('',(28.287269681742,9.000138387549));
#7542 = ( GEOMETRIC_REPRESENTATION_CONTEXT(2) 
PARAMETRIC_REPRESENTATION_CONTEXT() REPRESENTATION_CONTEXT('2D SPACE',''
  ) );
#7543 = PCURVE('',#7544,#7549);
#7544 = B_SPLINE_SURFACE_WITH_KNOTS('',1,1,(
    (#7545,#7546)
    ,(#7547,#7548
    )),.UNSPECIFIED.,.F.,.F.,.F.,(2,2),(2,2),(2.976791462767,
    110.12320853723),(0.,1.),.PIECEWISE_BEZIER_KNOTS.);
#7545 = CARTESIAN_POINT('',(139.8,-42.02196083496,-29.));
#7546 = CARTESIAN_POINT('',(167.,-53.57320853723,-5.12));
#7547 = CARTESIAN_POINT('',(139.8,42.02196083496,-29.));
#7548 = CARTESIAN_POINT('',(167.,53.573208537233,-5.12));
#7549 = DEFINITIONAL_REPRESENTATION('',(#7550),#7553);
#7550 = B_SPLINE_CURVE_WITH_KNOTS('',1,(#7551,#7552),.UNSPECIFIED.,.F.,
  .F.,(2,2),(0.,1.),.PIECEWISE_BEZIER_KNOTS.);
#7551 = CARTESIAN_POINT('',(110.12320853723,0.764237855946));
#7552 = CARTESIAN_POINT('',(2.976791462767,0.764237855946));
#7553 = ( GEOMETRIC_REPRESENTATION_CONTEXT(2) 
PARAMETRIC_REPRESENTATION_CONTEXT() REPRESENTATION_CONTEXT('2D SPACE',''
  ) );
#7554 = ADVANCED_FACE('',(#7555),#1447,.F.);
#7555 = FACE_BOUND('',#7556,.T.);
#7556 = EDGE_LOOP('',(#7557,#7587,#7625,#7776,#7830,#7831,#7832,#7833));
#7557 = ORIENTED_EDGE('',*,*,#7558,.F.);
#7558 = EDGE_CURVE('',#7559,#7561,#7563,.T.);
#7559 = VERTEX_POINT('',#7560);
#7560 = CARTESIAN_POINT('',(162.22574281763,59.85,-3.75));
#7561 = VERTEX_POINT('',#7562);
#7562 = CARTESIAN_POINT('',(167.68567241503,59.85,-3.75));
#7563 = SURFACE_CURVE('',#7564,(#7568,#7575),.PCURVE_S1.);
#7564 = LINE('',#7565,#7566);
#7565 = CARTESIAN_POINT('',(132.3,59.85,-3.75));
#7566 = VECTOR('',#7567,1.);
#7567 = DIRECTION('',(1.,0.,-0.));
#7568 = PCURVE('',#1447,#7569);
#7569 = DEFINITIONAL_REPRESENTATION('',(#7570),#7574);
#7570 = LINE('',#7571,#7572);
#7571 = CARTESIAN_POINT('',(-0.,0.));
#7572 = VECTOR('',#7573,1.);
#7573 = DIRECTION('',(-0.,1.));
#7574 = ( GEOMETRIC_REPRESENTATION_CONTEXT(2) 
PARAMETRIC_REPRESENTATION_CONTEXT() REPRESENTATION_CONTEXT('2D SPACE',''
  ) );
#7575 = PCURVE('',#7576,#7581);
#7576 = PLANE('',#7577);
#7577 = AXIS2_PLACEMENT_3D('',#7578,#7579,#7580);
#7578 = CARTESIAN_POINT('',(132.3,59.85,-10.75));
#7579 = DIRECTION('',(-0.,1.,0.));
#7580 = DIRECTION('',(0.,0.,1.));
#7581 = DEFINITIONAL_REPRESENTATION('',(#7582),#7586);
#7582 = LINE('',#7583,#7584);
#7583 = CARTESIAN_POINT('',(7.,0.));
#7584 = VECTOR('',#7585,1.);
#7585 = DIRECTION('',(0.,1.));
#7586 = ( GEOMETRIC_REPRESENTATION_CONTEXT(2) 
PARAMETRIC_REPRESENTATION_CONTEXT() REPRESENTATION_CONTEXT('2D SPACE',''
  ) );
#7587 = ORIENTED_EDGE('',*,*,#7588,.F.);
#7588 = EDGE_CURVE('',#7589,#7559,#7591,.T.);
#7589 = VERTEX_POINT('',#7590);
#7590 = CARTESIAN_POINT('',(162.83454059365,59.71462671964,-5.12));
#7591 = SURFACE_CURVE('',#7592,(#7601,#7613),.PCURVE_S1.);
#7592 = B_SPLINE_CURVE_WITH_KNOTS('',7,(#7593,#7594,#7595,#7596,#7597,
    #7598,#7599,#7600),.UNSPECIFIED.,.F.,.F.,(8,8),(0.,1.),
  .PIECEWISE_BEZIER_KNOTS.);
#7593 = CARTESIAN_POINT('',(162.83454059365,59.71462671964,-5.12));
#7594 = CARTESIAN_POINT('',(162.73442691599,59.749268521392,
    -4.946421140205));
#7595 = CARTESIAN_POINT('',(162.63741717196,59.779930300437,
    -4.766104739124));
#7596 = CARTESIAN_POINT('',(162.54399055158,59.806103107412,
    -4.578441061646));
#7597 = CARTESIAN_POINT('',(162.45493483399,59.827090481315,
    -4.383015334703));
#7598 = CARTESIAN_POINT('',(162.37131244114,59.842045653922,
    -4.179653756031));
#7599 = CARTESIAN_POINT('',(162.29443591066,59.85,-3.968461973982));
#7600 = CARTESIAN_POINT('',(162.22574281763,59.85,-3.75));
#7601 = PCURVE('',#1447,#7602);
#7602 = DEFINITIONAL_REPRESENTATION('',(#7603),#7612);
#7603 = B_SPLINE_CURVE_WITH_KNOTS('',7,(#7604,#7605,#7606,#7607,#7608,
    #7609,#7610,#7611),.UNSPECIFIED.,.F.,.F.,(8,8),(0.,1.),
  .PIECEWISE_BEZIER_KNOTS.);
#7604 = CARTESIAN_POINT('',(-0.19698576902,30.534540593656));
#7605 = CARTESIAN_POINT('',(-0.171699782341,30.434426915999));
#7606 = CARTESIAN_POINT('',(-0.14558117658,30.337417171966));
#7607 = CARTESIAN_POINT('',(-0.118532392384,30.243990551584));
#7608 = CARTESIAN_POINT('',(-9.048043030985E-02,30.154934833998));
#7609 = CARTESIAN_POINT('',(-6.137910392404E-02,30.071312441144));
#7610 = CARTESIAN_POINT('',(-3.1208853426E-02,29.994435910668));
#7611 = CARTESIAN_POINT('',(0.,29.925742817638));
#7612 = ( GEOMETRIC_REPRESENTATION_CONTEXT(2) 
PARAMETRIC_REPRESENTATION_CONTEXT() REPRESENTATION_CONTEXT('2D SPACE',''
  ) );
#7613 = PCURVE('',#3804,#7614);
#7614 = DEFINITIONAL_REPRESENTATION('',(#7615),#7624);
#7615 = B_SPLINE_CURVE_WITH_KNOTS('',7,(#7616,#7617,#7618,#7619,#7620,
    #7621,#7622,#7623),.UNSPECIFIED.,.F.,.F.,(8,8),(0.,1.),
  .PIECEWISE_BEZIER_KNOTS.);
#7616 = CARTESIAN_POINT('',(5.231244052858,0.));
#7617 = CARTESIAN_POINT('',(5.31776731905,3.683761880192E-03));
#7618 = CARTESIAN_POINT('',(5.39891383116,7.510510629807E-03));
#7619 = CARTESIAN_POINT('',(5.47394226962,1.149318629783E-02));
#7620 = CARTESIAN_POINT('',(5.541766551989,1.564059136879E-02));
#7621 = CARTESIAN_POINT('',(5.601007533697,1.995641434568E-02));
#7622 = CARTESIAN_POINT('',(5.650030577307,2.443841311583E-02));
#7623 = CARTESIAN_POINT('',(5.687141530775,2.907470288625E-02));
#7624 = ( GEOMETRIC_REPRESENTATION_CONTEXT(2) 
PARAMETRIC_REPRESENTATION_CONTEXT() REPRESENTATION_CONTEXT('2D SPACE',''
  ) );
#7625 = ORIENTED_EDGE('',*,*,#7626,.T.);
#7626 = EDGE_CURVE('',#7589,#7627,#7629,.T.);
#7627 = VERTEX_POINT('',#7628);
#7628 = CARTESIAN_POINT('',(159.03224231417,55.905734054712,
    -10.04781623952));
#7629 = SURFACE_CURVE('',#7630,(#7675,#7723),.PCURVE_S1.);
#7630 = B_SPLINE_CURVE_WITH_KNOTS('',7,(#7631,#7632,#7633,#7634,#7635,
    #7636,#7637,#7638,#7639,#7640,#7641,#7642,#7643,#7644,#7645,#7646,
    #7647,#7648,#7649,#7650,#7651,#7652,#7653,#7654,#7655,#7656,#7657,
    #7658,#7659,#7660,#7661,#7662,#7663,#7664,#7665,#7666,#7667,#7668,
    #7669,#7670,#7671,#7672,#7673,#7674),.UNSPECIFIED.,.F.,.F.,(8,6,6,6,
    6,6,6,8),(0.,0.219192695416,0.412653233793,0.555418912847,
    0.642013749143,0.710553583441,0.809970363914,1.),.UNSPECIFIED.);
#7631 = CARTESIAN_POINT('',(162.83454059365,59.71462671964,-5.12));
#7632 = CARTESIAN_POINT('',(162.63112210531,59.688085034593,
    -5.252991795882));
#7633 = CARTESIAN_POINT('',(162.42813838692,59.657941376803,
    -5.388369324909));
#7634 = CARTESIAN_POINT('',(162.22566770721,59.623910839331,
    -5.526299296402));
#7635 = CARTESIAN_POINT('',(162.02384699477,59.585656757406,
    -5.666954005468));
#7636 = CARTESIAN_POINT('',(161.82287206617,59.542787318688,
    -5.810513793034));
#7637 = CARTESIAN_POINT('',(161.62300277423,59.494827158657,
    -5.957185258345));
#7638 = CARTESIAN_POINT('',(161.24943806134,59.393800524535,
    -6.239670052888));
#7639 = CARTESIAN_POINT('',(161.07549101405,59.342011852252,
    -6.374686846622));
#7640 = CARTESIAN_POINT('',(160.90290519241,59.28536919552,
    -6.512506150887));
#7641 = CARTESIAN_POINT('',(160.73201259547,59.223374107864,
    -6.653311809207));
#7642 = CARTESIAN_POINT('',(160.56330199471,59.155461123892,
    -6.797250278584));
#7643 = CARTESIAN_POINT('',(160.39743279755,59.080961992472,
    -6.944449581109));
#7644 = CARTESIAN_POINT('',(160.11559159191,58.938570171677,
    -7.206200442195));
#7645 = CARTESIAN_POINT('',(159.99799192713,58.874091017663,
    -7.319145784998));
#7646 = CARTESIAN_POINT('',(159.88279346164,58.8052518854,
    -7.433965155816));
#7647 = CARTESIAN_POINT('',(159.77048927306,58.731709494189,
    -7.550638981926));
#7648 = CARTESIAN_POINT('',(159.66173364225,58.653126757134,
    -7.669053943684));
#7649 = CARTESIAN_POINT('',(159.55732548796,58.569196425302,
    -7.788994836163));
#7650 = CARTESIAN_POINT('',(159.39804211944,58.425385219495,
    -7.983606776938));
#7651 = CARTESIAN_POINT('',(159.3398524438,58.369045300017,
    -8.05750782019));
#7652 = CARTESIAN_POINT('',(159.28382787684,58.310623201517,
    -8.131742133204));
#7653 = CARTESIAN_POINT('',(159.23020883111,58.250104093321,
    -8.206187702946));
#7654 = CARTESIAN_POINT('',(159.17925049595,58.187502945946,
    -8.280692381036));
#7655 = CARTESIAN_POINT('',(159.13120985307,58.122874867329,
    -8.35507344336));
#7656 = CARTESIAN_POINT('',(159.05080371158,58.003658255323,
    -8.487722598797));
#7657 = CARTESIAN_POINT('',(159.0172561651,57.949782709994,
    -8.546120396004));
#7658 = CARTESIAN_POINT('',(158.98580881989,57.89476220218,
    -8.604198093998));
#7659 = CARTESIAN_POINT('',(158.95657207344,57.838669978943,
    -8.661840649006));
#7660 = CARTESIAN_POINT('',(158.92963929361,57.781594535292,
    -8.718931203594));
#7661 = CARTESIAN_POINT('',(158.90508301318,57.723641271422,
    -8.775351960296));
#7662 = CARTESIAN_POINT('',(158.85084890004,57.579779683681,
    -8.911680657222));
#7663 = CARTESIAN_POINT('',(158.82383797801,57.493013200887,
    -8.99074347705));
#7664 = CARTESIAN_POINT('',(158.80207539807,57.405029196826,
    -9.067795845192));
#7665 = CARTESIAN_POINT('',(158.78556779422,57.316207603989,
    -9.142554122609));
#7666 = CARTESIAN_POINT('',(158.77420239694,57.22690917019,
    -9.214814902376));
#7667 = CARTESIAN_POINT('',(158.76777803561,57.13747083666,
    -9.284441211304));
#7668 = CARTESIAN_POINT('',(158.76270660607,56.877567019743,
    -9.479238669998));
#7669 = CARTESIAN_POINT('',(158.77648675506,56.707685815909,
    -9.597093104895));
#7670 = CARTESIAN_POINT('',(158.80549725314,56.54011789091,
    -9.704802813791));
#7671 = CARTESIAN_POINT('',(158.84743129879,56.375821965434,
    -9.802938042285));
#7672 = CARTESIAN_POINT('',(158.90024197437,56.215315927864,
    -9.892249578834));
#7673 = CARTESIAN_POINT('',(158.96223941858,56.058709321549,
    -9.973591823537));
#7674 = CARTESIAN_POINT('',(159.03224231417,55.905734054712,
    -10.04781623952));
#7675 = PCURVE('',#1447,#7676);
#7676 = DEFINITIONAL_REPRESENTATION('',(#7677),#7722);
#7677 = B_SPLINE_CURVE_WITH_KNOTS('',7,(#7678,#7679,#7680,#7681,#7682,
    #7683,#7684,#7685,#7686,#7687,#7688,#7689,#7690,#7691,#7692,#7693,
    #7694,#7695,#7696,#7697,#7698,#7699,#7700,#7701,#7702,#7703,#7704,
    #7705,#7706,#7707,#7708,#7709,#7710,#7711,#7712,#7713,#7714,#7715,
    #7716,#7717,#7718,#7719,#7720,#7721),.UNSPECIFIED.,.F.,.F.,(8,6,6,6,
    6,6,6,8),(0.,0.219192695416,0.412653233793,0.555418912847,
    0.642013749143,0.710553583441,0.809970363914,1.),.UNSPECIFIED.);
#7678 = CARTESIAN_POINT('',(-0.19698576902,30.534540593656));
#7679 = CARTESIAN_POINT('',(-0.216359261756,30.33112210531));
#7680 = CARTESIAN_POINT('',(-0.236167701104,30.128138386921));
#7681 = CARTESIAN_POINT('',(-0.25645422907,29.925667707212));
#7682 = CARTESIAN_POINT('',(-0.277266793563,29.723846994779));
#7683 = CARTESIAN_POINT('',(-0.298659081037,29.52287206617));
#7684 = CARTESIAN_POINT('',(-0.320695601007,29.323002774239));
#7685 = CARTESIAN_POINT('',(-0.363553705746,28.949438061343));
#7686 = CARTESIAN_POINT('',(-0.38420669911,28.77549101405));
#7687 = CARTESIAN_POINT('',(-0.405483360216,28.60290519241));
#7688 = CARTESIAN_POINT('',(-0.427449149513,28.432012595476));
#7689 = CARTESIAN_POINT('',(-0.450172182938,28.263301994718));
#7690 = CARTESIAN_POINT('',(-0.473730094392,28.097432797556));
#7691 = CARTESIAN_POINT('',(-0.516297913968,27.815591591912));
#7692 = CARTESIAN_POINT('',(-0.534873235043,27.697991927133));
#7693 = CARTESIAN_POINT('',(-0.553991034609,27.582793461645));
#7694 = CARTESIAN_POINT('',(-0.573684284255,27.470489273065));
#7695 = CARTESIAN_POINT('',(-0.593977162451,27.361733642254));
#7696 = CARTESIAN_POINT('',(-0.614883080087,27.257325487965));
#7697 = CARTESIAN_POINT('',(-0.649451990977,27.098042119441));
#7698 = CARTESIAN_POINT('',(-0.662725883139,27.039852443802));
#7699 = CARTESIAN_POINT('',(-0.676218478467,26.983827876846));
#7700 = CARTESIAN_POINT('',(-0.689921195359,26.930208831118));
#7701 = CARTESIAN_POINT('',(-0.703820059249,26.879250495958));
#7702 = CARTESIAN_POINT('',(-0.717894642971,26.831209853078));
#7703 = CARTESIAN_POINT('',(-0.743373084846,26.750803711587));
#7704 = CARTESIAN_POINT('',(-0.754722641344,26.717256165102));
#7705 = CARTESIAN_POINT('',(-0.766149843915,26.685808819897));
#7706 = CARTESIAN_POINT('',(-0.777637989657,26.656572073444));
#7707 = CARTESIAN_POINT('',(-0.789168814564,26.629639293615));
#7708 = CARTESIAN_POINT('',(-0.800722320065,26.605083013187));
#7709 = CARTESIAN_POINT('',(-0.829036039979,26.550848900044));
#7710 = CARTESIAN_POINT('',(-0.845802165393,26.52383797801));
#7711 = CARTESIAN_POINT('',(-0.862504751777,26.502075398075));
#7712 = CARTESIAN_POINT('',(-0.879084116765,26.485567794221));
#7713 = CARTESIAN_POINT('',(-0.895489796987,26.474202396945));
#7714 = CARTESIAN_POINT('',(-0.911679225393,26.467778035619));
#7715 = CARTESIAN_POINT('',(-0.958079446179,26.462706606074));
#7716 = CARTESIAN_POINT('',(-0.987596589392,26.476486755065));
#7717 = CARTESIAN_POINT('',(-1.016026356554,26.505497253143));
#7718 = CARTESIAN_POINT('',(-1.043340989525,26.547431298798));
#7719 = CARTESIAN_POINT('',(-1.069563309781,26.600241974374));
#7720 = CARTESIAN_POINT('',(-1.094764136307,26.662239418584));
#7721 = CARTESIAN_POINT('',(-1.119054344376,26.732242314172));
#7722 = ( GEOMETRIC_REPRESENTATION_CONTEXT(2) 
PARAMETRIC_REPRESENTATION_CONTEXT() REPRESENTATION_CONTEXT('2D SPACE',''
  ) );
#7723 = PCURVE('',#7724,#7729);
#7724 = B_SPLINE_SURFACE_WITH_KNOTS('',1,1,(
    (#7725,#7726)
    ,(#7727,#7728
    )),.UNSPECIFIED.,.F.,.F.,.F.,(2,2),(2,2),(2.976791462767,
    48.314283824231),(0.,1.),.PIECEWISE_BEZIER_KNOTS.);
#7725 = CARTESIAN_POINT('',(137.50470777779,46.502101429606,-29.));
#7726 = CARTESIAN_POINT('',(164.6296835181,58.350801818206,-5.12));
#7727 = CARTESIAN_POINT('',(107.69269411049,67.960140594647,-29.));
#7728 = CARTESIAN_POINT('',(128.52900037105,85.777593280973,-5.12));
#7729 = DEFINITIONAL_REPRESENTATION('',(#7730),#7775);
#7730 = B_SPLINE_CURVE_WITH_KNOTS('',7,(#7731,#7732,#7733,#7734,#7735,
    #7736,#7737,#7738,#7739,#7740,#7741,#7742,#7743,#7744,#7745,#7746,
    #7747,#7748,#7749,#7750,#7751,#7752,#7753,#7754,#7755,#7756,#7757,
    #7758,#7759,#7760,#7761,#7762,#7763,#7764,#7765,#7766,#7767,#7768,
    #7769,#7770,#7771,#7772,#7773,#7774),.UNSPECIFIED.,.F.,.F.,(8,6,6,6,
    6,6,6,8),(0.,0.219192695416,0.412653233793,0.555418912847,
    0.642013749143,0.710553583441,0.809970363914,1.),.UNSPECIFIED.);
#7731 = CARTESIAN_POINT('',(5.231244052858,1.));
#7732 = CARTESIAN_POINT('',(5.299181698458,0.994430829318));
#7733 = CARTESIAN_POINT('',(5.363363055714,0.988761753563));
#7734 = CARTESIAN_POINT('',(5.423444468441,0.982985791608));
#7735 = CARTESIAN_POINT('',(5.478997992733,0.977095728414));
#7736 = CARTESIAN_POINT('',(5.529506758687,0.971084012017));
#7737 = CARTESIAN_POINT('',(5.574330799118,0.964941990857));
#7738 = CARTESIAN_POINT('',(5.646458184717,0.953112644351));
#7739 = CARTESIAN_POINT('',(5.675187109502,0.947458674765));
#7740 = CARTESIAN_POINT('',(5.698280322726,0.941687347115));
#7741 = CARTESIAN_POINT('',(5.715034399001,0.935790962764));
#7742 = CARTESIAN_POINT('',(5.724593925191,0.929763388669));
#7743 = CARTESIAN_POINT('',(5.725903582374,0.923599263773));
#7744 = CARTESIAN_POINT('',(5.711490850366,0.912638172437));
#7745 = CARTESIAN_POINT('',(5.700144477685,0.907908467965));
#7746 = CARTESIAN_POINT('',(5.683033860843,0.903100286607));
#7747 = CARTESIAN_POINT('',(5.659536363843,0.898214447993));
#7748 = CARTESIAN_POINT('',(5.628952349913,0.893255697501));
#7749 = CARTESIAN_POINT('',(5.590537609794,0.888233047062));
#7750 = CARTESIAN_POINT('',(5.515066066492,0.880083468302));
#7751 = CARTESIAN_POINT('',(5.483427289227,0.876988784749));
#7752 = CARTESIAN_POINT('',(5.448490033701,0.873880145176));
#7753 = CARTESIAN_POINT('',(5.410113268203,0.870762659006));
#7754 = CARTESIAN_POINT('',(5.368179932586,0.867642697612));
#7755 = CARTESIAN_POINT('',(5.322614715195,0.864527912757));
#7756 = CARTESIAN_POINT('',(5.234461788502,0.858973090503));
#7757 = CARTESIAN_POINT('',(5.193231650796,0.856527621608));
#7758 = CARTESIAN_POINT('',(5.149717377686,0.854095557203));
#7759 = CARTESIAN_POINT('',(5.103939409138,0.851681714866));
#7760 = CARTESIAN_POINT('',(5.055943186853,0.849290988124));
#7761 = CARTESIAN_POINT('',(5.0058029957,0.84692830987));
#7762 = CARTESIAN_POINT('',(4.877942979929,0.841219402964));
#7763 = CARTESIAN_POINT('',(4.797951262552,0.837908564613));
#7764 = CARTESIAN_POINT('',(4.713988897879,0.83468191603));
#7765 = CARTESIAN_POINT('',(4.626455711054,0.831551334899));
#7766 = CARTESIAN_POINT('',(4.535792679211,0.828525339096));
#7767 = CARTESIAN_POINT('',(4.442461503186,0.825609664518));
#7768 = CARTESIAN_POINT('',(4.164309908087,0.817452317002));
#7769 = CARTESIAN_POINT('',(3.973781993101,0.812517039158));
#7770 = CARTESIAN_POINT('',(3.77796132298,0.808006582337));
#7771 = CARTESIAN_POINT('',(3.579055989038,0.803897066906));
#7772 = CARTESIAN_POINT('',(3.378676939845,0.800157052813));
#7773 = CARTESIAN_POINT('',(3.177814075293,0.796750761158));
#7774 = CARTESIAN_POINT('',(2.976791462767,0.793642536033));
#7775 = ( GEOMETRIC_REPRESENTATION_CONTEXT(2) 
PARAMETRIC_REPRESENTATION_CONTEXT() REPRESENTATION_CONTEXT('2D SPACE',''
  ) );
#7776 = ORIENTED_EDGE('',*,*,#7777,.T.);
#7777 = EDGE_CURVE('',#7627,#7419,#7778,.T.);
#7778 = SURFACE_CURVE('',#7779,(#7794,#7812),.PCURVE_S1.);
#7779 = B_SPLINE_CURVE_WITH_KNOTS('',7,(#7780,#7781,#7782,#7783,#7784,
    #7785,#7786,#7787,#7788,#7789,#7790,#7791,#7792,#7793),
  .UNSPECIFIED.,.F.,.F.,(8,6,8),(0.,0.297334146248,1.),.UNSPECIFIED.);
#7780 = CARTESIAN_POINT('',(159.03224231417,55.905734054712,
    -10.04781623952));
#7781 = CARTESIAN_POINT('',(159.08661219499,55.787249557582,
    -10.10530554996));
#7782 = CARTESIAN_POINT('',(159.14024729963,55.666942735755,
    -10.16046615062));
#7783 = CARTESIAN_POINT('',(159.19331580771,55.544993809649,
    -10.21315599824));
#7784 = CARTESIAN_POINT('',(159.24593835214,55.421555996891,
    -10.26326983221));
#7785 = CARTESIAN_POINT('',(159.29820345104,55.296763267275,
    -10.31072655115));
#7786 = CARTESIAN_POINT('',(159.3501773083,55.170735269172,
    -10.35546115485));
#7787 = CARTESIAN_POINT('',(159.52415892205,54.743082261989,
    -10.49658217052));
#7788 = CARTESIAN_POINT('',(159.64504419284,54.436306180333,
    -10.5802411538));
#7789 = CARTESIAN_POINT('',(159.76519735842,54.124672724725,
    -10.64770957248));
#7790 = CARTESIAN_POINT('',(159.88469358108,53.809282959626,
    -10.69865469085));
#7791 = CARTESIAN_POINT('',(160.00340102961,53.491125993205,
    -10.73281620796));
#7792 = CARTESIAN_POINT('',(160.12099933853,53.171094596806,
    -10.74999999906));
#7793 = CARTESIAN_POINT('',(160.23701444326,52.85,-10.75));
#7794 = PCURVE('',#1447,#7795);
#7795 = DEFINITIONAL_REPRESENTATION('',(#7796),#7811);
#7796 = B_SPLINE_CURVE_WITH_KNOTS('',7,(#7797,#7798,#7799,#7800,#7801,
    #7802,#7803,#7804,#7805,#7806,#7807,#7808,#7809,#7810),
  .UNSPECIFIED.,.F.,.F.,(8,6,8),(0.,0.297334146248,1.),.UNSPECIFIED.);
#7797 = CARTESIAN_POINT('',(-1.119054344376,26.732242314172));
#7798 = CARTESIAN_POINT('',(-1.13786792874,26.786612194995));
#7799 = CARTESIAN_POINT('',(-1.156770507161,26.840247299637));
#7800 = CARTESIAN_POINT('',(-1.175740939463,26.893315807711));
#7801 = CARTESIAN_POINT('',(-1.194764296922,26.945938352141));
#7802 = CARTESIAN_POINT('',(-1.213829812608,26.99820345104));
#7803 = CARTESIAN_POINT('',(-1.232929609511,27.050177308301));
#7804 = CARTESIAN_POINT('',(-1.297263279817,27.224158922058));
#7805 = CARTESIAN_POINT('',(-1.34262617612,27.345044192847));
#7806 = CARTESIAN_POINT('',(-1.388074186968,27.465197358429));
#7807 = CARTESIAN_POINT('',(-1.43359832711,27.584693581084));
#7808 = CARTESIAN_POINT('',(-1.479206883102,27.703401029611));
#7809 = CARTESIAN_POINT('',(-1.524925670108,27.82099933853));
#7810 = CARTESIAN_POINT('',(-1.570796326795,27.937014443262));
#7811 = ( GEOMETRIC_REPRESENTATION_CONTEXT(2) 
PARAMETRIC_REPRESENTATION_CONTEXT() REPRESENTATION_CONTEXT('2D SPACE',''
  ) );
#7812 = PCURVE('',#7491,#7813);
#7813 = DEFINITIONAL_REPRESENTATION('',(#7814),#7829);
#7814 = B_SPLINE_CURVE_WITH_KNOTS('',7,(#7815,#7816,#7817,#7818,#7819,
    #7820,#7821,#7822,#7823,#7824,#7825,#7826,#7827,#7828),
  .UNSPECIFIED.,.F.,.F.,(8,6,8),(0.,0.297334146248,1.),.UNSPECIFIED.);
#7815 = CARTESIAN_POINT('',(4.088511981588,0.793642536033));
#7816 = CARTESIAN_POINT('',(4.062568751964,0.791235110973));
#7817 = CARTESIAN_POINT('',(4.036775700685,0.788925203073));
#7818 = CARTESIAN_POINT('',(4.011116886724,0.786718760542));
#7819 = CARTESIAN_POINT('',(3.985577670675,0.784620191281));
#7820 = CARTESIAN_POINT('',(3.960144336045,0.782632891493));
#7821 = CARTESIAN_POINT('',(3.934803789843,0.78075958313));
#7822 = CARTESIAN_POINT('',(3.849847360459,0.774849992859));
#7823 = CARTESIAN_POINT('',(3.79060261623,0.771346692121));
#7824 = CARTESIAN_POINT('',(3.731641949636,0.768521352822));
#7825 = CARTESIAN_POINT('',(3.672820137033,0.766388025086));
#7826 = CARTESIAN_POINT('',(3.613999378286,0.764957424533));
#7827 = CARTESIAN_POINT('',(3.555040625928,0.764237859731));
#7828 = CARTESIAN_POINT('',(3.495785860079,0.764237859692));
#7829 = ( GEOMETRIC_REPRESENTATION_CONTEXT(2) 
PARAMETRIC_REPRESENTATION_CONTEXT() REPRESENTATION_CONTEXT('2D SPACE',''
  ) );
#7830 = ORIENTED_EDGE('',*,*,#7418,.T.);
#7831 = ORIENTED_EDGE('',*,*,#1425,.F.);
#7832 = ORIENTED_EDGE('',*,*,#1579,.F.);
#7833 = ORIENTED_EDGE('',*,*,#7834,.T.);
#7834 = EDGE_CURVE('',#1541,#7561,#7835,.T.);
#7835 = SURFACE_CURVE('',#7836,(#7844,#7855),.PCURVE_S1.);
#7836 = B_SPLINE_CURVE_WITH_KNOTS('',6,(#7837,#7838,#7839,#7840,#7841,
    #7842,#7843),.UNSPECIFIED.,.F.,.F.,(7,7),(0.,1.),
  .PIECEWISE_BEZIER_KNOTS.);
#7837 = CARTESIAN_POINT('',(168.32136753857,59.71462671964,-5.12));
#7838 = CARTESIAN_POINT('',(168.2043738781,59.757533317174,
    -4.905008922714));
#7839 = CARTESIAN_POINT('',(168.09031020026,59.79295994689,
    -4.685400971392));
#7840 = CARTESIAN_POINT('',(167.98003818736,59.820593475907,
    -4.46052754811));
#7841 = CARTESIAN_POINT('',(167.87475050213,59.839869934255,
    -4.229889670007));
#7842 = CARTESIAN_POINT('',(167.7760389961,59.85,-3.993084133475));
#7843 = CARTESIAN_POINT('',(167.68567241503,59.85,-3.75));
#7844 = PCURVE('',#1447,#7845);
#7845 = DEFINITIONAL_REPRESENTATION('',(#7846),#7854);
#7846 = B_SPLINE_CURVE_WITH_KNOTS('',6,(#7847,#7848,#7849,#7850,#7851,
    #7852,#7853),.UNSPECIFIED.,.F.,.F.,(7,7),(0.,1.),
  .PIECEWISE_BEZIER_KNOTS.);
#7847 = CARTESIAN_POINT('',(-0.19698576902,36.021367538576));
#7848 = CARTESIAN_POINT('',(-0.165667084689,35.9043738781));
#7849 = CARTESIAN_POINT('',(-0.133910738956,35.790310200263));
#7850 = CARTESIAN_POINT('',(-0.101579309932,35.680038187363));
#7851 = CARTESIAN_POINT('',(-6.855566961408E-02,35.574750502138));
#7852 = CARTESIAN_POINT('',(-3.472630478215E-02,35.476038996109));
#7853 = CARTESIAN_POINT('',(0.,35.385672415031));
#7854 = ( GEOMETRIC_REPRESENTATION_CONTEXT(2) 
PARAMETRIC_REPRESENTATION_CONTEXT() REPRESENTATION_CONTEXT('2D SPACE',''
  ) );
#7855 = PCURVE('',#1556,#7856);
#7856 = DEFINITIONAL_REPRESENTATION('',(#7857),#7865);
#7857 = B_SPLINE_CURVE_WITH_KNOTS('',6,(#7858,#7859,#7860,#7861,#7862,
    #7863,#7864),.UNSPECIFIED.,.F.,.F.,(7,7),(0.,1.),
  .PIECEWISE_BEZIER_KNOTS.);
#7858 = CARTESIAN_POINT('',(3.921232727387,0.));
#7859 = CARTESIAN_POINT('',(3.937711114664,5.791785487224E-03));
#7860 = CARTESIAN_POINT('',(3.952874059523,1.170794796896E-02));
#7861 = CARTESIAN_POINT('',(3.96658267859,1.776596044962E-02));
#7862 = CARTESIAN_POINT('',(3.978624522312,2.397926535541E-02));
#7863 = CARTESIAN_POINT('',(3.988707599835,3.03587248525E-02));
#7864 = CARTESIAN_POINT('',(3.996497708503,3.690732758621E-02));
#7865 = ( GEOMETRIC_REPRESENTATION_CONTEXT(2) 
PARAMETRIC_REPRESENTATION_CONTEXT() REPRESENTATION_CONTEXT('2D SPACE',''
  ) );
#7866 = ADVANCED_FACE('',(#7867),#1556,.T.);
#7867 = FACE_BOUND('',#7868,.T.);
#7868 = EDGE_LOOP('',(#7869,#7870,#7892,#7922));
#7869 = ORIENTED_EDGE('',*,*,#1540,.F.);
#7870 = ORIENTED_EDGE('',*,*,#7871,.T.);
#7871 = EDGE_CURVE('',#1519,#7872,#7874,.T.);
#7872 = VERTEX_POINT('',#7873);
#7873 = CARTESIAN_POINT('',(166.83993414043,59.85,-1.540573719318));
#7874 = SURFACE_CURVE('',#7875,(#7878,#7885),.PCURVE_S1.);
#7875 = B_SPLINE_CURVE_WITH_KNOTS('',1,(#7876,#7877),.UNSPECIFIED.,.F.,
  .F.,(2,2),(0.,1.),.PIECEWISE_BEZIER_KNOTS.);
#7876 = CARTESIAN_POINT('',(167.66669694801,60.301447209253,-5.12));
#7877 = CARTESIAN_POINT('',(159.09285493787,55.619769450473,32.));
#7878 = PCURVE('',#1556,#7879);
#7879 = DEFINITIONAL_REPRESENTATION('',(#7880),#7884);
#7880 = LINE('',#7881,#7882);
#7881 = CARTESIAN_POINT('',(4.070375596752,0.));
#7882 = VECTOR('',#7883,1.);
#7883 = DIRECTION('',(0.,1.));
#7884 = ( GEOMETRIC_REPRESENTATION_CONTEXT(2) 
PARAMETRIC_REPRESENTATION_CONTEXT() REPRESENTATION_CONTEXT('2D SPACE',''
  ) );
#7885 = PCURVE('',#1764,#7886);
#7886 = DEFINITIONAL_REPRESENTATION('',(#7887),#7891);
#7887 = LINE('',#7888,#7889);
#7888 = CARTESIAN_POINT('',(2.94779836151,0.));
#7889 = VECTOR('',#7890,1.);
#7890 = DIRECTION('',(0.,1.));
#7891 = ( GEOMETRIC_REPRESENTATION_CONTEXT(2) 
PARAMETRIC_REPRESENTATION_CONTEXT() REPRESENTATION_CONTEXT('2D SPACE',''
  ) );
#7892 = ORIENTED_EDGE('',*,*,#7893,.F.);
#7893 = EDGE_CURVE('',#7561,#7872,#7894,.T.);
#7894 = SURFACE_CURVE('',#7895,(#7902,#7912),.PCURVE_S1.);
#7895 = B_SPLINE_CURVE_WITH_KNOTS('',5,(#7896,#7897,#7898,#7899,#7900,
    #7901),.UNSPECIFIED.,.F.,.F.,(6,6),(0.,1.),
  .PIECEWISE_BEZIER_KNOTS.);
#7896 = CARTESIAN_POINT('',(167.68567241503,59.85,-3.75));
#7897 = CARTESIAN_POINT('',(167.52079318801,59.85,-3.306478473023));
#7898 = CARTESIAN_POINT('',(167.35393528204,59.85,-2.863700535707));
#7899 = CARTESIAN_POINT('',(167.18495893676,59.85,-2.421731400356));
#7900 = CARTESIAN_POINT('',(167.01369823561,59.85,-1.980652837814));
#7901 = CARTESIAN_POINT('',(166.83993414043,59.85,-1.540573719318));
#7902 = PCURVE('',#1556,#7903);
#7903 = DEFINITIONAL_REPRESENTATION('',(#7904),#7911);
#7904 = B_SPLINE_CURVE_WITH_KNOTS('',5,(#7905,#7906,#7907,#7908,#7909,
    #7910),.UNSPECIFIED.,.F.,.F.,(6,6),(0.,1.),
  .PIECEWISE_BEZIER_KNOTS.);
#7905 = CARTESIAN_POINT('',(3.996497708503,3.690732758621E-02));
#7906 = CARTESIAN_POINT('',(4.010711227264,4.885564458451E-02));
#7907 = CARTESIAN_POINT('',(4.025178517976,6.078392953374E-02));
#7908 = CARTESIAN_POINT('',(4.039924001875,7.269042563697E-02));
#7909 = CARTESIAN_POINT('',(4.054976811463,8.457293001578E-02));
#7910 = CARTESIAN_POINT('',(4.070375596752,9.642850971664E-02));
#7911 = ( GEOMETRIC_REPRESENTATION_CONTEXT(2) 
PARAMETRIC_REPRESENTATION_CONTEXT() REPRESENTATION_CONTEXT('2D SPACE',''
  ) );
#7912 = PCURVE('',#7576,#7913);
#7913 = DEFINITIONAL_REPRESENTATION('',(#7914),#7921);
#7914 = B_SPLINE_CURVE_WITH_KNOTS('',5,(#7915,#7916,#7917,#7918,#7919,
    #7920),.UNSPECIFIED.,.F.,.F.,(6,6),(0.,1.),
  .PIECEWISE_BEZIER_KNOTS.);
#7915 = CARTESIAN_POINT('',(7.,35.385672415031));
#7916 = CARTESIAN_POINT('',(7.443521526977,35.220793188014));
#7917 = CARTESIAN_POINT('',(7.886299464293,35.053935282046));
#7918 = CARTESIAN_POINT('',(8.328268599644,34.884958936762));
#7919 = CARTESIAN_POINT('',(8.769347162186,34.713698235617));
#7920 = CARTESIAN_POINT('',(9.209426280682,34.539934140432));
#7921 = ( GEOMETRIC_REPRESENTATION_CONTEXT(2) 
PARAMETRIC_REPRESENTATION_CONTEXT() REPRESENTATION_CONTEXT('2D SPACE',''
  ) );
#7922 = ORIENTED_EDGE('',*,*,#7834,.F.);
#7923 = ADVANCED_FACE('',(#7924),#1764,.T.);
#7924 = FACE_BOUND('',#7925,.T.);
#7925 = EDGE_LOOP('',(#7926,#7927,#7928,#7948,#7949,#7971,#8068));
#7926 = ORIENTED_EDGE('',*,*,#7871,.F.);
#7927 = ORIENTED_EDGE('',*,*,#1750,.T.);
#7928 = ORIENTED_EDGE('',*,*,#7929,.T.);
#7929 = EDGE_CURVE('',#1729,#2477,#7930,.T.);
#7930 = SURFACE_CURVE('',#7931,(#7934,#7941),.PCURVE_S1.);
#7931 = B_SPLINE_CURVE_WITH_KNOTS('',1,(#7932,#7933),.UNSPECIFIED.,.F.,
  .F.,(2,2),(0.,1.),.PIECEWISE_BEZIER_KNOTS.);
#7932 = CARTESIAN_POINT('',(130.82002478453,88.749245570763,-5.12));
#7933 = CARTESIAN_POINT('',(124.33781279333,81.605350496621,32.));
#7934 = PCURVE('',#1764,#7935);
#7935 = DEFINITIONAL_REPRESENTATION('',(#7936),#7940);
#7936 = LINE('',#7937,#7938);
#7937 = CARTESIAN_POINT('',(49.498356694791,0.));
#7938 = VECTOR('',#7939,1.);
#7939 = DIRECTION('',(0.,1.));
#7940 = ( GEOMETRIC_REPRESENTATION_CONTEXT(2) 
PARAMETRIC_REPRESENTATION_CONTEXT() REPRESENTATION_CONTEXT('2D SPACE',''
  ) );
#7941 = PCURVE('',#1818,#7942);
#7942 = DEFINITIONAL_REPRESENTATION('',(#7943),#7947);
#7943 = LINE('',#7944,#7945);
#7944 = CARTESIAN_POINT('',(4.054919047985,0.));
#7945 = VECTOR('',#7946,1.);
#7946 = DIRECTION('',(0.,1.));
#7947 = ( GEOMETRIC_REPRESENTATION_CONTEXT(2) 
PARAMETRIC_REPRESENTATION_CONTEXT() REPRESENTATION_CONTEXT('2D SPACE',''
  ) );
#7948 = ORIENTED_EDGE('',*,*,#2499,.F.);
#7949 = ORIENTED_EDGE('',*,*,#7950,.F.);
#7950 = EDGE_CURVE('',#7951,#2500,#7953,.T.);
#7951 = VERTEX_POINT('',#7952);
#7952 = CARTESIAN_POINT('',(163.62285392808,58.093339116755,
    12.38760659249));
#7953 = SURFACE_CURVE('',#7954,(#7957,#7964),.PCURVE_S1.);
#7954 = B_SPLINE_CURVE_WITH_KNOTS('',1,(#7955,#7956),.UNSPECIFIED.,.F.,
  .F.,(2,2),(0.,1.),.PIECEWISE_BEZIER_KNOTS.);
#7955 = CARTESIAN_POINT('',(167.66669694801,60.301447209253,-5.12));
#7956 = CARTESIAN_POINT('',(159.09285493787,55.619769450473,32.));
#7957 = PCURVE('',#1764,#7958);
#7958 = DEFINITIONAL_REPRESENTATION('',(#7959),#7963);
#7959 = LINE('',#7960,#7961);
#7960 = CARTESIAN_POINT('',(2.94779836151,0.));
#7961 = VECTOR('',#7962,1.);
#7962 = DIRECTION('',(0.,1.));
#7963 = ( GEOMETRIC_REPRESENTATION_CONTEXT(2) 
PARAMETRIC_REPRESENTATION_CONTEXT() REPRESENTATION_CONTEXT('2D SPACE',''
  ) );
#7964 = PCURVE('',#2538,#7965);
#7965 = DEFINITIONAL_REPRESENTATION('',(#7966),#7970);
#7966 = LINE('',#7967,#7968);
#7967 = CARTESIAN_POINT('',(4.070375596752,0.));
#7968 = VECTOR('',#7969,1.);
#7969 = DIRECTION('',(0.,1.));
#7970 = ( GEOMETRIC_REPRESENTATION_CONTEXT(2) 
PARAMETRIC_REPRESENTATION_CONTEXT() REPRESENTATION_CONTEXT('2D SPACE',''
  ) );
#7971 = ORIENTED_EDGE('',*,*,#7972,.T.);
#7972 = EDGE_CURVE('',#7951,#7973,#7975,.T.);
#7973 = VERTEX_POINT('',#7974);
#7974 = CARTESIAN_POINT('',(163.16017352849,59.85,7.75));
#7975 = SURFACE_CURVE('',#7976,(#8003,#8033),.PCURVE_S1.);
#7976 = B_SPLINE_CURVE_WITH_KNOTS('',7,(#7977,#7978,#7979,#7980,#7981,
    #7982,#7983,#7984,#7985,#7986,#7987,#7988,#7989,#7990,#7991,#7992,
    #7993,#7994,#7995,#7996,#7997,#7998,#7999,#8000,#8001,#8002),
  .UNSPECIFIED.,.F.,.F.,(8,6,6,6,8),(0.,0.4177145571,0.599067628511,
    0.720695123894,1.),.UNSPECIFIED.);
#7977 = CARTESIAN_POINT('',(163.62285392808,58.093339116755,
    12.38760659249));
#7978 = CARTESIAN_POINT('',(163.49415010025,58.242015714684,
    12.219510871967));
#7979 = CARTESIAN_POINT('',(163.37098595037,58.390164067599,
    12.039343985624));
#7980 = CARTESIAN_POINT('',(163.25400761055,58.537856110207,
    11.845253022944));
#7981 = CARTESIAN_POINT('',(163.14461180695,58.684601545466,
    11.635358761136));
#7982 = CARTESIAN_POINT('',(163.04497936641,58.82933111844,
    11.407722957678));
#7983 = CARTESIAN_POINT('',(162.9580050655,58.970413911459,
    11.160461840309));
#7984 = CARTESIAN_POINT('',(162.85700002323,59.164257151281,
    10.774443065147));
#7985 = CARTESIAN_POINT('',(162.82957005089,59.221768586988,
    10.653564604637));
#7986 = CARTESIAN_POINT('',(162.80561909372,59.277882420451,
    10.528581414228));
#7987 = CARTESIAN_POINT('',(162.7855181618,59.332313858093,
    10.39949952408));
#7988 = CARTESIAN_POINT('',(162.76965847941,59.384729452831,
    10.266433587716));
#7989 = CARTESIAN_POINT('',(162.75841175133,59.434765847831,
    10.129644652179));
#7990 = CARTESIAN_POINT('',(162.7478156443,59.513776720136,
    9.895671875568));
#7991 = CARTESIAN_POINT('',(162.74576775505,59.544261612172,
    9.800278024825));
#7992 = CARTESIAN_POINT('',(162.74601431969,59.57339698551,
    9.703575757111));
#7993 = CARTESIAN_POINT('',(162.74862398733,59.60107423238,
    9.605749090368));
#7994 = CARTESIAN_POINT('',(162.75363966923,59.627196365163,
    9.507008177529));
#7995 = CARTESIAN_POINT('',(162.76107282955,59.651681691281,
    9.407591616172));
#7996 = CARTESIAN_POINT('',(162.79345974288,59.726792697424,
    9.07853596094));
#7997 = CARTESIAN_POINT('',(162.82864862252,59.770188750849,
    8.847015985234));
#7998 = CARTESIAN_POINT('',(162.87614842996,59.803802090728,
    8.61679296491));
#7999 = CARTESIAN_POINT('',(162.93467528389,59.827818117798,
    8.390456256458));
#8000 = CARTESIAN_POINT('',(163.00259889109,59.84291758971,
    8.169840465038));
#8001 = CARTESIAN_POINT('',(163.07825912327,59.85,7.956141906573));
#8002 = CARTESIAN_POINT('',(163.16017352849,59.85,7.75));
#8003 = PCURVE('',#1764,#8004);
#8004 = DEFINITIONAL_REPRESENTATION('',(#8005),#8032);
#8005 = B_SPLINE_CURVE_WITH_KNOTS('',7,(#8006,#8007,#8008,#8009,#8010,
    #8011,#8012,#8013,#8014,#8015,#8016,#8017,#8018,#8019,#8020,#8021,
    #8022,#8023,#8024,#8025,#8026,#8027,#8028,#8029,#8030,#8031),
  .UNSPECIFIED.,.F.,.F.,(8,6,6,6,8),(0.,0.4177145571,0.599067628511,
    0.720695123894,1.),.UNSPECIFIED.);
#8006 = CARTESIAN_POINT('',(2.94779836151,0.471648884496));
#8007 = CARTESIAN_POINT('',(3.165271288035,0.467120443749));
#8008 = CARTESIAN_POINT('',(3.3790383928,0.462266809958));
#8009 = CARTESIAN_POINT('',(3.588803275814,0.457038066351));
#8010 = CARTESIAN_POINT('',(3.793300067671,0.451383587315));
#8011 = CARTESIAN_POINT('',(3.990263184022,0.445251157265));
#8012 = CARTESIAN_POINT('',(4.176490048852,0.438590028026));
#8013 = CARTESIAN_POINT('',(4.421921317492,0.428190815333));
#8014 = CARTESIAN_POINT('',(4.493306399984,0.424934391289));
#8015 = CARTESIAN_POINT('',(4.561373285657,0.421567387237));
#8016 = CARTESIAN_POINT('',(4.62564063159,0.418089965627));
#8017 = CARTESIAN_POINT('',(4.685569786978,0.414505215186));
#8018 = CARTESIAN_POINT('',(4.74060532257,0.410820168432));
#8019 = CARTESIAN_POINT('',(4.823523355536,0.40451702251));
#8020 = CARTESIAN_POINT('',(4.854380124429,0.401947145065));
#8021 = CARTESIAN_POINT('',(4.88264642324,0.399342019319));
#8022 = CARTESIAN_POINT('',(4.908180523539,0.39670660265));
#8023 = CARTESIAN_POINT('',(4.930866504087,0.394046556507));
#8024 = CARTESIAN_POINT('',(4.950620882575,0.391368308625));
#8025 = CARTESIAN_POINT('',(5.005929014692,0.382503662741));
#8026 = CARTESIAN_POINT('',(5.028789577282,0.37626659443));
#8027 = CARTESIAN_POINT('',(5.035353996218,0.37006446565));
#8028 = CARTESIAN_POINT('',(5.026543262063,0.363967032771));
#8029 = CARTESIAN_POINT('',(5.00394210405,0.358023719425));
#8030 = CARTESIAN_POINT('',(4.969354914755,0.352266753949));
#8031 = CARTESIAN_POINT('',(4.924515432352,0.346713362069));
#8032 = ( GEOMETRIC_REPRESENTATION_CONTEXT(2) 
PARAMETRIC_REPRESENTATION_CONTEXT() REPRESENTATION_CONTEXT('2D SPACE',''
  ) );
#8033 = PCURVE('',#8034,#8039);
#8034 = CYLINDRICAL_SURFACE('',#8035,7.);
#8035 = AXIS2_PLACEMENT_3D('',#8036,#8037,#8038);
#8036 = CARTESIAN_POINT('',(132.3,52.85,7.75));
#8037 = DIRECTION('',(1.,0.,-0.));
#8038 = DIRECTION('',(0.,1.,0.));
#8039 = DEFINITIONAL_REPRESENTATION('',(#8040),#8067);
#8040 = B_SPLINE_CURVE_WITH_KNOTS('',7,(#8041,#8042,#8043,#8044,#8045,
    #8046,#8047,#8048,#8049,#8050,#8051,#8052,#8053,#8054,#8055,#8056,
    #8057,#8058,#8059,#8060,#8061,#8062,#8063,#8064,#8065,#8066),
  .UNSPECIFIED.,.F.,.F.,(8,6,6,6,8),(0.,0.4177145571,0.599067628511,
    0.720695123894,1.),.UNSPECIFIED.);
#8041 = CARTESIAN_POINT('',(0.724171692414,31.322853928089));
#8042 = CARTESIAN_POINT('',(0.692112785527,31.194150100253));
#8043 = CARTESIAN_POINT('',(0.65881220684,31.070985950377));
#8044 = CARTESIAN_POINT('',(0.624010842095,30.954007610558));
#8045 = CARTESIAN_POINT('',(0.587482143422,30.844611806955));
#8046 = CARTESIAN_POINT('',(0.549012727622,30.744979366413));
#8047 = CARTESIAN_POINT('',(0.508401601502,30.658005065504));
#8048 = CARTESIAN_POINT('',(0.44669364938,30.557000023232));
#8049 = CARTESIAN_POINT('',(0.427574777553,30.529570050891));
#8050 = CARTESIAN_POINT('',(0.408010792657,30.505619093727));
#8051 = CARTESIAN_POINT('',(0.388007919523,30.485518161807));
#8052 = CARTESIAN_POINT('',(0.367586577885,30.469658479414));
#8053 = CARTESIAN_POINT('',(0.346785489804,30.458411751331));
#8054 = CARTESIAN_POINT('',(0.311506433712,30.4478156443));
#8055 = CARTESIAN_POINT('',(0.297201701188,30.445767755052));
#8056 = CARTESIAN_POINT('',(0.282776940598,30.446014319697));
#8057 = CARTESIAN_POINT('',(0.268256927029,30.448623987338));
#8058 = CARTESIAN_POINT('',(0.253669222214,30.45363966923));
#8059 = CARTESIAN_POINT('',(0.239044585428,30.461072829552));
#8060 = CARTESIAN_POINT('',(0.190827540537,30.493459742881));
#8061 = CARTESIAN_POINT('',(0.157203020792,30.52864862252));
#8062 = CARTESIAN_POINT('',(0.124008226989,30.576148429964));
#8063 = CARTESIAN_POINT('',(9.153544973523E-02,30.634675283899));
#8064 = CARTESIAN_POINT('',(5.997721235197E-02,30.702598891096));
#8065 = CARTESIAN_POINT('',(2.944884379615E-02,30.778259123275));
#8066 = CARTESIAN_POINT('',(0.,30.860173528497));
#8067 = ( GEOMETRIC_REPRESENTATION_CONTEXT(2) 
PARAMETRIC_REPRESENTATION_CONTEXT() REPRESENTATION_CONTEXT('2D SPACE',''
  ) );
#8068 = ORIENTED_EDGE('',*,*,#8069,.T.);
#8069 = EDGE_CURVE('',#7973,#7872,#8070,.T.);
#8070 = SURFACE_CURVE('',#8071,(#8080,#8092),.PCURVE_S1.);
#8071 = B_SPLINE_CURVE_WITH_KNOTS('',4,(#8072,#8073,#8074,#8075,#8076,
    #8077,#8078,#8079),.UNSPECIFIED.,.F.,.F.,(5,3,5),(0.,
    2.709550463787E-02,1.),.UNSPECIFIED.);
#8072 = CARTESIAN_POINT('',(163.16017352849,59.85,7.75));
#8073 = CARTESIAN_POINT('',(163.1851494378,59.85,7.687146811384));
#8074 = CARTESIAN_POINT('',(163.21012441737,59.85,7.624292186406));
#8075 = CARTESIAN_POINT('',(163.23509852016,59.85,7.561435994885));
#8076 = CARTESIAN_POINT('',(164.15677107947,59.85,5.241580802994));
#8077 = CARTESIAN_POINT('',(165.05229949121,59.85,2.982669463905));
#8078 = CARTESIAN_POINT('',(165.94667972254,59.85,0.721926525294));
#8079 = CARTESIAN_POINT('',(166.83993414043,59.85,-1.540573719318));
#8080 = PCURVE('',#1764,#8081);
#8081 = DEFINITIONAL_REPRESENTATION('',(#8082),#8091);
#8082 = B_SPLINE_CURVE_WITH_KNOTS('',4,(#8083,#8084,#8085,#8086,#8087,
    #8088,#8089,#8090),.UNSPECIFIED.,.F.,.F.,(5,3,5),(0.,
    2.709550463787E-02,1.),.UNSPECIFIED.);
#8083 = CARTESIAN_POINT('',(4.924515558939,0.346713362069));
#8084 = CARTESIAN_POINT('',(4.910843887343,0.345020118841));
#8085 = CARTESIAN_POINT('',(4.897177126164,0.343326836918));
#8086 = CARTESIAN_POINT('',(4.883515972568,0.341633512793));
#8087 = CARTESIAN_POINT('',(4.379516146888,0.279137413874));
#8088 = CARTESIAN_POINT('',(3.895846553988,0.218283121334));
#8089 = CARTESIAN_POINT('',(3.418665400621,0.157379486134));
#8090 = CARTESIAN_POINT('',(2.94779836151,9.642850971664E-02));
#8091 = ( GEOMETRIC_REPRESENTATION_CONTEXT(2) 
PARAMETRIC_REPRESENTATION_CONTEXT() REPRESENTATION_CONTEXT('2D SPACE',''
  ) );
#8092 = PCURVE('',#7576,#8093);
#8093 = DEFINITIONAL_REPRESENTATION('',(#8094),#8103);
#8094 = B_SPLINE_CURVE_WITH_KNOTS('',4,(#8095,#8096,#8097,#8098,#8099,
    #8100,#8101,#8102),.UNSPECIFIED.,.F.,.F.,(5,3,5),(0.,
    2.709550463787E-02,1.),.UNSPECIFIED.);
#8095 = CARTESIAN_POINT('',(18.5,30.860173528497));
#8096 = CARTESIAN_POINT('',(18.437146811384,30.885149437804));
#8097 = CARTESIAN_POINT('',(18.374292186406,30.910124417375));
#8098 = CARTESIAN_POINT('',(18.311435994885,30.935098520167));
#8099 = CARTESIAN_POINT('',(15.991580802994,31.85677107947));
#8100 = CARTESIAN_POINT('',(13.732669463905,32.752299491217));
#8101 = CARTESIAN_POINT('',(11.471926525294,33.646679722546));
#8102 = CARTESIAN_POINT('',(9.209426280682,34.539934140432));
#8103 = ( GEOMETRIC_REPRESENTATION_CONTEXT(2) 
PARAMETRIC_REPRESENTATION_CONTEXT() REPRESENTATION_CONTEXT('2D SPACE',''
  ) );
#8104 = ADVANCED_FACE('',(#8105),#1818,.T.);
#8105 = FACE_BOUND('',#8106,.T.);
#8106 = EDGE_LOOP('',(#8107,#8108,#8128,#8129));
#8107 = ORIENTED_EDGE('',*,*,#1803,.F.);
#8108 = ORIENTED_EDGE('',*,*,#8109,.T.);
#8109 = EDGE_CURVE('',#1782,#2455,#8110,.T.);
#8110 = SURFACE_CURVE('',#8111,(#8114,#8121),.PCURVE_S1.);
#8111 = B_SPLINE_CURVE_WITH_KNOTS('',1,(#8112,#8113),.UNSPECIFIED.,.F.,
  .F.,(2,2),(0.,1.),.PIECEWISE_BEZIER_KNOTS.);
#8112 = CARTESIAN_POINT('',(127.15332783652,90.,-5.12));
#8113 = CARTESIAN_POINT('',(120.74495785546,82.8,32.));
#8114 = PCURVE('',#1818,#8115);
#8115 = DEFINITIONAL_REPRESENTATION('',(#8116),#8120);
#8116 = LINE('',#8117,#8118);
#8117 = CARTESIAN_POINT('',(4.712388980385,0.));
#8118 = VECTOR('',#8119,1.);
#8119 = DIRECTION('',(0.,1.));
#8120 = ( GEOMETRIC_REPRESENTATION_CONTEXT(2) 
PARAMETRIC_REPRESENTATION_CONTEXT() REPRESENTATION_CONTEXT('2D SPACE',''
  ) );
#8121 = PCURVE('',#1884,#8122);
#8122 = DEFINITIONAL_REPRESENTATION('',(#8123),#8127);
#8123 = LINE('',#8124,#8125);
#8124 = CARTESIAN_POINT('',(2.04667216348,0.));
#8125 = VECTOR('',#8126,1.);
#8126 = DIRECTION('',(0.,1.));
#8127 = ( GEOMETRIC_REPRESENTATION_CONTEXT(2) 
PARAMETRIC_REPRESENTATION_CONTEXT() REPRESENTATION_CONTEXT('2D SPACE',''
  ) );
#8128 = ORIENTED_EDGE('',*,*,#2476,.T.);
#8129 = ORIENTED_EDGE('',*,*,#7929,.F.);
#8130 = ADVANCED_FACE('',(#8131),#1884,.T.);
#8131 = FACE_BOUND('',#8132,.T.);
#8132 = EDGE_LOOP('',(#8133,#8134,#8135,#8197,#8551,#8552,#8632,#8923,
    #8924,#8944));
#8133 = ORIENTED_EDGE('',*,*,#8109,.F.);
#8134 = ORIENTED_EDGE('',*,*,#2053,.T.);
#8135 = ORIENTED_EDGE('',*,*,#8136,.T.);
#8136 = EDGE_CURVE('',#1987,#8137,#8139,.T.);
#8137 = VERTEX_POINT('',#8138);
#8138 = CARTESIAN_POINT('',(121.6,89.006896551724,-2.123307733941E-14));
#8139 = SURFACE_CURVE('',#8140,(#8157,#8177),.PCURVE_S1.);
#8140 = B_SPLINE_CURVE_WITH_KNOTS('',8,(#8141,#8142,#8143,#8144,#8145,
    #8146,#8147,#8148,#8149,#8150,#8151,#8152,#8153,#8154,#8155,#8156),
  .UNSPECIFIED.,.F.,.F.,(9,7,9),(0.,0.62788488523,1.),.UNSPECIFIED.);
#8141 = CARTESIAN_POINT('',(118.72819436736,90.,-5.12));
#8142 = CARTESIAN_POINT('',(119.08973645125,89.957154308688,
    -4.899106658124));
#8143 = CARTESIAN_POINT('',(119.43783077353,89.908130338719,
    -4.646360857393));
#8144 = CARTESIAN_POINT('',(119.77087553327,89.852788872877,
    -4.361044855723));
#8145 = CARTESIAN_POINT('',(120.08617922619,89.790966412772,
    -4.042315728065));
#8146 = CARTESIAN_POINT('',(120.38018723557,89.722545992508,
    -3.689570450264));
#8147 = CARTESIAN_POINT('',(120.64852373515,89.647477027062,
    -3.302548228409));
#8148 = CARTESIAN_POINT('',(120.88615321764,89.565820574624,
    -2.881563851393));
#8149 = CARTESIAN_POINT('',(121.2062434508,89.425463517416,
    -2.157945245343));
#8150 = CARTESIAN_POINT('',(121.31239854476,89.37099762658,
    -1.877143319259));
#8151 = CARTESIAN_POINT('',(121.40425914087,89.314383322063,
    -1.585265127082));
#8152 = CARTESIAN_POINT('',(121.48036763006,89.255768513274,
    -1.283073223989));
#8153 = CARTESIAN_POINT('',(121.53925429921,89.195370178461,
    -0.971686253398));
#8154 = CARTESIAN_POINT('',(121.57952406629,89.133482803577,
    -0.652622453999));
#8155 = CARTESIAN_POINT('',(121.6,89.07049160706,-0.327867840842));
#8156 = CARTESIAN_POINT('',(121.6,89.006896551724,-2.13162820728E-14));
#8157 = PCURVE('',#1884,#8158);
#8158 = DEFINITIONAL_REPRESENTATION('',(#8159),#8176);
#8159 = B_SPLINE_CURVE_WITH_KNOTS('',8,(#8160,#8161,#8162,#8163,#8164,
    #8165,#8166,#8167,#8168,#8169,#8170,#8171,#8172,#8173,#8174,#8175),
  .UNSPECIFIED.,.F.,.F.,(9,7,9),(0.,0.62788488523,1.),.UNSPECIFIED.);
#8160 = CARTESIAN_POINT('',(10.471805632637,0.));
#8161 = CARTESIAN_POINT('',(10.074655484273,5.950790460018E-03));
#8162 = CARTESIAN_POINT('',(9.685546220739,1.275967517799E-02));
#8163 = CARTESIAN_POINT('',(9.305904887901,2.044598987817E-02));
#8164 = CARTESIAN_POINT('',(8.938232203069,2.903244267064E-02));
#8165 = CARTESIAN_POINT('',(8.585939370676,3.853527881835E-02));
#8166 = CARTESIAN_POINT('',(8.253332741429,4.896152401916E-02));
#8167 = CARTESIAN_POINT('',(7.945503252523,6.030269796894E-02));
#8168 = CARTESIAN_POINT('',(7.504398666249,7.979673369226E-02));
#8169 = CARTESIAN_POINT('',(7.351212258387,8.736144075274E-02));
#8170 = CARTESIAN_POINT('',(7.210406519714,9.522453860231E-02));
#8171 = CARTESIAN_POINT('',(7.083582436545,0.103365484268));
#8172 = CARTESIAN_POINT('',(6.972419682915,0.11175414188));
#8173 = CARTESIAN_POINT('',(6.878598195519,0.120349610614));
#8174 = CARTESIAN_POINT('',(6.803665093544,0.129098387908));
#8175 = CARTESIAN_POINT('',(6.748773808079,0.137931034483));
#8176 = ( GEOMETRIC_REPRESENTATION_CONTEXT(2) 
PARAMETRIC_REPRESENTATION_CONTEXT() REPRESENTATION_CONTEXT('2D SPACE',''
  ) );
#8177 = PCURVE('',#2028,#8178);
#8178 = DEFINITIONAL_REPRESENTATION('',(#8179),#8196);
#8179 = B_SPLINE_CURVE_WITH_KNOTS('',8,(#8180,#8181,#8182,#8183,#8184,
    #8185,#8186,#8187,#8188,#8189,#8190,#8191,#8192,#8193,#8194,#8195),
  .UNSPECIFIED.,.F.,.F.,(9,7,9),(0.,0.62788488523,1.),.UNSPECIFIED.);
#8180 = CARTESIAN_POINT('',(5.260839612402,95.));
#8181 = CARTESIAN_POINT('',(5.331453300662,95.042845691312));
#8182 = CARTESIAN_POINT('',(5.402922278389,95.091869661282));
#8183 = CARTESIAN_POINT('',(5.475617156898,95.147211127123));
#8184 = CARTESIAN_POINT('',(5.549821262734,95.209033587229));
#8185 = CARTESIAN_POINT('',(5.625776408101,95.277454007492));
#8186 = CARTESIAN_POINT('',(5.703723253193,95.352522972938));
#8187 = CARTESIAN_POINT('',(5.783911490189,95.434179425376));
#8188 = CARTESIAN_POINT('',(5.915787025405,95.574536482584));
#8189 = CARTESIAN_POINT('',(5.965744256185,95.62900237342));
#8190 = CARTESIAN_POINT('',(6.016605819436,95.685616677937));
#8191 = CARTESIAN_POINT('',(6.068365226345,95.744231486726));
#8192 = CARTESIAN_POINT('',(6.12098884162,95.804629821539));
#8193 = CARTESIAN_POINT('',(6.174414931739,95.866517196423));
#8194 = CARTESIAN_POINT('',(6.228540667039,95.92950839294));
#8195 = CARTESIAN_POINT('',(6.28318530718,95.993103448276));
#8196 = ( GEOMETRIC_REPRESENTATION_CONTEXT(2) 
PARAMETRIC_REPRESENTATION_CONTEXT() REPRESENTATION_CONTEXT('2D SPACE',''
  ) );
#8197 = ORIENTED_EDGE('',*,*,#8198,.T.);
#8198 = EDGE_CURVE('',#8137,#1964,#8199,.T.);
#8199 = SURFACE_CURVE('',#8200,(#8315,#8433),.PCURVE_S1.);
#8200 = B_SPLINE_CURVE_WITH_KNOTS('',8,(#8201,#8202,#8203,#8204,#8205,
    #8206,#8207,#8208,#8209,#8210,#8211,#8212,#8213,#8214,#8215,#8216,
    #8217,#8218,#8219,#8220,#8221,#8222,#8223,#8224,#8225,#8226,#8227,
    #8228,#8229,#8230,#8231,#8232,#8233,#8234,#8235,#8236,#8237,#8238,
    #8239,#8240,#8241,#8242,#8243,#8244,#8245,#8246,#8247,#8248,#8249,
    #8250,#8251,#8252,#8253,#8254,#8255,#8256,#8257,#8258,#8259,#8260,
    #8261,#8262,#8263,#8264,#8265,#8266,#8267,#8268,#8269,#8270,#8271,
    #8272,#8273,#8274,#8275,#8276,#8277,#8278,#8279,#8280,#8281,#8282,
    #8283,#8284,#8285,#8286,#8287,#8288,#8289,#8290,#8291,#8292,#8293,
    #8294,#8295,#8296,#8297,#8298,#8299,#8300,#8301,#8302,#8303,#8304,
    #8305,#8306,#8307,#8308,#8309,#8310,#8311,#8312,#8313,#8314),
  .UNSPECIFIED.,.F.,.F.,(9,7,7,7,7,7,7,7,7,7,7,7,7,7,7,7,9),(0.,
    3.756531532856E-02,9.000650204706E-02,0.115364742821,0.164369144909,
    0.229402270523,0.425957231427,0.523776091822,0.611913974054,
    0.67723831393,0.726451729898,0.752374307497,0.806098876097,
    0.850259230726,0.871529985059,0.907786868534,1.),.UNSPECIFIED.);
#8201 = CARTESIAN_POINT('',(121.6,89.006896551724,-2.13162820728E-14));
#8202 = CARTESIAN_POINT('',(121.6,88.980761708414,0.134739636623));
#8203 = CARTESIAN_POINT('',(121.59654187296,88.954526089074,
    0.269998829662));
#8204 = CARTESIAN_POINT('',(121.58957918769,88.928225478736,
    0.405593087406));
#8205 = CARTESIAN_POINT('',(121.57908020234,88.901896597131,
    0.541333099237));
#8206 = CARTESIAN_POINT('',(121.56502909749,88.875577076717,
    0.677024848928));
#8207 = CARTESIAN_POINT('',(121.54742720919,88.849305440702,
    0.812469727936));
#8208 = CARTESIAN_POINT('',(121.52629426199,88.823121081072,
    0.947464648696));
#8209 = CARTESIAN_POINT('',(121.46729357236,88.76068887722,
    1.269337344109));
#8210 = CARTESIAN_POINT('',(121.42610701566,88.724555731562,
    1.455623783949));
#8211 = CARTESIAN_POINT('',(121.37821676724,88.688777637062,
    1.640079737812));
#8212 = CARTESIAN_POINT('',(121.32379615405,88.653456975433,
    1.822177371099));
#8213 = CARTESIAN_POINT('',(121.26307340873,88.618686530348,
    2.001438332428));
#8214 = CARTESIAN_POINT('',(121.19632263413,88.584550159784,
    2.177430287335));
#8215 = CARTESIAN_POINT('',(121.12385731811,88.551123283035,
    2.349764407462));
#8216 = CARTESIAN_POINT('',(121.00839080535,88.502685036366,
    2.59949047918));
#8217 = CARTESIAN_POINT('',(120.96949762815,88.487077284902,
    2.679957108948));
#8218 = CARTESIAN_POINT('',(120.92938432522,88.471656885853,
    2.759457832936));
#8219 = CARTESIAN_POINT('',(120.88808912353,88.456430066046,
    2.837960548385));
#8220 = CARTESIAN_POINT('',(120.84565075805,88.441402365214,
    2.915436694897));
#8221 = CARTESIAN_POINT('',(120.80210821062,88.426578679926,
    2.991861027935));
#8222 = CARTESIAN_POINT('',(120.75750044886,88.411963307521,
    3.067211392334));
#8223 = CARTESIAN_POINT('',(120.62367862833,88.36972580518,
    3.284969182183));
#8224 = CARTESIAN_POINT('',(120.53165920979,88.342684150051,
    3.424383937515));
#8225 = CARTESIAN_POINT('',(120.43608492937,88.316460776656,
    3.559579995905));
#8226 = CARTESIAN_POINT('',(120.33722692641,88.291073868132,
    3.690463613186));
#8227 = CARTESIAN_POINT('',(120.2353468687,88.266534997378,
    3.816975124629));
#8228 = CARTESIAN_POINT('',(120.13069336166,88.242850085693,
    3.939084002649));
#8229 = CARTESIAN_POINT('',(120.02349835733,88.220020361409,
    4.056783914512));
#8230 = CARTESIAN_POINT('',(119.76862458728,88.168877861351,
    4.320451914814));
#8231 = CARTESIAN_POINT('',(119.61918543284,88.141216606016,
    4.463061053431));
#8232 = CARTESIAN_POINT('',(119.46614113205,88.115050485595,
    4.597961940934));
#8233 = CARTESIAN_POINT('',(119.30993760128,88.090363823484,
    4.725235398929));
#8234 = CARTESIAN_POINT('',(119.15097926809,88.0671356481,4.844989547573
    ));
#8235 = CARTESIAN_POINT('',(118.98962669779,88.045341007582,
    4.957353027577));
#8236 = CARTESIAN_POINT('',(118.82619422012,88.024952284489,
    5.06246822219));
#8237 = CARTESIAN_POINT('',(118.16150898025,87.948479663315,
    5.456727069132));
#8238 = CARTESIAN_POINT('',(117.64649893285,87.903711785959,
    5.687530347945));
#8239 = CARTESIAN_POINT('',(117.1221636976,87.870612793117,5.85817404437
    ));
#8240 = CARTESIAN_POINT('',(116.59364334315,87.84859470971,
    5.971689496611));
#8241 = CARTESIAN_POINT('',(116.06523359244,87.837095050362,
    6.030976629238));
#8242 = CARTESIAN_POINT('',(115.54034557526,87.83571293569,6.03810219822
    ));
#8243 = CARTESIAN_POINT('',(115.0216043975,87.844150830947,
    5.994600160453));
#8244 = CARTESIAN_POINT('',(114.25664558029,87.87154007729,
    5.853393379304));
#8245 = CARTESIAN_POINT('',(114.00468725273,87.88307166845,
    5.793941620438));
#8246 = CARTESIAN_POINT('',(113.75530377015,87.897023934285,
    5.722009938795));
#8247 = CARTESIAN_POINT('',(113.50887567618,87.913397018609,
    5.637597592949));
#8248 = CARTESIAN_POINT('',(113.26581960616,87.932198498864,
    5.54066551697));
#8249 = CARTESIAN_POINT('',(113.02658789182,87.953442751769,
    5.43113959088));
#8250 = CARTESIAN_POINT('',(112.7916708096,87.977152009896,
    5.308905193425));
#8251 = CARTESIAN_POINT('',(112.35430173543,88.026972533213,
    5.052052717655));
#8252 = CARTESIAN_POINT('',(112.15097505412,88.052609633438,
    4.919879223163));
#8253 = CARTESIAN_POINT('',(111.9519964262,88.080294549814,
    4.777148098734));
#8254 = CARTESIAN_POINT('',(111.75781762314,88.110054079186,
    4.623721191753));
#8255 = CARTESIAN_POINT('',(111.5689618128,88.141915471185,
    4.459458015226));
#8256 = CARTESIAN_POINT('',(111.38602177276,88.175905493686,
    4.284220565887));
#8257 = CARTESIAN_POINT('',(111.20966169525,88.212050767805,
    4.097871597095));
#8258 = CARTESIAN_POINT('',(110.91533742677,88.278787030221,
    3.753809088636));
#8259 = CARTESIAN_POINT('',(110.79409254129,88.308389809364,
    3.60119031617));
#8260 = CARTESIAN_POINT('',(110.67718951533,88.339198153605,
    3.442356185859));
#8261 = CARTESIAN_POINT('',(110.56497342219,88.371218207254,
    3.277275020381));
#8262 = CARTESIAN_POINT('',(110.45782847482,88.404450740891,
    3.105942846962));
#8263 = CARTESIAN_POINT('',(110.35617368035,88.438890077075,
    2.92838893597));
#8264 = CARTESIAN_POINT('',(110.26045849474,88.474523016045,
    2.744681339503));
#8265 = CARTESIAN_POINT('',(110.10388249856,88.539055362616,
    2.411981241626));
#8266 = CARTESIAN_POINT('',(110.04025220851,88.567446223552,
    2.265610580799));
#8267 = CARTESIAN_POINT('',(109.98047258758,88.596489491246,
    2.115876400686));
#8268 = CARTESIAN_POINT('',(109.92476158266,88.62616955223,
    1.962859197393));
#8269 = CARTESIAN_POINT('',(109.87334519204,88.656465361824,
    1.806667467928));
#8270 = CARTESIAN_POINT('',(109.82645255037,88.687349773413,
    1.647441168184));
#8271 = CARTESIAN_POINT('',(109.78431101354,88.718788867709,
    1.485355170921));
#8272 = CARTESIAN_POINT('',(109.72756251244,88.767571833691,
    1.233851879635));
#8273 = CARTESIAN_POINT('',(109.70936337154,88.784544614819,
    1.146347763598));
#8274 = CARTESIAN_POINT('',(109.69257607408,88.801653384187,
    1.058142552635));
#8275 = CARTESIAN_POINT('',(109.6772321953,88.818891319684,
    0.969271418516));
#8276 = CARTESIAN_POINT('',(109.66336228353,88.836250990915,
    0.879772669058));
#8277 = CARTESIAN_POINT('',(109.65099551114,88.853724331798,
    0.789687889395));
#8278 = CARTESIAN_POINT('',(109.64015932551,88.871302613162,
    0.699062083252));
#8279 = CARTESIAN_POINT('',(109.61164582314,88.925605388457,
    0.419101108398));
#8280 = CARTESIAN_POINT('',(109.59909242227,88.962650926354,
    0.228110779686));
#8281 = CARTESIAN_POINT('',(109.59345251886,89.000022044679,
    3.544190298896E-02));
#8282 = CARTESIAN_POINT('',(109.59490882043,89.037621802424,
    -0.158405736939));
#8283 = CARTESIAN_POINT('',(109.60358847767,89.075347260862,
    -0.352901433778));
#8284 = CARTESIAN_POINT('',(109.61955532062,89.113089427028,
    -0.547483268233));
#8285 = CARTESIAN_POINT('',(109.64279897427,89.150733181739,
    -0.741557736967));
#8286 = CARTESIAN_POINT('',(109.6982269351,89.218918864435,
    -1.093092812199));
#8287 = CARTESIAN_POINT('',(109.72808742391,89.249537335559,
    -1.250948041104));
#8288 = CARTESIAN_POINT('',(109.76275081517,89.279946523224,
    -1.40772429751));
#8289 = CARTESIAN_POINT('',(109.80213339453,89.31008464108,
    -1.563103038459));
#8290 = CARTESIAN_POINT('',(109.84612217357,89.339894037673,
    -1.716787038671));
#8291 = CARTESIAN_POINT('',(109.89457782557,89.36932103537,
    -1.868499560132));
#8292 = CARTESIAN_POINT('',(109.94733762137,89.398315769292,
    -2.017983521681));
#8293 = CARTESIAN_POINT('',(110.03161615978,89.440567475175,
    -2.23581453868));
#8294 = CARTESIAN_POINT('',(110.05997108321,89.454192459186,
    -2.306058900691));
#8295 = CARTESIAN_POINT('',(110.08926330948,89.467702099569,
    -2.375708602223));
#8296 = CARTESIAN_POINT('',(110.11947231542,89.481091868216,
    -2.444740298356));
#8297 = CARTESIAN_POINT('',(110.15057699636,89.494357572083,
    -2.513132371627));
#8298 = CARTESIAN_POINT('',(110.18255578176,89.507495337669,
    -2.580864851982));
#8299 = CARTESIAN_POINT('',(110.21538675094,89.520501595489,
    -2.647919336741));
#8300 = CARTESIAN_POINT('',(110.30642431626,89.55531301771,
    -2.827391557969));
#8301 = CARTESIAN_POINT('',(110.36621258997,89.576861359024,
    -2.938485228744));
#8302 = CARTESIAN_POINT('',(110.42830305034,89.59800202193,
    -3.047477090841));
#8303 = CARTESIAN_POINT('',(110.49258530276,89.618721644993,
    -3.15429825863));
#8304 = CARTESIAN_POINT('',(110.55894927934,89.639009332933,
    -3.2588925609));
#8305 = CARTESIAN_POINT('',(110.62728644076,89.658856417667,
    -3.361215308859));
#8306 = CARTESIAN_POINT('',(110.69749097803,89.678256219338,
    -3.461232064145));
#8307 = CARTESIAN_POINT('',(110.95250439235,89.745393730421,
    -3.807363232392));
#8308 = CARTESIAN_POINT('',(111.14690217508,89.790641177118,
    -4.040638957586));
#8309 = CARTESIAN_POINT('',(111.3510495611,89.8328928615,-4.258469863735
    ));
#8310 = CARTESIAN_POINT('',(111.56346154459,89.872141892534,
    -4.460820423733));
#8311 = CARTESIAN_POINT('',(111.78280286039,89.908416542447,
    -4.647836396615));
#8312 = CARTESIAN_POINT('',(112.00791366216,89.941770139645,
    -4.819792719948));
#8313 = CARTESIAN_POINT('',(112.23783093356,89.972272086216,
    -4.977047200048));
#8314 = CARTESIAN_POINT('',(112.47180563263,90.,-5.12));
#8315 = PCURVE('',#1884,#8316);
#8316 = DEFINITIONAL_REPRESENTATION('',(#8317),#8432);
#8317 = B_SPLINE_CURVE_WITH_KNOTS('',8,(#8318,#8319,#8320,#8321,#8322,
    #8323,#8324,#8325,#8326,#8327,#8328,#8329,#8330,#8331,#8332,#8333,
    #8334,#8335,#8336,#8337,#8338,#8339,#8340,#8341,#8342,#8343,#8344,
    #8345,#8346,#8347,#8348,#8349,#8350,#8351,#8352,#8353,#8354,#8355,
    #8356,#8357,#8358,#8359,#8360,#8361,#8362,#8363,#8364,#8365,#8366,
    #8367,#8368,#8369,#8370,#8371,#8372,#8373,#8374,#8375,#8376,#8377,
    #8378,#8379,#8380,#8381,#8382,#8383,#8384,#8385,#8386,#8387,#8388,
    #8389,#8390,#8391,#8392,#8393,#8394,#8395,#8396,#8397,#8398,#8399,
    #8400,#8401,#8402,#8403,#8404,#8405,#8406,#8407,#8408,#8409,#8410,
    #8411,#8412,#8413,#8414,#8415,#8416,#8417,#8418,#8419,#8420,#8421,
    #8422,#8423,#8424,#8425,#8426,#8427,#8428,#8429,#8430,#8431),
  .UNSPECIFIED.,.F.,.F.,(9,7,7,7,7,7,7,7,7,7,7,7,7,7,7,7,9),(0.,
    3.756531532856E-02,9.000650204706E-02,0.115364742821,0.164369144909,
    0.229402270523,0.425957231427,0.523776091822,0.611913974054,
    0.67723831393,0.726451729898,0.752374307497,0.806098876097,
    0.850259230726,0.871529985059,0.907786868534,1.),.UNSPECIFIED.);
#8318 = CARTESIAN_POINT('',(6.748773808079,0.137931034483));
#8319 = CARTESIAN_POINT('',(6.726215841313,0.141560873831));
#8320 = CARTESIAN_POINT('',(6.707043728631,0.145204709851));
#8321 = CARTESIAN_POINT('',(6.691337539424,0.148857572398));
#8322 = CARTESIAN_POINT('',(6.679163524718,0.15251436151));
#8323 = CARTESIAN_POINT('',(6.67057279894,0.156169850456));
#8324 = CARTESIAN_POINT('',(6.665600021683,0.159818688791));
#8325 = CARTESIAN_POINT('',(6.664262079479,0.163455405407));
#8326 = CARTESIAN_POINT('',(6.669760152528,0.172126544831));
#8327 = CARTESIAN_POINT('',(6.680043292323,0.177145037283));
#8328 = CARTESIAN_POINT('',(6.697403300175,0.182114217075));
#8329 = CARTESIAN_POINT('',(6.721761027381,0.187019864523));
#8330 = CARTESIAN_POINT('',(6.752973147177,0.191849093007));
#8331 = CARTESIAN_POINT('',(6.790841590696,0.196590255586));
#8332 = CARTESIAN_POINT('',(6.835120335002,0.201232877356));
#8333 = CARTESIAN_POINT('',(6.909890373398,0.207960411616));
#8334 = CARTESIAN_POINT('',(6.935694254796,0.210128154875));
#8335 = CARTESIAN_POINT('',(6.962899873083,0.212269876965));
#8336 = CARTESIAN_POINT('',(6.991474452432,0.214384713049));
#8337 = CARTESIAN_POINT('',(7.021384057798,0.21647189372));
#8338 = CARTESIAN_POINT('',(7.052593897208,0.218530738899));
#8339 = CARTESIAN_POINT('',(7.085068624055,0.220560651733));
#8340 = CARTESIAN_POINT('',(7.183905119751,0.226426971503));
#8341 = CARTESIAN_POINT('',(7.253627219514,0.230182756937));
#8342 = CARTESIAN_POINT('',(7.327683199688,0.233824892131));
#8343 = CARTESIAN_POINT('',(7.405816017502,0.237350851648));
#8344 = CARTESIAN_POINT('',(7.487771866782,0.240759028142));
#8345 = CARTESIAN_POINT('',(7.573304718332,0.244048599209));
#8346 = CARTESIAN_POINT('',(7.662180860316,0.247219394249));
#8347 = CARTESIAN_POINT('',(7.876278903091,0.254322519257));
#8348 = CARTESIAN_POINT('',(8.003869562332,0.258164360276));
#8349 = CARTESIAN_POINT('',(8.136455694255,0.261798543667));
#8350 = CARTESIAN_POINT('',(8.273570275911,0.265227246738));
#8351 = CARTESIAN_POINT('',(8.41478275984,0.268453382208));
#8352 = CARTESIAN_POINT('',(8.559702850397,0.271480415614));
#8353 = CARTESIAN_POINT('',(8.707984280074,0.27431218271));
#8354 = CARTESIAN_POINT('',(9.316748920752,0.284933380095));
#8355 = CARTESIAN_POINT('',(9.80123108323,0.291151140839));
#8356 = CARTESIAN_POINT('',(10.305444837375,0.295748223178));
#8357 = CARTESIAN_POINT('',(10.823529024796,0.298806290318));
#8358 = CARTESIAN_POINT('',(11.350491662568,0.300403465227));
#8359 = CARTESIAN_POINT('',(11.882378657383,0.300595425599));
#8360 = CARTESIAN_POINT('',(12.416128406296,0.299423495702));
#8361 = CARTESIAN_POINT('',(13.215332864713,0.29561943371));
#8362 = CARTESIAN_POINT('',(13.48060529369,0.294017823826));
#8363 = CARTESIAN_POINT('',(13.745205946288,0.292080009127));
#8364 = CARTESIAN_POINT('',(14.008730661421,0.289805969638));
#8365 = CARTESIAN_POINT('',(14.270745147413,0.287194652936));
#8366 = CARTESIAN_POINT('',(14.53078495488,0.284244062254));
#8367 = CARTESIAN_POINT('',(14.788354192249,0.280951109737));
#8368 = CARTESIAN_POINT('',(15.27229750426,0.274031592609));
#8369 = CARTESIAN_POINT('',(15.499194764639,0.270470884245));
#8370 = CARTESIAN_POINT('',(15.723242500976,0.26662575697));
#8371 = CARTESIAN_POINT('',(15.943993272512,0.262492489002));
#8372 = CARTESIAN_POINT('',(16.16092840208,0.258067295669));
#8373 = CARTESIAN_POINT('',(16.373459390813,0.25334645921));
#8374 = CARTESIAN_POINT('',(16.580926807326,0.248326282249));
#8375 = CARTESIAN_POINT('',(16.932066426456,0.239057356914));
#8376 = CARTESIAN_POINT('',(17.078329158616,0.234945859811));
#8377 = CARTESIAN_POINT('',(17.221085369981,0.23066692311));
#8378 = CARTESIAN_POINT('',(17.359988731113,0.226219693437));
#8379 = CARTESIAN_POINT('',(17.494649851966,0.221604063765));
#8380 = CARTESIAN_POINT('',(17.62464007287,0.216820822629));
#8381 = CARTESIAN_POINT('',(17.749495255501,0.211871803327));
#8382 = CARTESIAN_POINT('',(17.958539631497,0.202908977415));
#8383 = CARTESIAN_POINT('',(18.045157670229,0.198965802284));
#8384 = CARTESIAN_POINT('',(18.128358815112,0.194932015105));
#8385 = CARTESIAN_POINT('',(18.20791184774,0.190809784413));
#8386 = CARTESIAN_POINT('',(18.283573701406,0.18660203308));
#8387 = CARTESIAN_POINT('',(18.355093956275,0.18231253147));
#8388 = CARTESIAN_POINT('',(18.422219334551,0.177945990596));
#8389 = CARTESIAN_POINT('',(18.517608187624,0.171170578654));
#8390 = CARTESIAN_POINT('',(18.549228677455,0.168813247942));
#8391 = CARTESIAN_POINT('',(18.579522727847,0.166437029974));
#8392 = CARTESIAN_POINT('',(18.608453684696,0.164042872266));
#8393 = CARTESIAN_POINT('',(18.63598550644,0.161631806817));
#8394 = CARTESIAN_POINT('',(18.662083093419,0.159204953917));
#8395 = CARTESIAN_POINT('',(18.686712617232,0.15676352595));
#8396 = CARTESIAN_POINT('',(18.757777208873,0.149221473825));
#8397 = CARTESIAN_POINT('',(18.799276723837,0.144076260229));
#8398 = CARTESIAN_POINT('',(18.834040112196,0.138885827128));
#8399 = CARTESIAN_POINT('',(18.861814663648,0.133663638552));
#8400 = CARTESIAN_POINT('',(18.882399700159,0.128423991547));
#8401 = CARTESIAN_POINT('',(18.89565408922,0.123182024024));
#8402 = CARTESIAN_POINT('',(18.901506810593,0.117953724758));
#8403 = CARTESIAN_POINT('',(18.898707827619,0.108483491051));
#8404 = CARTESIAN_POINT('',(18.892452351682,0.104230925617));
#8405 = CARTESIAN_POINT('',(18.881208974797,0.10000742733));
#8406 = CARTESIAN_POINT('',(18.865018150691,9.582157762772E-02));
#8407 = CARTESIAN_POINT('',(18.843952781545,9.168138365649E-02));
#8408 = CARTESIAN_POINT('',(18.818115038796,8.7594300643E-02));
#8409 = CARTESIAN_POINT('',(18.787633183939,8.356725426505E-02));
#8410 = CARTESIAN_POINT('',(18.735812051249,7.769896178126E-02));
#8411 = CARTESIAN_POINT('',(18.717922700009,7.580660289088E-02));
#8412 = CARTESIAN_POINT('',(18.699006805189,7.393026394874E-02));
#8413 = CARTESIAN_POINT('',(18.679081785023,7.207057385894E-02));
#8414 = CARTESIAN_POINT('',(18.658165877714,7.022811498851E-02));
#8415 = CARTESIAN_POINT('',(18.636278012757,6.840342532377E-02));
#8416 = CARTESIAN_POINT('',(18.613437682252,6.659700062658E-02));
#8417 = CARTESIAN_POINT('',(18.549142968701,6.176208087367E-02));
#8418 = CARTESIAN_POINT('',(18.505911585246,5.876925569116E-02));
#8419 = CARTESIAN_POINT('',(18.460069288164,5.583305250968E-02));
#8420 = CARTESIAN_POINT('',(18.411717465476,5.295532708431E-02));
#8421 = CARTESIAN_POINT('',(18.36095888752,5.013759264816E-02));
#8422 = CARTESIAN_POINT('',(18.307896327557,4.738105310186E-02));
#8423 = CARTESIAN_POINT('',(18.252631182377,4.4686636203E-02));
#8424 = CARTESIAN_POINT('',(18.049353705806,3.536198188598E-02));
#8425 = CARTESIAN_POINT('',(17.889888322971,2.907761428918E-02));
#8426 = CARTESIAN_POINT('',(17.718438992572,2.320932479162E-02));
#8427 = CARTESIAN_POINT('',(17.536487823502,1.775807048133E-02));
#8428 = CARTESIAN_POINT('',(17.345389054535,1.271992466017E-02));
#8429 = CARTESIAN_POINT('',(17.146337067442,8.087480604841E-03));
#8430 = CARTESIAN_POINT('',(16.940339344069,3.851099136648E-03));
#8431 = CARTESIAN_POINT('',(16.728194367363,0.));
#8432 = ( GEOMETRIC_REPRESENTATION_CONTEXT(2) 
PARAMETRIC_REPRESENTATION_CONTEXT() REPRESENTATION_CONTEXT('2D SPACE',''
  ) );
#8433 = PCURVE('',#2028,#8434);
#8434 = DEFINITIONAL_REPRESENTATION('',(#8435),#8550);
#8435 = B_SPLINE_CURVE_WITH_KNOTS('',8,(#8436,#8437,#8438,#8439,#8440,
    #8441,#8442,#8443,#8444,#8445,#8446,#8447,#8448,#8449,#8450,#8451,
    #8452,#8453,#8454,#8455,#8456,#8457,#8458,#8459,#8460,#8461,#8462,
    #8463,#8464,#8465,#8466,#8467,#8468,#8469,#8470,#8471,#8472,#8473,
    #8474,#8475,#8476,#8477,#8478,#8479,#8480,#8481,#8482,#8483,#8484,
    #8485,#8486,#8487,#8488,#8489,#8490,#8491,#8492,#8493,#8494,#8495,
    #8496,#8497,#8498,#8499,#8500,#8501,#8502,#8503,#8504,#8505,#8506,
    #8507,#8508,#8509,#8510,#8511,#8512,#8513,#8514,#8515,#8516,#8517,
    #8518,#8519,#8520,#8521,#8522,#8523,#8524,#8525,#8526,#8527,#8528,
    #8529,#8530,#8531,#8532,#8533,#8534,#8535,#8536,#8537,#8538,#8539,
    #8540,#8541,#8542,#8543,#8544,#8545,#8546,#8547,#8548,#8549),
  .UNSPECIFIED.,.F.,.F.,(9,7,7,7,7,7,7,7,7,7,7,7,7,7,7,7,9),(0.,
    3.756531532856E-02,9.000650204706E-02,0.115364742821,0.164369144909,
    0.229402270523,0.425957231427,0.523776091822,0.611913974054,
    0.67723831393,0.726451729898,0.752374307497,0.806098876097,
    0.850259230726,0.871529985059,0.907786868534,1.),.UNSPECIFIED.);
#8436 = CARTESIAN_POINT('',(0.,95.993103448276));
#8437 = CARTESIAN_POINT('',(2.245660610377E-02,96.019238291586));
#8438 = CARTESIAN_POINT('',(4.499981435865E-02,96.045473910926));
#8439 = CARTESIAN_POINT('',(6.761610369868E-02,96.071774521264));
#8440 = CARTESIAN_POINT('',(9.029175868641E-02,96.098103402869));
#8441 = CARTESIAN_POINT('',(0.113012599574,96.124422923283));
#8442 = CARTESIAN_POINT('',(0.135763712365,96.150694559298));
#8443 = CARTESIAN_POINT('',(0.158529178873,96.176878918928));
#8444 = CARTESIAN_POINT('',(0.213068439306,96.23931112278));
#8445 = CARTESIAN_POINT('',(0.24484500926,96.275444268438));
#8446 = CARTESIAN_POINT('',(0.27657185945,96.311222362938));
#8447 = CARTESIAN_POINT('',(0.30820609596,96.346543024567));
#8448 = CARTESIAN_POINT('',(0.339709601721,96.381313469652));
#8449 = CARTESIAN_POINT('',(0.371047434948,96.415449840216));
#8450 = CARTESIAN_POINT('',(0.402186612459,96.448876716965));
#8451 = CARTESIAN_POINT('',(0.448041342756,96.497314963634));
#8452 = CARTESIAN_POINT('',(0.462934676293,96.512922715098));
#8453 = CARTESIAN_POINT('',(0.477772324049,96.528343114147));
#8454 = CARTESIAN_POINT('',(0.492551688675,96.543569933954));
#8455 = CARTESIAN_POINT('',(0.507270501829,96.558597634786));
#8456 = CARTESIAN_POINT('',(0.521926796114,96.573421320074));
#8457 = CARTESIAN_POINT('',(0.536518877001,96.588036692479));
#8458 = CARTESIAN_POINT('',(0.579117368984,96.63027419482));
#8459 = CARTESIAN_POINT('',(0.606943597783,96.657315849949));
#8460 = CARTESIAN_POINT('',(0.634514797163,96.683539223344));
#8461 = CARTESIAN_POINT('',(0.661825110711,96.708926131868));
#8462 = CARTESIAN_POINT('',(0.688871713253,96.733465002622));
#8463 = CARTESIAN_POINT('',(0.71565451451,96.757149914307));
#8464 = CARTESIAN_POINT('',(0.74217586275,96.779979638591));
#8465 = CARTESIAN_POINT('',(0.803295384327,96.831122138649));
#8466 = CARTESIAN_POINT('',(0.837694975623,96.858783393984));
#8467 = CARTESIAN_POINT('',(0.871653069056,96.884949514405));
#8468 = CARTESIAN_POINT('',(0.905185057635,96.909636176516));
#8469 = CARTESIAN_POINT('',(0.938308055391,96.9328643519));
#8470 = CARTESIAN_POINT('',(0.971041272117,96.954658992418));
#8471 = CARTESIAN_POINT('',(1.003406388105,96.975047715511));
#8472 = CARTESIAN_POINT('',(1.132209263601,97.051520336685));
#8473 = CARTESIAN_POINT('',(1.2256588591,97.096288214041));
#8474 = CARTESIAN_POINT('',(1.316709800833,97.129387206883));
#8475 = CARTESIAN_POINT('',(1.405873040409,97.15140529029));
#8476 = CARTESIAN_POINT('',(1.493633693566,97.162904949637));
#8477 = CARTESIAN_POINT('',(1.580432434752,97.16428706431));
#8478 = CARTESIAN_POINT('',(1.66676940978,97.155849169053));
#8479 = CARTESIAN_POINT('',(1.796416510602,97.12845992271));
#8480 = CARTESIAN_POINT('',(1.839510615193,97.11692833155));
#8481 = CARTESIAN_POINT('',(1.882681984339,97.102976065715));
#8482 = CARTESIAN_POINT('',(1.925990703493,97.086602981391));
#8483 = CARTESIAN_POINT('',(1.969495098131,97.067801501136));
#8484 = CARTESIAN_POINT('',(2.013254523903,97.046557248231));
#8485 = CARTESIAN_POINT('',(2.057332588069,97.022847990104));
#8486 = CARTESIAN_POINT('',(2.141868067365,96.973027466787));
#8487 = CARTESIAN_POINT('',(2.182244929944,96.947390366562));
#8488 = CARTESIAN_POINT('',(2.222985877916,96.919705450186));
#8489 = CARTESIAN_POINT('',(2.264142241974,96.889945920814));
#8490 = CARTESIAN_POINT('',(2.305763861571,96.858084528815));
#8491 = CARTESIAN_POINT('',(2.34790141292,96.824094506314));
#8492 = CARTESIAN_POINT('',(2.39060939892,96.787949232195));
#8493 = CARTESIAN_POINT('',(2.466072006427,96.721212969779));
#8494 = CARTESIAN_POINT('',(2.49853687224,96.691610190636));
#8495 = CARTESIAN_POINT('',(2.531368939829,96.660801846395));
#8496 = CARTESIAN_POINT('',(2.564589954322,96.628781792746));
#8497 = CARTESIAN_POINT('',(2.598219255428,96.595549259109));
#8498 = CARTESIAN_POINT('',(2.632274168271,96.561109922925));
#8499 = CARTESIAN_POINT('',(2.666770394216,96.525476983955));
#8500 = CARTESIAN_POINT('',(2.728054205226,96.460944637384));
#8501 = CARTESIAN_POINT('',(2.754642977959,96.432553776448));
#8502 = CARTESIAN_POINT('',(2.781493416778,96.403510508754));
#8503 = CARTESIAN_POINT('',(2.808608113498,96.37383044777));
#8504 = CARTESIAN_POINT('',(2.835987271825,96.343534638176));
#8505 = CARTESIAN_POINT('',(2.863628424306,96.312650226587));
#8506 = CARTESIAN_POINT('',(2.891526149287,96.281211132291));
#8507 = CARTESIAN_POINT('',(2.934497165974,96.232428166309));
#8508 = CARTESIAN_POINT('',(2.949391151863,96.215455385181));
#8509 = CARTESIAN_POINT('',(2.964352291007,96.198346615813));
#8510 = CARTESIAN_POINT('',(2.979378869159,96.181108680316));
#8511 = CARTESIAN_POINT('',(2.994468882127,96.163749009085));
#8512 = CARTESIAN_POINT('',(3.009620005547,96.146275668202));
#8513 = CARTESIAN_POINT('',(3.024829564662,96.128697386838));
#8514 = CARTESIAN_POINT('',(3.071731106706,96.074394611543));
#8515 = CARTESIAN_POINT('',(3.103610991307,96.037349073646));
#8516 = CARTESIAN_POINT('',(3.135700721314,95.999977955321));
#8517 = CARTESIAN_POINT('',(3.167965652486,95.962378197576));
#8518 = CARTESIAN_POINT('',(3.200369028422,95.924652739138));
#8519 = CARTESIAN_POINT('',(3.232870634119,95.886910572972));
#8520 = CARTESIAN_POINT('',(3.265425007576,95.849266818261));
#8521 = CARTESIAN_POINT('',(3.324738011574,95.781081135565));
#8522 = CARTESIAN_POINT('',(3.351501257369,95.750462664441));
#8523 = CARTESIAN_POINT('',(3.378240794445,95.720053476776));
#8524 = CARTESIAN_POINT('',(3.404931177183,95.68991535892));
#8525 = CARTESIAN_POINT('',(3.431549078401,95.660105962327));
#8526 = CARTESIAN_POINT('',(3.458072701009,95.63067896463));
#8527 = CARTESIAN_POINT('',(3.484481189661,95.601684230708));
#8528 = CARTESIAN_POINT('',(3.523408909006,95.559432524825));
#8529 = CARTESIAN_POINT('',(3.536032812359,95.545807540814));
#8530 = CARTESIAN_POINT('',(3.548623740351,95.532297900431));
#8531 = CARTESIAN_POINT('',(3.561179853414,95.518908131784));
#8532 = CARTESIAN_POINT('',(3.573699471463,95.505642427917));
#8533 = CARTESIAN_POINT('',(3.586181060828,95.492504662331));
#8534 = CARTESIAN_POINT('',(3.598623221187,95.479498404511));
#8535 = CARTESIAN_POINT('',(3.632163460905,95.44468698229));
#8536 = CARTESIAN_POINT('',(3.653183978654,95.423138640976));
#8537 = CARTESIAN_POINT('',(3.67408008094,95.40199797807));
#8538 = CARTESIAN_POINT('',(3.694846896561,95.381278355007));
#8539 = CARTESIAN_POINT('',(3.715480714289,95.360990667067));
#8540 = CARTESIAN_POINT('',(3.735978869241,95.341143582333));
#8541 = CARTESIAN_POINT('',(3.756339629249,95.321743780662));
#8542 = CARTESIAN_POINT('',(3.827994400959,95.254606269579));
#8543 = CARTESIAN_POINT('',(3.878513641128,95.209358822882));
#8544 = CARTESIAN_POINT('',(3.92813168418,95.1671071385));
#8545 = CARTESIAN_POINT('',(3.976873184783,95.127858107466));
#8546 = CARTESIAN_POINT('',(4.024773067958,95.091583457553));
#8547 = CARTESIAN_POINT('',(4.071876333252,95.058229860355));
#8548 = CARTESIAN_POINT('',(4.118240164955,95.027727913784));
#8549 = CARTESIAN_POINT('',(4.163938348368,95.));
#8550 = ( GEOMETRIC_REPRESENTATION_CONTEXT(2) 
PARAMETRIC_REPRESENTATION_CONTEXT() REPRESENTATION_CONTEXT('2D SPACE',''
  ) );
#8551 = ORIENTED_EDGE('',*,*,#1963,.T.);
#8552 = ORIENTED_EDGE('',*,*,#8553,.T.);
#8553 = EDGE_CURVE('',#1897,#8554,#8556,.T.);
#8554 = VERTEX_POINT('',#8555);
#8555 = CARTESIAN_POINT('',(-109.6,89.006896551724,-2.123307733941E-14)
  );
#8556 = SURFACE_CURVE('',#8557,(#8580,#8606),.PCURVE_S1.);
#8557 = B_SPLINE_CURVE_WITH_KNOTS('',6,(#8558,#8559,#8560,#8561,#8562,
    #8563,#8564,#8565,#8566,#8567,#8568,#8569,#8570,#8571,#8572,#8573,
    #8574,#8575,#8576,#8577,#8578,#8579),.UNSPECIFIED.,.F.,.F.,(7,5,5,5,
    7),(0.,0.403002621495,0.567143211663,0.663729914449,1.),
  .UNSPECIFIED.);
#8558 = CARTESIAN_POINT('',(-112.4718056326,90.,-5.12));
#8559 = CARTESIAN_POINT('',(-112.1633174002,89.963441623629,
    -4.9315212596));
#8560 = CARTESIAN_POINT('',(-111.8622336802,89.921819689098,
    -4.716937063795));
#8561 = CARTESIAN_POINT('',(-111.5705859015,89.874924434892,
    -4.475165975442));
#8562 = CARTESIAN_POINT('',(-111.2913564304,89.822582484988,
    -4.205314144828));
#8563 = CARTESIAN_POINT('',(-111.0283275652,89.764726146172,
    -3.907032575821));
#8564 = CARTESIAN_POINT('',(-110.6870530113,89.675735636437,
    -3.448237058967));
#8565 = CARTESIAN_POINT('',(-110.5917065514,89.649093029968,
    -3.310879621167));
#8566 = CARTESIAN_POINT('',(-110.5000890863,89.621577228221,
    -3.169020376607));
#8567 = CARTESIAN_POINT('',(-110.4125263332,89.593211175988,
    -3.022777618429));
#8568 = CARTESIAN_POINT('',(-110.329352237,89.564029174941,
    -2.872328190808));
#8569 = CARTESIAN_POINT('',(-110.2047300255,89.516455767929,
    -2.627060847989));
#8570 = CARTESIAN_POINT('',(-110.1601973023,89.498566289279,
    -2.534830646948));
#8571 = CARTESIAN_POINT('',(-110.1173655985,89.480420887872,
    -2.441281021917));
#8572 = CARTESIAN_POINT('',(-110.0763010155,89.462030995836,
    -2.346470911867));
#8573 = CARTESIAN_POINT('',(-110.0370672091,89.443409706076,
    -2.250467817991));
#8574 = CARTESIAN_POINT('',(-109.8697129566,89.358987568055,
    -1.815224795304));
#8575 = CARTESIAN_POINT('',(-109.7624837327,89.290710751626,
    -1.463219875049));
#8576 = CARTESIAN_POINT('',(-109.680926395,89.22049701525,
    -1.101229056399));
#8577 = CARTESIAN_POINT('',(-109.6266164143,89.149179415504,
    -0.733547208822));
#8578 = CARTESIAN_POINT('',(-109.6,89.077655768486,-0.364803073082));
#8579 = CARTESIAN_POINT('',(-109.6,89.006896551724,-2.04281036531E-14));
#8580 = PCURVE('',#1884,#8581);
#8581 = DEFINITIONAL_REPRESENTATION('',(#8582),#8605);
#8582 = B_SPLINE_CURVE_WITH_KNOTS('',6,(#8583,#8584,#8585,#8586,#8587,
    #8588,#8589,#8590,#8591,#8592,#8593,#8594,#8595,#8596,#8597,#8598,
    #8599,#8600,#8601,#8602,#8603,#8604),.UNSPECIFIED.,.F.,.F.,(7,5,5,5,
    7),(0.,0.403002621495,0.567143211663,0.663729914449,1.),
  .UNSPECIFIED.);
#8583 = CARTESIAN_POINT('',(241.67180563263,0.));
#8584 = CARTESIAN_POINT('',(241.39209919802,5.077552273715E-03));
#8585 = CARTESIAN_POINT('',(241.12361192922,1.085837651415E-02));
#8586 = CARTESIAN_POINT('',(240.86850880267,1.737160626502E-02));
#8587 = CARTESIAN_POINT('',(240.62988377976,2.464132152941E-02));
#8588 = CARTESIAN_POINT('',(240.41156504028,3.267692414277E-02));
#8589 = CARTESIAN_POINT('',(240.13887570865,4.503671716146E-02));
#8590 = CARTESIAN_POINT('',(240.0640428543,4.873707917114E-02));
#8591 = CARTESIAN_POINT('',(239.99359367373,5.255871830261E-02));
#8592 = CARTESIAN_POINT('',(239.92783870339,5.649844777939E-02));
#8593 = CARTESIAN_POINT('',(239.86708890257,6.055150348038E-02));
#8594 = CARTESIAN_POINT('',(239.77901374762,6.715892112099E-02));
#8595 = CARTESIAN_POINT('',(239.74822209307,6.96435709335E-02));
#8596 = CARTESIAN_POINT('',(239.71932687934,7.216376557337E-02));
#8597 = CARTESIAN_POINT('',(239.69238642369,7.471791724497E-02));
#8598 = CARTESIAN_POINT('',(239.66745542551,7.730420748946E-02));
#8599 = CARTESIAN_POINT('',(239.56495447839,8.902950443685E-02));
#8600 = CARTESIAN_POINT('',(239.51020131603,9.851239560751E-02));
#8601 = CARTESIAN_POINT('',(239.48268404401,0.108264303438));
#8602 = CARTESIAN_POINT('',(239.48340191644,0.118169525624));
#8603 = CARTESIAN_POINT('',(239.51217579691,0.128103365488));
#8604 = CARTESIAN_POINT('',(239.56722360719,0.137931034483));
#8605 = ( GEOMETRIC_REPRESENTATION_CONTEXT(2) 
PARAMETRIC_REPRESENTATION_CONTEXT() REPRESENTATION_CONTEXT('2D SPACE',''
  ) );
#8606 = PCURVE('',#1938,#8607);
#8607 = DEFINITIONAL_REPRESENTATION('',(#8608),#8631);
#8608 = B_SPLINE_CURVE_WITH_KNOTS('',6,(#8609,#8610,#8611,#8612,#8613,
    #8614,#8615,#8616,#8617,#8618,#8619,#8620,#8621,#8622,#8623,#8624,
    #8625,#8626,#8627,#8628,#8629,#8630),.UNSPECIFIED.,.F.,.F.,(7,5,5,5,
    7),(0.,0.403002621495,0.567143211663,0.663729914449,1.),
  .UNSPECIFIED.);
#8609 = CARTESIAN_POINT('',(5.260839612402,95.));
#8610 = CARTESIAN_POINT('',(5.321091220283,95.036558376371));
#8611 = CARTESIAN_POINT('',(5.382558108292,95.078180310902));
#8612 = CARTESIAN_POINT('',(5.445439346082,95.125075565108));
#8613 = CARTESIAN_POINT('',(5.509860720567,95.177417515012));
#8614 = CARTESIAN_POINT('',(5.575913247498,95.235273853828));
#8615 = CARTESIAN_POINT('',(5.6712141813,95.324264363563));
#8616 = CARTESIAN_POINT('',(5.699066996169,95.350906970032));
#8617 = CARTESIAN_POINT('',(5.727188578026,95.378422771779));
#8618 = CARTESIAN_POINT('',(5.755572383017,95.406788824012));
#8619 = CARTESIAN_POINT('',(5.784206533444,95.435970825059));
#8620 = CARTESIAN_POINT('',(5.830058579644,95.483544232071));
#8621 = CARTESIAN_POINT('',(5.847124838938,95.501433710721));
#8622 = CARTESIAN_POINT('',(5.864267540277,95.519579112128));
#8623 = CARTESIAN_POINT('',(5.881482184903,95.537969004164));
#8624 = CARTESIAN_POINT('',(5.898763513568,95.556590293924));
#8625 = CARTESIAN_POINT('',(5.976481653631,95.641012431945));
#8626 = CARTESIAN_POINT('',(6.037654485427,95.709289248374));
#8627 = CARTESIAN_POINT('',(6.099242091479,95.77950298475));
#8628 = CARTESIAN_POINT('',(6.16092755828,95.850820584496));
#8629 = CARTESIAN_POINT('',(6.222384794999,95.922344231514));
#8630 = CARTESIAN_POINT('',(6.28318530718,95.993103448276));
#8631 = ( GEOMETRIC_REPRESENTATION_CONTEXT(2) 
PARAMETRIC_REPRESENTATION_CONTEXT() REPRESENTATION_CONTEXT('2D SPACE',''
  ) );
#8632 = ORIENTED_EDGE('',*,*,#8633,.T.);
#8633 = EDGE_CURVE('',#8554,#1869,#8634,.T.);
#8634 = SURFACE_CURVE('',#8635,(#8729,#8826),.PCURVE_S1.);
#8635 = B_SPLINE_CURVE_WITH_KNOTS('',8,(#8636,#8637,#8638,#8639,#8640,
    #8641,#8642,#8643,#8644,#8645,#8646,#8647,#8648,#8649,#8650,#8651,
    #8652,#8653,#8654,#8655,#8656,#8657,#8658,#8659,#8660,#8661,#8662,
    #8663,#8664,#8665,#8666,#8667,#8668,#8669,#8670,#8671,#8672,#8673,
    #8674,#8675,#8676,#8677,#8678,#8679,#8680,#8681,#8682,#8683,#8684,
    #8685,#8686,#8687,#8688,#8689,#8690,#8691,#8692,#8693,#8694,#8695,
    #8696,#8697,#8698,#8699,#8700,#8701,#8702,#8703,#8704,#8705,#8706,
    #8707,#8708,#8709,#8710,#8711,#8712,#8713,#8714,#8715,#8716,#8717,
    #8718,#8719,#8720,#8721,#8722,#8723,#8724,#8725,#8726,#8727,#8728),
  .UNSPECIFIED.,.F.,.F.,(9,7,7,7,7,7,7,7,7,7,7,7,7,9),(0.,
    9.948866617272E-02,0.161992831138,0.210319363166,0.340317422353,
    0.53482642453,0.597620836176,0.645070561043,0.68609927205,
    0.722622659049,0.771675294221,0.796275144974,0.841164033945,1.),
  .UNSPECIFIED.);
#8636 = CARTESIAN_POINT('',(-109.6,89.006896551724,-2.04281036531E-14));
#8637 = CARTESIAN_POINT('',(-109.6,88.936118135334,0.364902057833));
#8638 = CARTESIAN_POINT('',(-109.625363118,88.866026959933,0.72626100657
    ));
#8639 = CARTESIAN_POINT('',(-109.675223947,88.797335680241,
    1.080402715202));
#8640 = CARTESIAN_POINT('',(-109.7479126531,88.730576602383,
    1.424582849939));
#8641 = CARTESIAN_POINT('',(-109.8414379072,88.666144435837,
    1.756766464131));
#8642 = CARTESIAN_POINT('',(-109.953716703,88.604318624004,
    2.075512871803));
#8643 = CARTESIAN_POINT('',(-110.0827009999,88.545276967241,
    2.379905413334));
#8644 = CARTESIAN_POINT('',(-110.3169255674,88.453826538297,
    2.851383180336));
#8645 = CARTESIAN_POINT('',(-110.4131952236,88.419665486915,
    3.027502378573));
#8646 = CARTESIAN_POINT('',(-110.5149299915,88.386645318545,
    3.197739691057));
#8647 = CARTESIAN_POINT('',(-110.6217244729,88.354775273697,
    3.36204747783));
#8648 = CARTESIAN_POINT('',(-110.7332013124,88.324058472999,
    3.520409650315));
#8649 = CARTESIAN_POINT('',(-110.8490145315,88.294492777286,
    3.672837237102));
#8650 = CARTESIAN_POINT('',(-110.9688528629,88.266071647682,
    3.819363949727));
#8651 = CARTESIAN_POINT('',(-111.1879997047,88.217687711144,
    4.068810022549));
#8652 = CARTESIAN_POINT('',(-111.2857940099,88.197269745261,
    4.174075979987));
#8653 = CARTESIAN_POINT('',(-111.3856968534,88.177526929141,
    4.275861165316));
#8654 = CARTESIAN_POINT('',(-111.4875870466,88.158454840952,
    4.374188375536));
#8655 = CARTESIAN_POINT('',(-111.5913514153,88.140048851914,
    4.469081474578));
#8656 = CARTESIAN_POINT('',(-111.6968848558,88.122304162284,
    4.560565207782));
#8657 = CARTESIAN_POINT('',(-111.8040903915,88.105215837343,
    4.648665016365));
#8658 = CARTESIAN_POINT('',(-112.2055205022,88.044563435737,
    4.961361842424));
#8659 = CARTESIAN_POINT('',(-112.5095215771,88.005075792462,
    5.164942581086));
#8660 = CARTESIAN_POINT('',(-112.8232467084,87.970197673628,
    5.344758660406));
#8661 = CARTESIAN_POINT('',(-113.1452694763,87.939854282275,
    5.501195700269));
#8662 = CARTESIAN_POINT('',(-113.4743273087,87.913992490985,
    5.634527602031));
#8663 = CARTESIAN_POINT('',(-113.8093105137,87.892576330962,
    5.74493980482));
#8664 = CARTESIAN_POINT('',(-114.1492707139,87.8755935526,5.83249546215)
  );
#8665 = CARTESIAN_POINT('',(-115.0083856747,87.844324368993,
    5.993705475414));
#8666 = CARTESIAN_POINT('',(-115.5314838573,87.835604518968,
    6.038661146653));
#8667 = CARTESIAN_POINT('',(-116.0608875578,87.836867895344,
    6.032147739558));
#8668 = CARTESIAN_POINT('',(-116.5939202718,87.848420427896,
    5.97258801618));
#8669 = CARTESIAN_POINT('',(-117.1270825224,87.870672778795,
    5.85786478488));
#8670 = CARTESIAN_POINT('',(-117.6559543705,87.904205013098,
    5.684987488028));
#8671 = CARTESIAN_POINT('',(-118.1752388896,87.949616950893,
    5.450863719839));
#8672 = CARTESIAN_POINT('',(-118.8409702035,88.026805455465,
    5.052914096271));
#8673 = CARTESIAN_POINT('',(-119.0016619432,88.046979121397,
    4.948907640796));
#8674 = CARTESIAN_POINT('',(-119.1603190954,88.06851631169,
    4.837871459731));
#8675 = CARTESIAN_POINT('',(-119.31664008,88.091443261172,4.719670297956
    ));
#8676 = CARTESIAN_POINT('',(-119.4702798191,88.115783647109,
    4.594182086018));
#8677 = CARTESIAN_POINT('',(-119.6208519614,88.141557363827,
    4.461304257602));
#8678 = CARTESIAN_POINT('',(-119.767931106,88.16877929735,4.320960066995
    ));
#8679 = CARTESIAN_POINT('',(-120.0192046283,88.219128838875,
    4.061380208464));
#8680 = CARTESIAN_POINT('',(-120.1250889585,88.24163010316,
    3.945373690374));
#8681 = CARTESIAN_POINT('',(-120.2285047353,88.264964361187,
    3.825072626771));
#8682 = CARTESIAN_POINT('',(-120.329229508,88.289130549262,
    3.700482501582));
#8683 = CARTESIAN_POINT('',(-120.427024982,88.314123177693,3.57163161723
    ));
#8684 = CARTESIAN_POINT('',(-120.5216403432,88.339931436784,
    3.43857570369));
#8685 = CARTESIAN_POINT('',(-120.6128155826,88.366538302846,
    3.301402527548));
#8686 = CARTESIAN_POINT('',(-120.7759175065,88.417595674858,
    3.038173409621));
#8687 = CARTESIAN_POINT('',(-120.8487801243,88.441850997288,
    2.913123747315));
#8688 = CARTESIAN_POINT('',(-120.9186974919,88.466668640171,
    2.785175010674));
#8689 = CARTESIAN_POINT('',(-120.9854929232,88.49202779635,
    2.654434472151));
#8690 = CARTESIAN_POINT('',(-121.0489915331,88.517903343849,
    2.52103164949));
#8691 = CARTESIAN_POINT('',(-121.1090235413,88.544265366899,
    2.385120775099));
#8692 = CARTESIAN_POINT('',(-121.165427577,88.571078676966,
    2.246883265418));
#8693 = CARTESIAN_POINT('',(-121.2649015332,88.622536586546,
    1.981589153807));
#8694 = CARTESIAN_POINT('',(-121.3087581704,88.647097334383,
    1.854964853845));
#8695 = CARTESIAN_POINT('',(-121.349516917,88.671954964,1.72680996338));
#8696 = CARTESIAN_POINT('',(-121.3870825934,88.697078062907,
    1.597286431233));
#8697 = CARTESIAN_POINT('',(-121.42137293,88.722433359052,1.466565793333
    ));
#8698 = CARTESIAN_POINT('',(-121.452319679,88.747985660439,
    1.334829483957));
#8699 = CARTESIAN_POINT('',(-121.4798697265,88.773697794765,
    1.202269146987));
#8700 = CARTESIAN_POINT('',(-121.5363757736,88.834225159134,
    0.890216957353));
#8701 = CARTESIAN_POINT('',(-121.5625768657,88.8691424784,0.710198778028
    ));
#8702 = CARTESIAN_POINT('',(-121.5824955883,88.904185399838,
    0.529533049722));
#8703 = CARTESIAN_POINT('',(-121.596104358,88.939260895019,
    0.348699385678));
#8704 = CARTESIAN_POINT('',(-121.6034324568,88.97428002204,
    0.168156330815));
#8705 = CARTESIAN_POINT('',(-121.6045586234,89.009157931009,
    -1.165866653645E-02));
#8706 = CARTESIAN_POINT('',(-121.599605677,89.043813867053,
    -0.19032927014));
#8707 = CARTESIAN_POINT('',(-121.5832866322,89.095401326635,
    -0.456291283984));
#8708 = CARTESIAN_POINT('',(-121.5763479376,89.11255753665,
    -0.544741077841));
#8709 = CARTESIAN_POINT('',(-121.5679411735,89.129630785073,
    -0.632763158598));
#8710 = CARTESIAN_POINT('',(-121.5580885071,89.146612645275,
    -0.720314082309));
#8711 = CARTESIAN_POINT('',(-121.5468138842,89.163495259419,
    -0.807353337449));
#8712 = CARTESIAN_POINT('',(-121.5341427239,89.180271318044,
    -0.893843239695));
#8713 = CARTESIAN_POINT('',(-121.5201016117,89.196934039665,
    -0.979748826718));
#8714 = CARTESIAN_POINT('',(-121.4766465419,89.243664400948,
    -1.220669800445));
#8715 = CARTESIAN_POINT('',(-121.4441050703,89.273452981115,
    -1.374246480413));
#8716 = CARTESIAN_POINT('',(-121.4072605213,89.302805673554,
    -1.525575916989));
#8717 = CARTESIAN_POINT('',(-121.3662877594,89.331691040229,
    -1.674496029626));
#8718 = CARTESIAN_POINT('',(-121.3213656974,89.360082963676,
    -1.820872168283));
#8719 = CARTESIAN_POINT('',(-121.2726734224,89.387960188305,
    -1.964594748594));
#8720 = CARTESIAN_POINT('',(-121.2203863218,89.41530586171,
    -2.10557688704));
#8721 = CARTESIAN_POINT('',(-120.9675320031,89.536941162009,
    -2.732674435245));
#8722 = CARTESIAN_POINT('',(-120.7279341707,89.624743191912,
    -3.185342678304));
#8723 = CARTESIAN_POINT('',(-120.4530142943,89.705313630487,
    -3.600728050512));
#8724 = CARTESIAN_POINT('',(-120.1488080622,89.778540101427,
    -3.978251189578));
#8725 = CARTESIAN_POINT('',(-119.8205664559,89.84446542782,
    -4.318132872318));
#8726 = CARTESIAN_POINT('',(-119.472516602,89.903223390889,
    -4.621062815251));
#8727 = CARTESIAN_POINT('',(-119.1078080815,89.955012672825,
    -4.888065335452));
#8728 = CARTESIAN_POINT('',(-118.7281943673,90.,-5.12));
#8729 = PCURVE('',#1884,#8730);
#8730 = DEFINITIONAL_REPRESENTATION('',(#8731),#8825);
#8731 = B_SPLINE_CURVE_WITH_KNOTS('',8,(#8732,#8733,#8734,#8735,#8736,
    #8737,#8738,#8739,#8740,#8741,#8742,#8743,#8744,#8745,#8746,#8747,
    #8748,#8749,#8750,#8751,#8752,#8753,#8754,#8755,#8756,#8757,#8758,
    #8759,#8760,#8761,#8762,#8763,#8764,#8765,#8766,#8767,#8768,#8769,
    #8770,#8771,#8772,#8773,#8774,#8775,#8776,#8777,#8778,#8779,#8780,
    #8781,#8782,#8783,#8784,#8785,#8786,#8787,#8788,#8789,#8790,#8791,
    #8792,#8793,#8794,#8795,#8796,#8797,#8798,#8799,#8800,#8801,#8802,
    #8803,#8804,#8805,#8806,#8807,#8808,#8809,#8810,#8811,#8812,#8813,
    #8814,#8815,#8816,#8817,#8818,#8819,#8820,#8821,#8822,#8823,#8824),
  .UNSPECIFIED.,.F.,.F.,(9,7,7,7,7,7,7,7,7,7,7,7,7,9),(0.,
    9.948866617272E-02,0.161992831138,0.210319363166,0.340317422353,
    0.53482642453,0.597620836176,0.645070561043,0.68609927205,
    0.722622659049,0.771675294221,0.796275144974,0.841164033945,1.),
  .UNSPECIFIED.);
#8732 = CARTESIAN_POINT('',(239.56722360719,0.137931034483));
#8733 = CARTESIAN_POINT('',(239.622286354,0.147761370092));
#8734 = CARTESIAN_POINT('',(239.70241790579,0.157496255565));
#8735 = CARTESIAN_POINT('',(239.80624137713,0.167036711078));
#8736 = CARTESIAN_POINT('',(239.93170246981,0.176308805225));
#8737 = CARTESIAN_POINT('',(240.07651687943,0.185257717245));
#8738 = CARTESIAN_POINT('',(240.23838439935,0.193844635555));
#8739 = CARTESIAN_POINT('',(240.41510882554,0.202044865661));
#8740 = CARTESIAN_POINT('',(240.72391363649,0.214746314125));
#8741 = CARTESIAN_POINT('',(240.84820432606,0.219490904595));
#8742 = CARTESIAN_POINT('',(240.97718867986,0.224077039091));
#8743 = CARTESIAN_POINT('',(241.11044976831,0.228503434209));
#8744 = CARTESIAN_POINT('',(241.24760278772,0.232769656528));
#8745 = CARTESIAN_POINT('',(241.38829796079,0.236876003155));
#8746 = CARTESIAN_POINT('',(241.5322234373,0.240823382266));
#8747 = CARTESIAN_POINT('',(241.79267552142,0.247543373452));
#8748 = CARTESIAN_POINT('',(241.90800574248,0.250379202047));
#8749 = CARTESIAN_POINT('',(242.02497029567,0.253121259841));
#8750 = CARTESIAN_POINT('',(242.14344867724,0.255770160979));
#8751 = CARTESIAN_POINT('',(242.26332849822,0.258326548345));
#8752 = CARTESIAN_POINT('',(242.3845055407,0.260791088572));
#8753 = CARTESIAN_POINT('',(242.50688381426,0.263164467036));
#8754 = CARTESIAN_POINT('',(242.96256775187,0.271588411703));
#8755 = CARTESIAN_POINT('',(243.30270720491,0.277072806603));
#8756 = CARTESIAN_POINT('',(243.64919660211,0.281916989774));
#8757 = CARTESIAN_POINT('',(244.00061137029,0.286131349684));
#8758 = CARTESIAN_POINT('',(244.35567235328,0.289723265141));
#8759 = CARTESIAN_POINT('',(244.71323953484,0.292697731811));
#8760 = CARTESIAN_POINT('',(245.07231602434,0.295056451028));
#8761 = CARTESIAN_POINT('',(245.97030397799,0.299399393195));
#8762 = CARTESIAN_POINT('',(246.50871165021,0.300610483477));
#8763 = CARTESIAN_POINT('',(247.045285567,0.300435014536));
#8764 = CARTESIAN_POINT('',(247.57690126089,0.298830496125));
#8765 = CARTESIAN_POINT('',(248.09950266483,0.295739891834));
#8766 = CARTESIAN_POINT('',(248.60795256085,0.29108263707));
#8767 = CARTESIAN_POINT('',(249.09621682547,0.284775423487));
#8768 = CARTESIAN_POINT('',(249.70541320545,0.274054797852));
#8769 = CARTESIAN_POINT('',(249.851095668,0.271252899806));
#8770 = CARTESIAN_POINT('',(249.99350032616,0.268261623376));
#8771 = CARTESIAN_POINT('',(250.13229523462,0.265077324837));
#8772 = CARTESIAN_POINT('',(250.26710707578,0.261696715679));
#8773 = CARTESIAN_POINT('',(250.39752469049,0.258117032802));
#8774 = CARTESIAN_POINT('',(250.52310260872,0.254336208701));
#8775 = CARTESIAN_POINT('',(250.73423886859,0.247343216823));
#8776 = CARTESIAN_POINT('',(250.82207199211,0.244218041228));
#8777 = CARTESIAN_POINT('',(250.90665566783,0.240977172057));
#8778 = CARTESIAN_POINT('',(250.98776564619,0.237620757047));
#8779 = CARTESIAN_POINT('',(251.06516592164,0.234149558654));
#8780 = CARTESIAN_POINT('',(251.1386129431,0.230565078224));
#8781 = CARTESIAN_POINT('',(251.20785982442,0.22686968016));
#8782 = CARTESIAN_POINT('',(251.3286922906,0.219778378492));
#8783 = CARTESIAN_POINT('',(251.38140037559,0.21640958371));
#8784 = CARTESIAN_POINT('',(251.43062359508,0.212962688865));
#8785 = CARTESIAN_POINT('',(251.47620292512,0.20944058384));
#8786 = CARTESIAN_POINT('',(251.51798527704,0.205846757799));
#8787 = CARTESIAN_POINT('',(251.55582724193,0.202185365708));
#8788 = CARTESIAN_POINT('',(251.58959883512,0.198461294866));
#8789 = CARTESIAN_POINT('',(251.6455265713,0.19131436298));
#8790 = CARTESIAN_POINT('',(251.66855249051,0.187903148002));
#8791 = CARTESIAN_POINT('',(251.68818460842,0.184450699444));
#8792 = CARTESIAN_POINT('',(251.70435622875,0.180961380152));
#8793 = CARTESIAN_POINT('',(251.71701547498,0.177439811243));
#8794 = CARTESIAN_POINT('',(251.72612641661,0.173890880495));
#8795 = CARTESIAN_POINT('',(251.7316701954,0.170319750727));
#8796 = CARTESIAN_POINT('',(251.73629995412,0.161913172342));
#8797 = CARTESIAN_POINT('',(251.73251871101,0.157063544667));
#8798 = CARTESIAN_POINT('',(251.72229801808,0.152196472245));
#8799 = CARTESIAN_POINT('',(251.70569694529,0.147324875692));
#8800 = CARTESIAN_POINT('',(251.6828282272,0.14246110805));
#8801 = CARTESIAN_POINT('',(251.65385055314,0.137616954026));
#8802 = CARTESIAN_POINT('',(251.618962957,0.132803629576));
#8803 = CARTESIAN_POINT('',(251.55805967701,0.125638704634));
#8804 = CARTESIAN_POINT('',(251.53628963038,0.123255897687));
#8805 = CARTESIAN_POINT('',(251.51311980448,0.120884613184));
#8806 = CARTESIAN_POINT('',(251.48858038736,0.11852602149));
#8807 = CARTESIAN_POINT('',(251.46270282551,0.11618121397));
#8808 = CARTESIAN_POINT('',(251.43551953183,0.113851205827));
#8809 = CARTESIAN_POINT('',(251.40706359361,0.111536938935));
#8810 = CARTESIAN_POINT('',(251.32318194711,0.105046610979));
#8811 = CARTESIAN_POINT('',(251.26486979813,0.100909308179));
#8812 = CARTESIAN_POINT('',(251.20263481814,9.683254533974E-02));
#8813 = CARTESIAN_POINT('',(251.13668226458,9.282068885706E-02));
#8814 = CARTESIAN_POINT('',(251.067216403,8.887736615617E-02));
#8815 = CARTESIAN_POINT('',(250.99443704236,8.500552940211E-02));
#8816 = CARTESIAN_POINT('',(250.91853607039,8.12075192069E-02));
#8817 = CARTESIAN_POINT('',(250.56071719807,6.431372749879E-02));
#8818 = CARTESIAN_POINT('',(250.24555224881,5.211900112329E-02));
#8819 = CARTESIAN_POINT('',(249.90157457028,4.09286624323E-02));
#8820 = CARTESIAN_POINT('',(249.53492696346,3.075831924631E-02));
#8821 = CARTESIAN_POINT('',(249.15079623505,2.160202391383E-02));
#8822 = CARTESIAN_POINT('',(248.7532455559,1.344119570984E-02));
#8823 = CARTESIAN_POINT('',(248.34519601011,6.248239885445E-03));
#8824 = CARTESIAN_POINT('',(247.92819436736,0.));
#8825 = ( GEOMETRIC_REPRESENTATION_CONTEXT(2) 
PARAMETRIC_REPRESENTATION_CONTEXT() REPRESENTATION_CONTEXT('2D SPACE',''
  ) );
#8826 = PCURVE('',#1938,#8827);
#8827 = DEFINITIONAL_REPRESENTATION('',(#8828),#8922);
#8828 = B_SPLINE_CURVE_WITH_KNOTS('',8,(#8829,#8830,#8831,#8832,#8833,
    #8834,#8835,#8836,#8837,#8838,#8839,#8840,#8841,#8842,#8843,#8844,
    #8845,#8846,#8847,#8848,#8849,#8850,#8851,#8852,#8853,#8854,#8855,
    #8856,#8857,#8858,#8859,#8860,#8861,#8862,#8863,#8864,#8865,#8866,
    #8867,#8868,#8869,#8870,#8871,#8872,#8873,#8874,#8875,#8876,#8877,
    #8878,#8879,#8880,#8881,#8882,#8883,#8884,#8885,#8886,#8887,#8888,
    #8889,#8890,#8891,#8892,#8893,#8894,#8895,#8896,#8897,#8898,#8899,
    #8900,#8901,#8902,#8903,#8904,#8905,#8906,#8907,#8908,#8909,#8910,
    #8911,#8912,#8913,#8914,#8915,#8916,#8917,#8918,#8919,#8920,#8921),
  .UNSPECIFIED.,.F.,.F.,(9,7,7,7,7,7,7,7,7,7,7,7,7,9),(0.,
    9.948866617272E-02,0.161992831138,0.210319363166,0.340317422353,
    0.53482642453,0.597620836176,0.645070561043,0.68609927205,
    0.722622659049,0.771675294221,0.796275144974,0.841164033945,1.),
  .UNSPECIFIED.);
#8829 = CARTESIAN_POINT('',(0.,95.993103448276));
#8830 = CARTESIAN_POINT('',(6.081700963883E-02,96.063881864666));
#8831 = CARTESIAN_POINT('',(0.121043428713,96.133973040067));
#8832 = CARTESIAN_POINT('',(0.180410142523,96.202664319759));
#8833 = CARTESIAN_POINT('',(0.238773186951,96.269423397617));
#8834 = CARTESIAN_POINT('',(0.296048080282,96.333855564163));
#8835 = CARTESIAN_POINT('',(0.352188692062,96.395681375996));
#8836 = CARTESIAN_POINT('',(0.407187592891,96.454723032759));
#8837 = CARTESIAN_POINT('',(0.494929707574,96.546173461703));
#8838 = CARTESIAN_POINT('',(0.528356243115,96.580334513085));
#8839 = CARTESIAN_POINT('',(0.561369256541,96.613354681455));
#8840 = CARTESIAN_POINT('',(0.593984370802,96.645224726303));
#8841 = CARTESIAN_POINT('',(0.626218397643,96.675941527001));
#8842 = CARTESIAN_POINT('',(0.658089724258,96.705507222714));
#8843 = CARTESIAN_POINT('',(0.689618699936,96.733928352318));
#8844 = CARTESIAN_POINT('',(0.744958228082,96.782312288856));
#8845 = CARTESIAN_POINT('',(0.768896058915,96.802730254739));
#8846 = CARTESIAN_POINT('',(0.792651408164,96.822473070859));
#8847 = CARTESIAN_POINT('',(0.816233784167,96.841545159048));
#8848 = CARTESIAN_POINT('',(0.839652462829,96.859951148086));
#8849 = CARTESIAN_POINT('',(0.862916639798,96.877695837716));
#8850 = CARTESIAN_POINT('',(0.886035582643,96.894784162657));
#8851 = CARTESIAN_POINT('',(0.97084344372,96.955436564263));
#8852 = CARTESIAN_POINT('',(1.031665335882,96.994924207538));
#8853 = CARTESIAN_POINT('',(1.091691800829,97.029802326372));
#8854 = CARTESIAN_POINT('',(1.151086202978,97.060145717725));
#8855 = CARTESIAN_POINT('',(1.209996106792,97.086007509015));
#8856 = CARTESIAN_POINT('',(1.268565798161,97.107423669038));
#8857 = CARTESIAN_POINT('',(1.326945139278,97.1244064474));
#8858 = CARTESIAN_POINT('',(1.472630033656,97.155675631007));
#8859 = CARTESIAN_POINT('',(1.559699790402,97.164395481032));
#8860 = CARTESIAN_POINT('',(1.647232358154,97.163132104656));
#8861 = CARTESIAN_POINT('',(1.735741958384,97.151579572103));
#8862 = CARTESIAN_POINT('',(1.825679076893,97.129327221206));
#8863 = CARTESIAN_POINT('',(1.917541442662,97.095794986902));
#8864 = CARTESIAN_POINT('',(2.011849507652,97.050383049107));
#8865 = CARTESIAN_POINT('',(2.141116896901,96.973194544535));
#8866 = CARTESIAN_POINT('',(2.172998919575,96.953020878603));
#8867 = CARTESIAN_POINT('',(2.205238790653,96.93148368831));
#8868 = CARTESIAN_POINT('',(2.237857121689,96.908556738828));
#8869 = CARTESIAN_POINT('',(2.270872190472,96.884216352891));
#8870 = CARTESIAN_POINT('',(2.30430028337,96.858442636173));
#8871 = CARTESIAN_POINT('',(2.338156037677,96.83122070265));
#8872 = CARTESIAN_POINT('',(2.398368643861,96.780871161125));
#8873 = CARTESIAN_POINT('',(2.424534710831,96.75836989684));
#8874 = CARTESIAN_POINT('',(2.450955337577,96.735035638813));
#8875 = CARTESIAN_POINT('',(2.477632845822,96.710869450738));
#8876 = CARTESIAN_POINT('',(2.504567253032,96.685876822307));
#8877 = CARTESIAN_POINT('',(2.531755999147,96.660068563216));
#8878 = CARTESIAN_POINT('',(2.559193673311,96.633461697154));
#8879 = CARTESIAN_POINT('',(2.610804343529,96.582404325142));
#8880 = CARTESIAN_POINT('',(2.63491693081,96.558149002712));
#8881 = CARTESIAN_POINT('',(2.659202517235,96.533331359829));
#8882 = CARTESIAN_POINT('',(2.683652672252,96.50797220365));
#8883 = CARTESIAN_POINT('',(2.708257156836,96.482096656151));
#8884 = CARTESIAN_POINT('',(2.733003560354,96.455734633101));
#8885 = CARTESIAN_POINT('',(2.757876937431,96.428921323034));
#8886 = CARTESIAN_POINT('',(2.805098646658,96.377463413454));
#8887 = CARTESIAN_POINT('',(2.827425529944,96.352902665617));
#8888 = CARTESIAN_POINT('',(2.849826742491,96.328045036));
#8889 = CARTESIAN_POINT('',(2.872288776158,96.302921937093));
#8890 = CARTESIAN_POINT('',(2.894797706726,96.277566640948));
#8891 = CARTESIAN_POINT('',(2.91733893378,96.252014339561));
#8892 = CARTESIAN_POINT('',(2.939896920585,96.226302205235));
#8893 = CARTESIAN_POINT('',(2.992751412252,96.165774840866));
#8894 = CARTESIAN_POINT('',(3.023052410802,96.1308575216));
#8895 = CARTESIAN_POINT('',(3.053315430226,96.095814600162));
#8896 = CARTESIAN_POINT('',(3.0835033891,96.060739104981));
#8897 = CARTESIAN_POINT('',(3.113583085351,96.02571997796));
#8898 = CARTESIAN_POINT('',(3.14352394059,95.990842068991));
#8899 = CARTESIAN_POINT('',(3.1732970274,95.956186132947));
#8900 = CARTESIAN_POINT('',(3.217707394067,95.904598673365));
#8901 = CARTESIAN_POINT('',(3.232492177808,95.88744246335));
#8902 = CARTESIAN_POINT('',(3.247225770802,95.870369214927));
#8903 = CARTESIAN_POINT('',(3.261905553311,95.853387354725));
#8904 = CARTESIAN_POINT('',(3.276529218751,95.836504740581));
#8905 = CARTESIAN_POINT('',(3.291094746588,95.819728681956));
#8906 = CARTESIAN_POINT('',(3.305600375246,95.803065960335));
#8907 = CARTESIAN_POINT('',(3.346401811316,95.756335599052));
#8908 = CARTESIAN_POINT('',(3.37255414018,95.726547018885));
#8909 = CARTESIAN_POINT('',(3.398493148226,95.697194326446));
#8910 = CARTESIAN_POINT('',(3.42421307583,95.668308959771));
#8911 = CARTESIAN_POINT('',(3.449710579831,95.639917036324));
#8912 = CARTESIAN_POINT('',(3.47498449625,95.612039811695));
#8913 = CARTESIAN_POINT('',(3.500035602994,95.58469413829));
#8914 = CARTESIAN_POINT('',(3.612728233321,95.463058837991));
#8915 = CARTESIAN_POINT('',(3.697632419337,95.375256808088));
#8916 = CARTESIAN_POINT('',(3.780008225934,95.294686369513));
#8917 = CARTESIAN_POINT('',(3.860133466887,95.221459898573));
#8918 = CARTESIAN_POINT('',(3.938280437571,95.15553457218));
#8919 = CARTESIAN_POINT('',(4.014724301111,95.096776609111));
#8920 = CARTESIAN_POINT('',(4.089795044816,95.044987327175));
#8921 = CARTESIAN_POINT('',(4.163938348368,95.));
#8922 = ( GEOMETRIC_REPRESENTATION_CONTEXT(2) 
PARAMETRIC_REPRESENTATION_CONTEXT() REPRESENTATION_CONTEXT('2D SPACE',''
  ) );
#8923 = ORIENTED_EDGE('',*,*,#1868,.T.);
#8924 = ORIENTED_EDGE('',*,*,#8925,.T.);
#8925 = EDGE_CURVE('',#1847,#2432,#8926,.T.);
#8926 = SURFACE_CURVE('',#8927,(#8930,#8937),.PCURVE_S1.);
#8927 = B_SPLINE_CURVE_WITH_KNOTS('',1,(#8928,#8929),.UNSPECIFIED.,.F.,
  .F.,(2,2),(0.,1.),.PIECEWISE_BEZIER_KNOTS.);
#8928 = CARTESIAN_POINT('',(-127.1533278365,90.,-5.12));
#8929 = CARTESIAN_POINT('',(-120.7449578554,82.8,32.));
#8930 = PCURVE('',#1884,#8931);
#8931 = DEFINITIONAL_REPRESENTATION('',(#8932),#8936);
#8932 = LINE('',#8933,#8934);
#8933 = CARTESIAN_POINT('',(256.35332783652,0.));
#8934 = VECTOR('',#8935,1.);
#8935 = DIRECTION('',(0.,1.));
#8936 = ( GEOMETRIC_REPRESENTATION_CONTEXT(2) 
PARAMETRIC_REPRESENTATION_CONTEXT() REPRESENTATION_CONTEXT('2D SPACE',''
  ) );
#8937 = PCURVE('',#2115,#8938);
#8938 = DEFINITIONAL_REPRESENTATION('',(#8939),#8943);
#8939 = LINE('',#8940,#8941);
#8940 = CARTESIAN_POINT('',(4.712388980385,0.));
#8941 = VECTOR('',#8942,1.);
#8942 = DIRECTION('',(0.,1.));
#8943 = ( GEOMETRIC_REPRESENTATION_CONTEXT(2) 
PARAMETRIC_REPRESENTATION_CONTEXT() REPRESENTATION_CONTEXT('2D SPACE',''
  ) );
#8944 = ORIENTED_EDGE('',*,*,#2454,.F.);
#8945 = ADVANCED_FACE('',(#8946),#2028,.F.);
#8946 = FACE_BOUND('',#8947,.F.);
#8947 = EDGE_LOOP('',(#8948,#9306,#9327,#9328,#9329,#9330,#9331,#9393));
#8948 = ORIENTED_EDGE('',*,*,#8949,.F.);
#8949 = EDGE_CURVE('',#8950,#8952,#8954,.T.);
#8950 = VERTEX_POINT('',#8951);
#8951 = CARTESIAN_POINT('',(121.6,86.21765704584,-2.061374175528E-14));
#8952 = VERTEX_POINT('',#8953);
#8953 = CARTESIAN_POINT('',(112.47180563263,87.,-5.12));
#8954 = SURFACE_CURVE('',#8955,(#9070,#9188),.PCURVE_S1.);
#8955 = B_SPLINE_CURVE_WITH_KNOTS('',8,(#8956,#8957,#8958,#8959,#8960,
    #8961,#8962,#8963,#8964,#8965,#8966,#8967,#8968,#8969,#8970,#8971,
    #8972,#8973,#8974,#8975,#8976,#8977,#8978,#8979,#8980,#8981,#8982,
    #8983,#8984,#8985,#8986,#8987,#8988,#8989,#8990,#8991,#8992,#8993,
    #8994,#8995,#8996,#8997,#8998,#8999,#9000,#9001,#9002,#9003,#9004,
    #9005,#9006,#9007,#9008,#9009,#9010,#9011,#9012,#9013,#9014,#9015,
    #9016,#9017,#9018,#9019,#9020,#9021,#9022,#9023,#9024,#9025,#9026,
    #9027,#9028,#9029,#9030,#9031,#9032,#9033,#9034,#9035,#9036,#9037,
    #9038,#9039,#9040,#9041,#9042,#9043,#9044,#9045,#9046,#9047,#9048,
    #9049,#9050,#9051,#9052,#9053,#9054,#9055,#9056,#9057,#9058,#9059,
    #9060,#9061,#9062,#9063,#9064,#9065,#9066,#9067,#9068,#9069),
  .UNSPECIFIED.,.F.,.F.,(9,7,7,7,7,7,7,7,7,7,7,7,7,7,7,7,9),(0.,
    2.907777975829E-02,8.003738255879E-02,0.106140363398,0.155198606464,
    0.219213387156,0.307723558803,0.51701701184,0.607990593263,
    0.672124734621,0.721412351521,0.747232386987,0.797477749265,
    0.842630771939,0.864972828162,0.902295227279,1.),.UNSPECIFIED.);
#8956 = CARTESIAN_POINT('',(121.6,86.21765704584,-2.04281036531E-14));
#8957 = CARTESIAN_POINT('',(121.6,86.201532874396,0.10552374423));
#8958 = CARTESIAN_POINT('',(121.59787898038,86.185368584378,
    0.211310042235));
#8959 = CARTESIAN_POINT('',(121.59361852659,86.169178227032,
    0.317266936424));
#8960 = CARTESIAN_POINT('',(121.58720621387,86.152976088842,
    0.423300929687));
#8961 = CARTESIAN_POINT('',(121.57863591795,86.136776687901,
    0.529317009182));
#8962 = CARTESIAN_POINT('',(121.56790812579,86.120594770271,
    0.635218670116));
#8963 = CARTESIAN_POINT('',(121.55503024629,86.104445306353,
    0.740907939535));
#8964 = CARTESIAN_POINT('',(121.51370565853,86.060124609719,
    1.030962276393));
#8965 = CARTESIAN_POINT('',(121.48083188624,86.032047956469,
    1.214708373777));
#8966 = CARTESIAN_POINT('',(121.44147470024,86.004198771009,
    1.396965820841));
#8967 = CARTESIAN_POINT('',(121.39577777383,85.976654920987,
    1.577225017096));
#8968 = CARTESIAN_POINT('',(121.34393847637,85.949487456209,
    1.75502098103));
#8969 = CARTESIAN_POINT('',(121.28619933419,85.922761049094,
    1.929930467596));
#8970 = CARTESIAN_POINT('',(121.2228418336,85.896534317555,
    2.101569855114));
#8971 = CARTESIAN_POINT('',(121.11901330538,85.857708918628,
    2.355660521421));
#8972 = CARTESIAN_POINT('',(121.08245013933,85.844701703735,
    2.440785516666));
#8973 = CARTESIAN_POINT('',(121.0445335746,85.83184489143,2.52492621053)
  );
#8974 = CARTESIAN_POINT('',(121.00530522384,85.819144304075,
    2.60804449889));
#8975 = CARTESIAN_POINT('',(120.96480746926,85.806605121817,
    2.690106480555));
#8976 = CARTESIAN_POINT('',(120.92308312635,85.794231923807,
    2.771082187532));
#8977 = CARTESIAN_POINT('',(120.88017510756,85.782028729416,
    2.850945315267));
#8978 = CARTESIAN_POINT('',(120.75333984728,85.74739030148,
    3.077634582534));
#8979 = CARTESIAN_POINT('',(120.66652510047,85.725394963323,
    3.221581851142));
#8980 = CARTESIAN_POINT('',(120.57596282194,85.704035118651,
    3.361370167938));
#8981 = CARTESIAN_POINT('',(120.48192895769,85.683326589877,
    3.496895984025));
#8982 = CARTESIAN_POINT('',(120.38469044941,85.663279708087,
    3.628091688189));
#8983 = CARTESIAN_POINT('',(120.28450126058,85.643900092965,
    3.754920502704));
#8984 = CARTESIAN_POINT('',(120.18159840251,85.625189432732,
    3.877371379121));
#8985 = CARTESIAN_POINT('',(119.93866376085,85.583602219004,
    4.14953658896));
#8986 = CARTESIAN_POINT('',(119.79688949444,85.561196760272,
    4.296167868888));
#8987 = CARTESIAN_POINT('',(119.65134682132,85.539924177744,
    4.435385103431));
#8988 = CARTESIAN_POINT('',(119.50247010114,85.519773708006,
    4.567258733164));
#8989 = CARTESIAN_POINT('',(119.35065397145,85.50073048638,
    4.691886039134));
#8990 = CARTESIAN_POINT('',(119.19625092636,85.482776498966,
    4.809384912324));
#8991 = CARTESIAN_POINT('',(119.03956889501,85.465891534667,
    4.919887623121));
#8992 = CARTESIAN_POINT('',(118.66144182672,85.428156526238,
    5.166842289399));
#8993 = CARTESIAN_POINT('',(118.4382033657,85.408266189753,
    5.297013491503));
#8994 = CARTESIAN_POINT('',(118.21183995564,85.390324484542,
    5.414431984494));
#8995 = CARTESIAN_POINT('',(117.9829620644,85.374278021674,
    5.519447169266));
#8996 = CARTESIAN_POINT('',(117.75210728139,85.360076942838,
    5.612385340759));
#8997 = CARTESIAN_POINT('',(117.51974173309,85.347674446219,
    5.693552790858));
#8998 = CARTESIAN_POINT('',(117.28625974194,85.33702756192,
    5.763230733654));
#8999 = CARTESIAN_POINT('',(116.49800184725,85.306986885736,
    5.95983027002));
#9000 = CARTESIAN_POINT('',(115.94062755679,85.295523583577,
    6.034851214144));
#9001 = CARTESIAN_POINT('',(115.38329663144,85.293122381464,
    6.050565747973));
#9002 = CARTESIAN_POINT('',(114.82963119939,85.299556143631,
    6.008460348904));
#9003 = CARTESIAN_POINT('',(114.28330277426,85.314675412516,
    5.909513133644));
#9004 = CARTESIAN_POINT('',(113.74812098385,85.338478156994,
    5.753737394787));
#9005 = CARTESIAN_POINT('',(113.22799943318,85.371036950532,
    5.540658179295));
#9006 = CARTESIAN_POINT('',(112.50964080452,85.430898628978,
    5.148896750356));
#9007 = CARTESIAN_POINT('',(112.29582369023,85.450753724085,
    5.01895618349));
#9008 = CARTESIAN_POINT('',(112.08623460012,85.472352054974,
    4.877607106891));
#9009 = CARTESIAN_POINT('',(111.88136349703,85.495721507132,
    4.724667025547));
#9010 = CARTESIAN_POINT('',(111.68178405855,85.520890906814,
    4.559947287625));
#9011 = CARTESIAN_POINT('',(111.48815183358,85.547889168798,
    4.383258661975));
#9012 = CARTESIAN_POINT('',(111.30120679328,85.576745768674,
    4.194408247233));
#9013 = CARTESIAN_POINT('',(110.99528898725,85.62916825836,
    3.851332175841));
#9014 = CARTESIAN_POINT('',(110.87255485678,85.65177987914,
    3.703351679849));
#9015 = CARTESIAN_POINT('',(110.75386997917,85.675337598635,
    3.54917949338));
#9016 = CARTESIAN_POINT('',(110.63956994882,85.699848469746,
    3.388769459105));
#9017 = CARTESIAN_POINT('',(110.53002978771,85.725315559176,
    3.222101507167));
#9018 = CARTESIAN_POINT('',(110.42565987282,85.751737104935,
    3.049187168814));
#9019 = CARTESIAN_POINT('',(110.32690186353,85.77910567385,
    2.870075090024));
#9020 = CARTESIAN_POINT('',(110.16300140944,85.829157366997,
    2.542514564876));
#9021 = CARTESIAN_POINT('',(110.095374596,85.851457030304,2.396575657232
    ));
#9022 = CARTESIAN_POINT('',(110.03155886251,85.874298713135,
    2.247089532928));
#9023 = CARTESIAN_POINT('',(109.97178371727,85.897670857486,
    2.094131832674));
#9024 = CARTESIAN_POINT('',(109.91628818873,85.921557336941,
    1.93780809491));
#9025 = CARTESIAN_POINT('',(109.86531551104,85.945936850391,
    1.77825772355));
#9026 = CARTESIAN_POINT('',(109.81910780973,85.970782315763,
    1.615657955732));
#9027 = CARTESIAN_POINT('',(109.75631388887,86.009302484685,
    1.363564850227));
#9028 = CARTESIAN_POINT('',(109.73609954244,86.022663228331,
    1.276126205698));
#9029 = CARTESIAN_POINT('',(109.71729166391,86.036137511673,
    1.187944506937));
#9030 = CARTESIAN_POINT('',(109.69992349934,86.049719866233,
    1.099055542094));
#9031 = CARTESIAN_POINT('',(109.68402725384,86.063404313552,
    1.009498436868));
#9032 = CARTESIAN_POINT('',(109.66963372036,86.077184340683,
    0.919315814863));
#9033 = CARTESIAN_POINT('',(109.65677190855,86.091052875695,
    0.828553957953));
#9034 = CARTESIAN_POINT('',(109.62347276496,86.132147540627,
    0.559612206338));
#9035 = CARTESIAN_POINT('',(109.60737571607,86.15960290795,
    0.379932080192));
#9036 = CARTESIAN_POINT('',(109.59738192632,86.187307566816,
    0.198620479393));
#9037 = CARTESIAN_POINT('',(109.59365452803,86.2151967176,
    1.610148148171E-02));
#9038 = CARTESIAN_POINT('',(109.59631157242,86.243201515513,
    -0.167174362638));
#9039 = CARTESIAN_POINT('',(109.60541995806,86.271249006625,
    -0.350729610021));
#9040 = CARTESIAN_POINT('',(109.62098710171,86.29926204377,
    -0.534059375339));
#9041 = CARTESIAN_POINT('',(109.66268763835,86.352228961385,
    -0.880698425065));
#9042 = CARTESIAN_POINT('',(109.68759391851,86.377209506488,
    -1.044182214681));
#9043 = CARTESIAN_POINT('',(109.71762648037,86.4020423435,
    -1.206699336908));
#9044 = CARTESIAN_POINT('',(109.7527042296,86.426672815852,
    -1.367892094852));
#9045 = CARTESIAN_POINT('',(109.79271135308,86.451049944697,
    -1.527426860295));
#9046 = CARTESIAN_POINT('',(109.83750098264,86.475126289069,
    -1.68499315846));
#9047 = CARTESIAN_POINT('',(109.8868988589,86.498857806027,
    -1.840302752775));
#9048 = CARTESIAN_POINT('',(109.96733166671,86.533755440602,
    -2.068688383497));
#9049 = CARTESIAN_POINT('',(109.99503735355,86.545213318805,
    -2.143673830846));
#9050 = CARTESIAN_POINT('',(110.0238008694,86.556572705973,
    -2.218014709089));
#9051 = CARTESIAN_POINT('',(110.05359811875,86.567829320618,
    -2.291682998267));
#9052 = CARTESIAN_POINT('',(110.08440426044,86.578979222464,
    -2.36465291146));
#9053 = CARTESIAN_POINT('',(110.11619387136,86.590018795701,
    -2.4369007852));
#9054 = CARTESIAN_POINT('',(110.14894111016,86.600944732239,
    -2.508404969876));
#9055 = CARTESIAN_POINT('',(110.2388802588,86.629810918945,
    -2.697318125094));
#9056 = CARTESIAN_POINT('',(110.29774014802,86.64754227177,
    -2.813359978582));
#9057 = CARTESIAN_POINT('',(110.35907823065,86.664934232703,
    -2.927180700692));
#9058 = CARTESIAN_POINT('',(110.42277235143,86.681975425421,
    -3.038705839701));
#9059 = CARTESIAN_POINT('',(110.48870097494,86.698656713242,
    -3.147875601109));
#9060 = CARTESIAN_POINT('',(110.5567446427,86.714970974364,
    -3.254643376673));
#9061 = CARTESIAN_POINT('',(110.62678743026,86.730912877096,
    -3.35897427344));
#9062 = CARTESIAN_POINT('',(110.88702354109,86.787227664734,
    -3.727523272534));
#9063 = CARTESIAN_POINT('',(111.08817961971,86.825379749596,
    -3.977207472353));
#9064 = CARTESIAN_POINT('',(111.3002910855,86.860898305357,
    -4.209656687281));
#9065 = CARTESIAN_POINT('',(111.52162364868,86.893786837841,
    -4.42489386098));
#9066 = CARTESIAN_POINT('',(111.75063590872,86.924079527072,
    -4.623142682725));
#9067 = CARTESIAN_POINT('',(111.98600781152,86.951832280844,
    -4.804769037966));
#9068 = CARTESIAN_POINT('',(112.22666593921,86.977114277796,
    -4.970225662465));
#9069 = CARTESIAN_POINT('',(112.47180563263,87.,-5.12));
#9070 = PCURVE('',#2028,#9071);
#9071 = DEFINITIONAL_REPRESENTATION('',(#9072),#9187);
#9072 = B_SPLINE_CURVE_WITH_KNOTS('',8,(#9073,#9074,#9075,#9076,#9077,
    #9078,#9079,#9080,#9081,#9082,#9083,#9084,#9085,#9086,#9087,#9088,
    #9089,#9090,#9091,#9092,#9093,#9094,#9095,#9096,#9097,#9098,#9099,
    #9100,#9101,#9102,#9103,#9104,#9105,#9106,#9107,#9108,#9109,#9110,
    #9111,#9112,#9113,#9114,#9115,#9116,#9117,#9118,#9119,#9120,#9121,
    #9122,#9123,#9124,#9125,#9126,#9127,#9128,#9129,#9130,#9131,#9132,
    #9133,#9134,#9135,#9136,#9137,#9138,#9139,#9140,#9141,#9142,#9143,
    #9144,#9145,#9146,#9147,#9148,#9149,#9150,#9151,#9152,#9153,#9154,
    #9155,#9156,#9157,#9158,#9159,#9160,#9161,#9162,#9163,#9164,#9165,
    #9166,#9167,#9168,#9169,#9170,#9171,#9172,#9173,#9174,#9175,#9176,
    #9177,#9178,#9179,#9180,#9181,#9182,#9183,#9184,#9185,#9186),
  .UNSPECIFIED.,.F.,.F.,(9,7,7,7,7,7,7,7,7,7,7,7,7,7,7,7,9),(0.,
    2.907777975829E-02,8.003738255879E-02,0.106140363398,0.155198606464,
    0.219213387156,0.307723558803,0.51701701184,0.607990593263,
    0.672124734621,0.721412351521,0.747232386987,0.797477749265,
    0.842630771939,0.864972828162,0.902295227279,1.),.UNSPECIFIED.);
#9073 = CARTESIAN_POINT('',(0.,98.78234295416));
#9074 = CARTESIAN_POINT('',(1.758729070502E-02,98.798467125604));
#9075 = CARTESIAN_POINT('',(3.521834221293E-02,98.814631415622));
#9076 = CARTESIAN_POINT('',(5.288611198042E-02,98.830821772968));
#9077 = CARTESIAN_POINT('',(7.058348396222E-02,98.847023911158));
#9078 = CARTESIAN_POINT('',(8.830318610671E-02,98.863223312099));
#9079 = CARTESIAN_POINT('',(0.106037707851,98.879405229729));
#9080 = CARTESIAN_POINT('',(0.123779217619,98.895554693647));
#9081 = CARTESIAN_POINT('',(0.172609774958,98.939875390281));
#9082 = CARTESIAN_POINT('',(0.20370075659,98.967952043531));
#9083 = CARTESIAN_POINT('',(0.234744334213,98.995801228991));
#9084 = CARTESIAN_POINT('',(0.265698806122,99.023345079013));
#9085 = CARTESIAN_POINT('',(0.296527018399,99.050512543791));
#9086 = CARTESIAN_POINT('',(0.327194876815,99.077238950906));
#9087 = CARTESIAN_POINT('',(0.357670212142,99.103465682445));
#9088 = CARTESIAN_POINT('',(0.40341783806,99.142291081372));
#9089 = CARTESIAN_POINT('',(0.418856261195,99.155298296265));
#9090 = CARTESIAN_POINT('',(0.434233821631,99.16815510857));
#9091 = CARTESIAN_POINT('',(0.449547505586,99.180855695925));
#9092 = CARTESIAN_POINT('',(0.464794697189,99.193394878183));
#9093 = CARTESIAN_POINT('',(0.479973143517,99.205768076193));
#9094 = CARTESIAN_POINT('',(0.495080919636,99.217971270584));
#9095 = CARTESIAN_POINT('',(0.538374236783,99.25260969852));
#9096 = CARTESIAN_POINT('',(0.566375996218,99.274605036677));
#9097 = CARTESIAN_POINT('',(0.594112299158,99.295964881349));
#9098 = CARTESIAN_POINT('',(0.621577272603,99.316673410123));
#9099 = CARTESIAN_POINT('',(0.648768233938,99.336720291913));
#9100 = CARTESIAN_POINT('',(0.675685381537,99.356099907035));
#9101 = CARTESIAN_POINT('',(0.702331485362,99.374810567268));
#9102 = CARTESIAN_POINT('',(0.763134249728,99.416397780996));
#9103 = CARTESIAN_POINT('',(0.797100976758,99.438803239728));
#9104 = CARTESIAN_POINT('',(0.830626301125,99.460075822256));
#9105 = CARTESIAN_POINT('',(0.863725943621,99.480226291994));
#9106 = CARTESIAN_POINT('',(0.89641719273,99.49926951362));
#9107 = CARTESIAN_POINT('',(0.928719293992,99.517223501034));
#9108 = CARTESIAN_POINT('',(0.960653839363,99.534108465333));
#9109 = CARTESIAN_POINT('',(1.035924958026,99.571843473762));
#9110 = CARTESIAN_POINT('',(1.078939452141,99.591733810247));
#9111 = CARTESIAN_POINT('',(1.121354670426,99.609675515458));
#9112 = CARTESIAN_POINT('',(1.163228270168,99.625721978326));
#9113 = CARTESIAN_POINT('',(1.204613607103,99.639923057162));
#9114 = CARTESIAN_POINT('',(1.245563032096,99.652325553781));
#9115 = CARTESIAN_POINT('',(1.286130411873,99.66297243808));
#9116 = CARTESIAN_POINT('',(1.421531245434,99.693013114264));
#9117 = CARTESIAN_POINT('',(1.514691954094,99.704476416423));
#9118 = CARTESIAN_POINT('',(1.60676440511,99.706877618536));
#9119 = CARTESIAN_POINT('',(1.698314515221,99.700443856368));
#9120 = CARTESIAN_POINT('',(1.789856648718,99.685324587484));
#9121 = CARTESIAN_POINT('',(1.881903175346,99.661521843006));
#9122 = CARTESIAN_POINT('',(1.975011851874,99.628963049468));
#9123 = CARTESIAN_POINT('',(2.111385128071,99.569101371022));
#9124 = CARTESIAN_POINT('',(2.15304025904,99.549246275915));
#9125 = CARTESIAN_POINT('',(2.195094447001,99.527647945026));
#9126 = CARTESIAN_POINT('',(2.237605711239,99.504278492868));
#9127 = CARTESIAN_POINT('',(2.280630333529,99.479109093186));
#9128 = CARTESIAN_POINT('',(2.324225705689,99.452110831202));
#9129 = CARTESIAN_POINT('',(2.368454081848,99.423254231326));
#9130 = CARTESIAN_POINT('',(2.445064005561,99.37083174164));
#9131 = CARTESIAN_POINT('',(2.477085971645,99.34822012086));
#9132 = CARTESIAN_POINT('',(2.509477364596,99.324662401365));
#9133 = CARTESIAN_POINT('',(2.542259651558,99.300151530254));
#9134 = CARTESIAN_POINT('',(2.575451914377,99.274684440824));
#9135 = CARTESIAN_POINT('',(2.609071228045,99.248262895065));
#9136 = CARTESIAN_POINT('',(2.643133039149,99.22089432615));
#9137 = CARTESIAN_POINT('',(2.704179300406,99.170842633003));
#9138 = CARTESIAN_POINT('',(2.730975008417,99.148542969696));
#9139 = CARTESIAN_POINT('',(2.758043540115,99.125701286865));
#9140 = CARTESIAN_POINT('',(2.785387473175,99.102329142514));
#9141 = CARTESIAN_POINT('',(2.813006769416,99.078442663059));
#9142 = CARTESIAN_POINT('',(2.840898453032,99.054063149609));
#9143 = CARTESIAN_POINT('',(2.869056288826,99.029217684237));
#9144 = CARTESIAN_POINT('',(2.912355637789,98.990697515315));
#9145 = CARTESIAN_POINT('',(2.92731096939,98.977336771669));
#9146 = CARTESIAN_POINT('',(2.942334834805,98.963862488327));
#9147 = CARTESIAN_POINT('',(2.957425335775,98.950280133767));
#9148 = CARTESIAN_POINT('',(2.972580263184,98.936595686448));
#9149 = CARTESIAN_POINT('',(2.98779706402,98.922815659317));
#9150 = CARTESIAN_POINT('',(3.003072808341,98.908947124305));
#9151 = CARTESIAN_POINT('',(3.048238705852,98.867852459373));
#9152 = CARTESIAN_POINT('',(3.07828810888,98.84039709205));
#9153 = CARTESIAN_POINT('',(3.108522856322,98.812692433184));
#9154 = CARTESIAN_POINT('',(3.138912338376,98.7848032824));
#9155 = CARTESIAN_POINT('',(3.169424113934,98.756798484487));
#9156 = CARTESIAN_POINT('',(3.200022856116,98.728750993375));
#9157 = CARTESIAN_POINT('',(3.230668973826,98.70073795623));
#9158 = CARTESIAN_POINT('',(3.288858693602,98.647771038615));
#9159 = CARTESIAN_POINT('',(3.316406709926,98.622790493512));
#9160 = CARTESIAN_POINT('',(3.343928717925,98.5979576565));
#9161 = CARTESIAN_POINT('',(3.371395723966,98.573327184148));
#9162 = CARTESIAN_POINT('',(3.398781277296,98.548950055303));
#9163 = CARTESIAN_POINT('',(3.426060766148,98.524873710931));
#9164 = CARTESIAN_POINT('',(3.453210713855,98.501142193973));
#9165 = CARTESIAN_POINT('',(3.493566572886,98.466244559398));
#9166 = CARTESIAN_POINT('',(3.506888364075,98.454786681195));
#9167 = CARTESIAN_POINT('',(3.520171026702,98.443427294027));
#9168 = CARTESIAN_POINT('',(3.533412368595,98.432170679382));
#9169 = CARTESIAN_POINT('',(3.546610409537,98.421020777536));
#9170 = CARTESIAN_POINT('',(3.559763363569,98.409981204299));
#9171 = CARTESIAN_POINT('',(3.572869621292,98.399055267761));
#9172 = CARTESIAN_POINT('',(3.607741303003,98.370189081055));
#9173 = CARTESIAN_POINT('',(3.62942048764,98.35245772823));
#9174 = CARTESIAN_POINT('',(3.650958818107,98.335065767297));
#9175 = CARTESIAN_POINT('',(3.672351305225,98.318024574579));
#9176 = CARTESIAN_POINT('',(3.693594308134,98.301343286758));
#9177 = CARTESIAN_POINT('',(3.714685403809,98.285029025636));
#9178 = CARTESIAN_POINT('',(3.735623256586,98.269087122904));
#9179 = CARTESIAN_POINT('',(3.810817670924,98.212772335266));
#9180 = CARTESIAN_POINT('',(3.86414940278,98.174620250404));
#9181 = CARTESIAN_POINT('',(3.916433300824,98.139101694643));
#9182 = CARTESIAN_POINT('',(3.967710294861,98.106213162159));
#9183 = CARTESIAN_POINT('',(4.01803066539,98.075920472928));
#9184 = CARTESIAN_POINT('',(4.067455347756,98.048167719156));
#9185 = CARTESIAN_POINT('',(4.116059501996,98.022885722204));
#9186 = CARTESIAN_POINT('',(4.163938348368,98.));
#9187 = ( GEOMETRIC_REPRESENTATION_CONTEXT(2) 
PARAMETRIC_REPRESENTATION_CONTEXT() REPRESENTATION_CONTEXT('2D SPACE',''
  ) );
#9188 = PCURVE('',#4152,#9189);
#9189 = DEFINITIONAL_REPRESENTATION('',(#9190),#9305);
#9190 = B_SPLINE_CURVE_WITH_KNOTS('',8,(#9191,#9192,#9193,#9194,#9195,
    #9196,#9197,#9198,#9199,#9200,#9201,#9202,#9203,#9204,#9205,#9206,
    #9207,#9208,#9209,#9210,#9211,#9212,#9213,#9214,#9215,#9216,#9217,
    #9218,#9219,#9220,#9221,#9222,#9223,#9224,#9225,#9226,#9227,#9228,
    #9229,#9230,#9231,#9232,#9233,#9234,#9235,#9236,#9237,#9238,#9239,
    #9240,#9241,#9242,#9243,#9244,#9245,#9246,#9247,#9248,#9249,#9250,
    #9251,#9252,#9253,#9254,#9255,#9256,#9257,#9258,#9259,#9260,#9261,
    #9262,#9263,#9264,#9265,#9266,#9267,#9268,#9269,#9270,#9271,#9272,
    #9273,#9274,#9275,#9276,#9277,#9278,#9279,#9280,#9281,#9282,#9283,
    #9284,#9285,#9286,#9287,#9288,#9289,#9290,#9291,#9292,#9293,#9294,
    #9295,#9296,#9297,#9298,#9299,#9300,#9301,#9302,#9303,#9304),
  .UNSPECIFIED.,.F.,.F.,(9,7,7,7,7,7,7,7,7,7,7,7,7,7,7,7,9),(0.,
    2.907777975829E-02,8.003738255879E-02,0.106140363398,0.155198606464,
    0.219213387156,0.307723558803,0.51701701184,0.607990593263,
    0.672124734621,0.721412351521,0.747232386987,0.797477749265,
    0.842630771939,0.864972828162,0.902295227279,1.),.UNSPECIFIED.);
#9191 = CARTESIAN_POINT('',(4.638578123682,0.108658743633));
#9192 = CARTESIAN_POINT('',(4.624455245642,0.110898211889));
#9193 = CARTESIAN_POINT('',(4.612426405805,0.11314325217));
#9194 = CARTESIAN_POINT('',(4.602523379523,0.115391912912));
#9195 = CARTESIAN_POINT('',(4.594772165616,0.117642209883));
#9196 = CARTESIAN_POINT('',(4.58919265688,0.11989212668));
#9197 = CARTESIAN_POINT('',(4.5857983106,0.12213961524));
#9198 = CARTESIAN_POINT('',(4.584595819059,0.12438259634));
#9199 = CARTESIAN_POINT('',(4.587317961188,0.13053824865));
#9200 = CARTESIAN_POINT('',(4.595782087918,0.134437783824));
#9201 = CARTESIAN_POINT('',(4.610977753207,0.138305726249));
#9202 = CARTESIAN_POINT('',(4.632833995664,0.142131260974));
#9203 = CARTESIAN_POINT('',(4.66121948764,0.145904519971));
#9204 = CARTESIAN_POINT('',(4.695951322587,0.149616520959));
#9205 = CARTESIAN_POINT('',(4.736801401689,0.153259122562));
#9206 = CARTESIAN_POINT('',(4.807421005993,0.158651539079));
#9207 = CARTESIAN_POINT('',(4.832878163275,0.160458096703));
#9208 = CARTESIAN_POINT('',(4.859837244441,0.162243765079));
#9209 = CARTESIAN_POINT('',(4.888261840811,0.164007735545));
#9210 = CARTESIAN_POINT('',(4.918114157601,0.165749288637));
#9211 = CARTESIAN_POINT('',(4.949355389342,0.16746778836));
#9212 = CARTESIAN_POINT('',(4.981946095298,0.16916267647));
#9213 = CARTESIAN_POINT('',(5.07955952698,0.173973569239));
#9214 = CARTESIAN_POINT('',(5.147897581561,0.177028477316));
#9215 = CARTESIAN_POINT('',(5.220598525432,0.17999512241));
#9216 = CARTESIAN_POINT('',(5.29739914069,0.182871306961));
#9217 = CARTESIAN_POINT('',(5.378039963303,0.185655596099));
#9218 = CARTESIAN_POINT('',(5.462270041697,0.18834720931));
#9219 = CARTESIAN_POINT('',(5.549851695325,0.190945912121));
#9220 = CARTESIAN_POINT('',(5.758934979025,0.196721914027));
#9221 = CARTESIAN_POINT('',(5.882626513834,0.199833783296));
#9222 = CARTESIAN_POINT('',(6.011158218603,0.202788308647));
#9223 = CARTESIAN_POINT('',(6.144080750072,0.205586984999));
#9224 = CARTESIAN_POINT('',(6.280980541036,0.208231876892));
#9225 = CARTESIAN_POINT('',(6.421483260584,0.210725486255));
#9226 = CARTESIAN_POINT('',(6.565257274328,0.213070620185));
#9227 = CARTESIAN_POINT('',(6.914934893805,0.218311593578));
#9228 = CARTESIAN_POINT('',(7.123517729809,0.221074140312));
#9229 = CARTESIAN_POINT('',(7.33701249928,0.223566043814));
#9230 = CARTESIAN_POINT('',(7.554746402411,0.225794719212));
#9231 = CARTESIAN_POINT('',(7.776122685062,0.227767091272));
#9232 = CARTESIAN_POINT('',(8.000619118396,0.229489660247));
#9233 = CARTESIAN_POINT('',(8.22778922606,0.230968394178));
#9234 = CARTESIAN_POINT('',(8.999893616871,0.235140710315));
#9235 = CARTESIAN_POINT('',(9.554385002781,0.236732835614));
#9236 = CARTESIAN_POINT('',(10.116616378419,0.237066335908));
#9237 = CARTESIAN_POINT('',(10.682585256859,0.236172757829));
#9238 = CARTESIAN_POINT('',(11.248303990796,0.234072859373));
#9239 = CARTESIAN_POINT('',(11.809772861759,0.23076692264));
#9240 = CARTESIAN_POINT('',(12.362957876547,0.226244867982));
#9241 = CARTESIAN_POINT('',(13.138702356091,0.217930745975));
#9242 = CARTESIAN_POINT('',(13.371203591485,0.215173093877));
#9243 = CARTESIAN_POINT('',(13.600779870809,0.212173325698));
#9244 = CARTESIAN_POINT('',(13.826948621012,0.208927568454));
#9245 = CARTESIAN_POINT('',(14.049144008378,0.205431818498));
#9246 = CARTESIAN_POINT('',(14.266718433802,0.201682059889));
#9247 = CARTESIAN_POINT('',(14.47894076232,0.197674198795));
#9248 = CARTESIAN_POINT('',(14.830251847885,0.19039329745));
#9249 = CARTESIAN_POINT('',(14.972421526015,0.187252794564));
#9250 = CARTESIAN_POINT('',(15.111211559831,0.183980889079));
#9251 = CARTESIAN_POINT('',(15.246287147328,0.180576601424));
#9252 = CARTESIAN_POINT('',(15.377271070579,0.17703950567));
#9253 = CARTESIAN_POINT('',(15.50374732036,0.173369846537));
#9254 = CARTESIAN_POINT('',(15.625264720767,0.16956865641));
#9255 = CARTESIAN_POINT('',(15.830545789463,0.162617032362));
#9256 = CARTESIAN_POINT('',(15.916530930685,0.159519856902));
#9257 = CARTESIAN_POINT('',(15.999073987988,0.156347400953));
#9258 = CARTESIAN_POINT('',(16.07793526347,0.153101269794));
#9259 = CARTESIAN_POINT('',(16.152862276573,0.149783703203));
#9260 = CARTESIAN_POINT('',(16.223594689824,0.146397659668));
#9261 = CARTESIAN_POINT('',(16.289869234564,0.142946900589));
#9262 = CARTESIAN_POINT('',(16.383671329996,0.137596877127));
#9263 = CARTESIAN_POINT('',(16.414622600837,0.135741218287));
#9264 = CARTESIAN_POINT('',(16.44424071815,0.133869790045));
#9265 = CARTESIAN_POINT('',(16.472488284397,0.131983351912));
#9266 = CARTESIAN_POINT('',(16.499328588856,0.130082734229));
#9267 = CARTESIAN_POINT('',(16.524725960916,0.128168841572));
#9268 = CARTESIAN_POINT('',(16.548646123364,0.126242656154));
#9269 = CARTESIAN_POINT('',(16.61466685712,0.120535063802));
#9270 = CARTESIAN_POINT('',(16.652566361619,0.11672181834));
#9271 = CARTESIAN_POINT('',(16.684505311753,0.112873949053));
#9272 = CARTESIAN_POINT('',(16.710272899959,0.109000455889));
#9273 = CARTESIAN_POINT('',(16.729700948514,0.105110900623));
#9274 = CARTESIAN_POINT('',(16.742669808229,0.101215415747));
#9275 = CARTESIAN_POINT('',(16.749116465858,9.732471614307E-02));
#9276 = CARTESIAN_POINT('',(16.748980511769,8.996819980762E-02));
#9277 = CARTESIAN_POINT('',(16.743651935386,8.649867965449E-02));
#9278 = CARTESIAN_POINT('',(16.733059738044,8.304967451385E-02));
#9279 = CARTESIAN_POINT('',(16.717246031643,7.962877557615E-02));
#9280 = CARTESIAN_POINT('',(16.696290543923,7.624306323652E-02));
#9281 = CARTESIAN_POINT('',(16.670306729374,7.289912651825E-02));
#9282 = CARTESIAN_POINT('',(16.639437880151,6.960308249629E-02));
#9283 = CARTESIAN_POINT('',(16.586245687122,6.475618880523E-02));
#9284 = CARTESIAN_POINT('',(16.567482755249,6.316481683263E-02));
#9285 = CARTESIAN_POINT('',(16.547584383385,6.158712417043E-02));
#9286 = CARTESIAN_POINT('',(16.526571684647,6.002370546972E-02));
#9287 = CARTESIAN_POINT('',(16.50446676533,5.847510799108E-02));
#9288 = CARTESIAN_POINT('',(16.481292546982,5.694183393039E-02));
#9289 = CARTESIAN_POINT('',(16.457072588479,5.542434274457E-02));
#9290 = CARTESIAN_POINT('',(16.389664687579,5.141515014656E-02));
#9291 = CARTESIAN_POINT('',(16.344647257392,4.89524622542E-02));
#9292 = CARTESIAN_POINT('',(16.296890431713,4.653691212453E-02));
#9293 = CARTESIAN_POINT('',(16.246508608735,4.417007980261E-02));
#9294 = CARTESIAN_POINT('',(16.193617144706,4.185323427188E-02));
#9295 = CARTESIAN_POINT('',(16.138330727978,3.958736467162E-02));
#9296 = CARTESIAN_POINT('',(16.080761753044,3.737321151444E-02));
#9297 = CARTESIAN_POINT('',(15.864619800445,2.955171323145E-02));
#9298 = CARTESIAN_POINT('',(15.693395567482,2.425281255617E-02));
#9299 = CARTESIAN_POINT('',(15.509221706945,1.931967981153E-02));
#9300 = CARTESIAN_POINT('',(15.313837160832,1.475182807768E-02));
#9301 = CARTESIAN_POINT('',(15.108806928708,1.054451012894E-02));
#9302 = CARTESIAN_POINT('',(14.895488181268,6.68996099394E-03));
#9303 = CARTESIAN_POINT('',(14.67499966063,3.178572528341E-03));
#9304 = CARTESIAN_POINT('',(14.448194367363,0.));
#9305 = ( GEOMETRIC_REPRESENTATION_CONTEXT(2) 
PARAMETRIC_REPRESENTATION_CONTEXT() REPRESENTATION_CONTEXT('2D SPACE',''
  ) );
#9306 = ORIENTED_EDGE('',*,*,#9307,.F.);
#9307 = EDGE_CURVE('',#8137,#8950,#9308,.T.);
#9308 = SEAM_CURVE('',#9309,(#9313,#9320),.PCURVE_S1.);
#9309 = LINE('',#9310,#9311);
#9310 = CARTESIAN_POINT('',(121.6,185.,-4.254782807011E-14));
#9311 = VECTOR('',#9312,1.);
#9312 = DIRECTION('',(0.,-1.,2.22044604925E-16));
#9313 = PCURVE('',#2028,#9314);
#9314 = DEFINITIONAL_REPRESENTATION('',(#9315),#9319);
#9315 = LINE('',#9316,#9317);
#9316 = CARTESIAN_POINT('',(6.28318530718,-0.));
#9317 = VECTOR('',#9318,1.);
#9318 = DIRECTION('',(0.,1.));
#9319 = ( GEOMETRIC_REPRESENTATION_CONTEXT(2) 
PARAMETRIC_REPRESENTATION_CONTEXT() REPRESENTATION_CONTEXT('2D SPACE',''
  ) );
#9320 = PCURVE('',#2028,#9321);
#9321 = DEFINITIONAL_REPRESENTATION('',(#9322),#9326);
#9322 = LINE('',#9323,#9324);
#9323 = CARTESIAN_POINT('',(0.,-0.));
#9324 = VECTOR('',#9325,1.);
#9325 = DIRECTION('',(0.,1.));
#9326 = ( GEOMETRIC_REPRESENTATION_CONTEXT(2) 
PARAMETRIC_REPRESENTATION_CONTEXT() REPRESENTATION_CONTEXT('2D SPACE',''
  ) );
#9327 = ORIENTED_EDGE('',*,*,#8198,.T.);
#9328 = ORIENTED_EDGE('',*,*,#1986,.T.);
#9329 = ORIENTED_EDGE('',*,*,#8136,.T.);
#9330 = ORIENTED_EDGE('',*,*,#9307,.T.);
#9331 = ORIENTED_EDGE('',*,*,#9332,.F.);
#9332 = EDGE_CURVE('',#9333,#8950,#9335,.T.);
#9333 = VERTEX_POINT('',#9334);
#9334 = CARTESIAN_POINT('',(118.72819436736,87.,-5.12));
#9335 = SURFACE_CURVE('',#9336,(#9353,#9373),.PCURVE_S1.);
#9336 = B_SPLINE_CURVE_WITH_KNOTS('',8,(#9337,#9338,#9339,#9340,#9341,
    #9342,#9343,#9344,#9345,#9346,#9347,#9348,#9349,#9350,#9351,#9352),
  .UNSPECIFIED.,.F.,.F.,(9,7,9),(0.,0.616132264337,1.),.UNSPECIFIED.);
#9337 = CARTESIAN_POINT('',(118.72819436736,87.,-5.12));
#9338 = CARTESIAN_POINT('',(119.08031766086,86.967126515645,
    -4.904861307941));
#9339 = CARTESIAN_POINT('',(119.42025875812,86.929582637193,
    -4.659157481184));
#9340 = CARTESIAN_POINT('',(119.74651157281,86.887236331526,
    -4.382024436317));
#9341 = CARTESIAN_POINT('',(120.05650949213,86.839938236462,
    -4.072484680845));
#9342 = CARTESIAN_POINT('',(120.34682596344,86.78757371602,
    -3.729787985953));
#9343 = CARTESIAN_POINT('',(120.61322290659,86.730080163453,
    -3.353524625268));
#9344 = CARTESIAN_POINT('',(120.85079559263,86.667481088488,
    -2.943848456883));
#9345 = CARTESIAN_POINT('',(121.18025035893,86.557716078581,
    -2.225497447601));
#9346 = CARTESIAN_POINT('',(121.29322163531,86.513651655652,
    -1.937120279768));
#9347 = CARTESIAN_POINT('',(121.39115456574,86.46773897706,
    -1.636647305427));
#9348 = CARTESIAN_POINT('',(121.47238432791,86.420113920708,
    -1.324967769966));
#9349 = CARTESIAN_POINT('',(121.53525261125,86.370976425705,
    -1.003390163779));
#9350 = CARTESIAN_POINT('',(121.57821116917,86.320598446462,
    -0.673694277404));
#9351 = CARTESIAN_POINT('',(121.6,86.269336811939,-0.338215358135));
#9352 = CARTESIAN_POINT('',(121.6,86.21765704584,-2.04281036531E-14));
#9353 = PCURVE('',#2028,#9354);
#9354 = DEFINITIONAL_REPRESENTATION('',(#9355),#9372);
#9355 = B_SPLINE_CURVE_WITH_KNOTS('',8,(#9356,#9357,#9358,#9359,#9360,
    #9361,#9362,#9363,#9364,#9365,#9366,#9367,#9368,#9369,#9370,#9371),
  .UNSPECIFIED.,.F.,.F.,(9,7,9),(0.,0.616132264337,1.),.UNSPECIFIED.);
#9356 = CARTESIAN_POINT('',(5.260839612402,98.));
#9357 = CARTESIAN_POINT('',(5.329613693163,98.032873484355));
#9358 = CARTESIAN_POINT('',(5.399311182503,98.070417362807));
#9359 = CARTESIAN_POINT('',(5.470288256082,98.112763668474));
#9360 = CARTESIAN_POINT('',(5.542817851573,98.160061763538));
#9361 = CARTESIAN_POINT('',(5.61713154108,98.21242628398));
#9362 = CARTESIAN_POINT('',(5.693456444707,98.269919836547));
#9363 = CARTESIAN_POINT('',(5.772026299271,98.332518911512));
#9364 = CARTESIAN_POINT('',(5.903742388684,98.442283921419));
#9365 = CARTESIAN_POINT('',(5.95527900042,98.486348344348));
#9366 = CARTESIAN_POINT('',(6.007799874941,98.53226102294));
#9367 = CARTESIAN_POINT('',(6.061284412274,98.579886079292));
#9368 = CARTESIAN_POINT('',(6.115680526443,98.629023574295));
#9369 = CARTESIAN_POINT('',(6.170902972278,98.679401553538));
#9370 = CARTESIAN_POINT('',(6.226816080824,98.730663188061));
#9371 = CARTESIAN_POINT('',(6.28318530718,98.78234295416));
#9372 = ( GEOMETRIC_REPRESENTATION_CONTEXT(2) 
PARAMETRIC_REPRESENTATION_CONTEXT() REPRESENTATION_CONTEXT('2D SPACE',''
  ) );
#9373 = PCURVE('',#4152,#9374);
#9374 = DEFINITIONAL_REPRESENTATION('',(#9375),#9392);
#9375 = B_SPLINE_CURVE_WITH_KNOTS('',8,(#9376,#9377,#9378,#9379,#9380,
    #9381,#9382,#9383,#9384,#9385,#9386,#9387,#9388,#9389,#9390,#9391),
  .UNSPECIFIED.,.F.,.F.,(9,7,9),(0.,0.616132264337,1.),.UNSPECIFIED.);
#9376 = CARTESIAN_POINT('',(8.191805632637,0.));
#9377 = CARTESIAN_POINT('',(7.811881492751,4.565761716016E-03));
#9378 = CARTESIAN_POINT('',(7.439986493555,9.780189278779E-03));
#9379 = CARTESIAN_POINT('',(7.077472027416,1.566162062146E-02));
#9380 = CARTESIAN_POINT('',(6.726738081593,2.223080049141E-02));
#9381 = CARTESIAN_POINT('',(6.391080174106,2.950365055277E-02));
#9382 = CARTESIAN_POINT('',(6.074663164121,3.748886618701E-02));
#9383 = CARTESIAN_POINT('',(5.782415443474,4.618318215444E-02));
#9384 = CARTESIAN_POINT('',(5.356831472306,6.142832241934E-02));
#9385 = CARTESIAN_POINT('',(5.205212513895,6.754838115942E-02));
#9386 = CARTESIAN_POINT('',(5.066964823786,7.392514207498E-02));
#9387 = CARTESIAN_POINT('',(4.943886550422,8.053973323501E-02));
#9388 = CARTESIAN_POINT('',(4.83783188087,8.736438531879E-02));
#9389 = CARTESIAN_POINT('',(4.750615319311,9.436132688022E-02));
#9390 = CARTESIAN_POINT('',(4.683843521428,0.101480998342));
#9391 = CARTESIAN_POINT('',(4.638578123682,0.108658743633));
#9392 = ( GEOMETRIC_REPRESENTATION_CONTEXT(2) 
PARAMETRIC_REPRESENTATION_CONTEXT() REPRESENTATION_CONTEXT('2D SPACE',''
  ) );
#9393 = ORIENTED_EDGE('',*,*,#9394,.F.);
#9394 = EDGE_CURVE('',#8952,#9333,#9395,.T.);
#9395 = SURFACE_CURVE('',#9396,(#9413,#9433),.PCURVE_S1.);
#9396 = B_SPLINE_CURVE_WITH_KNOTS('',8,(#9397,#9398,#9399,#9400,#9401,
    #9402,#9403,#9404,#9405,#9406,#9407,#9408,#9409,#9410,#9411,#9412),
  .UNSPECIFIED.,.F.,.F.,(9,7,9),(0.,0.592122287447,1.),.UNSPECIFIED.);
#9397 = CARTESIAN_POINT('',(112.47180563263,87.,-5.12));
#9398 = CARTESIAN_POINT('',(112.82263877634,86.838429314929,
    -5.334350442195));
#9399 = CARTESIAN_POINT('',(113.19544937209,86.69517736119,
    -5.524398034154));
#9400 = CARTESIAN_POINT('',(113.59086972771,86.571422066814,
    -5.688580058026));
#9401 = CARTESIAN_POINT('',(114.00919654641,86.469292273758,
    -5.824072250148));
#9402 = CARTESIAN_POINT('',(114.45013618811,86.391561828089,
    -5.927194641402));
#9403 = CARTESIAN_POINT('',(114.91279701028,86.341689327647,
    -5.993358825321));
#9404 = CARTESIAN_POINT('',(115.39546008132,86.323546291068,
    -6.017428587183));
#9405 = CARTESIAN_POINT('',(116.24101315684,86.355041256575,
    -5.975645266277));
#9406 = CARTESIAN_POINT('',(116.5946349226,86.385352735279,
    -5.935432037863));
#9407 = CARTESIAN_POINT('',(116.95487223799,86.434766266776,
    -5.869876752744));
#9408 = CARTESIAN_POINT('',(117.31882427177,86.504758783412,
    -5.777020014006));
#9409 = CARTESIAN_POINT('',(117.68283106035,86.596428888372,
    -5.655404341426));
#9410 = CARTESIAN_POINT('',(118.04251774654,86.71021007423,
    -5.504454634855));
#9411 = CARTESIAN_POINT('',(118.39282627745,86.845551502163,
    -5.324901673797));
#9412 = CARTESIAN_POINT('',(118.72819436736,87.,-5.12));
#9413 = PCURVE('',#2028,#9414);
#9414 = DEFINITIONAL_REPRESENTATION('',(#9415),#9432);
#9415 = B_SPLINE_CURVE_WITH_KNOTS('',8,(#9416,#9417,#9418,#9419,#9420,
    #9421,#9422,#9423,#9424,#9425,#9426,#9427,#9428,#9429,#9430,#9431),
  .UNSPECIFIED.,.F.,.F.,(9,7,9),(0.,0.592122287447,1.),.UNSPECIFIED.);
#9416 = CARTESIAN_POINT('',(4.163938348368,98.));
#9417 = CARTESIAN_POINT('',(4.232460446749,98.161570685071));
#9418 = CARTESIAN_POINT('',(4.301996553216,98.30482263881));
#9419 = CARTESIAN_POINT('',(4.372990215733,98.428577933186));
#9420 = CARTESIAN_POINT('',(4.445792704296,98.530707726242));
#9421 = CARTESIAN_POINT('',(4.520709502221,98.608438171911));
#9422 = CARTESIAN_POINT('',(4.598069298454,98.658310672353));
#9423 = CARTESIAN_POINT('',(4.678217234209,98.676453708932));
#9424 = CARTESIAN_POINT('',(4.819314703419,98.644958743425));
#9425 = CARTESIAN_POINT('',(4.878510595829,98.614647264721));
#9426 = CARTESIAN_POINT('',(4.939306840158,98.565233733224));
#9427 = CARTESIAN_POINT('',(5.001596096614,98.495241216587));
#9428 = CARTESIAN_POINT('',(5.065213833117,98.403571111628));
#9429 = CARTESIAN_POINT('',(5.12991426061,98.28978992577));
#9430 = CARTESIAN_POINT('',(5.195338032341,98.154448497837));
#9431 = CARTESIAN_POINT('',(5.260839612402,98.));
#9432 = ( GEOMETRIC_REPRESENTATION_CONTEXT(2) 
PARAMETRIC_REPRESENTATION_CONTEXT() REPRESENTATION_CONTEXT('2D SPACE',''
  ) );
#9433 = PCURVE('',#9434,#9439);
#9434 = B_SPLINE_SURFACE_WITH_KNOTS('',1,1,(
    (#9435,#9436)
    ,(#9437,#9438
    )),.UNSPECIFIED.,.F.,.F.,.F.,(2,2),(2,2),(2.020683147051,
    251.81931685294),(0.,1.),.PIECEWISE_BEZIER_KNOTS.);
#9435 = CARTESIAN_POINT('',(104.46798633269,69.,-29.));
#9436 = CARTESIAN_POINT('',(124.89931685294,87.,-5.12));
#9437 = CARTESIAN_POINT('',(-104.4679863326,69.,-29.));
#9438 = CARTESIAN_POINT('',(-124.8993168529,87.,-5.12));
#9439 = DEFINITIONAL_REPRESENTATION('',(#9440),#9457);
#9440 = B_SPLINE_CURVE_WITH_KNOTS('',8,(#9441,#9442,#9443,#9444,#9445,
    #9446,#9447,#9448,#9449,#9450,#9451,#9452,#9453,#9454,#9455,#9456),
  .UNSPECIFIED.,.F.,.F.,(9,7,9),(0.,0.592122287447,1.),.UNSPECIFIED.);
#9441 = CARTESIAN_POINT('',(14.448194367363,1.));
#9442 = CARTESIAN_POINT('',(13.93221436573,0.991023850829));
#9443 = CARTESIAN_POINT('',(13.411249400269,0.983065408955));
#9444 = CARTESIAN_POINT('',(12.886185241845,0.976190114823));
#9445 = CARTESIAN_POINT('',(12.359269455218,0.970516237431));
#9446 = CARTESIAN_POINT('',(11.834110150289,0.966197879338));
#9447 = CARTESIAN_POINT('',(11.315763948405,0.963427184869));
#9448 = CARTESIAN_POINT('',(10.810669857003,0.962419238393));
#9449 = CARTESIAN_POINT('',(9.993603992148,0.964168958699));
#9450 = CARTESIAN_POINT('',(9.670255848682,0.965852929738));
#9451 = CARTESIAN_POINT('',(9.360912000112,0.968598125932));
#9452 = CARTESIAN_POINT('',(9.070284660262,0.972486599078));
#9453 = CARTESIAN_POINT('',(8.803428631005,0.977579382687));
#9454 = CARTESIAN_POINT('',(8.565342732568,0.983900559679));
#9455 = CARTESIAN_POINT('',(8.360525136496,0.991419527898));
#9456 = CARTESIAN_POINT('',(8.191805632637,1.));
#9457 = ( GEOMETRIC_REPRESENTATION_CONTEXT(2) 
PARAMETRIC_REPRESENTATION_CONTEXT() REPRESENTATION_CONTEXT('2D SPACE',''
  ) );
#9458 = ADVANCED_FACE('',(#9459),#1938,.F.);
#9459 = FACE_BOUND('',#9460,.F.);
#9460 = EDGE_LOOP('',(#9461,#9777,#9798,#9799,#9800,#9801,#9802,#9876));
#9461 = ORIENTED_EDGE('',*,*,#9462,.F.);
#9462 = EDGE_CURVE('',#9463,#9465,#9467,.T.);
#9463 = VERTEX_POINT('',#9464);
#9464 = CARTESIAN_POINT('',(-109.6,86.21765704584,-2.061374175528E-14));
#9465 = VERTEX_POINT('',#9466);
#9466 = CARTESIAN_POINT('',(-118.7281943673,87.,-5.12));
#9467 = SURFACE_CURVE('',#9468,(#9569,#9673),.PCURVE_S1.);
#9468 = B_SPLINE_CURVE_WITH_KNOTS('',8,(#9469,#9470,#9471,#9472,#9473,
    #9474,#9475,#9476,#9477,#9478,#9479,#9480,#9481,#9482,#9483,#9484,
    #9485,#9486,#9487,#9488,#9489,#9490,#9491,#9492,#9493,#9494,#9495,
    #9496,#9497,#9498,#9499,#9500,#9501,#9502,#9503,#9504,#9505,#9506,
    #9507,#9508,#9509,#9510,#9511,#9512,#9513,#9514,#9515,#9516,#9517,
    #9518,#9519,#9520,#9521,#9522,#9523,#9524,#9525,#9526,#9527,#9528,
    #9529,#9530,#9531,#9532,#9533,#9534,#9535,#9536,#9537,#9538,#9539,
    #9540,#9541,#9542,#9543,#9544,#9545,#9546,#9547,#9548,#9549,#9550,
    #9551,#9552,#9553,#9554,#9555,#9556,#9557,#9558,#9559,#9560,#9561,
    #9562,#9563,#9564,#9565,#9566,#9567,#9568),.UNSPECIFIED.,.F.,.F.,(9,
    7,7,7,7,7,7,7,7,7,7,7,7,7,9),(0.,5.699426805341E-02,0.104161981454,
    0.16573452018,0.215330856222,0.353710584429,0.498329151959,
    0.608259313464,0.655902557192,0.697432744334,0.732276285767,
    0.78080870117,0.804137064871,0.847809578694,1.),.UNSPECIFIED.);
#9469 = CARTESIAN_POINT('',(-109.6,86.21765704584,-2.04281036531E-14));
#9470 = CARTESIAN_POINT('',(-109.6,86.185513343758,0.21036267252));
#9471 = CARTESIAN_POINT('',(-109.6084291574,86.153511335522,
    0.419798037527));
#9472 = CARTESIAN_POINT('',(-109.62515687,86.121765976216,0.627553777878
    ));
#9473 = CARTESIAN_POINT('',(-109.6499523698,86.090377472098,
    0.832974099271));
#9474 = CARTESIAN_POINT('',(-109.6825135931,86.059432668546,
    1.035490646959));
#9475 = CARTESIAN_POINT('',(-109.7224902824,86.029006198854,
    1.234614987502));
#9476 = CARTESIAN_POINT('',(-109.7695013193,85.999161393887,
    1.429932655562));
#9477 = CARTESIAN_POINT('',(-109.8675421677,85.94577677212,
    1.779305346905));
#9478 = CARTESIAN_POINT('',(-109.9164861677,85.922034762985,
    1.934683606686));
#9479 = CARTESIAN_POINT('',(-109.9697585566,85.898751584465,
    2.087059075003));
#9480 = CARTESIAN_POINT('',(-110.0271370995,85.875948631835,
    2.23629173166));
#9481 = CARTESIAN_POINT('',(-110.0884011376,85.853642536517,
    2.382272733236));
#9482 = CARTESIAN_POINT('',(-110.153335667,85.831845666214,2.52492114));
#9483 = CARTESIAN_POINT('',(-110.2217354176,85.810566625035,
    2.664180642829));
#9484 = CARTESIAN_POINT('',(-110.3869712397,85.762716124623,
    2.977335584409));
#9485 = CARTESIAN_POINT('',(-110.4861041779,85.736515225589,
    3.148805912531));
#9486 = CARTESIAN_POINT('',(-110.5903850875,85.711217841035,
    3.314363240335));
#9487 = CARTESIAN_POINT('',(-110.6994168624,85.686828516172,
    3.473977821944));
#9488 = CARTESIAN_POINT('',(-110.8128310411,85.663347225526,
    3.627649824056));
#9489 = CARTESIAN_POINT('',(-110.9302908985,85.640770041558,
    3.775404950248));
#9490 = CARTESIAN_POINT('',(-111.0514945384,85.619089803269,
    3.917290065272));
#9491 = CARTESIAN_POINT('',(-111.276609806,85.581548124592,
    4.162979495724));
#9492 = CARTESIAN_POINT('',(-111.3792934892,85.565376087875,
    4.268816491572));
#9493 = CARTESIAN_POINT('',(-111.484087935,85.54977598327,4.370910509486
    ));
#9494 = CARTESIAN_POINT('',(-111.5908612349,85.534742969882,
    4.469293230442));
#9495 = CARTESIAN_POINT('',(-111.6994907165,85.520272085815,
    4.563997127275));
#9496 = CARTESIAN_POINT('',(-111.809862987,85.506358276683,
    4.655055278151));
#9497 = CARTESIAN_POINT('',(-111.9218739777,85.492996424104,
    4.742501180034));
#9498 = CARTESIAN_POINT('',(-112.3522610896,85.444425847412,
    5.060368620829));
#9499 = CARTESIAN_POINT('',(-112.6809842395,85.41294159813,
    5.266415541128));
#9500 = CARTESIAN_POINT('',(-113.0196678467,85.385595808847,
    5.445378539881));
#9501 = CARTESIAN_POINT('',(-113.3666426394,85.362304838626,
    5.597805000549));
#9502 = CARTESIAN_POINT('',(-113.7204392602,85.343008572859,
    5.724088339846));
#9503 = CARTESIAN_POINT('',(-114.0797742631,85.32766521108,
    5.824502118599));
#9504 = CARTESIAN_POINT('',(-114.4435610389,85.316258804995,
    5.899150709532));
#9505 = CARTESIAN_POINT('',(-115.1948478479,85.301029167783,
    5.998820224178));
#9506 = CARTESIAN_POINT('',(-115.5823100096,85.297578439489,
    6.021403323791));
#9507 = CARTESIAN_POINT('',(-115.9723180124,85.298471585812,6.0155581773
    ));
#9508 = CARTESIAN_POINT('',(-116.3637094918,85.303775915609,
    5.980844285626));
#9509 = CARTESIAN_POINT('',(-116.7551407691,85.313597899384,
    5.916564858474));
#9510 = CARTESIAN_POINT('',(-117.1450855026,85.32807275593,
    5.821834963972));
#9511 = CARTESIAN_POINT('',(-117.5318295244,85.347371818136,
    5.69553332353));
#9512 = CARTESIAN_POINT('',(-118.2035323087,85.39026255438,
    5.414837283002));
#9513 = CARTESIAN_POINT('',(-118.4904229296,85.411699544014,
    5.274544095286));
#9514 = CARTESIAN_POINT('',(-118.7733518764,85.436154409113,
    5.114500589248));
#9515 = CARTESIAN_POINT('',(-119.0511922093,85.463741134829,
    4.933960795397));
#9516 = CARTESIAN_POINT('',(-119.3224841195,85.494571136491,4.7321955623
    ));
#9517 = CARTESIAN_POINT('',(-119.5854523457,85.528743724994,
    4.50855495532));
#9518 = CARTESIAN_POINT('',(-119.8380156965,85.566339787431,
    4.262509613369));
#9519 = CARTESIAN_POINT('',(-120.1817052216,85.625222093841,
    3.877157630308));
#9520 = CARTESIAN_POINT('',(-120.2831900767,85.643674749022,
    3.756395253622));
#9521 = CARTESIAN_POINT('',(-120.3820357626,85.662778025593,
    3.631374921396));
#9522 = CARTESIAN_POINT('',(-120.4780150664,85.682530313566,
    3.502107170105));
#9523 = CARTESIAN_POINT('',(-120.570884729,85.702926289201,
    3.368626840675));
#9524 = CARTESIAN_POINT('',(-120.6603891315,85.723956188316,
    3.230997834243));
#9525 = CARTESIAN_POINT('',(-120.7462639824,85.745605079605,
    3.089317867916));
#9526 = CARTESIAN_POINT('',(-120.8996977652,85.78724469866,
    2.816809694327));
#9527 = CARTESIAN_POINT('',(-120.9681938209,85.807091989714,
    2.686920200652));
#9528 = CARTESIAN_POINT('',(-121.0335463888,85.827378965715,
    2.554153213266));
#9529 = CARTESIAN_POINT('',(-121.0955726499,85.848087277896,
    2.418628814661));
#9530 = CARTESIAN_POINT('',(-121.1540925775,85.869194872305,
    2.280491335696));
#9531 = CARTESIAN_POINT('',(-121.2089327665,85.890675587997,
    2.139911985223));
#9532 = CARTESIAN_POINT('',(-121.2599302629,85.91249875522,
    1.997091479726));
#9533 = CARTESIAN_POINT('',(-121.3463742123,85.953195743636,
    1.73075229998));
#9534 = CARTESIAN_POINT('',(-121.3830045261,85.971979624645,
    1.607822234267));
#9535 = CARTESIAN_POINT('',(-121.4167386309,85.990958974212,
    1.483612935435));
#9536 = CARTESIAN_POINT('',(-121.4474983609,86.010111160661,
    1.358272515231));
#9537 = CARTESIAN_POINT('',(-121.4752170344,86.029412348101,
    1.231956966316));
#9538 = CARTESIAN_POINT('',(-121.4998404006,86.048837461472,
    1.104830391035));
#9539 = CARTESIAN_POINT('',(-121.5213275869,86.068360151582,0.9770652302
    ));
#9540 = CARTESIAN_POINT('',(-121.5651755776,86.115242656046,
    0.670245284321));
#9541 = CARTESIAN_POINT('',(-121.5845668712,86.142672050959,
    0.490735133172));
#9542 = CARTESIAN_POINT('',(-121.5977500431,86.170164410703,
    0.310812912177));
#9543 = CARTESIAN_POINT('',(-121.6047144544,86.197646704368,
    0.130956568083));
#9544 = CARTESIAN_POINT('',(-121.6055054898,86.225049380152,
    -4.837872121566E-02));
#9545 = CARTESIAN_POINT('',(-121.6002172869,86.252306346244,
    -0.22676042153));
#9546 = CARTESIAN_POINT('',(-121.5889874119,86.279354956741,
    -0.403778550226));
#9547 = CARTESIAN_POINT('',(-121.5638249119,86.319009006625,
    -0.663292276688));
#9548 = CARTESIAN_POINT('',(-121.5543239955,86.331821059868,
    -0.747140047358));
#9549 = CARTESIAN_POINT('',(-121.5435098519,86.344566053879,
    -0.830548952611));
#9550 = CARTESIAN_POINT('',(-121.5314032644,86.357238284333,
    -0.913481660801));
#9551 = CARTESIAN_POINT('',(-121.5180264347,86.369832436439,
    -0.995903389582));
#9552 = CARTESIAN_POINT('',(-121.5034027353,86.382343570345,
    -1.077781810368));
#9553 = CARTESIAN_POINT('',(-121.4875564617,86.39476710654,
    -1.159086952798));
#9554 = CARTESIAN_POINT('',(-121.4386051189,86.430184722951,
    -1.390875575757));
#9555 = CARTESIAN_POINT('',(-121.4025006747,86.452948509072,
    -1.539851909373));
#9556 = CARTESIAN_POINT('',(-121.3623631464,86.475363030846,
    -1.686542501873));
#9557 = CARTESIAN_POINT('',(-121.3183631545,86.497405529405,
    -1.830798409109));
#9558 = CARTESIAN_POINT('',(-121.2706744549,86.519057264827,
    -1.972496988703));
#9559 = CARTESIAN_POINT('',(-121.2194703489,86.540303155179,
    -2.111539537785));
#9560 = CARTESIAN_POINT('',(-121.1649200922,86.561131415562,
    -2.247848930733));
#9561 = CARTESIAN_POINT('',(-120.9059905314,86.652629533588,
    -2.846653280923));
#9562 = CARTESIAN_POINT('',(-120.6665493506,86.718397028248,
    -3.277064995981));
#9563 = CARTESIAN_POINT('',(-120.3953827568,86.778720028569,
    -3.671845520303));
#9564 = CARTESIAN_POINT('',(-120.098040902,86.83355233369,
    -4.030692494927));
#9565 = CARTESIAN_POINT('',(-119.7793207291,86.882955289661,
    -4.35400739567));
#9566 = CARTESIAN_POINT('',(-119.443078049,86.927054778007,
    -4.64261404718));
#9567 = CARTESIAN_POINT('',(-119.0921683162,86.966020163578,
    -4.897620848308));
#9568 = CARTESIAN_POINT('',(-118.7281943673,87.,-5.12));
#9569 = PCURVE('',#1938,#9570);
#9570 = DEFINITIONAL_REPRESENTATION('',(#9571),#9672);
#9571 = B_SPLINE_CURVE_WITH_KNOTS('',8,(#9572,#9573,#9574,#9575,#9576,
    #9577,#9578,#9579,#9580,#9581,#9582,#9583,#9584,#9585,#9586,#9587,
    #9588,#9589,#9590,#9591,#9592,#9593,#9594,#9595,#9596,#9597,#9598,
    #9599,#9600,#9601,#9602,#9603,#9604,#9605,#9606,#9607,#9608,#9609,
    #9610,#9611,#9612,#9613,#9614,#9615,#9616,#9617,#9618,#9619,#9620,
    #9621,#9622,#9623,#9624,#9625,#9626,#9627,#9628,#9629,#9630,#9631,
    #9632,#9633,#9634,#9635,#9636,#9637,#9638,#9639,#9640,#9641,#9642,
    #9643,#9644,#9645,#9646,#9647,#9648,#9649,#9650,#9651,#9652,#9653,
    #9654,#9655,#9656,#9657,#9658,#9659,#9660,#9661,#9662,#9663,#9664,
    #9665,#9666,#9667,#9668,#9669,#9670,#9671),.UNSPECIFIED.,.F.,.F.,(9,
    7,7,7,7,7,7,7,7,7,7,7,7,7,9),(0.,5.699426805341E-02,0.104161981454,
    0.16573452018,0.215330856222,0.353710584429,0.498329151959,
    0.608259313464,0.655902557192,0.697432744334,0.732276285767,
    0.78080870117,0.804137064871,0.847809578694,1.),.UNSPECIFIED.);
#9572 = CARTESIAN_POINT('',(0.,98.78234295416));
#9573 = CARTESIAN_POINT('',(3.506044542004E-02,98.814486656242));
#9574 = CARTESIAN_POINT('',(6.996632517695E-02,98.846488664478));
#9575 = CARTESIAN_POINT('',(0.104657993926,98.878234023784));
#9576 = CARTESIAN_POINT('',(0.139089268639,98.909622527902));
#9577 = CARTESIAN_POINT('',(0.173223762903,98.940567331454));
#9578 = CARTESIAN_POINT('',(0.207032312621,98.970993801146));
#9579 = CARTESIAN_POINT('',(0.240491493142,99.000838606113));
#9580 = CARTESIAN_POINT('',(0.300969516104,99.05422322788));
#9581 = CARTESIAN_POINT('',(0.328106720571,99.077965237015));
#9582 = CARTESIAN_POINT('',(0.354988356163,99.101248415535));
#9583 = CARTESIAN_POINT('',(0.381610761944,99.124051368165));
#9584 = CARTESIAN_POINT('',(0.407972877517,99.146357463483));
#9585 = CARTESIAN_POINT('',(0.434076019451,99.168154333786));
#9586 = CARTESIAN_POINT('',(0.459923657711,99.189433374965));
#9587 = CARTESIAN_POINT('',(0.518936107983,99.237283875377));
#9588 = CARTESIAN_POINT('',(0.551922108874,99.263484774411));
#9589 = CARTESIAN_POINT('',(0.584493798368,99.288782158965));
#9590 = CARTESIAN_POINT('',(0.616666582411,99.313171483828));
#9591 = CARTESIAN_POINT('',(0.648457045888,99.336652774474));
#9592 = CARTESIAN_POINT('',(0.679883329232,99.359229958442));
#9593 = CARTESIAN_POINT('',(0.710965505027,99.380910196731));
#9594 = CARTESIAN_POINT('',(0.766503324962,99.418451875408));
#9595 = CARTESIAN_POINT('',(0.79107051897,99.434623912125));
#9596 = CARTESIAN_POINT('',(0.815438590619,99.45022401673));
#9597 = CARTESIAN_POINT('',(0.839618119921,99.465257030118));
#9598 = CARTESIAN_POINT('',(0.863619394723,99.479727914185));
#9599 = CARTESIAN_POINT('',(0.887452592495,99.493641723317));
#9600 = CARTESIAN_POINT('',(0.911127962124,99.507003575896));
#9601 = CARTESIAN_POINT('',(1.000302070226,99.555574152588));
#9602 = CARTESIAN_POINT('',(1.064774539117,99.58705840187));
#9603 = CARTESIAN_POINT('',(1.12833154769,99.614404191153));
#9604 = CARTESIAN_POINT('',(1.191170479961,99.637695161374));
#9605 = CARTESIAN_POINT('',(1.253468135982,99.656991427141));
#9606 = CARTESIAN_POINT('',(1.315397302591,99.67233478892));
#9607 = CARTESIAN_POINT('',(1.377137971142,99.683741195005));
#9608 = CARTESIAN_POINT('',(1.503449521763,99.698970832217));
#9609 = CARTESIAN_POINT('',(1.567960581284,99.702421560511));
#9610 = CARTESIAN_POINT('',(1.632679312237,99.701528414188));
#9611 = CARTESIAN_POINT('',(1.697810854329,99.696224084391));
#9612 = CARTESIAN_POINT('',(1.763551903393,99.686402100616));
#9613 = CARTESIAN_POINT('',(1.830103892308,99.67192724407));
#9614 = CARTESIAN_POINT('',(1.89769366168,99.652628181864));
#9615 = CARTESIAN_POINT('',(2.019025953069,99.60973744562));
#9616 = CARTESIAN_POINT('',(2.072159559823,99.588300455986));
#9617 = CARTESIAN_POINT('',(2.126171884776,99.563845590887));
#9618 = CARTESIAN_POINT('',(2.181183614844,99.536258865171));
#9619 = CARTESIAN_POINT('',(2.23729989421,99.505428863509));
#9620 = CARTESIAN_POINT('',(2.294618880654,99.471256275006));
#9621 = CARTESIAN_POINT('',(2.353241056832,99.433660212569));
#9622 = CARTESIAN_POINT('',(2.439299602884,99.374777906159));
#9623 = CARTESIAN_POINT('',(2.46557868991,99.356325250978));
#9624 = CARTESIAN_POINT('',(2.492121369003,99.337221974407));
#9625 = CARTESIAN_POINT('',(2.518930307469,99.317469686434));
#9626 = CARTESIAN_POINT('',(2.546005741845,99.297073710799));
#9627 = CARTESIAN_POINT('',(2.573345191262,99.276043811684));
#9628 = CARTESIAN_POINT('',(2.60094317081,99.254394920395));
#9629 = CARTESIAN_POINT('',(2.653065524292,99.21275530134));
#9630 = CARTESIAN_POINT('',(2.677530196142,99.192908010286));
#9631 = CARTESIAN_POINT('',(2.702177439422,99.172621034285));
#9632 = CARTESIAN_POINT('',(2.726998175412,99.151912722104));
#9633 = CARTESIAN_POINT('',(2.751981319541,99.130805127695));
#9634 = CARTESIAN_POINT('',(2.777113373226,99.109324412003));
#9635 = CARTESIAN_POINT('',(2.802378015716,99.08750124478));
#9636 = CARTESIAN_POINT('',(2.84904739512,99.046804256364));
#9637 = CARTESIAN_POINT('',(2.870419708517,99.028020375355));
#9638 = CARTESIAN_POINT('',(2.891860491969,99.009041025788));
#9639 = CARTESIAN_POINT('',(2.91335743557,98.989888839339));
#9640 = CARTESIAN_POINT('',(2.934897846913,98.970587651899));
#9641 = CARTESIAN_POINT('',(2.956468434363,98.951162538528));
#9642 = CARTESIAN_POINT('',(2.978055090316,98.931639848418));
#9643 = CARTESIAN_POINT('',(3.029711305785,98.884757343954));
#9644 = CARTESIAN_POINT('',(3.059785968491,98.857327949041));
#9645 = CARTESIAN_POINT('',(3.089823677529,98.829835589297));
#9646 = CARTESIAN_POINT('',(3.119786789423,98.802353295632));
#9647 = CARTESIAN_POINT('',(3.149641496603,98.774950619848));
#9648 = CARTESIAN_POINT('',(3.17935659536,98.747693653756));
#9649 = CARTESIAN_POINT('',(3.208902527434,98.720645043259));
#9650 = CARTESIAN_POINT('',(3.252357652956,98.680990993375));
#9651 = CARTESIAN_POINT('',(3.266419868681,98.668178940132));
#9652 = CARTESIAN_POINT('',(3.280434684597,98.655433946121));
#9653 = CARTESIAN_POINT('',(3.294399734647,98.642761715667));
#9654 = CARTESIAN_POINT('',(3.308312922154,98.630167563561));
#9655 = CARTESIAN_POINT('',(3.322172397461,98.617656429655));
#9656 = CARTESIAN_POINT('',(3.335976535553,98.60523289346));
#9657 = CARTESIAN_POINT('',(3.375460076321,98.569815277049));
#9658 = CARTESIAN_POINT('',(3.400996977454,98.547051490928));
#9659 = CARTESIAN_POINT('',(3.426326074308,98.524636969154));
#9660 = CARTESIAN_POINT('',(3.451441412859,98.502594470595));
#9661 = CARTESIAN_POINT('',(3.476339394862,98.480942735173));
#9662 = CARTESIAN_POINT('',(3.501018544874,98.459696844821));
#9663 = CARTESIAN_POINT('',(3.525479277265,98.438868584438));
#9664 = CARTESIAN_POINT('',(3.634210746606,98.347370466412));
#9665 = CARTESIAN_POINT('',(3.715892858559,98.281602971752));
#9666 = CARTESIAN_POINT('',(3.795141454235,98.221279971431));
#9667 = CARTESIAN_POINT('',(3.872207448399,98.16644766631));
#9668 = CARTESIAN_POINT('',(3.947337311642,98.117044710339));
#9669 = CARTESIAN_POINT('',(4.020783823026,98.072945221993));
#9670 = CARTESIAN_POINT('',(4.092849686483,98.033979836422));
#9671 = CARTESIAN_POINT('',(4.163938348368,98.));
#9672 = ( GEOMETRIC_REPRESENTATION_CONTEXT(2) 
PARAMETRIC_REPRESENTATION_CONTEXT() REPRESENTATION_CONTEXT('2D SPACE',''
  ) );
#9673 = PCURVE('',#4152,#9674);
#9674 = DEFINITIONAL_REPRESENTATION('',(#9675),#9776);
#9675 = B_SPLINE_CURVE_WITH_KNOTS('',8,(#9676,#9677,#9678,#9679,#9680,
    #9681,#9682,#9683,#9684,#9685,#9686,#9687,#9688,#9689,#9690,#9691,
    #9692,#9693,#9694,#9695,#9696,#9697,#9698,#9699,#9700,#9701,#9702,
    #9703,#9704,#9705,#9706,#9707,#9708,#9709,#9710,#9711,#9712,#9713,
    #9714,#9715,#9716,#9717,#9718,#9719,#9720,#9721,#9722,#9723,#9724,
    #9725,#9726,#9727,#9728,#9729,#9730,#9731,#9732,#9733,#9734,#9735,
    #9736,#9737,#9738,#9739,#9740,#9741,#9742,#9743,#9744,#9745,#9746,
    #9747,#9748,#9749,#9750,#9751,#9752,#9753,#9754,#9755,#9756,#9757,
    #9758,#9759,#9760,#9761,#9762,#9763,#9764,#9765,#9766,#9767,#9768,
    #9769,#9770,#9771,#9772,#9773,#9774,#9775),.UNSPECIFIED.,.F.,.F.,(9,
    7,7,7,7,7,7,7,7,7,7,7,7,7,9),(0.,5.699426805341E-02,0.104161981454,
    0.16573452018,0.215330856222,0.353710584429,0.498329151959,
    0.608259313464,0.655902557192,0.697432744334,0.732276285767,
    0.78080870117,0.804137064871,0.847809578694,1.),.UNSPECIFIED.);
#9676 = CARTESIAN_POINT('',(237.13417629641,0.108658743633));
#9677 = CARTESIAN_POINT('',(237.15955203402,0.1131231467));
#9678 = CARTESIAN_POINT('',(237.19330565745,0.117567870066));
#9679 = CARTESIAN_POINT('',(237.23522270123,0.121976947748));
#9680 = CARTESIAN_POINT('',(237.28499905297,0.126336462209));
#9681 = CARTESIAN_POINT('',(237.34226855785,0.130634351591));
#9682 = CARTESIAN_POINT('',(237.4066251489,0.134860250159));
#9683 = CARTESIAN_POINT('',(237.47763950328,0.13900536196));
#9684 = CARTESIAN_POINT('',(237.61878536256,0.146419892761));
#9685 = CARTESIAN_POINT('',(237.6869644897,0.14971739403));
#9686 = CARTESIAN_POINT('',(237.75916726154,0.152951168824));
#9687 = CARTESIAN_POINT('',(237.8351544784,0.156118245579));
#9688 = CARTESIAN_POINT('',(237.91469184744,0.159216314373));
#9689 = CARTESIAN_POINT('',(237.99755374489,0.16224365747));
#9690 = CARTESIAN_POINT('',(238.08352697829,0.165199079856));
#9691 = CARTESIAN_POINT('',(238.28844801689,0.171844982691));
#9692 = CARTESIAN_POINT('',(238.40943779614,0.175483996446));
#9693 = CARTESIAN_POINT('',(238.53495060491,0.178997522078));
#9694 = CARTESIAN_POINT('',(238.66458218531,0.18238492831));
#9695 = CARTESIAN_POINT('',(238.79796004833,0.185646218677));
#9696 = CARTESIAN_POINT('',(238.93474621915,0.188781938673));
#9697 = CARTESIAN_POINT('',(239.07463998231,0.191793082879));
#9698 = CARTESIAN_POINT('',(239.33235741908,0.197007204918));
#9699 = CARTESIAN_POINT('',(239.44917456866,0.199253321128));
#9700 = CARTESIAN_POINT('',(239.56769231955,0.201420002324));
#9701 = CARTESIAN_POINT('',(239.68778015678,0.20350792085));
#9702 = CARTESIAN_POINT('',(239.80931685336,0.205517765859));
#9703 = CARTESIAN_POINT('',(239.93219051694,0.20745023935));
#9704 = CARTESIAN_POINT('',(240.05629863655,0.209306052208));
#9705 = CARTESIAN_POINT('',(240.53100924172,0.216051965637));
#9706 = CARTESIAN_POINT('',(240.88921361764,0.220424778038));
#9707 = CARTESIAN_POINT('',(241.25428387279,0.224222804327));
#9708 = CARTESIAN_POINT('',(241.62456272921,0.227457661302));
#9709 = CARTESIAN_POINT('',(241.99857302573,0.230137698214));
#9710 = CARTESIAN_POINT('',(242.37500903095,0.232268720683));
#9711 = CARTESIAN_POINT('',(242.75274199622,0.233852943751));
#9712 = CARTESIAN_POINT('',(243.52594952424,0.235968171141));
#9713 = CARTESIAN_POINT('',(243.92107793131,0.23644743896));
#9714 = CARTESIAN_POINT('',(244.31514499386,0.23632339086));
#9715 = CARTESIAN_POINT('',(244.70686784634,0.235586678388));
#9716 = CARTESIAN_POINT('',(245.09474583377,0.234222513974));
#9717 = CARTESIAN_POINT('',(245.47706854008,0.232212117232));
#9718 = CARTESIAN_POINT('',(245.85190551484,0.229531691926));
#9719 = CARTESIAN_POINT('',(246.49461629645,0.223574645225));
#9720 = CARTESIAN_POINT('',(246.76635891503,0.220597285554));
#9721 = CARTESIAN_POINT('',(247.03139399222,0.217200776512));
#9722 = CARTESIAN_POINT('',(247.28846390348,0.213369286829));
#9723 = CARTESIAN_POINT('',(247.53597827399,0.209087342154));
#9724 = CARTESIAN_POINT('',(247.7720416325,0.204341149306));
#9725 = CARTESIAN_POINT('',(247.99447103945,0.199119473968));
#9726 = CARTESIAN_POINT('',(248.29022734343,0.190941375855));
#9727 = CARTESIAN_POINT('',(248.37660228365,0.18837850708));
#9728 = CARTESIAN_POINT('',(248.45971763478,0.185725274223));
#9729 = CARTESIAN_POINT('',(248.53934553411,0.182981900894));
#9730 = CARTESIAN_POINT('',(248.61524554957,0.1801491265));
#9731 = CARTESIAN_POINT('',(248.68716909769,0.177228307178));
#9732 = CARTESIAN_POINT('',(248.75486386166,0.174221516721));
#9733 = CARTESIAN_POINT('',(248.87318158774,0.168438236297));
#9734 = CARTESIAN_POINT('',(248.92488116508,0.165681668095));
#9735 = CARTESIAN_POINT('',(248.97300789091,0.16286403254));
#9736 = CARTESIAN_POINT('',(249.01739490141,0.15998787807));
#9737 = CARTESIAN_POINT('',(249.05788172182,0.157056267735));
#9738 = CARTESIAN_POINT('',(249.09431846889,0.154072835));
#9739 = CARTESIAN_POINT('',(249.12657005344,0.151041839553));
#9740 = CARTESIAN_POINT('',(249.17797051683,0.145389480051));
#9741 = CARTESIAN_POINT('',(249.19839421664,0.142780607688));
#9742 = CARTESIAN_POINT('',(249.21572239328,0.140144586915));
#9743 = CARTESIAN_POINT('',(249.22989774391,0.137484561019));
#9744 = CARTESIAN_POINT('',(249.24087570377,0.134803840542));
#9745 = CARTESIAN_POINT('',(249.24862539829,0.132105908129));
#9746 = CARTESIAN_POINT('',(249.25313059516,0.129394423391));
#9747 = CARTESIAN_POINT('',(249.25614575411,0.122882964438));
#9748 = CARTESIAN_POINT('',(249.25160537889,0.119073326256));
#9749 = CARTESIAN_POINT('',(249.24076519779,0.115254942958));
#9750 = CARTESIAN_POINT('',(249.22368355774,0.111437957727));
#9751 = CARTESIAN_POINT('',(249.20047200685,0.107632030534));
#9752 = CARTESIAN_POINT('',(249.17128781009,0.103846340799));
#9753 = CARTESIAN_POINT('',(249.13632845925,0.100089589342));
#9754 = CARTESIAN_POINT('',(249.07636066678,9.458208241325E-02));
#9755 = CARTESIAN_POINT('',(249.05561160033,9.280263057389E-02));
#9756 = CARTESIAN_POINT('',(249.03360597122,9.103249251675E-02));
#9757 = CARTESIAN_POINT('',(249.01037006638,8.927246050933E-02));
#9758 = CARTESIAN_POINT('',(248.98593122942,8.752327271686E-02));
#9759 = CARTESIAN_POINT('',(248.96031762348,8.578561522987E-02));
#9760 = CARTESIAN_POINT('',(248.9335579943,8.406012409172E-02));
#9761 = CARTESIAN_POINT('',(248.85349433935,7.914101070126E-02));
#9762 = CARTESIAN_POINT('',(248.79739324263,7.597937373995E-02));
#9763 = CARTESIAN_POINT('',(248.73756852814,7.286624571578E-02));
#9764 = CARTESIAN_POINT('',(248.67421312733,6.980478758257E-02));
#9765 = CARTESIAN_POINT('',(248.60751925459,6.679760210731E-02));
#9766 = CARTESIAN_POINT('',(248.53767514404,6.384678400287E-02));
#9767 = CARTESIAN_POINT('',(248.46486178619,6.095397006085E-02));
#9768 = CARTESIAN_POINT('',(248.12575577295,4.824589811283E-02));
#9769 = CARTESIAN_POINT('',(247.82883142901,3.91115238544E-02));
#9770 = CARTESIAN_POINT('',(247.5051452748,3.073332936539E-02));
#9771 = CARTESIAN_POINT('',(247.16029465048,2.311773143195E-02));
#9772 = CARTESIAN_POINT('',(246.79900371544,1.62562097693E-02));
#9773 = CARTESIAN_POINT('',(246.424984505,1.013128083235E-02));
#9774 = CARTESIAN_POINT('',(246.04090479581,4.719421725218E-03));
#9775 = CARTESIAN_POINT('',(245.64819436736,0.));
#9776 = ( GEOMETRIC_REPRESENTATION_CONTEXT(2) 
PARAMETRIC_REPRESENTATION_CONTEXT() REPRESENTATION_CONTEXT('2D SPACE',''
  ) );
#9777 = ORIENTED_EDGE('',*,*,#9778,.F.);
#9778 = EDGE_CURVE('',#8554,#9463,#9779,.T.);
#9779 = SEAM_CURVE('',#9780,(#9784,#9791),.PCURVE_S1.);
#9780 = LINE('',#9781,#9782);
#9781 = CARTESIAN_POINT('',(-109.6,185.,-4.254782807011E-14));
#9782 = VECTOR('',#9783,1.);
#9783 = DIRECTION('',(0.,-1.,2.22044604925E-16));
#9784 = PCURVE('',#1938,#9785);
#9785 = DEFINITIONAL_REPRESENTATION('',(#9786),#9790);
#9786 = LINE('',#9787,#9788);
#9787 = CARTESIAN_POINT('',(6.28318530718,-0.));
#9788 = VECTOR('',#9789,1.);
#9789 = DIRECTION('',(0.,1.));
#9790 = ( GEOMETRIC_REPRESENTATION_CONTEXT(2) 
PARAMETRIC_REPRESENTATION_CONTEXT() REPRESENTATION_CONTEXT('2D SPACE',''
  ) );
#9791 = PCURVE('',#1938,#9792);
#9792 = DEFINITIONAL_REPRESENTATION('',(#9793),#9797);
#9793 = LINE('',#9794,#9795);
#9794 = CARTESIAN_POINT('',(0.,-0.));
#9795 = VECTOR('',#9796,1.);
#9796 = DIRECTION('',(0.,1.));
#9797 = ( GEOMETRIC_REPRESENTATION_CONTEXT(2) 
PARAMETRIC_REPRESENTATION_CONTEXT() REPRESENTATION_CONTEXT('2D SPACE',''
  ) );
#9798 = ORIENTED_EDGE('',*,*,#8633,.T.);
#9799 = ORIENTED_EDGE('',*,*,#1896,.T.);
#9800 = ORIENTED_EDGE('',*,*,#8553,.T.);
#9801 = ORIENTED_EDGE('',*,*,#9778,.T.);
#9802 = ORIENTED_EDGE('',*,*,#9803,.F.);
#9803 = EDGE_CURVE('',#9804,#9463,#9806,.T.);
#9804 = VERTEX_POINT('',#9805);
#9805 = CARTESIAN_POINT('',(-112.4718056326,87.,-5.12));
#9806 = SURFACE_CURVE('',#9807,(#9828,#9852),.PCURVE_S1.);
#9807 = B_SPLINE_CURVE_WITH_KNOTS('',7,(#9808,#9809,#9810,#9811,#9812,
    #9813,#9814,#9815,#9816,#9817,#9818,#9819,#9820,#9821,#9822,#9823,
    #9824,#9825,#9826,#9827),.UNSPECIFIED.,.F.,.F.,(8,6,6,8),(0.,
    0.436188840334,0.602989940923,1.),.UNSPECIFIED.);
#9808 = CARTESIAN_POINT('',(-112.4718056326,87.,-5.12));
#9809 = CARTESIAN_POINT('',(-112.1878192022,86.973487628772,
    -4.946491259406));
#9810 = CARTESIAN_POINT('',(-111.9099754849,86.94369263119,
    -4.751499553012));
#9811 = CARTESIAN_POINT('',(-111.6396107052,86.910490534596,
    -4.534210276412));
#9812 = CARTESIAN_POINT('',(-111.3786322358,86.873768204088,
    -4.293883024531));
#9813 = CARTESIAN_POINT('',(-111.1294551587,86.833446647191,
    -4.030000835508));
#9814 = CARTESIAN_POINT('',(-110.8949237473,86.7895062208,
    -3.742435156124));
#9815 = CARTESIAN_POINT('',(-110.5953483019,86.723853036183,
    -3.312771536796));
#9816 = CARTESIAN_POINT('',(-110.5151039683,86.705176530984,
    -3.190544186108));
#9817 = CARTESIAN_POINT('',(-110.437671743,86.685991511409,
    -3.064988891331));
#9818 = CARTESIAN_POINT('',(-110.3632487987,86.666308145074,
    -2.936172193873));
#9819 = CARTESIAN_POINT('',(-110.2920383006,86.646140630162,
    -2.80418701295));
#9820 = CARTESIAN_POINT('',(-110.2242451028,86.625507844987,
    -2.669156896634));
#9821 = CARTESIAN_POINT('',(-110.0073291222,86.554275279272,
    -2.202979327678));
#9822 = CARTESIAN_POINT('',(-109.8748193257,86.501528659567,
    -1.857782005392));
#9823 = CARTESIAN_POINT('',(-109.7658030856,86.44663920389,
    -1.498561012128));
#9824 = CARTESIAN_POINT('',(-109.6827481878,86.390140251408,
    -1.128806756437));
#9825 = CARTESIAN_POINT('',(-109.6272740522,86.332651817551,
    -0.752576894859));
#9826 = CARTESIAN_POINT('',(-109.6,86.274884396529,-0.374521217286));
#9827 = CARTESIAN_POINT('',(-109.6,86.21765704584,-2.04281036531E-14));
#9828 = PCURVE('',#1938,#9829);
#9829 = DEFINITIONAL_REPRESENTATION('',(#9830),#9851);
#9830 = B_SPLINE_CURVE_WITH_KNOTS('',7,(#9831,#9832,#9833,#9834,#9835,
    #9836,#9837,#9838,#9839,#9840,#9841,#9842,#9843,#9844,#9845,#9846,
    #9847,#9848,#9849,#9850),.UNSPECIFIED.,.F.,.F.,(8,6,6,8),(0.,
    0.436188840334,0.602989940923,1.),.UNSPECIFIED.);
#9831 = CARTESIAN_POINT('',(5.260839612402,98.));
#9832 = CARTESIAN_POINT('',(5.31630571208,98.026512371228));
#9833 = CARTESIAN_POINT('',(5.372764902368,98.05630736881));
#9834 = CARTESIAN_POINT('',(5.430376759822,98.089509465404));
#9835 = CARTESIAN_POINT('',(5.489257806428,98.126231795912));
#9836 = CARTESIAN_POINT('',(5.549498415407,98.166553352809));
#9837 = CARTESIAN_POINT('',(5.61116952097,98.2104937792));
#9838 = CARTESIAN_POINT('',(5.698467903486,98.276146963817));
#9839 = CARTESIAN_POINT('',(5.7228275052,98.294823469016));
#9840 = CARTESIAN_POINT('',(5.747396981465,98.314008488591));
#9841 = CARTESIAN_POINT('',(5.772173330257,98.333691854926));
#9842 = CARTESIAN_POINT('',(5.79715111406,98.353859369838));
#9843 = CARTESIAN_POINT('',(5.822322070705,98.374492155013));
#9844 = CARTESIAN_POINT('',(5.90801760223,98.445724720728));
#9845 = CARTESIAN_POINT('',(5.96949715227,98.498471340433));
#9846 = CARTESIAN_POINT('',(6.031802647179,98.55336079611));
#9847 = CARTESIAN_POINT('',(6.094653529697,98.609859748592));
#9848 = CARTESIAN_POINT('',(6.157755842987,98.667348182449));
#9849 = CARTESIAN_POINT('',(6.220765104299,98.725115603471));
#9850 = CARTESIAN_POINT('',(6.28318530718,98.78234295416));
#9851 = ( GEOMETRIC_REPRESENTATION_CONTEXT(2) 
PARAMETRIC_REPRESENTATION_CONTEXT() REPRESENTATION_CONTEXT('2D SPACE',''
  ) );
#9852 = PCURVE('',#4152,#9853);
#9853 = DEFINITIONAL_REPRESENTATION('',(#9854),#9875);
#9854 = B_SPLINE_CURVE_WITH_KNOTS('',7,(#9855,#9856,#9857,#9858,#9859,
    #9860,#9861,#9862,#9863,#9864,#9865,#9866,#9867,#9868,#9869,#9870,
    #9871,#9872,#9873,#9874),.UNSPECIFIED.,.F.,.F.,(8,6,6,8),(0.,
    0.436188840334,0.602989940923,1.),.UNSPECIFIED.);
#9855 = CARTESIAN_POINT('',(239.39180563263,0.));
#9856 = CARTESIAN_POINT('',(239.12905901367,3.68227378171E-03));
#9857 = CARTESIAN_POINT('',(238.87496912303,7.820467890238E-03));
#9858 = CARTESIAN_POINT('',(238.63095303551,1.243187019499E-02));
#9859 = CARTESIAN_POINT('',(238.3989924676,1.753219387668E-02));
#9860 = CARTESIAN_POINT('',(238.18155550592,2.313241011231E-02));
#9861 = CARTESIAN_POINT('',(237.98150249329,2.923524711111E-02));
#9862 = CARTESIAN_POINT('',(237.73332414521,3.835374497461E-02));
#9863 = CARTESIAN_POINT('',(237.6676892597,4.094770402997E-02));
#9864 = CARTESIAN_POINT('',(237.60525384293,4.36122900821E-02));
#9865 = CARTESIAN_POINT('',(237.5462083028,4.634609096196E-02));
#9866 = CARTESIAN_POINT('',(237.49074623449,4.91471346997E-02));
#9867 = CARTESIAN_POINT('',(237.43905962681,5.201279930742E-02));
#9868 = CARTESIAN_POINT('',(237.27774053339,6.190621121226E-02));
#9869 = CARTESIAN_POINT('',(237.18638384767,6.923213061563E-02));
#9870 = CARTESIAN_POINT('',(237.12020769662,7.685566612632E-02));
#9871 = CARTESIAN_POINT('',(237.08130571203,8.470274286E-02));
#9872 = CARTESIAN_POINT('',(237.07086416089,9.268724756241E-02));
#9873 = CARTESIAN_POINT('',(237.08899835669,0.100710500482));
#9874 = CARTESIAN_POINT('',(237.13417629641,0.108658743633));
#9875 = ( GEOMETRIC_REPRESENTATION_CONTEXT(2) 
PARAMETRIC_REPRESENTATION_CONTEXT() REPRESENTATION_CONTEXT('2D SPACE',''
  ) );
#9876 = ORIENTED_EDGE('',*,*,#9877,.F.);
#9877 = EDGE_CURVE('',#9465,#9804,#9878,.T.);
#9878 = SURFACE_CURVE('',#9879,(#9903,#9930),.PCURVE_S1.);
#9879 = B_SPLINE_CURVE_WITH_KNOTS('',8,(#9880,#9881,#9882,#9883,#9884,
    #9885,#9886,#9887,#9888,#9889,#9890,#9891,#9892,#9893,#9894,#9895,
    #9896,#9897,#9898,#9899,#9900,#9901,#9902),.UNSPECIFIED.,.F.,.F.,(9,
    7,7,9),(0.,0.241074534774,0.76843985039,1.),.UNSPECIFIED.);
#9880 = CARTESIAN_POINT('',(-118.7281943673,87.,-5.12));
#9881 = CARTESIAN_POINT('',(-118.5302299179,86.908830587157,
    -5.240951421038));
#9882 = CARTESIAN_POINT('',(-118.3270051495,86.824293988084,
    -5.353103309142));
#9883 = CARTESIAN_POINT('',(-118.1196399985,86.746891555107,
    -5.455790536891));
#9884 = CARTESIAN_POINT('',(-117.9092239496,86.676915041904,
    -5.548626044407));
#9885 = CARTESIAN_POINT('',(-117.6967990636,86.614492105629,
    -5.631440473199));
#9886 = CARTESIAN_POINT('',(-117.4833475632,86.559622153606,
    -5.70423460955));
#9887 = CARTESIAN_POINT('',(-117.2697839778,86.512202534571,
    -5.767144637469));
#9888 = CARTESIAN_POINT('',(-116.5913685174,86.38419817007,
    -5.936963761041));
#9889 = CARTESIAN_POINT('',(-116.1301926317,86.331276117835,
    -6.007173683672));
#9890 = CARTESIAN_POINT('',(-115.6791504055,86.310496493912,
    -6.034741318076));
#9891 = CARTESIAN_POINT('',(-115.2421322278,86.318462141271,
    -6.024173559247));
#9892 = CARTESIAN_POINT('',(-114.8216362988,86.351888487943,
    -5.979827939329));
#9893 = CARTESIAN_POINT('',(-114.4189129821,86.407754395958,
    -5.905712501362));
#9894 = CARTESIAN_POINT('',(-114.0341335523,86.483617361509,
    -5.805067633732));
#9895 = CARTESIAN_POINT('',(-113.5051928953,86.619331843662,
    -5.625019754076));
#9896 = CARTESIAN_POINT('',(-113.3472369469,86.664267829854,
    -5.56540467906));
#9897 = CARTESIAN_POINT('',(-113.1927175355,86.712572557366,
    -5.501320407227));
#9898 = CARTESIAN_POINT('',(-113.0416399189,86.764101597701,
    -5.43295854705));
#9899 = CARTESIAN_POINT('',(-112.8940084969,86.818723141858,
    -5.360493965135));
#9900 = CARTESIAN_POINT('',(-112.7498257622,86.876317109282,
    -5.284085968352));
#9901 = CARTESIAN_POINT('',(-112.6090919853,86.93677493001,
    -5.203878592854));
#9902 = CARTESIAN_POINT('',(-112.4718056326,87.,-5.12));
#9903 = PCURVE('',#1938,#9904);
#9904 = DEFINITIONAL_REPRESENTATION('',(#9905),#9929);
#9905 = B_SPLINE_CURVE_WITH_KNOTS('',8,(#9906,#9907,#9908,#9909,#9910,
    #9911,#9912,#9913,#9914,#9915,#9916,#9917,#9918,#9919,#9920,#9921,
    #9922,#9923,#9924,#9925,#9926,#9927,#9928),.UNSPECIFIED.,.F.,.F.,(9,
    7,7,9),(0.,0.241074534774,0.76843985039,1.),.UNSPECIFIED.);
#9906 = CARTESIAN_POINT('',(4.163938348368,98.));
#9907 = CARTESIAN_POINT('',(4.202603279902,98.091169412843));
#9908 = CARTESIAN_POINT('',(4.241251684031,98.175706011916));
#9909 = CARTESIAN_POINT('',(4.279754722382,98.253108444893));
#9910 = CARTESIAN_POINT('',(4.318011292052,98.323084958096));
#9911 = CARTESIAN_POINT('',(4.355939529349,98.385507894371));
#9912 = CARTESIAN_POINT('',(4.393470668214,98.440377846394));
#9913 = CARTESIAN_POINT('',(4.430545253356,98.487797465429));
#9914 = CARTESIAN_POINT('',(4.547103068245,98.61580182993));
#9915 = CARTESIAN_POINT('',(4.624506647804,98.668723882165));
#9916 = CARTESIAN_POINT('',(4.699326231507,98.689503506088));
#9917 = CARTESIAN_POINT('',(4.77168203389,98.681537858729));
#9918 = CARTESIAN_POINT('',(4.841721308628,98.648111512057));
#9919 = CARTESIAN_POINT('',(4.909655209559,98.592245604042));
#9920 = CARTESIAN_POINT('',(4.975769572601,98.516382638491));
#9921 = CARTESIAN_POINT('',(5.068893662095,98.380668156338));
#9922 = CARTESIAN_POINT('',(5.097017099005,98.335732170146));
#9923 = CARTESIAN_POINT('',(5.12487329896,98.287427442634));
#9924 = CARTESIAN_POINT('',(5.152483121211,98.235898402299));
#9925 = CARTESIAN_POINT('',(5.179866058642,98.181276858142));
#9926 = CARTESIAN_POINT('',(5.207040835539,98.123682890718));
#9927 = CARTESIAN_POINT('',(5.234025871629,98.06322506999));
#9928 = CARTESIAN_POINT('',(5.260839612402,98.));
#9929 = ( GEOMETRIC_REPRESENTATION_CONTEXT(2) 
PARAMETRIC_REPRESENTATION_CONTEXT() REPRESENTATION_CONTEXT('2D SPACE',''
  ) );
#9930 = PCURVE('',#9434,#9931);
#9931 = DEFINITIONAL_REPRESENTATION('',(#9932),#9956);
#9932 = B_SPLINE_CURVE_WITH_KNOTS('',8,(#9933,#9934,#9935,#9936,#9937,
    #9938,#9939,#9940,#9941,#9942,#9943,#9944,#9945,#9946,#9947,#9948,
    #9949,#9950,#9951,#9952,#9953,#9954,#9955),.UNSPECIFIED.,.F.,.F.,(9,
    7,7,9),(0.,0.241074534774,0.76843985039,1.),.UNSPECIFIED.);
#9933 = CARTESIAN_POINT('',(245.64819436736,1.));
#9934 = CARTESIAN_POINT('',(245.54860092153,0.99493503262));
#9935 = CARTESIAN_POINT('',(245.43640183991,0.990238554894));
#9936 = CARTESIAN_POINT('',(245.31215813996,0.985938419728));
#9937 = CARTESIAN_POINT('',(245.17664149191,0.982050835661));
#9938 = CARTESIAN_POINT('',(245.03076751098,0.978582894757));
#9939 = CARTESIAN_POINT('',(244.87554275304,0.975534564089));
#9940 = CARTESIAN_POINT('',(244.71202541365,0.97290014081));
#9941 = CARTESIAN_POINT('',(244.16782683851,0.965788787226));
#9942 = CARTESIAN_POINT('',(243.76058558202,0.962848673213));
#9943 = CARTESIAN_POINT('',(243.32868631834,0.961694249662));
#9944 = CARTESIAN_POINT('',(242.88016226366,0.962136785626));
#9945 = CARTESIAN_POINT('',(242.42149637624,0.963993804886));
#9946 = CARTESIAN_POINT('',(241.95754855345,0.967097466442));
#9947 = CARTESIAN_POINT('',(241.49139839557,0.971312075639));
#9948 = CARTESIAN_POINT('',(240.81914735336,0.978851769092));
#9949 = CARTESIAN_POINT('',(240.61398362603,0.98134821277));
#9950 = CARTESIAN_POINT('',(240.40896652018,0.984031808743));
#9951 = CARTESIAN_POINT('',(240.20427578303,0.986894533206));
#9952 = CARTESIAN_POINT('',(240.00007495149,0.989929063437));
#9953 = CARTESIAN_POINT('',(239.79651140105,0.993128728293));
#9954 = CARTESIAN_POINT('',(239.59371646629,0.996487496112));
#9955 = CARTESIAN_POINT('',(239.39180563263,1.));
#9956 = ( GEOMETRIC_REPRESENTATION_CONTEXT(2) 
PARAMETRIC_REPRESENTATION_CONTEXT() REPRESENTATION_CONTEXT('2D SPACE',''
  ) );
#9957 = ADVANCED_FACE('',(#9958),#2115,.T.);
#9958 = FACE_BOUND('',#9959,.T.);
#9959 = EDGE_LOOP('',(#9960,#9961,#9981,#9982));
#9960 = ORIENTED_EDGE('',*,*,#2100,.F.);
#9961 = ORIENTED_EDGE('',*,*,#9962,.T.);
#9962 = EDGE_CURVE('',#2079,#2410,#9963,.T.);
#9963 = SURFACE_CURVE('',#9964,(#9967,#9974),.PCURVE_S1.);
#9964 = B_SPLINE_CURVE_WITH_KNOTS('',1,(#9965,#9966),.UNSPECIFIED.,.F.,
  .F.,(2,2),(0.,1.),.PIECEWISE_BEZIER_KNOTS.);
#9965 = CARTESIAN_POINT('',(-130.8200247845,88.749245570763,-5.12));
#9966 = CARTESIAN_POINT('',(-124.3378127933,81.605350496621,32.));
#9967 = PCURVE('',#2115,#9968);
#9968 = DEFINITIONAL_REPRESENTATION('',(#9969),#9973);
#9969 = LINE('',#9970,#9971);
#9970 = CARTESIAN_POINT('',(5.369858912784,0.));
#9971 = VECTOR('',#9972,1.);
#9972 = DIRECTION('',(0.,1.));
#9973 = ( GEOMETRIC_REPRESENTATION_CONTEXT(2) 
PARAMETRIC_REPRESENTATION_CONTEXT() REPRESENTATION_CONTEXT('2D SPACE',''
  ) );
#9974 = PCURVE('',#2178,#9975);
#9975 = DEFINITIONAL_REPRESENTATION('',(#9976),#9980);
#9976 = LINE('',#9977,#9978);
#9977 = CARTESIAN_POINT('',(2.04667216348,0.));
#9978 = VECTOR('',#9979,1.);
#9979 = DIRECTION('',(0.,1.));
#9980 = ( GEOMETRIC_REPRESENTATION_CONTEXT(2) 
PARAMETRIC_REPRESENTATION_CONTEXT() REPRESENTATION_CONTEXT('2D SPACE',''
  ) );
#9981 = ORIENTED_EDGE('',*,*,#2431,.T.);
#9982 = ORIENTED_EDGE('',*,*,#8925,.F.);
#9983 = ADVANCED_FACE('',(#9984),#2178,.T.);
#9984 = FACE_BOUND('',#9985,.T.);
#9985 = EDGE_LOOP('',(#9986,#9987,#10007,#10008));
#9986 = ORIENTED_EDGE('',*,*,#2164,.T.);
#9987 = ORIENTED_EDGE('',*,*,#9988,.T.);
#9988 = EDGE_CURVE('',#2143,#2386,#9989,.T.);
#9989 = SURFACE_CURVE('',#9990,(#9993,#10000),.PCURVE_S1.);
#9990 = B_SPLINE_CURVE_WITH_KNOTS('',1,(#9991,#9992),.UNSPECIFIED.,.F.,
  .F.,(2,2),(0.,1.),.PIECEWISE_BEZIER_KNOTS.);
#9991 = CARTESIAN_POINT('',(-167.666696948,60.301447209253,-5.12));
#9992 = CARTESIAN_POINT('',(-159.0928549378,55.619769450473,32.));
#9993 = PCURVE('',#2178,#9994);
#9994 = DEFINITIONAL_REPRESENTATION('',(#9995),#9999);
#9995 = LINE('',#9996,#9997);
#9996 = CARTESIAN_POINT('',(48.597230496761,0.));
#9997 = VECTOR('',#9998,1.);
#9998 = DIRECTION('',(0.,1.));
#9999 = ( GEOMETRIC_REPRESENTATION_CONTEXT(2) 
PARAMETRIC_REPRESENTATION_CONTEXT() REPRESENTATION_CONTEXT('2D SPACE',''
  ) );
#10000 = PCURVE('',#2231,#10001);
#10001 = DEFINITIONAL_REPRESENTATION('',(#10002),#10006);
#10002 = LINE('',#10003,#10004);
#10003 = CARTESIAN_POINT('',(5.354402364017,0.));
#10004 = VECTOR('',#10005,1.);
#10005 = DIRECTION('',(0.,1.));
#10006 = ( GEOMETRIC_REPRESENTATION_CONTEXT(2) 
PARAMETRIC_REPRESENTATION_CONTEXT() REPRESENTATION_CONTEXT('2D SPACE',''
  ) );
#10007 = ORIENTED_EDGE('',*,*,#2409,.F.);
#10008 = ORIENTED_EDGE('',*,*,#9962,.F.);
#10009 = ADVANCED_FACE('',(#10010),#2231,.T.);
#10010 = FACE_BOUND('',#10011,.T.);
#10011 = EDGE_LOOP('',(#10012,#10013,#10033,#10034));
#10012 = ORIENTED_EDGE('',*,*,#2217,.F.);
#10013 = ORIENTED_EDGE('',*,*,#10014,.T.);
#10014 = EDGE_CURVE('',#2196,#2364,#10015,.T.);
#10015 = SURFACE_CURVE('',#10016,(#10019,#10026),.PCURVE_S1.);
#10016 = B_SPLINE_CURVE_WITH_KNOTS('',1,(#10017,#10018),.UNSPECIFIED.,
  .F.,.F.,(2,2),(0.,1.),.PIECEWISE_BEZIER_KNOTS.);
#10017 = CARTESIAN_POINT('',(-170.,55.55220163849,-5.12));
#10018 = CARTESIAN_POINT('',(-161.5,50.814418953852,32.));
#10019 = PCURVE('',#2231,#10020);
#10020 = DEFINITIONAL_REPRESENTATION('',(#10021),#10025);
#10021 = LINE('',#10022,#10023);
#10022 = CARTESIAN_POINT('',(6.28318530718,0.));
#10023 = VECTOR('',#10024,1.);
#10024 = DIRECTION('',(0.,1.));
#10025 = ( GEOMETRIC_REPRESENTATION_CONTEXT(2) 
PARAMETRIC_REPRESENTATION_CONTEXT() REPRESENTATION_CONTEXT('2D SPACE',''
  ) );
#10026 = PCURVE('',#2274,#10027);
#10027 = DEFINITIONAL_REPRESENTATION('',(#10028),#10032);
#10028 = LINE('',#10029,#10030);
#10029 = CARTESIAN_POINT('',(2.94779836151,0.));
#10030 = VECTOR('',#10031,1.);
#10031 = DIRECTION('',(0.,1.));
#10032 = ( GEOMETRIC_REPRESENTATION_CONTEXT(2) 
PARAMETRIC_REPRESENTATION_CONTEXT() REPRESENTATION_CONTEXT('2D SPACE',''
  ) );
#10033 = ORIENTED_EDGE('',*,*,#2385,.T.);
#10034 = ORIENTED_EDGE('',*,*,#9988,.F.);
#10035 = ADVANCED_FACE('',(#10036),#2274,.T.);
#10036 = FACE_BOUND('',#10037,.T.);
#10037 = EDGE_LOOP('',(#10038,#10039,#10040,#10041));
#10038 = ORIENTED_EDGE('',*,*,#2260,.T.);
#10039 = ORIENTED_EDGE('',*,*,#4875,.T.);
#10040 = ORIENTED_EDGE('',*,*,#2363,.F.);
#10041 = ORIENTED_EDGE('',*,*,#10014,.F.);
#10042 = ADVANCED_FACE('',(#10043),#2606,.T.);
#10043 = FACE_BOUND('',#10044,.T.);
#10044 = EDGE_LOOP('',(#10045,#10125,#10145,#10146));
#10045 = ORIENTED_EDGE('',*,*,#10046,.F.);
#10046 = EDGE_CURVE('',#10047,#6828,#10049,.T.);
#10047 = VERTEX_POINT('',#10048);
#10048 = CARTESIAN_POINT('',(165.4504796824,-53.01636180506,
    14.748022845763));
#10049 = SURFACE_CURVE('',#10050,(#10073,#10099),.PCURVE_S1.);
#10050 = B_SPLINE_CURVE_WITH_KNOTS('',6,(#10051,#10052,#10053,#10054,
    #10055,#10056,#10057,#10058,#10059,#10060,#10061,#10062,#10063,
    #10064,#10065,#10066,#10067,#10068,#10069,#10070,#10071,#10072),
  .UNSPECIFIED.,.F.,.F.,(7,5,5,5,7),(0.,0.207671699465,0.427065833102,
    0.700517933445,1.),.UNSPECIFIED.);
#10051 = CARTESIAN_POINT('',(165.4504796824,-53.01636180506,
    14.748022845763));
#10052 = CARTESIAN_POINT('',(165.45168640581,-53.23803772119,
    14.742753013646));
#10053 = CARTESIAN_POINT('',(165.44505415839,-53.45964487995,
    14.729053619978));
#10054 = CARTESIAN_POINT('',(165.43077122257,-53.68006842547,
    14.706932524477));
#10055 = CARTESIAN_POINT('',(165.40918543342,-53.89835404868,
    14.676599645571));
#10056 = CARTESIAN_POINT('',(165.38072830166,-54.1136921532,
    14.638395286431));
#10057 = CARTESIAN_POINT('',(165.30906523224,-54.54907461861,
    14.544519699608));
#10058 = CARTESIAN_POINT('',(165.26511408156,-54.76871833019,
    14.487979906738));
#10059 = CARTESIAN_POINT('',(165.21458089592,-54.98360399255,
    14.423613409867));
#10060 = CARTESIAN_POINT('',(165.15805438079,-55.19322024158,
    14.351983528226));
#10061 = CARTESIAN_POINT('',(165.09609592782,-55.39722879712,
    14.273653420952));
#10062 = CARTESIAN_POINT('',(164.945849894,-55.8424838467,
    14.083811436381));
#10063 = CARTESIAN_POINT('',(164.85484531699,-56.08049289907,
    13.968890309723));
#10064 = CARTESIAN_POINT('',(164.75716812071,-56.30914562751,
    13.845372834021));
#10065 = CARTESIAN_POINT('',(164.65368333008,-56.52832914402,
    13.714182905822));
#10066 = CARTESIAN_POINT('',(164.54512925107,-56.73808992391,
    13.576128321365));
#10067 = CARTESIAN_POINT('',(164.30830053297,-57.15816977965,
    13.273844354142));
#10068 = CARTESIAN_POINT('',(164.17915312364,-57.36660497017,
    13.108400948218));
#10069 = CARTESIAN_POINT('',(164.04543477029,-57.56410104482,
    12.93638092334));
#10070 = CARTESIAN_POINT('',(163.90780165902,-57.75088308435,
    12.758521303548));
#10071 = CARTESIAN_POINT('',(163.76679815468,-57.92720716189,
    12.575437569544));
#10072 = CARTESIAN_POINT('',(163.62285392808,-58.09333911675,
    12.38760659249));
#10073 = PCURVE('',#2606,#10074);
#10074 = DEFINITIONAL_REPRESENTATION('',(#10075),#10098);
#10075 = B_SPLINE_CURVE_WITH_KNOTS('',6,(#10076,#10077,#10078,#10079,
    #10080,#10081,#10082,#10083,#10084,#10085,#10086,#10087,#10088,
    #10089,#10090,#10091,#10092,#10093,#10094,#10095,#10096,#10097),
  .UNSPECIFIED.,.F.,.F.,(7,5,5,5,7),(0.,0.207671699465,0.427065833102,
    0.700517933445,1.),.UNSPECIFIED.);
#10076 = CARTESIAN_POINT('',(3.14159265359,0.535237684422));
#10077 = CARTESIAN_POINT('',(3.104471659075,0.535095716962));
#10078 = CARTESIAN_POINT('',(3.067542721423,0.534726660021));
#10079 = CARTESIAN_POINT('',(3.030901579296,0.534130725336));
#10080 = CARTESIAN_POINT('',(2.994617589099,0.533313568038));
#10081 = CARTESIAN_POINT('',(2.958745569062,0.532284355777));
#10082 = CARTESIAN_POINT('',(2.885913148737,0.529755379839));
#10083 = CARTESIAN_POINT('',(2.849002306914,0.528232217315));
#10084 = CARTESIAN_POINT('',(2.812637465987,0.526498206085));
#10085 = CARTESIAN_POINT('',(2.776836172752,0.524568521773));
#10086 = CARTESIAN_POINT('',(2.741601718319,0.522458335694));
#10087 = CARTESIAN_POINT('',(2.663700087776,0.517344058092));
#10088 = CARTESIAN_POINT('',(2.62134543019,0.514248122568));
#10089 = CARTESIAN_POINT('',(2.579829043118,0.510920604365));
#10090 = CARTESIAN_POINT('',(2.539112079676,0.507386392937));
#10091 = CARTESIAN_POINT('',(2.499145454634,0.503667250037));
#10092 = CARTESIAN_POINT('',(2.416852209191,0.495523824196));
#10093 = CARTESIAN_POINT('',(2.374670163568,0.49106683589));
#10094 = CARTESIAN_POINT('',(2.333242860862,0.486432675737));
#10095 = CARTESIAN_POINT('',(2.292502117255,0.48164119891));
#10096 = CARTESIAN_POINT('',(2.252381059041,0.476708986248));
#10097 = CARTESIAN_POINT('',(2.212809710427,0.471648884496));
#10098 = ( GEOMETRIC_REPRESENTATION_CONTEXT(2) 
PARAMETRIC_REPRESENTATION_CONTEXT() REPRESENTATION_CONTEXT('2D SPACE',''
  ) );
#10099 = PCURVE('',#6901,#10100);
#10100 = DEFINITIONAL_REPRESENTATION('',(#10101),#10124);
#10101 = B_SPLINE_CURVE_WITH_KNOTS('',6,(#10102,#10103,#10104,#10105,
    #10106,#10107,#10108,#10109,#10110,#10111,#10112,#10113,#10114,
    #10115,#10116,#10117,#10118,#10119,#10120,#10121,#10122,#10123),
  .UNSPECIFIED.,.F.,.F.,(7,5,5,5,7),(0.,0.207671699465,0.427065833102,
    0.700517933445,1.),.UNSPECIFIED.);
#10102 = CARTESIAN_POINT('',(-1.547028116819,33.150479682409));
#10103 = CARTESIAN_POINT('',(-1.515351181631,33.151686405819));
#10104 = CARTESIAN_POINT('',(-1.483655449036,33.145054158396));
#10105 = CARTESIAN_POINT('',(-1.452042935072,33.130771222572));
#10106 = CARTESIAN_POINT('',(-1.420593149925,33.109185433429));
#10107 = CARTESIAN_POINT('',(-1.389371296703,33.080728301665));
#10108 = CARTESIAN_POINT('',(-1.325744432111,33.00906523224));
#10109 = CARTESIAN_POINT('',(-1.293369224701,32.96511408156));
#10110 = CARTESIAN_POINT('',(-1.261359917075,32.914580895924));
#10111 = CARTESIAN_POINT('',(-1.229748118267,32.858054380798));
#10112 = CARTESIAN_POINT('',(-1.198550350859,32.796095927823));
#10113 = CARTESIAN_POINT('',(-1.129402175401,32.645849894009));
#10114 = CARTESIAN_POINT('',(-1.091686256149,32.554845316996));
#10115 = CARTESIAN_POINT('',(-1.054616302024,32.457168120719));
#10116 = CARTESIAN_POINT('',(-1.018175160244,32.353683330084));
#10117 = CARTESIAN_POINT('',(-0.982332677363,32.245129251077));
#10118 = CARTESIAN_POINT('',(-0.908399077529,32.008300532978));
#10119 = CARTESIAN_POINT('',(-0.870425033397,31.879153123648));
#10120 = CARTESIAN_POINT('',(-0.833066824692,31.745434770296));
#10121 = CARTESIAN_POINT('',(-0.796273901226,31.607801659022));
#10122 = CARTESIAN_POINT('',(-0.759994471157,31.466798154689));
#10123 = CARTESIAN_POINT('',(-0.724171692414,31.322853928089));
#10124 = ( GEOMETRIC_REPRESENTATION_CONTEXT(2) 
PARAMETRIC_REPRESENTATION_CONTEXT() REPRESENTATION_CONTEXT('2D SPACE',''
  ) );
#10125 = ORIENTED_EDGE('',*,*,#10126,.T.);
#10126 = EDGE_CURVE('',#10047,#2563,#10127,.T.);
#10127 = SURFACE_CURVE('',#10128,(#10131,#10138),.PCURVE_S1.);
#10128 = B_SPLINE_CURVE_WITH_KNOTS('',1,(#10129,#10130),.UNSPECIFIED.,
  .F.,.F.,(2,2),(0.,1.),.PIECEWISE_BEZIER_KNOTS.);
#10129 = CARTESIAN_POINT('',(170.,-55.55220163849,-5.12));
#10130 = CARTESIAN_POINT('',(161.5,-50.81441895385,32.));
#10131 = PCURVE('',#2606,#10132);
#10132 = DEFINITIONAL_REPRESENTATION('',(#10133),#10137);
#10133 = LINE('',#10134,#10135);
#10134 = CARTESIAN_POINT('',(3.14159265359,0.));
#10135 = VECTOR('',#10136,1.);
#10136 = DIRECTION('',(0.,1.));
#10137 = ( GEOMETRIC_REPRESENTATION_CONTEXT(2) 
PARAMETRIC_REPRESENTATION_CONTEXT() REPRESENTATION_CONTEXT('2D SPACE',''
  ) );
#10138 = PCURVE('',#2578,#10139);
#10139 = DEFINITIONAL_REPRESENTATION('',(#10140),#10144);
#10140 = LINE('',#10141,#10142);
#10141 = CARTESIAN_POINT('',(2.94779836151,0.));
#10142 = VECTOR('',#10143,1.);
#10143 = DIRECTION('',(0.,1.));
#10144 = ( GEOMETRIC_REPRESENTATION_CONTEXT(2) 
PARAMETRIC_REPRESENTATION_CONTEXT() REPRESENTATION_CONTEXT('2D SPACE',''
  ) );
#10145 = ORIENTED_EDGE('',*,*,#2589,.T.);
#10146 = ORIENTED_EDGE('',*,*,#6942,.F.);
#10147 = ADVANCED_FACE('',(#10148),#2578,.T.);
#10148 = FACE_BOUND('',#10149,.T.);
#10149 = EDGE_LOOP('',(#10150,#10151,#10180,#10205,#10234,#10254));
#10150 = ORIENTED_EDGE('',*,*,#10126,.F.);
#10151 = ORIENTED_EDGE('',*,*,#10152,.T.);
#10152 = EDGE_CURVE('',#10047,#10153,#10155,.T.);
#10153 = VERTEX_POINT('',#10154);
#10154 = CARTESIAN_POINT('',(165.45002693965,-52.85,14.75));
#10155 = SURFACE_CURVE('',#10156,(#10162,#10171),.PCURVE_S1.);
#10156 = B_SPLINE_CURVE_WITH_KNOTS('',3,(#10157,#10158,#10159,#10160,
    #10161),.UNSPECIFIED.,.F.,.F.,(4,1,4),(0.,0.638511749703,1.),
  .UNSPECIFIED.);
#10157 = CARTESIAN_POINT('',(165.4504796824,-53.01636180506,
    14.748022845763));
#10158 = CARTESIAN_POINT('',(165.45028691457,-52.98095022271,
    14.748864674218));
#10159 = CARTESIAN_POINT('',(165.45008137272,-52.92544881383,
    14.749762287566));
#10160 = CARTESIAN_POINT('',(165.45002693965,-52.87003689588,14.75));
#10161 = CARTESIAN_POINT('',(165.45002693965,-52.85,14.75));
#10162 = PCURVE('',#2578,#10163);
#10163 = DEFINITIONAL_REPRESENTATION('',(#10164),#10170);
#10164 = B_SPLINE_CURVE_WITH_KNOTS('',3,(#10165,#10166,#10167,#10168,
    #10169),.UNSPECIFIED.,.F.,.F.,(4,1,4),(0.,0.638511749703,1.),
  .UNSPECIFIED.);
#10165 = CARTESIAN_POINT('',(2.94779836151,0.535237684422));
#10166 = CARTESIAN_POINT('',(2.984791139355,0.535260362991));
#10167 = CARTESIAN_POINT('',(3.042827557613,0.535284544385));
#10168 = CARTESIAN_POINT('',(3.100858482347,0.535290948276));
#10169 = CARTESIAN_POINT('',(3.121853868316,0.535290948276));
#10170 = ( GEOMETRIC_REPRESENTATION_CONTEXT(2) 
PARAMETRIC_REPRESENTATION_CONTEXT() REPRESENTATION_CONTEXT('2D SPACE',''
  ) );
#10171 = PCURVE('',#6901,#10172);
#10172 = DEFINITIONAL_REPRESENTATION('',(#10173),#10179);
#10173 = B_SPLINE_CURVE_WITH_KNOTS('',3,(#10174,#10175,#10176,#10177,
    #10178),.UNSPECIFIED.,.F.,.F.,(4,1,4),(0.,0.638511749703,1.),
  .UNSPECIFIED.);
#10174 = CARTESIAN_POINT('',(-1.547028116819,33.150479682409));
#10175 = CARTESIAN_POINT('',(-1.552088343562,33.150286914578));
#10176 = CARTESIAN_POINT('',(-1.560017925076,33.150081372729));
#10177 = CARTESIAN_POINT('',(-1.567933913097,33.150026939655));
#10178 = CARTESIAN_POINT('',(-1.570796326795,33.150026939655));
#10179 = ( GEOMETRIC_REPRESENTATION_CONTEXT(2) 
PARAMETRIC_REPRESENTATION_CONTEXT() REPRESENTATION_CONTEXT('2D SPACE',''
  ) );
#10180 = ORIENTED_EDGE('',*,*,#10181,.F.);
#10181 = EDGE_CURVE('',#10182,#10153,#10184,.T.);
#10182 = VERTEX_POINT('',#10183);
#10183 = CARTESIAN_POINT('',(165.45002693965,52.85,14.75));
#10184 = SURFACE_CURVE('',#10185,(#10188,#10194),.PCURVE_S1.);
#10185 = B_SPLINE_CURVE_WITH_KNOTS('',1,(#10186,#10187),.UNSPECIFIED.,
  .F.,.F.,(2,2),(0.,1.),.PIECEWISE_BEZIER_KNOTS.);
#10186 = CARTESIAN_POINT('',(165.45002693965,52.85,14.75));
#10187 = CARTESIAN_POINT('',(165.45002693965,-52.85,14.75));
#10188 = PCURVE('',#2578,#10189);
#10189 = DEFINITIONAL_REPRESENTATION('',(#10190),#10193);
#10190 = B_SPLINE_CURVE_WITH_KNOTS('',1,(#10191,#10192),.UNSPECIFIED.,
  .F.,.F.,(2,2),(0.,1.),.PIECEWISE_BEZIER_KNOTS.);
#10191 = CARTESIAN_POINT('',(113.87814613168,0.535290948276));
#10192 = CARTESIAN_POINT('',(3.121853868316,0.535290948276));
#10193 = ( GEOMETRIC_REPRESENTATION_CONTEXT(2) 
PARAMETRIC_REPRESENTATION_CONTEXT() REPRESENTATION_CONTEXT('2D SPACE',''
  ) );
#10194 = PCURVE('',#10195,#10200);
#10195 = PLANE('',#10196);
#10196 = AXIS2_PLACEMENT_3D('',#10197,#10198,#10199);
#10197 = CARTESIAN_POINT('',(132.3,-59.85,14.75));
#10198 = DIRECTION('',(0.,0.,1.));
#10199 = DIRECTION('',(1.,0.,-0.));
#10200 = DEFINITIONAL_REPRESENTATION('',(#10201),#10204);
#10201 = B_SPLINE_CURVE_WITH_KNOTS('',1,(#10202,#10203),.UNSPECIFIED.,
  .F.,.F.,(2,2),(0.,1.),.PIECEWISE_BEZIER_KNOTS.);
#10202 = CARTESIAN_POINT('',(33.150026939655,112.7));
#10203 = CARTESIAN_POINT('',(33.150026939655,7.));
#10204 = ( GEOMETRIC_REPRESENTATION_CONTEXT(2) 
PARAMETRIC_REPRESENTATION_CONTEXT() REPRESENTATION_CONTEXT('2D SPACE',''
  ) );
#10205 = ORIENTED_EDGE('',*,*,#10206,.T.);
#10206 = EDGE_CURVE('',#10182,#10207,#10209,.T.);
#10207 = VERTEX_POINT('',#10208);
#10208 = CARTESIAN_POINT('',(165.4504796824,53.016361805067,
    14.748022845763));
#10209 = SURFACE_CURVE('',#10210,(#10216,#10225),.PCURVE_S1.);
#10210 = B_SPLINE_CURVE_WITH_KNOTS('',4,(#10211,#10212,#10213,#10214,
    #10215),.UNSPECIFIED.,.F.,.F.,(5,5),(0.,1.),
  .PIECEWISE_BEZIER_KNOTS.);
#10211 = CARTESIAN_POINT('',(165.45002693965,52.85,14.75));
#10212 = CARTESIAN_POINT('',(165.45002693965,52.89155998359,14.75));
#10213 = CARTESIAN_POINT('',(165.45010227528,52.933141376127,
    14.749671004855));
#10214 = CARTESIAN_POINT('',(165.45025312321,52.974742726117,
    14.74901224309));
#10215 = CARTESIAN_POINT('',(165.4504796824,53.016361805067,
    14.748022845763));
#10216 = PCURVE('',#2578,#10217);
#10217 = DEFINITIONAL_REPRESENTATION('',(#10218),#10224);
#10218 = B_SPLINE_CURVE_WITH_KNOTS('',4,(#10219,#10220,#10221,#10222,
    #10223),.UNSPECIFIED.,.F.,.F.,(5,5),(0.,1.),
  .PIECEWISE_BEZIER_KNOTS.);
#10219 = CARTESIAN_POINT('',(113.87814613168,0.535290948276));
#10220 = CARTESIAN_POINT('',(113.92169418929,0.535290948276));
#10221 = CARTESIAN_POINT('',(113.96522081808,0.53528208526));
#10222 = CARTESIAN_POINT('',(114.00872418734,0.535264338445));
#10223 = CARTESIAN_POINT('',(114.05220163849,0.535237684422));
#10224 = ( GEOMETRIC_REPRESENTATION_CONTEXT(2) 
PARAMETRIC_REPRESENTATION_CONTEXT() REPRESENTATION_CONTEXT('2D SPACE',''
  ) );
#10225 = PCURVE('',#8034,#10226);
#10226 = DEFINITIONAL_REPRESENTATION('',(#10227),#10233);
#10227 = B_SPLINE_CURVE_WITH_KNOTS('',4,(#10228,#10229,#10230,#10231,
    #10232),.UNSPECIFIED.,.F.,.F.,(5,5),(0.,1.),
  .PIECEWISE_BEZIER_KNOTS.);
#10228 = CARTESIAN_POINT('',(1.570796326795,33.150026939655));
#10229 = CARTESIAN_POINT('',(1.564859186282,33.150026939655));
#10230 = CARTESIAN_POINT('',(1.558918987326,33.150102275289));
#10231 = CARTESIAN_POINT('',(1.552975379334,33.150253123215));
#10232 = CARTESIAN_POINT('',(1.547028116819,33.150479682409));
#10233 = ( GEOMETRIC_REPRESENTATION_CONTEXT(2) 
PARAMETRIC_REPRESENTATION_CONTEXT() REPRESENTATION_CONTEXT('2D SPACE',''
  ) );
#10234 = ORIENTED_EDGE('',*,*,#10235,.T.);
#10235 = EDGE_CURVE('',#10207,#2522,#10236,.T.);
#10236 = SURFACE_CURVE('',#10237,(#10240,#10247),.PCURVE_S1.);
#10237 = B_SPLINE_CURVE_WITH_KNOTS('',1,(#10238,#10239),.UNSPECIFIED.,
  .F.,.F.,(2,2),(0.,1.),.PIECEWISE_BEZIER_KNOTS.);
#10238 = CARTESIAN_POINT('',(170.,55.55220163849,-5.12));
#10239 = CARTESIAN_POINT('',(161.5,50.814418953852,32.));
#10240 = PCURVE('',#2578,#10241);
#10241 = DEFINITIONAL_REPRESENTATION('',(#10242),#10246);
#10242 = LINE('',#10243,#10244);
#10243 = CARTESIAN_POINT('',(114.05220163849,0.));
#10244 = VECTOR('',#10245,1.);
#10245 = DIRECTION('',(0.,1.));
#10246 = ( GEOMETRIC_REPRESENTATION_CONTEXT(2) 
PARAMETRIC_REPRESENTATION_CONTEXT() REPRESENTATION_CONTEXT('2D SPACE',''
  ) );
#10247 = PCURVE('',#2538,#10248);
#10248 = DEFINITIONAL_REPRESENTATION('',(#10249),#10253);
#10249 = LINE('',#10250,#10251);
#10250 = CARTESIAN_POINT('',(3.14159265359,0.));
#10251 = VECTOR('',#10252,1.);
#10252 = DIRECTION('',(0.,1.));
#10253 = ( GEOMETRIC_REPRESENTATION_CONTEXT(2) 
PARAMETRIC_REPRESENTATION_CONTEXT() REPRESENTATION_CONTEXT('2D SPACE',''
  ) );
#10254 = ORIENTED_EDGE('',*,*,#2562,.F.);
#10255 = ADVANCED_FACE('',(#10256),#2538,.T.);
#10256 = FACE_BOUND('',#10257,.T.);
#10257 = EDGE_LOOP('',(#10258,#10336,#10337,#10338));
#10258 = ORIENTED_EDGE('',*,*,#10259,.F.);
#10259 = EDGE_CURVE('',#7951,#10207,#10260,.T.);
#10260 = SURFACE_CURVE('',#10261,(#10284,#10310),.PCURVE_S1.);
#10261 = B_SPLINE_CURVE_WITH_KNOTS('',6,(#10262,#10263,#10264,#10265,
    #10266,#10267,#10268,#10269,#10270,#10271,#10272,#10273,#10274,
    #10275,#10276,#10277,#10278,#10279,#10280,#10281,#10282,#10283),
  .UNSPECIFIED.,.F.,.F.,(7,5,5,5,7),(0.,0.299481175761,0.57293601426,
    0.793238927953,1.),.UNSPECIFIED.);
#10262 = CARTESIAN_POINT('',(163.62285392808,58.093339116755,
    12.38760659249));
#10263 = CARTESIAN_POINT('',(163.76679773091,57.927207650987,
    12.57543701657));
#10264 = CARTESIAN_POINT('',(163.90780082889,57.75088412243,
    12.758520225683));
#10265 = CARTESIAN_POINT('',(164.04543355486,57.564102694278,
    12.936379352674));
#10266 = CARTESIAN_POINT('',(164.1791515491,57.366607295691,
    13.108398922668));
#10267 = CARTESIAN_POINT('',(164.30829863203,57.158172847657,
    13.273841918953));
#10268 = CARTESIAN_POINT('',(164.54512827198,56.738091938027,
    13.576127079754));
#10269 = CARTESIAN_POINT('',(164.65368347597,56.52832910993,
    13.714183096751));
#10270 = CARTESIAN_POINT('',(164.75716929301,56.309143355163,
    13.845374323167));
#10271 = CARTESIAN_POINT('',(164.85484739457,56.08048819675,
    13.968892937944));
#10272 = CARTESIAN_POINT('',(164.94585272816,55.842476527872,
    14.083815015166));
#10273 = CARTESIAN_POINT('',(165.09637617542,55.396397411357,
    14.274007527049));
#10274 = CARTESIAN_POINT('',(165.15857059064,55.19151936173,
    14.35263614541));
#10275 = CARTESIAN_POINT('',(165.21528583535,54.980987838383,
    14.424506721552));
#10276 = CARTESIAN_POINT('',(165.26595327565,54.765146025144,
    14.489048874748));
#10277 = CARTESIAN_POINT('',(165.30997661364,54.54451317799,
    14.545692240928));
#10278 = CARTESIAN_POINT('',(165.38135087407,54.108970420475,
    14.639231367422));
#10279 = CARTESIAN_POINT('',(165.4095632074,53.894525140959,
    14.677130736233));
#10280 = CARTESIAN_POINT('',(165.43095868542,53.677168601892,
    14.707223058697));
#10281 = CARTESIAN_POINT('',(165.44511217245,53.457701271666,
    14.729173604329));
#10282 = CARTESIAN_POINT('',(165.45168111436,53.237065676934,
    14.742776121749));
#10283 = CARTESIAN_POINT('',(165.4504796824,53.016361805067,
    14.748022845763));
#10284 = PCURVE('',#2538,#10285);
#10285 = DEFINITIONAL_REPRESENTATION('',(#10286),#10309);
#10286 = B_SPLINE_CURVE_WITH_KNOTS('',6,(#10287,#10288,#10289,#10290,
    #10291,#10292,#10293,#10294,#10295,#10296,#10297,#10298,#10299,
    #10300,#10301,#10302,#10303,#10304,#10305,#10306,#10307,#10308),
  .UNSPECIFIED.,.F.,.F.,(7,5,5,5,7),(0.,0.299481175761,0.57293601426,
    0.793238927953,1.),.UNSPECIFIED.);
#10287 = CARTESIAN_POINT('',(4.070375596752,0.471648884496));
#10288 = CARTESIAN_POINT('',(4.030804364636,0.476708971352));
#10289 = CARTESIAN_POINT('',(3.99068342613,0.481641169873));
#10290 = CARTESIAN_POINT('',(3.949942806095,0.486432633423));
#10291 = CARTESIAN_POINT('',(3.90851563142,0.491066781322));
#10292 = CARTESIAN_POINT('',(3.866333718875,0.495523758592));
#10293 = CARTESIAN_POINT('',(3.784040228969,0.503667216588));
#10294 = CARTESIAN_POINT('',(3.744073207531,0.507386398081));
#10295 = CARTESIAN_POINT('',(3.703355832653,0.510920644482));
#10296 = CARTESIAN_POINT('',(3.661839017642,0.514248193371));
#10297 = CARTESIAN_POINT('',(3.619483914603,0.517344154503));
#10298 = CARTESIAN_POINT('',(3.541438149545,0.52246787519));
#10299 = CARTESIAN_POINT('',(3.506055395716,0.524586103055));
#10300 = CARTESIAN_POINT('',(3.470101045054,0.526522271594));
#10301 = CARTESIAN_POINT('',(3.433578502193,0.528261014945));
#10302 = CARTESIAN_POINT('',(3.39650565933,0.529786967697));
#10303 = CARTESIAN_POINT('',(3.323653185238,0.53230687951));
#10304 = CARTESIAN_POINT('',(3.28793126717,0.533327875437));
#10305 = CARTESIAN_POINT('',(3.251801683018,0.534138552228));
#10306 = CARTESIAN_POINT('',(3.215318696635,0.534729892358));
#10307 = CARTESIAN_POINT('',(3.178550873319,0.535096339487));
#10308 = CARTESIAN_POINT('',(3.14159265359,0.535237684422));
#10309 = ( GEOMETRIC_REPRESENTATION_CONTEXT(2) 
PARAMETRIC_REPRESENTATION_CONTEXT() REPRESENTATION_CONTEXT('2D SPACE',''
  ) );
#10310 = PCURVE('',#8034,#10311);
#10311 = DEFINITIONAL_REPRESENTATION('',(#10312),#10335);
#10312 = B_SPLINE_CURVE_WITH_KNOTS('',6,(#10313,#10314,#10315,#10316,
    #10317,#10318,#10319,#10320,#10321,#10322,#10323,#10324,#10325,
    #10326,#10327,#10328,#10329,#10330,#10331,#10332,#10333,#10334),
  .UNSPECIFIED.,.F.,.F.,(7,5,5,5,7),(0.,0.299481175761,0.57293601426,
    0.793238927953,1.),.UNSPECIFIED.);
#10313 = CARTESIAN_POINT('',(0.724171692414,31.322853928089));
#10314 = CARTESIAN_POINT('',(0.759994365695,31.466797730918));
#10315 = CARTESIAN_POINT('',(0.796273687638,31.607800828895));
#10316 = CARTESIAN_POINT('',(0.833066499777,31.745433554868));
#10317 = CARTESIAN_POINT('',(0.870424593503,31.879151549104));
#10318 = CARTESIAN_POINT('',(0.908398518581,32.008298632035));
#10319 = CARTESIAN_POINT('',(0.982332340213,32.245128271981));
#10320 = CARTESIAN_POINT('',(1.018175179114,32.353683475979));
#10321 = CARTESIAN_POINT('',(1.054616688967,32.457169293015));
#10322 = CARTESIAN_POINT('',(1.09168702412,32.554847394574));
#10323 = CARTESIAN_POINT('',(1.129403337694,32.645852728162));
#10324 = CARTESIAN_POINT('',(1.198679444505,32.796376175422));
#10325 = CARTESIAN_POINT('',(1.230008200114,32.858570590649));
#10326 = CARTESIAN_POINT('',(1.261754421673,32.915285835355));
#10327 = CARTESIAN_POINT('',(1.293901308011,32.965953275653));
#10328 = CARTESIAN_POINT('',(1.326416722462,33.009976613643));
#10329 = CARTESIAN_POINT('',(1.390055861652,33.081350874077));
#10330 = CARTESIAN_POINT('',(1.421144788233,33.1095632074));
#10331 = CARTESIAN_POINT('',(1.452458814639,33.130958685429));
#10332 = CARTESIAN_POINT('',(1.483933436224,33.145112172457));
#10333 = CARTESIAN_POINT('',(1.51549008433,33.151681114363));
#10334 = CARTESIAN_POINT('',(1.547028116819,33.150479682409));
#10335 = ( GEOMETRIC_REPRESENTATION_CONTEXT(2) 
PARAMETRIC_REPRESENTATION_CONTEXT() REPRESENTATION_CONTEXT('2D SPACE',''
  ) );
#10336 = ORIENTED_EDGE('',*,*,#7950,.T.);
#10337 = ORIENTED_EDGE('',*,*,#2521,.T.);
#10338 = ORIENTED_EDGE('',*,*,#10235,.F.);
#10339 = ADVANCED_FACE('',(#10340),#2714,.F.);
#10340 = FACE_BOUND('',#10341,.F.);
#10341 = EDGE_LOOP('',(#10342,#10364,#10392,#10412));
#10342 = ORIENTED_EDGE('',*,*,#10343,.F.);
#10343 = EDGE_CURVE('',#10344,#2701,#10346,.T.);
#10344 = VERTEX_POINT('',#10345);
#10345 = CARTESIAN_POINT('',(-164.6296835181,-58.3508018182,-5.12));
#10346 = SURFACE_CURVE('',#10347,(#10350,#10357),.PCURVE_S1.);
#10347 = B_SPLINE_CURVE_WITH_KNOTS('',1,(#10348,#10349),.UNSPECIFIED.,
  .F.,.F.,(2,2),(0.,1.),.PIECEWISE_BEZIER_KNOTS.);
#10348 = CARTESIAN_POINT('',(-164.6296835181,-58.3508018182,-5.12));
#10349 = CARTESIAN_POINT('',(-156.0509924042,-53.66812781672,42.));
#10350 = PCURVE('',#2714,#10351);
#10351 = DEFINITIONAL_REPRESENTATION('',(#10352),#10356);
#10352 = LINE('',#10353,#10354);
#10353 = CARTESIAN_POINT('',(2.976791462767,0.));
#10354 = VECTOR('',#10355,1.);
#10355 = DIRECTION('',(0.,1.));
#10356 = ( GEOMETRIC_REPRESENTATION_CONTEXT(2) 
PARAMETRIC_REPRESENTATION_CONTEXT() REPRESENTATION_CONTEXT('2D SPACE',''
  ) );
#10357 = PCURVE('',#4790,#10358);
#10358 = DEFINITIONAL_REPRESENTATION('',(#10359),#10363);
#10359 = LINE('',#10360,#10361);
#10360 = CARTESIAN_POINT('',(0.937466513764,0.));
#10361 = VECTOR('',#10362,1.);
#10362 = DIRECTION('',(0.,1.));
#10363 = ( GEOMETRIC_REPRESENTATION_CONTEXT(2) 
PARAMETRIC_REPRESENTATION_CONTEXT() REPRESENTATION_CONTEXT('2D SPACE',''
  ) );
#10364 = ORIENTED_EDGE('',*,*,#10365,.T.);
#10365 = EDGE_CURVE('',#10344,#10366,#10368,.T.);
#10366 = VERTEX_POINT('',#10367);
#10367 = CARTESIAN_POINT('',(-128.529000371,-85.77759328097,-5.12));
#10368 = SURFACE_CURVE('',#10369,(#10373,#10380),.PCURVE_S1.);
#10369 = LINE('',#10370,#10371);
#10370 = CARTESIAN_POINT('',(-167.,-56.55,-5.12));
#10371 = VECTOR('',#10372,1.);
#10372 = DIRECTION('',(0.796265546829,-0.604947253017,0.));
#10373 = PCURVE('',#2714,#10374);
#10374 = DEFINITIONAL_REPRESENTATION('',(#10375),#10379);
#10375 = LINE('',#10376,#10377);
#10376 = CARTESIAN_POINT('',(0.,0.));
#10377 = VECTOR('',#10378,1.);
#10378 = DIRECTION('',(1.,0.));
#10379 = ( GEOMETRIC_REPRESENTATION_CONTEXT(2) 
PARAMETRIC_REPRESENTATION_CONTEXT() REPRESENTATION_CONTEXT('2D SPACE',''
  ) );
#10380 = PCURVE('',#10381,#10386);
#10381 = B_SPLINE_SURFACE_WITH_KNOTS('',1,1,(
    (#10382,#10383)
    ,(#10384,#10385
    )),.UNSPECIFIED.,.F.,.F.,.F.,(2,2),(2,2),(2.976791462767,
    48.314283824231),(0.,1.),.PIECEWISE_BEZIER_KNOTS.);
#10382 = CARTESIAN_POINT('',(-137.5047077777,-46.5021014296,-29.));
#10383 = CARTESIAN_POINT('',(-164.6296835181,-58.3508018182,-5.12));
#10384 = CARTESIAN_POINT('',(-107.6926941104,-67.96014059464,-29.));
#10385 = CARTESIAN_POINT('',(-128.529000371,-85.77759328097,-5.12));
#10386 = DEFINITIONAL_REPRESENTATION('',(#10387),#10391);
#10387 = LINE('',#10388,#10389);
#10388 = CARTESIAN_POINT('',(0.,1.));
#10389 = VECTOR('',#10390,1.);
#10390 = DIRECTION('',(1.,0.));
#10391 = ( GEOMETRIC_REPRESENTATION_CONTEXT(2) 
PARAMETRIC_REPRESENTATION_CONTEXT() REPRESENTATION_CONTEXT('2D SPACE',''
  ) );
#10392 = ORIENTED_EDGE('',*,*,#10393,.T.);
#10393 = EDGE_CURVE('',#10366,#2699,#10394,.T.);
#10394 = SURFACE_CURVE('',#10395,(#10398,#10405),.PCURVE_S1.);
#10395 = B_SPLINE_CURVE_WITH_KNOTS('',1,(#10396,#10397),.UNSPECIFIED.,
  .F.,.F.,(2,2),(0.,1.),.PIECEWISE_BEZIER_KNOTS.);
#10396 = CARTESIAN_POINT('',(-128.529000371,-85.77759328097,-5.12));
#10397 = CARTESIAN_POINT('',(-122.0448396369,-78.6363677429,42.));
#10398 = PCURVE('',#2714,#10399);
#10399 = DEFINITIONAL_REPRESENTATION('',(#10400),#10404);
#10400 = LINE('',#10401,#10402);
#10401 = CARTESIAN_POINT('',(48.314283824231,0.));
#10402 = VECTOR('',#10403,1.);
#10403 = DIRECTION('',(0.,1.));
#10404 = ( GEOMETRIC_REPRESENTATION_CONTEXT(2) 
PARAMETRIC_REPRESENTATION_CONTEXT() REPRESENTATION_CONTEXT('2D SPACE',''
  ) );
#10405 = PCURVE('',#2829,#10406);
#10406 = DEFINITIONAL_REPRESENTATION('',(#10407),#10411);
#10407 = LINE('',#10408,#10409);
#10408 = CARTESIAN_POINT('',(4.062689357582,0.));
#10409 = VECTOR('',#10410,1.);
#10410 = DIRECTION('',(0.,1.));
#10411 = ( GEOMETRIC_REPRESENTATION_CONTEXT(2) 
PARAMETRIC_REPRESENTATION_CONTEXT() REPRESENTATION_CONTEXT('2D SPACE',''
  ) );
#10412 = ORIENTED_EDGE('',*,*,#2698,.T.);
#10413 = ADVANCED_FACE('',(#10414),#4790,.F.);
#10414 = FACE_BOUND('',#10415,.F.);
#10415 = EDGE_LOOP('',(#10416,#10438,#10475,#10476));
#10416 = ORIENTED_EDGE('',*,*,#10417,.F.);
#10417 = EDGE_CURVE('',#10418,#4642,#10420,.T.);
#10418 = VERTEX_POINT('',#10419);
#10419 = CARTESIAN_POINT('',(-167.,-53.57320853723,-5.12));
#10420 = SURFACE_CURVE('',#10421,(#10424,#10431),.PCURVE_S1.);
#10421 = B_SPLINE_CURVE_WITH_KNOTS('',1,(#10422,#10423),.UNSPECIFIED.,
  .F.,.F.,(2,2),(0.,1.),.PIECEWISE_BEZIER_KNOTS.);
#10422 = CARTESIAN_POINT('',(-167.,-53.57320853723,-5.12));
#10423 = CARTESIAN_POINT('',(-158.5,-48.83176007381,42.));
#10424 = PCURVE('',#4790,#10425);
#10425 = DEFINITIONAL_REPRESENTATION('',(#10426),#10430);
#10426 = LINE('',#10427,#10428);
#10427 = CARTESIAN_POINT('',(0.,0.));
#10428 = VECTOR('',#10429,1.);
#10429 = DIRECTION('',(0.,1.));
#10430 = ( GEOMETRIC_REPRESENTATION_CONTEXT(2) 
PARAMETRIC_REPRESENTATION_CONTEXT() REPRESENTATION_CONTEXT('2D SPACE',''
  ) );
#10431 = PCURVE('',#4655,#10432);
#10432 = DEFINITIONAL_REPRESENTATION('',(#10433),#10437);
#10433 = LINE('',#10434,#10435);
#10434 = CARTESIAN_POINT('',(110.12320853723,0.));
#10435 = VECTOR('',#10436,1.);
#10436 = DIRECTION('',(0.,1.));
#10437 = ( GEOMETRIC_REPRESENTATION_CONTEXT(2) 
PARAMETRIC_REPRESENTATION_CONTEXT() REPRESENTATION_CONTEXT('2D SPACE',''
  ) );
#10438 = ORIENTED_EDGE('',*,*,#10439,.T.);
#10439 = EDGE_CURVE('',#10418,#10344,#10440,.T.);
#10440 = SURFACE_CURVE('',#10441,(#10446,#10452),.PCURVE_S1.);
#10441 = CIRCLE('',#10442,6.);
#10442 = AXIS2_PLACEMENT_3D('',#10443,#10444,#10445);
#10443 = CARTESIAN_POINT('',(-161.,-53.57320853723,-5.12));
#10444 = DIRECTION('',(0.,0.,1.));
#10445 = DIRECTION('',(1.,0.,0.));
#10446 = PCURVE('',#4790,#10447);
#10447 = DEFINITIONAL_REPRESENTATION('',(#10448),#10451);
#10448 = B_SPLINE_CURVE_WITH_KNOTS('',1,(#10449,#10450),.UNSPECIFIED.,
  .F.,.F.,(2,2),(3.14159265359,4.062689357582),
  .PIECEWISE_BEZIER_KNOTS.);
#10449 = CARTESIAN_POINT('',(0.,0.));
#10450 = CARTESIAN_POINT('',(0.937466513764,0.));
#10451 = ( GEOMETRIC_REPRESENTATION_CONTEXT(2) 
PARAMETRIC_REPRESENTATION_CONTEXT() REPRESENTATION_CONTEXT('2D SPACE',''
  ) );
#10452 = PCURVE('',#10453,#10470);
#10453 = B_SPLINE_SURFACE_WITH_KNOTS('',7,1,(
    (#10454,#10455)
    ,(#10456,#10457)
    ,(#10458,#10459)
    ,(#10460,#10461)
    ,(#10462,#10463)
    ,(#10464,#10465)
    ,(#10466,#10467)
    ,(#10468,#10469
    )),.UNSPECIFIED.,.F.,.F.,.F.,(8,8),(2,2),(0.,0.946919327998),(0.,1.)
  ,.PIECEWISE_BEZIER_KNOTS.);
#10454 = CARTESIAN_POINT('',(-139.8,-42.02196083496,-29.));
#10455 = CARTESIAN_POINT('',(-167.,-53.57320853723,-5.12));
#10456 = CARTESIAN_POINT('',(-139.8,-42.76867436218,-29.));
#10457 = CARTESIAN_POINT('',(-167.,-54.36271999779,-5.12));
#10458 = CARTESIAN_POINT('',(-139.6821536087,-43.51538782187,-29.));
#10459 = CARTESIAN_POINT('',(-166.878797138,-55.15223140101,-5.12));
#10460 = CARTESIAN_POINT('',(-139.4464619179,-44.23978352609,-29.));
#10461 = CARTESIAN_POINT('',(-166.6363923705,-55.91941527482,-5.12));
#10462 = CARTESIAN_POINT('',(-139.0982042392,-44.91954157546,
    -28.99999999999));
#10463 = CARTESIAN_POINT('',(-166.2779236723,-56.64194226937,-5.12));
#10464 = CARTESIAN_POINT('',(-138.6479582659,-45.53401555613,-29.));
#10465 = CARTESIAN_POINT('',(-165.8136836837,-57.29906661115,-5.12));
#10466 = CARTESIAN_POINT('',(-138.1107551665,-46.0658816979,-29.));
#10467 = CARTESIAN_POINT('',(-165.2583442929,-57.87318902891,-5.12));
#10468 = CARTESIAN_POINT('',(-137.5047077777,-46.5021014296,-29.));
#10469 = CARTESIAN_POINT('',(-164.6296835181,-58.3508018182,-5.12));
#10470 = DEFINITIONAL_REPRESENTATION('',(#10471),#10474);
#10471 = B_SPLINE_CURVE_WITH_KNOTS('',1,(#10472,#10473),.UNSPECIFIED.,
  .F.,.F.,(2,2),(3.14159265359,4.062689357582),
  .PIECEWISE_BEZIER_KNOTS.);
#10472 = CARTESIAN_POINT('',(0.,1.));
#10473 = CARTESIAN_POINT('',(0.946919327998,1.));
#10474 = ( GEOMETRIC_REPRESENTATION_CONTEXT(2) 
PARAMETRIC_REPRESENTATION_CONTEXT() REPRESENTATION_CONTEXT('2D SPACE',''
  ) );
#10475 = ORIENTED_EDGE('',*,*,#10343,.T.);
#10476 = ORIENTED_EDGE('',*,*,#4666,.T.);
#10477 = ADVANCED_FACE('',(#10478),#4655,.F.);
#10478 = FACE_BOUND('',#10479,.F.);
#10479 = EDGE_LOOP('',(#10480,#10502,#10528,#10529));
#10480 = ORIENTED_EDGE('',*,*,#10481,.F.);
#10481 = EDGE_CURVE('',#10482,#4485,#10484,.T.);
#10482 = VERTEX_POINT('',#10483);
#10483 = CARTESIAN_POINT('',(-167.,53.573208537233,-5.12));
#10484 = SURFACE_CURVE('',#10485,(#10488,#10495),.PCURVE_S1.);
#10485 = B_SPLINE_CURVE_WITH_KNOTS('',1,(#10486,#10487),.UNSPECIFIED.,
  .F.,.F.,(2,2),(0.,1.),.PIECEWISE_BEZIER_KNOTS.);
#10486 = CARTESIAN_POINT('',(-167.,53.573208537233,-5.12));
#10487 = CARTESIAN_POINT('',(-158.5,48.831760073813,42.));
#10488 = PCURVE('',#4655,#10489);
#10489 = DEFINITIONAL_REPRESENTATION('',(#10490),#10494);
#10490 = LINE('',#10491,#10492);
#10491 = CARTESIAN_POINT('',(2.976791462767,0.));
#10492 = VECTOR('',#10493,1.);
#10493 = DIRECTION('',(0.,1.));
#10494 = ( GEOMETRIC_REPRESENTATION_CONTEXT(2) 
PARAMETRIC_REPRESENTATION_CONTEXT() REPRESENTATION_CONTEXT('2D SPACE',''
  ) );
#10495 = PCURVE('',#4578,#10496);
#10496 = DEFINITIONAL_REPRESENTATION('',(#10497),#10501);
#10497 = LINE('',#10498,#10499);
#10498 = CARTESIAN_POINT('',(6.28318530718,0.));
#10499 = VECTOR('',#10500,1.);
#10500 = DIRECTION('',(0.,1.));
#10501 = ( GEOMETRIC_REPRESENTATION_CONTEXT(2) 
PARAMETRIC_REPRESENTATION_CONTEXT() REPRESENTATION_CONTEXT('2D SPACE',''
  ) );
#10502 = ORIENTED_EDGE('',*,*,#10503,.T.);
#10503 = EDGE_CURVE('',#10482,#10418,#10504,.T.);
#10504 = SURFACE_CURVE('',#10505,(#10509,#10516),.PCURVE_S1.);
#10505 = LINE('',#10506,#10507);
#10506 = CARTESIAN_POINT('',(-167.,56.55,-5.12));
#10507 = VECTOR('',#10508,1.);
#10508 = DIRECTION('',(0.,-1.,0.));
#10509 = PCURVE('',#4655,#10510);
#10510 = DEFINITIONAL_REPRESENTATION('',(#10511),#10515);
#10511 = LINE('',#10512,#10513);
#10512 = CARTESIAN_POINT('',(0.,0.));
#10513 = VECTOR('',#10514,1.);
#10514 = DIRECTION('',(1.,0.));
#10515 = ( GEOMETRIC_REPRESENTATION_CONTEXT(2) 
PARAMETRIC_REPRESENTATION_CONTEXT() REPRESENTATION_CONTEXT('2D SPACE',''
  ) );
#10516 = PCURVE('',#10517,#10522);
#10517 = B_SPLINE_SURFACE_WITH_KNOTS('',1,1,(
    (#10518,#10519)
    ,(#10520,#10521
    )),.UNSPECIFIED.,.F.,.F.,.F.,(2,2),(2,2),(2.976791462767,
    110.12320853723),(0.,1.),.PIECEWISE_BEZIER_KNOTS.);
#10518 = CARTESIAN_POINT('',(-139.8,42.02196083496,-29.));
#10519 = CARTESIAN_POINT('',(-167.,53.573208537233,-5.12));
#10520 = CARTESIAN_POINT('',(-139.8,-42.02196083496,-29.));
#10521 = CARTESIAN_POINT('',(-167.,-53.57320853723,-5.12));
#10522 = DEFINITIONAL_REPRESENTATION('',(#10523),#10527);
#10523 = LINE('',#10524,#10525);
#10524 = CARTESIAN_POINT('',(0.,1.));
#10525 = VECTOR('',#10526,1.);
#10526 = DIRECTION('',(1.,0.));
#10527 = ( GEOMETRIC_REPRESENTATION_CONTEXT(2) 
PARAMETRIC_REPRESENTATION_CONTEXT() REPRESENTATION_CONTEXT('2D SPACE',''
  ) );
#10528 = ORIENTED_EDGE('',*,*,#10417,.T.);
#10529 = ORIENTED_EDGE('',*,*,#4641,.T.);
#10530 = ADVANCED_FACE('',(#10531),#4578,.F.);
#10531 = FACE_BOUND('',#10532,.F.);
#10532 = EDGE_LOOP('',(#10533,#10555,#10592,#10593));
#10533 = ORIENTED_EDGE('',*,*,#10534,.F.);
#10534 = EDGE_CURVE('',#10535,#4460,#10537,.T.);
#10535 = VERTEX_POINT('',#10536);
#10536 = CARTESIAN_POINT('',(-164.6296835181,58.350801818206,-5.12));
#10537 = SURFACE_CURVE('',#10538,(#10541,#10548),.PCURVE_S1.);
#10538 = B_SPLINE_CURVE_WITH_KNOTS('',1,(#10539,#10540),.UNSPECIFIED.,
  .F.,.F.,(2,2),(0.,1.),.PIECEWISE_BEZIER_KNOTS.);
#10539 = CARTESIAN_POINT('',(-164.6296835181,58.350801818206,-5.12));
#10540 = CARTESIAN_POINT('',(-156.0509924042,53.66812781672,42.));
#10541 = PCURVE('',#4578,#10542);
#10542 = DEFINITIONAL_REPRESENTATION('',(#10543),#10547);
#10543 = LINE('',#10544,#10545);
#10544 = CARTESIAN_POINT('',(5.345718793415,0.));
#10545 = VECTOR('',#10546,1.);
#10546 = DIRECTION('',(0.,1.));
#10547 = ( GEOMETRIC_REPRESENTATION_CONTEXT(2) 
PARAMETRIC_REPRESENTATION_CONTEXT() REPRESENTATION_CONTEXT('2D SPACE',''
  ) );
#10548 = PCURVE('',#4473,#10549);
#10549 = DEFINITIONAL_REPRESENTATION('',(#10550),#10554);
#10550 = LINE('',#10551,#10552);
#10551 = CARTESIAN_POINT('',(47.358175508515,0.));
#10552 = VECTOR('',#10553,1.);
#10553 = DIRECTION('',(0.,1.));
#10554 = ( GEOMETRIC_REPRESENTATION_CONTEXT(2) 
PARAMETRIC_REPRESENTATION_CONTEXT() REPRESENTATION_CONTEXT('2D SPACE',''
  ) );
#10555 = ORIENTED_EDGE('',*,*,#10556,.T.);
#10556 = EDGE_CURVE('',#10535,#10482,#10557,.T.);
#10557 = SURFACE_CURVE('',#10558,(#10563,#10569),.PCURVE_S1.);
#10558 = CIRCLE('',#10559,6.);
#10559 = AXIS2_PLACEMENT_3D('',#10560,#10561,#10562);
#10560 = CARTESIAN_POINT('',(-161.,53.573208537233,-5.12));
#10561 = DIRECTION('',(0.,0.,1.));
#10562 = DIRECTION('',(1.,0.,0.));
#10563 = PCURVE('',#4578,#10564);
#10564 = DEFINITIONAL_REPRESENTATION('',(#10565),#10568);
#10565 = B_SPLINE_CURVE_WITH_KNOTS('',1,(#10566,#10567),.UNSPECIFIED.,
  .F.,.F.,(2,2),(2.220495949598,3.14159265359),
  .PIECEWISE_BEZIER_KNOTS.);
#10566 = CARTESIAN_POINT('',(5.345718793415,0.));
#10567 = CARTESIAN_POINT('',(6.28318530718,0.));
#10568 = ( GEOMETRIC_REPRESENTATION_CONTEXT(2) 
PARAMETRIC_REPRESENTATION_CONTEXT() REPRESENTATION_CONTEXT('2D SPACE',''
  ) );
#10569 = PCURVE('',#10570,#10587);
#10570 = B_SPLINE_SURFACE_WITH_KNOTS('',7,1,(
    (#10571,#10572)
    ,(#10573,#10574)
    ,(#10575,#10576)
    ,(#10577,#10578)
    ,(#10579,#10580)
    ,(#10581,#10582)
    ,(#10583,#10584)
    ,(#10585,#10586
    )),.UNSPECIFIED.,.F.,.F.,.F.,(8,8),(2,2),(5.336265979181,
    6.28318530718),(0.,1.),.PIECEWISE_BEZIER_KNOTS.);
#10571 = CARTESIAN_POINT('',(-137.5047077777,46.502101429606,-29.));
#10572 = CARTESIAN_POINT('',(-164.6296835181,58.350801818206,-5.12));
#10573 = CARTESIAN_POINT('',(-138.1107551665,46.0658816979,-29.));
#10574 = CARTESIAN_POINT('',(-165.2583442929,57.873189028912,-5.12));
#10575 = CARTESIAN_POINT('',(-138.6479582659,45.534015556128,
    -28.99999999999));
#10576 = CARTESIAN_POINT('',(-165.8136836837,57.299066611156,-5.12));
#10577 = CARTESIAN_POINT('',(-139.0982042393,44.919541575471,-29.));
#10578 = CARTESIAN_POINT('',(-166.2779236723,56.641942269371,-5.12));
#10579 = CARTESIAN_POINT('',(-139.4464619179,44.239783526091,
    -28.99999999999));
#10580 = CARTESIAN_POINT('',(-166.6363923705,55.919415274829,-5.12));
#10581 = CARTESIAN_POINT('',(-139.6821536087,43.515387821877,-29.));
#10582 = CARTESIAN_POINT('',(-166.878797138,55.152231401012,-5.12));
#10583 = CARTESIAN_POINT('',(-139.7999999999,42.768674362181,-29.));
#10584 = CARTESIAN_POINT('',(-167.,54.362719997798,-5.12));
#10585 = CARTESIAN_POINT('',(-139.8,42.02196083496,-29.));
#10586 = CARTESIAN_POINT('',(-167.,53.573208537233,-5.12));
#10587 = DEFINITIONAL_REPRESENTATION('',(#10588),#10591);
#10588 = B_SPLINE_CURVE_WITH_KNOTS('',1,(#10589,#10590),.UNSPECIFIED.,
  .F.,.F.,(2,2),(2.220495949598,3.14159265359),
  .PIECEWISE_BEZIER_KNOTS.);
#10589 = CARTESIAN_POINT('',(5.336265979181,1.));
#10590 = CARTESIAN_POINT('',(6.28318530718,1.));
#10591 = ( GEOMETRIC_REPRESENTATION_CONTEXT(2) 
PARAMETRIC_REPRESENTATION_CONTEXT() REPRESENTATION_CONTEXT('2D SPACE',''
  ) );
#10592 = ORIENTED_EDGE('',*,*,#10481,.T.);
#10593 = ORIENTED_EDGE('',*,*,#4484,.T.);
#10594 = ADVANCED_FACE('',(#10595),#4473,.F.);
#10595 = FACE_BOUND('',#10596,.F.);
#10596 = EDGE_LOOP('',(#10597,#10619,#10645,#10646));
#10597 = ORIENTED_EDGE('',*,*,#10598,.F.);
#10598 = EDGE_CURVE('',#10599,#4164,#10601,.T.);
#10599 = VERTEX_POINT('',#10600);
#10600 = CARTESIAN_POINT('',(-128.529000371,85.777593280973,-5.12));
#10601 = SURFACE_CURVE('',#10602,(#10605,#10612),.PCURVE_S1.);
#10602 = B_SPLINE_CURVE_WITH_KNOTS('',1,(#10603,#10604),.UNSPECIFIED.,
  .F.,.F.,(2,2),(0.,1.),.PIECEWISE_BEZIER_KNOTS.);
#10603 = CARTESIAN_POINT('',(-128.529000371,85.777593280973,-5.12));
#10604 = CARTESIAN_POINT('',(-122.0448396369,78.636367742907,42.));
#10605 = PCURVE('',#4473,#10606);
#10606 = DEFINITIONAL_REPRESENTATION('',(#10607),#10611);
#10607 = LINE('',#10608,#10609);
#10608 = CARTESIAN_POINT('',(2.020683147051,0.));
#10609 = VECTOR('',#10610,1.);
#10610 = DIRECTION('',(0.,1.));
#10611 = ( GEOMETRIC_REPRESENTATION_CONTEXT(2) 
PARAMETRIC_REPRESENTATION_CONTEXT() REPRESENTATION_CONTEXT('2D SPACE',''
  ) );
#10612 = PCURVE('',#4351,#10613);
#10613 = DEFINITIONAL_REPRESENTATION('',(#10614),#10618);
#10614 = LINE('',#10615,#10616);
#10615 = CARTESIAN_POINT('',(2.220495949598,0.));
#10616 = VECTOR('',#10617,1.);
#10617 = DIRECTION('',(0.,1.));
#10618 = ( GEOMETRIC_REPRESENTATION_CONTEXT(2) 
PARAMETRIC_REPRESENTATION_CONTEXT() REPRESENTATION_CONTEXT('2D SPACE',''
  ) );
#10619 = ORIENTED_EDGE('',*,*,#10620,.T.);
#10620 = EDGE_CURVE('',#10599,#10535,#10621,.T.);
#10621 = SURFACE_CURVE('',#10622,(#10626,#10633),.PCURVE_S1.);
#10622 = LINE('',#10623,#10624);
#10623 = CARTESIAN_POINT('',(-126.92,87.,-5.12));
#10624 = VECTOR('',#10625,1.);
#10625 = DIRECTION('',(-0.796265546829,-0.604947253017,0.));
#10626 = PCURVE('',#4473,#10627);
#10627 = DEFINITIONAL_REPRESENTATION('',(#10628),#10632);
#10628 = LINE('',#10629,#10630);
#10629 = CARTESIAN_POINT('',(0.,0.));
#10630 = VECTOR('',#10631,1.);
#10631 = DIRECTION('',(1.,0.));
#10632 = ( GEOMETRIC_REPRESENTATION_CONTEXT(2) 
PARAMETRIC_REPRESENTATION_CONTEXT() REPRESENTATION_CONTEXT('2D SPACE',''
  ) );
#10633 = PCURVE('',#10634,#10639);
#10634 = B_SPLINE_SURFACE_WITH_KNOTS('',1,1,(
    (#10635,#10636)
    ,(#10637,#10638
    )),.UNSPECIFIED.,.F.,.F.,.F.,(2,2),(2,2),(2.020683147051,
    47.358175508515),(0.,1.),.PIECEWISE_BEZIER_KNOTS.);
#10635 = CARTESIAN_POINT('',(-107.6926941104,67.960140594647,-29.));
#10636 = CARTESIAN_POINT('',(-128.529000371,85.777593280973,-5.12));
#10637 = CARTESIAN_POINT('',(-137.5047077777,46.502101429606,-29.));
#10638 = CARTESIAN_POINT('',(-164.6296835181,58.350801818206,-5.12));
#10639 = DEFINITIONAL_REPRESENTATION('',(#10640),#10644);
#10640 = LINE('',#10641,#10642);
#10641 = CARTESIAN_POINT('',(0.,1.));
#10642 = VECTOR('',#10643,1.);
#10643 = DIRECTION('',(1.,0.));
#10644 = ( GEOMETRIC_REPRESENTATION_CONTEXT(2) 
PARAMETRIC_REPRESENTATION_CONTEXT() REPRESENTATION_CONTEXT('2D SPACE',''
  ) );
#10645 = ORIENTED_EDGE('',*,*,#10534,.T.);
#10646 = ORIENTED_EDGE('',*,*,#4459,.T.);
#10647 = ADVANCED_FACE('',(#10648),#4351,.F.);
#10648 = FACE_BOUND('',#10649,.F.);
#10649 = EDGE_LOOP('',(#10650,#10672,#10709,#10710));
#10650 = ORIENTED_EDGE('',*,*,#10651,.F.);
#10651 = EDGE_CURVE('',#10652,#4139,#10654,.T.);
#10652 = VERTEX_POINT('',#10653);
#10653 = CARTESIAN_POINT('',(-124.8993168529,87.,-5.12));
#10654 = SURFACE_CURVE('',#10655,(#10658,#10665),.PCURVE_S1.);
#10655 = B_SPLINE_CURVE_WITH_KNOTS('',1,(#10656,#10657),.UNSPECIFIED.,
  .F.,.F.,(2,2),(0.,1.),.PIECEWISE_BEZIER_KNOTS.);
#10656 = CARTESIAN_POINT('',(-124.8993168529,87.,-5.12));
#10657 = CARTESIAN_POINT('',(-118.4938472326,79.8,42.));
#10658 = PCURVE('',#4351,#10659);
#10659 = DEFINITIONAL_REPRESENTATION('',(#10660),#10664);
#10660 = LINE('',#10661,#10662);
#10661 = CARTESIAN_POINT('',(1.570796326795,0.));
#10662 = VECTOR('',#10663,1.);
#10663 = DIRECTION('',(0.,1.));
#10664 = ( GEOMETRIC_REPRESENTATION_CONTEXT(2) 
PARAMETRIC_REPRESENTATION_CONTEXT() REPRESENTATION_CONTEXT('2D SPACE',''
  ) );
#10665 = PCURVE('',#4152,#10666);
#10666 = DEFINITIONAL_REPRESENTATION('',(#10667),#10671);
#10667 = LINE('',#10668,#10669);
#10668 = CARTESIAN_POINT('',(251.81931685294,0.));
#10669 = VECTOR('',#10670,1.);
#10670 = DIRECTION('',(0.,1.));
#10671 = ( GEOMETRIC_REPRESENTATION_CONTEXT(2) 
PARAMETRIC_REPRESENTATION_CONTEXT() REPRESENTATION_CONTEXT('2D SPACE',''
  ) );
#10672 = ORIENTED_EDGE('',*,*,#10673,.T.);
#10673 = EDGE_CURVE('',#10652,#10599,#10674,.T.);
#10674 = SURFACE_CURVE('',#10675,(#10680,#10687),.PCURVE_S1.);
#10675 = CIRCLE('',#10676,6.);
#10676 = AXIS2_PLACEMENT_3D('',#10677,#10678,#10679);
#10677 = CARTESIAN_POINT('',(-124.8993168529,81.,-5.12));
#10678 = DIRECTION('',(0.,0.,1.));
#10679 = DIRECTION('',(1.,0.,0.));
#10680 = PCURVE('',#4351,#10681);
#10681 = DEFINITIONAL_REPRESENTATION('',(#10682),#10686);
#10682 = LINE('',#10683,#10684);
#10683 = CARTESIAN_POINT('',(0.,0.));
#10684 = VECTOR('',#10685,1.);
#10685 = DIRECTION('',(1.,0.));
#10686 = ( GEOMETRIC_REPRESENTATION_CONTEXT(2) 
PARAMETRIC_REPRESENTATION_CONTEXT() REPRESENTATION_CONTEXT('2D SPACE',''
  ) );
#10687 = PCURVE('',#10688,#10703);
#10688 = B_SPLINE_SURFACE_WITH_KNOTS('',6,1,(
    (#10689,#10690)
    ,(#10691,#10692)
    ,(#10693,#10694)
    ,(#10695,#10696)
    ,(#10697,#10698)
    ,(#10699,#10700)
    ,(#10701,#10702
    )),.UNSPECIFIED.,.F.,.F.,.F.,(7,7),(2,2),(1.570796326795,
    2.220495949598),(0.,1.),.PIECEWISE_BEZIER_KNOTS.);
#10689 = CARTESIAN_POINT('',(-104.4679863326,69.,-29.));
#10690 = CARTESIAN_POINT('',(-124.8993168529,87.,-5.12));
#10691 = CARTESIAN_POINT('',(-105.0419531715,69.,-29.));
#10692 = CARTESIAN_POINT('',(-125.5490164757,87.,-5.12));
#10693 = CARTESIAN_POINT('',(-105.6159197632,68.928383129512,-29.));
#10694 = CARTESIAN_POINT('',(-126.1987157429,86.915578187049,-5.12));
#10695 = CARTESIAN_POINT('',(-106.1787177776,68.785148915325,-29.));
#10696 = CARTESIAN_POINT('',(-126.8347048933,86.746733850631,-5.12));
#10697 = CARTESIAN_POINT('',(-106.7191711681,68.572621792697,-29.));
#10698 = CARTESIAN_POINT('',(-127.4432630595,86.49643888901,-5.12));
#10699 = CARTESIAN_POINT('',(-107.2268513324,68.295444096381,-29.));
#10700 = CARTESIAN_POINT('',(-128.0116669456,86.170627283074,-5.12));
#10701 = CARTESIAN_POINT('',(-107.6926941104,67.960140594647,-29.));
#10702 = CARTESIAN_POINT('',(-128.529000371,85.777593280973,-5.12));
#10703 = DEFINITIONAL_REPRESENTATION('',(#10704),#10708);
#10704 = LINE('',#10705,#10706);
#10705 = CARTESIAN_POINT('',(0.,1.));
#10706 = VECTOR('',#10707,1.);
#10707 = DIRECTION('',(1.,0.));
#10708 = ( GEOMETRIC_REPRESENTATION_CONTEXT(2) 
PARAMETRIC_REPRESENTATION_CONTEXT() REPRESENTATION_CONTEXT('2D SPACE',''
  ) );
#10709 = ORIENTED_EDGE('',*,*,#10598,.T.);
#10710 = ORIENTED_EDGE('',*,*,#4163,.T.);
#10711 = ADVANCED_FACE('',(#10712),#4152,.F.);
#10712 = FACE_BOUND('',#10713,.F.);
#10713 = EDGE_LOOP('',(#10714,#10736,#10757,#10758,#10759,#10780,#10781,
    #10782,#10803,#10804));
#10714 = ORIENTED_EDGE('',*,*,#10715,.F.);
#10715 = EDGE_CURVE('',#10716,#3816,#10718,.T.);
#10716 = VERTEX_POINT('',#10717);
#10717 = CARTESIAN_POINT('',(124.89931685294,87.,-5.12));
#10718 = SURFACE_CURVE('',#10719,(#10722,#10729),.PCURVE_S1.);
#10719 = B_SPLINE_CURVE_WITH_KNOTS('',1,(#10720,#10721),.UNSPECIFIED.,
  .F.,.F.,(2,2),(0.,1.),.PIECEWISE_BEZIER_KNOTS.);
#10720 = CARTESIAN_POINT('',(124.89931685294,87.,-5.12));
#10721 = CARTESIAN_POINT('',(118.49384723264,79.8,42.));
#10722 = PCURVE('',#4152,#10723);
#10723 = DEFINITIONAL_REPRESENTATION('',(#10724),#10728);
#10724 = LINE('',#10725,#10726);
#10725 = CARTESIAN_POINT('',(2.020683147051,0.));
#10726 = VECTOR('',#10727,1.);
#10727 = DIRECTION('',(0.,1.));
#10728 = ( GEOMETRIC_REPRESENTATION_CONTEXT(2) 
PARAMETRIC_REPRESENTATION_CONTEXT() REPRESENTATION_CONTEXT('2D SPACE',''
  ) );
#10729 = PCURVE('',#4021,#10730);
#10730 = DEFINITIONAL_REPRESENTATION('',(#10731),#10735);
#10731 = LINE('',#10732,#10733);
#10732 = CARTESIAN_POINT('',(1.570796326795,0.));
#10733 = VECTOR('',#10734,1.);
#10734 = DIRECTION('',(0.,1.));
#10735 = ( GEOMETRIC_REPRESENTATION_CONTEXT(2) 
PARAMETRIC_REPRESENTATION_CONTEXT() REPRESENTATION_CONTEXT('2D SPACE',''
  ) );
#10736 = ORIENTED_EDGE('',*,*,#10737,.T.);
#10737 = EDGE_CURVE('',#10716,#9333,#10738,.T.);
#10738 = SURFACE_CURVE('',#10739,(#10743,#10750),.PCURVE_S1.);
#10739 = LINE('',#10740,#10741);
#10740 = CARTESIAN_POINT('',(126.92,87.,-5.12));
#10741 = VECTOR('',#10742,1.);
#10742 = DIRECTION('',(-1.,0.,0.));
#10743 = PCURVE('',#4152,#10744);
#10744 = DEFINITIONAL_REPRESENTATION('',(#10745),#10749);
#10745 = LINE('',#10746,#10747);
#10746 = CARTESIAN_POINT('',(0.,0.));
#10747 = VECTOR('',#10748,1.);
#10748 = DIRECTION('',(1.,0.));
#10749 = ( GEOMETRIC_REPRESENTATION_CONTEXT(2) 
PARAMETRIC_REPRESENTATION_CONTEXT() REPRESENTATION_CONTEXT('2D SPACE',''
  ) );
#10750 = PCURVE('',#9434,#10751);
#10751 = DEFINITIONAL_REPRESENTATION('',(#10752),#10756);
#10752 = LINE('',#10753,#10754);
#10753 = CARTESIAN_POINT('',(0.,1.));
#10754 = VECTOR('',#10755,1.);
#10755 = DIRECTION('',(1.,0.));
#10756 = ( GEOMETRIC_REPRESENTATION_CONTEXT(2) 
PARAMETRIC_REPRESENTATION_CONTEXT() REPRESENTATION_CONTEXT('2D SPACE',''
  ) );
#10757 = ORIENTED_EDGE('',*,*,#9332,.T.);
#10758 = ORIENTED_EDGE('',*,*,#8949,.T.);
#10759 = ORIENTED_EDGE('',*,*,#10760,.T.);
#10760 = EDGE_CURVE('',#8952,#9804,#10761,.T.);
#10761 = SURFACE_CURVE('',#10762,(#10766,#10773),.PCURVE_S1.);
#10762 = LINE('',#10763,#10764);
#10763 = CARTESIAN_POINT('',(126.92,87.,-5.12));
#10764 = VECTOR('',#10765,1.);
#10765 = DIRECTION('',(-1.,0.,0.));
#10766 = PCURVE('',#4152,#10767);
#10767 = DEFINITIONAL_REPRESENTATION('',(#10768),#10772);
#10768 = LINE('',#10769,#10770);
#10769 = CARTESIAN_POINT('',(0.,0.));
#10770 = VECTOR('',#10771,1.);
#10771 = DIRECTION('',(1.,0.));
#10772 = ( GEOMETRIC_REPRESENTATION_CONTEXT(2) 
PARAMETRIC_REPRESENTATION_CONTEXT() REPRESENTATION_CONTEXT('2D SPACE',''
  ) );
#10773 = PCURVE('',#9434,#10774);
#10774 = DEFINITIONAL_REPRESENTATION('',(#10775),#10779);
#10775 = LINE('',#10776,#10777);
#10776 = CARTESIAN_POINT('',(0.,1.));
#10777 = VECTOR('',#10778,1.);
#10778 = DIRECTION('',(1.,0.));
#10779 = ( GEOMETRIC_REPRESENTATION_CONTEXT(2) 
PARAMETRIC_REPRESENTATION_CONTEXT() REPRESENTATION_CONTEXT('2D SPACE',''
  ) );
#10780 = ORIENTED_EDGE('',*,*,#9803,.T.);
#10781 = ORIENTED_EDGE('',*,*,#9462,.T.);
#10782 = ORIENTED_EDGE('',*,*,#10783,.T.);
#10783 = EDGE_CURVE('',#9465,#10652,#10784,.T.);
#10784 = SURFACE_CURVE('',#10785,(#10789,#10796),.PCURVE_S1.);
#10785 = LINE('',#10786,#10787);
#10786 = CARTESIAN_POINT('',(126.92,87.,-5.12));
#10787 = VECTOR('',#10788,1.);
#10788 = DIRECTION('',(-1.,0.,0.));
#10789 = PCURVE('',#4152,#10790);
#10790 = DEFINITIONAL_REPRESENTATION('',(#10791),#10795);
#10791 = LINE('',#10792,#10793);
#10792 = CARTESIAN_POINT('',(0.,0.));
#10793 = VECTOR('',#10794,1.);
#10794 = DIRECTION('',(1.,0.));
#10795 = ( GEOMETRIC_REPRESENTATION_CONTEXT(2) 
PARAMETRIC_REPRESENTATION_CONTEXT() REPRESENTATION_CONTEXT('2D SPACE',''
  ) );
#10796 = PCURVE('',#9434,#10797);
#10797 = DEFINITIONAL_REPRESENTATION('',(#10798),#10802);
#10798 = LINE('',#10799,#10800);
#10799 = CARTESIAN_POINT('',(0.,1.));
#10800 = VECTOR('',#10801,1.);
#10801 = DIRECTION('',(1.,0.));
#10802 = ( GEOMETRIC_REPRESENTATION_CONTEXT(2) 
PARAMETRIC_REPRESENTATION_CONTEXT() REPRESENTATION_CONTEXT('2D SPACE',''
  ) );
#10803 = ORIENTED_EDGE('',*,*,#10651,.T.);
#10804 = ORIENTED_EDGE('',*,*,#4138,.T.);
#10805 = ADVANCED_FACE('',(#10806),#4021,.F.);
#10806 = FACE_BOUND('',#10807,.F.);
#10807 = EDGE_LOOP('',(#10808,#10830,#10867,#10868));
#10808 = ORIENTED_EDGE('',*,*,#10809,.F.);
#10809 = EDGE_CURVE('',#10810,#3791,#10812,.T.);
#10810 = VERTEX_POINT('',#10811);
#10811 = CARTESIAN_POINT('',(128.52900037105,85.777593280973,-5.12));
#10812 = SURFACE_CURVE('',#10813,(#10816,#10823),.PCURVE_S1.);
#10813 = B_SPLINE_CURVE_WITH_KNOTS('',1,(#10814,#10815),.UNSPECIFIED.,
  .F.,.F.,(2,2),(0.,1.),.PIECEWISE_BEZIER_KNOTS.);
#10814 = CARTESIAN_POINT('',(128.52900037105,85.777593280973,-5.12));
#10815 = CARTESIAN_POINT('',(122.04483963694,78.636367742907,42.));
#10816 = PCURVE('',#4021,#10817);
#10817 = DEFINITIONAL_REPRESENTATION('',(#10818),#10822);
#10818 = LINE('',#10819,#10820);
#10819 = CARTESIAN_POINT('',(0.921096703992,0.));
#10820 = VECTOR('',#10821,1.);
#10821 = DIRECTION('',(0.,1.));
#10822 = ( GEOMETRIC_REPRESENTATION_CONTEXT(2) 
PARAMETRIC_REPRESENTATION_CONTEXT() REPRESENTATION_CONTEXT('2D SPACE',''
  ) );
#10823 = PCURVE('',#3804,#10824);
#10824 = DEFINITIONAL_REPRESENTATION('',(#10825),#10829);
#10825 = LINE('',#10826,#10827);
#10826 = CARTESIAN_POINT('',(48.314283824231,0.));
#10827 = VECTOR('',#10828,1.);
#10828 = DIRECTION('',(0.,1.));
#10829 = ( GEOMETRIC_REPRESENTATION_CONTEXT(2) 
PARAMETRIC_REPRESENTATION_CONTEXT() REPRESENTATION_CONTEXT('2D SPACE',''
  ) );
#10830 = ORIENTED_EDGE('',*,*,#10831,.T.);
#10831 = EDGE_CURVE('',#10810,#10716,#10832,.T.);
#10832 = SURFACE_CURVE('',#10833,(#10838,#10845),.PCURVE_S1.);
#10833 = CIRCLE('',#10834,6.);
#10834 = AXIS2_PLACEMENT_3D('',#10835,#10836,#10837);
#10835 = CARTESIAN_POINT('',(124.89931685294,81.,-5.12));
#10836 = DIRECTION('',(0.,0.,1.));
#10837 = DIRECTION('',(1.,0.,0.));
#10838 = PCURVE('',#4021,#10839);
#10839 = DEFINITIONAL_REPRESENTATION('',(#10840),#10844);
#10840 = LINE('',#10841,#10842);
#10841 = CARTESIAN_POINT('',(0.,0.));
#10842 = VECTOR('',#10843,1.);
#10843 = DIRECTION('',(1.,0.));
#10844 = ( GEOMETRIC_REPRESENTATION_CONTEXT(2) 
PARAMETRIC_REPRESENTATION_CONTEXT() REPRESENTATION_CONTEXT('2D SPACE',''
  ) );
#10845 = PCURVE('',#10846,#10861);
#10846 = B_SPLINE_SURFACE_WITH_KNOTS('',6,1,(
    (#10847,#10848)
    ,(#10849,#10850)
    ,(#10851,#10852)
    ,(#10853,#10854)
    ,(#10855,#10856)
    ,(#10857,#10858)
    ,(#10859,#10860
    )),.UNSPECIFIED.,.F.,.F.,.F.,(7,7),(2,2),(0.921096703992,
    1.570796326795),(0.,1.),.PIECEWISE_BEZIER_KNOTS.);
#10847 = CARTESIAN_POINT('',(107.69269411049,67.960140594647,-29.));
#10848 = CARTESIAN_POINT('',(128.52900037105,85.777593280973,-5.12));
#10849 = CARTESIAN_POINT('',(107.22685133243,68.295444096381,-29.));
#10850 = CARTESIAN_POINT('',(128.01166694562,86.170627283074,-5.12));
#10851 = CARTESIAN_POINT('',(106.71917116818,68.572621792697,-29.));
#10852 = CARTESIAN_POINT('',(127.4432630595,86.496438889009,-5.12));
#10853 = CARTESIAN_POINT('',(106.17871777768,68.785148915326,-29.));
#10854 = CARTESIAN_POINT('',(126.83470489337,86.746733850631,-5.12));
#10855 = CARTESIAN_POINT('',(105.61591976326,68.928383129511,-29.));
#10856 = CARTESIAN_POINT('',(126.19871574296,86.915578187049,-5.12));
#10857 = CARTESIAN_POINT('',(105.04195317158,69.,-29.));
#10858 = CARTESIAN_POINT('',(125.54901647575,87.,-5.12));
#10859 = CARTESIAN_POINT('',(104.46798633269,69.,-29.));
#10860 = CARTESIAN_POINT('',(124.89931685294,87.,-5.12));
#10861 = DEFINITIONAL_REPRESENTATION('',(#10862),#10866);
#10862 = LINE('',#10863,#10864);
#10863 = CARTESIAN_POINT('',(0.,1.));
#10864 = VECTOR('',#10865,1.);
#10865 = DIRECTION('',(1.,0.));
#10866 = ( GEOMETRIC_REPRESENTATION_CONTEXT(2) 
PARAMETRIC_REPRESENTATION_CONTEXT() REPRESENTATION_CONTEXT('2D SPACE',''
  ) );
#10867 = ORIENTED_EDGE('',*,*,#10715,.T.);
#10868 = ORIENTED_EDGE('',*,*,#3815,.T.);
#10869 = ADVANCED_FACE('',(#10870),#3804,.F.);
#10870 = FACE_BOUND('',#10871,.F.);
#10871 = EDGE_LOOP('',(#10872,#10894,#11022,#11112,#11113,#11134,#11135)
  );
#10872 = ORIENTED_EDGE('',*,*,#10873,.F.);
#10873 = EDGE_CURVE('',#10874,#3538,#10876,.T.);
#10874 = VERTEX_POINT('',#10875);
#10875 = CARTESIAN_POINT('',(161.19653813795,56.476821230532,
    13.737166922824));
#10876 = SURFACE_CURVE('',#10877,(#10880,#10887),.PCURVE_S1.);
#10877 = B_SPLINE_CURVE_WITH_KNOTS('',1,(#10878,#10879),.UNSPECIFIED.,
  .F.,.F.,(2,2),(0.,1.),.PIECEWISE_BEZIER_KNOTS.);
#10878 = CARTESIAN_POINT('',(164.6296835181,58.350801818206,-5.12));
#10879 = CARTESIAN_POINT('',(156.05099240429,53.66812781672,42.));
#10880 = PCURVE('',#3804,#10881);
#10881 = DEFINITIONAL_REPRESENTATION('',(#10882),#10886);
#10882 = LINE('',#10883,#10884);
#10883 = CARTESIAN_POINT('',(2.976791462767,0.));
#10884 = VECTOR('',#10885,1.);
#10885 = DIRECTION('',(0.,1.));
#10886 = ( GEOMETRIC_REPRESENTATION_CONTEXT(2) 
PARAMETRIC_REPRESENTATION_CONTEXT() REPRESENTATION_CONTEXT('2D SPACE',''
  ) );
#10887 = PCURVE('',#3695,#10888);
#10888 = DEFINITIONAL_REPRESENTATION('',(#10889),#10893);
#10889 = LINE('',#10890,#10891);
#10890 = CARTESIAN_POINT('',(4.079059167354,0.));
#10891 = VECTOR('',#10892,1.);
#10892 = DIRECTION('',(0.,1.));
#10893 = ( GEOMETRIC_REPRESENTATION_CONTEXT(2) 
PARAMETRIC_REPRESENTATION_CONTEXT() REPRESENTATION_CONTEXT('2D SPACE',''
  ) );
#10894 = ORIENTED_EDGE('',*,*,#10895,.T.);
#10895 = EDGE_CURVE('',#10874,#10896,#10898,.T.);
#10896 = VERTEX_POINT('',#10897);
#10897 = CARTESIAN_POINT('',(158.59738144848,59.85,7.75));
#10898 = SURFACE_CURVE('',#10899,(#10938,#10980),.PCURVE_S1.);
#10899 = B_SPLINE_CURVE_WITH_KNOTS('',7,(#10900,#10901,#10902,#10903,
    #10904,#10905,#10906,#10907,#10908,#10909,#10910,#10911,#10912,
    #10913,#10914,#10915,#10916,#10917,#10918,#10919,#10920,#10921,
    #10922,#10923,#10924,#10925,#10926,#10927,#10928,#10929,#10930,
    #10931,#10932,#10933,#10934,#10935,#10936,#10937),.UNSPECIFIED.,.F.,
  .F.,(8,6,6,6,6,6,8),(0.,0.24731199677,0.509156313295,0.704938139024,
    0.803775359458,0.874141375242,1.),.UNSPECIFIED.);
#10900 = CARTESIAN_POINT('',(161.19653813795,56.476821230532,
    13.737166922824));
#10901 = CARTESIAN_POINT('',(161.03425554603,56.618804649237,
    13.651158217208));
#10902 = CARTESIAN_POINT('',(160.87331326686,56.761115679989,
    13.559581055588));
#10903 = CARTESIAN_POINT('',(160.71383927669,56.903745943187,
    13.462073259031));
#10904 = CARTESIAN_POINT('',(160.55600691967,57.046667479841,
    13.358212342759));
#10905 = CARTESIAN_POINT('',(160.40003631645,57.189833058444,
    13.247509793246));
#10906 = CARTESIAN_POINT('',(160.24620481825,57.333177305607,
    13.12937333612));
#10907 = CARTESIAN_POINT('',(159.93463539209,57.628488784058,
    12.869277405678));
#10908 = CARTESIAN_POINT('',(159.77728480845,57.780386460319,
    12.726397734054));
#10909 = CARTESIAN_POINT('',(159.62314081148,57.93230056685,
    12.57342565027));
#10910 = CARTESIAN_POINT('',(159.47276063163,58.084077523727,
    12.409259763954));
#10911 = CARTESIAN_POINT('',(159.32697563212,58.235413484084,
    12.232566553092));
#10912 = CARTESIAN_POINT('',(159.18688673867,58.385856150496,
    12.04178627013));
#10913 = CARTESIAN_POINT('',(158.95481229778,58.646118254839,
    11.679558024691));
#10914 = CARTESIAN_POINT('',(158.85973947516,58.756462895219,
    11.515581388981));
#10915 = CARTESIAN_POINT('',(158.76943361231,58.86565631927,
    11.341486259347));
#10916 = CARTESIAN_POINT('',(158.6848513461,58.973236723479,
    11.15619958109));
#10917 = CARTESIAN_POINT('',(158.60733631078,59.078435682792,
    10.958714295734));
#10918 = CARTESIAN_POINT('',(158.5386106903,59.180179377893,
    10.748107301665));
#10919 = CARTESIAN_POINT('',(158.45157666408,59.326008116355,
    10.4101811954));
#10920 = CARTESIAN_POINT('',(158.4251709821,59.373669063732,
    10.293324839924));
#10921 = CARTESIAN_POINT('',(158.40183863463,59.419866169487,
    10.17294139415));
#10922 = CARTESIAN_POINT('',(158.38188882934,59.464356790651,
    10.04907254441));
#10923 = CARTESIAN_POINT('',(158.36564310992,59.506866653244,
    9.921852918344));
#10924 = CARTESIAN_POINT('',(158.3534048691,59.547106052302,
    9.791538111037));
#10925 = CARTESIAN_POINT('',(158.33972488854,59.611625814172,
    9.563863562301));
#10926 = CARTESIAN_POINT('',(158.33618827838,59.637165882752,
    9.467818676115));
#10927 = CARTESIAN_POINT('',(158.33489195538,59.661307631154,
    9.370580643572));
#10928 = CARTESIAN_POINT('',(158.33590355764,59.683954142906,
    9.272341059204));
#10929 = CARTESIAN_POINT('',(158.33926528367,59.705021846465,
    9.173315563678));
#10930 = CARTESIAN_POINT('',(158.34498866164,59.724444017587,
    9.073745739265));
#10931 = CARTESIAN_POINT('',(158.36746683522,59.773887128179,
    8.795315920392));
#10932 = CARTESIAN_POINT('',(158.38936987742,59.800205221849,
    8.615750267766));
#10933 = CARTESIAN_POINT('',(158.41862440923,59.820833276421,
    8.436854204644));
#10934 = CARTESIAN_POINT('',(158.45475056359,59.835817867868,
    8.25993429066));
#10935 = CARTESIAN_POINT('',(158.49708101201,59.845415940186,
    8.086008021355));
#10936 = CARTESIAN_POINT('',(158.54487405713,59.85,7.915845750321));
#10937 = CARTESIAN_POINT('',(158.59738144848,59.85,7.75));
#10938 = PCURVE('',#3804,#10939);
#10939 = DEFINITIONAL_REPRESENTATION('',(#10940),#10979);
#10940 = B_SPLINE_CURVE_WITH_KNOTS('',7,(#10941,#10942,#10943,#10944,
    #10945,#10946,#10947,#10948,#10949,#10950,#10951,#10952,#10953,
    #10954,#10955,#10956,#10957,#10958,#10959,#10960,#10961,#10962,
    #10963,#10964,#10965,#10966,#10967,#10968,#10969,#10970,#10971,
    #10972,#10973,#10974,#10975,#10976,#10977,#10978),.UNSPECIFIED.,.F.,
  .F.,(8,6,6,6,6,6,8),(0.,0.24731199677,0.509156313295,0.704938139024,
    0.803775359458,0.874141375242,1.),.UNSPECIFIED.);
#10941 = CARTESIAN_POINT('',(2.976791462767,0.400194544203));
#10942 = CARTESIAN_POINT('',(3.205573435882,0.398369232114));
#10943 = CARTESIAN_POINT('',(3.433877722227,0.396425743964));
#10944 = CARTESIAN_POINT('',(3.66161804012,0.394356393443));
#10945 = CARTESIAN_POINT('',(3.888663241392,0.392152214405));
#10946 = CARTESIAN_POINT('',(4.114836800194,0.389802839415));
#10947 = CARTESIAN_POINT('',(4.339911995256,0.387295698984));
#10948 = CARTESIAN_POINT('',(4.800437888107,0.381775836283));
#10949 = CARTESIAN_POINT('',(5.03559434521,0.378743585188));
#10950 = CARTESIAN_POINT('',(5.268868576577,0.375497148775));
#10951 = CARTESIAN_POINT('',(5.499788427785,0.372013152885));
#10952 = CARTESIAN_POINT('',(5.727581982414,0.368263296967));
#10953 = CARTESIAN_POINT('',(5.951182715488,0.364214479417));
#10954 = CARTESIAN_POINT('',(6.331983096181,0.356527122765));
#10955 = CARTESIAN_POINT('',(6.491486339182,0.35304714323));
#10956 = CARTESIAN_POINT('',(6.647118471382,0.349352424859));
#10957 = CARTESIAN_POINT('',(6.797893337044,0.345420194845));
#10958 = CARTESIAN_POINT('',(6.942314336163,0.341229080979));
#10959 = CARTESIAN_POINT('',(7.078383722379,0.33675949282));
#10960 = CARTESIAN_POINT('',(7.266821868332,0.32958788615));
#10961 = CARTESIAN_POINT('',(7.327237102861,0.327107912562));
#10962 = CARTESIAN_POINT('',(7.384499934404,0.324553085614));
#10963 = CARTESIAN_POINT('',(7.438205897006,0.321924289992));
#10964 = CARTESIAN_POINT('',(7.487914289357,0.319224382817));
#10965 = CARTESIAN_POINT('',(7.533180964961,0.316458788435));
#10966 = CARTESIAN_POINT('',(7.602388017415,0.311626985618));
#10967 = CARTESIAN_POINT('',(7.628717159823,0.309588681581));
#10968 = CARTESIAN_POINT('',(7.652444681194,0.307525056103));
#10969 = CARTESIAN_POINT('',(7.673441796527,0.30544017528));
#10970 = CARTESIAN_POINT('',(7.691606980325,0.303338615528));
#10971 = CARTESIAN_POINT('',(7.70687216612,0.301225503804));
#10972 = CARTESIAN_POINT('',(7.741274855664,0.295316551791));
#10973 = CARTESIAN_POINT('',(7.753984760493,0.291505735734));
#10974 = CARTESIAN_POINT('',(7.757144508026,0.28770912998));
#10975 = CARTESIAN_POINT('',(7.751080549537,0.283954462875));
#10976 = CARTESIAN_POINT('',(7.736423163143,0.280263328127));
#10977 = CARTESIAN_POINT('',(7.713951566583,0.276652074497));
#10978 = CARTESIAN_POINT('',(7.684500919694,0.273132427844));
#10979 = ( GEOMETRIC_REPRESENTATION_CONTEXT(2) 
PARAMETRIC_REPRESENTATION_CONTEXT() REPRESENTATION_CONTEXT('2D SPACE',''
  ) );
#10980 = PCURVE('',#8034,#10981);
#10981 = DEFINITIONAL_REPRESENTATION('',(#10982),#11021);
#10982 = B_SPLINE_CURVE_WITH_KNOTS('',7,(#10983,#10984,#10985,#10986,
    #10987,#10988,#10989,#10990,#10991,#10992,#10993,#10994,#10995,
    #10996,#10997,#10998,#10999,#11000,#11001,#11002,#11003,#11004,
    #11005,#11006,#11007,#11008,#11009,#11010,#11011,#11012,#11013,
    #11014,#11015,#11016,#11017,#11018,#11019,#11020),.UNSPECIFIED.,.F.,
  .F.,(8,6,6,6,6,6,8),(0.,0.24731199677,0.509156313295,0.704938139024,
    0.803775359458,0.874141375242,1.),.UNSPECIFIED.);
#10983 = CARTESIAN_POINT('',(1.026148016895,28.896538137959));
#10984 = CARTESIAN_POINT('',(1.002433391842,28.734255546032));
#10985 = CARTESIAN_POINT('',(0.978266561873,28.573313266862));
#10986 = CARTESIAN_POINT('',(0.953600044895,28.413839276693));
#10987 = CARTESIAN_POINT('',(0.928380279064,28.256006919676));
#10988 = CARTESIAN_POINT('',(0.902546409664,28.100036316457));
#10989 = CARTESIAN_POINT('',(0.876024661334,27.946204818252));
#10990 = CARTESIAN_POINT('',(0.819807378361,27.634635392091));
#10991 = CARTESIAN_POINT('',(0.790032426042,27.477284808456));
#10992 = CARTESIAN_POINT('',(0.759263154667,27.323140811487));
#10993 = CARTESIAN_POINT('',(0.727362565868,27.172760631631));
#10994 = CARTESIAN_POINT('',(0.694169312543,27.026975632121));
#10995 = CARTESIAN_POINT('',(0.659495218281,26.886886738671));
#10996 = CARTESIAN_POINT('',(0.595776181822,26.654812297785));
#10997 = CARTESIAN_POINT('',(0.567554218584,26.55973947516));
#10998 = CARTESIAN_POINT('',(0.538221282531,26.469433612319));
#10999 = CARTESIAN_POINT('',(0.507647630273,26.384851346101));
#11000 = CARTESIAN_POINT('',(0.475720266086,26.307336310782));
#11001 = CARTESIAN_POINT('',(0.442336985055,26.238610690304));
#11002 = CARTESIAN_POINT('',(0.389758554959,26.151576664086));
#11003 = CARTESIAN_POINT('',(0.37173334074,26.125170982104));
#11004 = CARTESIAN_POINT('',(0.35331936747,26.101838634637));
#11005 = CARTESIAN_POINT('',(0.334525168579,26.081888829342));
#11006 = CARTESIAN_POINT('',(0.315371146338,26.065643109922));
#11007 = CARTESIAN_POINT('',(0.295892739641,26.053404869104));
#11008 = CARTESIAN_POINT('',(0.262087022272,26.039724888542));
#11009 = CARTESIAN_POINT('',(0.24789136342,26.036188278384));
#11010 = CARTESIAN_POINT('',(0.233581659062,26.034891955382));
#11011 = CARTESIAN_POINT('',(0.219183048268,26.035903557645));
#11012 = CARTESIAN_POINT('',(0.204723258617,26.039265283677));
#11013 = CARTESIAN_POINT('',(0.190232992007,26.04498866164));
#11014 = CARTESIAN_POINT('',(0.149835026504,26.067466835222));
#11015 = CARTESIAN_POINT('',(0.123920582078,26.089369877428));
#11016 = CARTESIAN_POINT('',(9.821396228965E-02,26.118624409232));
#11017 = CARTESIAN_POINT('',(7.28695217587E-02,26.154750563597));
#11018 = CARTESIAN_POINT('',(4.800112763421E-02,26.197081012011));
#11019 = CARTESIAN_POINT('',(2.369225004582E-02,26.244874057132));
#11020 = CARTESIAN_POINT('',(0.,26.297381448481));
#11021 = ( GEOMETRIC_REPRESENTATION_CONTEXT(2) 
PARAMETRIC_REPRESENTATION_CONTEXT() REPRESENTATION_CONTEXT('2D SPACE',''
  ) );
#11022 = ORIENTED_EDGE('',*,*,#11023,.F.);
#11023 = EDGE_CURVE('',#7559,#10896,#11024,.T.);
#11024 = SURFACE_CURVE('',#11025,(#11052,#11082),.PCURVE_S1.);
#11025 = B_SPLINE_CURVE_WITH_KNOTS('',5,(#11026,#11027,#11028,#11029,
    #11030,#11031,#11032,#11033,#11034,#11035,#11036,#11037,#11038,
    #11039,#11040,#11041,#11042,#11043,#11044,#11045,#11046,#11047,
    #11048,#11049,#11050,#11051),.UNSPECIFIED.,.F.,.F.,(6,4,4,4,4,4,6),(
    0.,0.495838451547,0.746997146021,0.87261969102,0.933830999743,
    0.966049313554,1.),.UNSPECIFIED.);
#11026 = CARTESIAN_POINT('',(162.22574281763,59.85,-3.75));
#11027 = CARTESIAN_POINT('',(161.86590484688,59.85,-2.605621286932));
#11028 = CARTESIAN_POINT('',(161.50584524318,59.85,-1.461485345838));
#11029 = CARTESIAN_POINT('',(161.14556215203,59.85,-0.317595815693));
#11030 = CARTESIAN_POINT('',(160.7850536914,59.85,0.82604357312));
#11031 = CARTESIAN_POINT('',(160.24159328168,59.85,2.5485918086));
#11032 = CARTESIAN_POINT('',(160.05881029759,59.85,3.127689456565));
#11033 = CARTESIAN_POINT('',(159.87596875161,59.85,3.706721444686));
#11034 = CARTESIAN_POINT('',(159.69306839431,59.85,4.285687267921));
#11035 = CARTESIAN_POINT('',(159.41859779693,59.85,5.154135554477));
#11036 = CARTESIAN_POINT('',(159.32707184345,59.85,5.44366801403));
#11037 = CARTESIAN_POINT('',(159.23553108281,59.85,5.733183728795));
#11038 = CARTESIAN_POINT('',(159.1439754835,59.85,6.022682634246));
#11039 = CARTESIAN_POINT('',(159.00778604615,59.85,6.453218757084));
#11040 = CARTESIAN_POINT('',(158.9631635478,59.85,6.594268842369));
#11041 = CARTESIAN_POINT('',(158.91853751521,59.85,6.735314913743));
#11042 = CARTESIAN_POINT('',(158.8739079447,59.85,6.876356963661));
#11043 = CARTESIAN_POINT('',(158.80578238257,59.85,7.091629751159));
#11044 = CARTESIAN_POINT('',(158.78228859847,59.85,7.165864516752));
#11045 = CARTESIAN_POINT('',(158.75879347932,59.85,7.240099281334));
#11046 = CARTESIAN_POINT('',(158.73529702417,59.85,7.314334044905));
#11047 = CARTESIAN_POINT('',(158.68703796809,59.85,7.466795159155));
#11048 = CARTESIAN_POINT('',(158.66677172514,59.85,7.530816104337));
#11049 = CARTESIAN_POINT('',(158.64185882335,59.85,7.609515247025));
#11050 = CARTESIAN_POINT('',(158.61426087202,59.85,7.696685969549));
#11051 = CARTESIAN_POINT('',(158.59738144848,59.85,7.75));
#11052 = PCURVE('',#3804,#11053);
#11053 = DEFINITIONAL_REPRESENTATION('',(#11054),#11081);
#11054 = B_SPLINE_CURVE_WITH_KNOTS('',5,(#11055,#11056,#11057,#11058,
    #11059,#11060,#11061,#11062,#11063,#11064,#11065,#11066,#11067,
    #11068,#11069,#11070,#11071,#11072,#11073,#11074,#11075,#11076,
    #11077,#11078,#11079,#11080),.UNSPECIFIED.,.F.,.F.,(6,4,4,4,4,4,6),(
    0.,0.495838451547,0.746997146021,0.87261969102,0.933830999743,
    0.966049313554,1.),.UNSPECIFIED.);
#11055 = CARTESIAN_POINT('',(5.68714156738,2.907470288625E-02));
#11056 = CARTESIAN_POINT('',(5.881541464139,5.336117812115E-02));
#11057 = CARTESIAN_POINT('',(6.076960882592,7.764250114944E-02));
#11058 = CARTESIAN_POINT('',(6.2734099646,0.101918594743));
#11059 = CARTESIAN_POINT('',(6.470898960048,0.126189379735));
#11060 = CARTESIAN_POINT('',(6.770004979786,0.162746006125));
#11061 = CARTESIAN_POINT('',(6.870841214148,0.175035854341));
#11062 = CARTESIAN_POINT('',(6.971948285079,0.187324309098));
#11063 = CARTESIAN_POINT('',(7.07332756013,0.199611359676));
#11064 = CARTESIAN_POINT('',(7.225824332493,0.218041926029));
#11065 = CARTESIAN_POINT('',(7.276736688813,0.224186502844));
#11066 = CARTESIAN_POINT('',(7.327717660896,0.230330724295));
#11067 = CARTESIAN_POINT('',(7.378767422205,0.236474589012));
#11068 = CARTESIAN_POINT('',(7.454794447049,0.245611603503));
#11069 = CARTESIAN_POINT('',(7.479719120824,0.248605026366));
#11070 = CARTESIAN_POINT('',(7.504660188475,0.251598364044));
#11071 = CARTESIAN_POINT('',(7.529617670209,0.254591616377));
#11072 = CARTESIAN_POINT('',(7.567736501511,0.259160223921));
#11073 = CARTESIAN_POINT('',(7.580886167184,0.260735664617));
#11074 = CARTESIAN_POINT('',(7.594040586724,0.262311105291));
#11075 = CARTESIAN_POINT('',(7.60719976357,0.263886545945));
#11076 = CARTESIAN_POINT('',(7.634235461193,0.267122138352));
#11077 = CARTESIAN_POINT('',(7.645593550772,0.268480817155));
#11078 = CARTESIAN_POINT('',(7.659555849327,0.270151002696));
#11079 = CARTESIAN_POINT('',(7.675033584133,0.272000975585));
#11080 = CARTESIAN_POINT('',(7.684501012051,0.273132427844));
#11081 = ( GEOMETRIC_REPRESENTATION_CONTEXT(2) 
PARAMETRIC_REPRESENTATION_CONTEXT() REPRESENTATION_CONTEXT('2D SPACE',''
  ) );
#11082 = PCURVE('',#7576,#11083);
#11083 = DEFINITIONAL_REPRESENTATION('',(#11084),#11111);
#11084 = B_SPLINE_CURVE_WITH_KNOTS('',5,(#11085,#11086,#11087,#11088,
    #11089,#11090,#11091,#11092,#11093,#11094,#11095,#11096,#11097,
    #11098,#11099,#11100,#11101,#11102,#11103,#11104,#11105,#11106,
    #11107,#11108,#11109,#11110),.UNSPECIFIED.,.F.,.F.,(6,4,4,4,4,4,6),(
    0.,0.495838451547,0.746997146021,0.87261969102,0.933830999743,
    0.966049313554,1.),.UNSPECIFIED.);
#11085 = CARTESIAN_POINT('',(7.,29.925742817638));
#11086 = CARTESIAN_POINT('',(8.144378713068,29.565904846889));
#11087 = CARTESIAN_POINT('',(9.288514654162,29.205845243181));
#11088 = CARTESIAN_POINT('',(10.432404184307,28.845562152032));
#11089 = CARTESIAN_POINT('',(11.57604357312,28.485053691401));
#11090 = CARTESIAN_POINT('',(13.2985918086,27.941593281686));
#11091 = CARTESIAN_POINT('',(13.877689456565,27.758810297596));
#11092 = CARTESIAN_POINT('',(14.456721444686,27.575968751613));
#11093 = CARTESIAN_POINT('',(15.035687267921,27.393068394313));
#11094 = CARTESIAN_POINT('',(15.904135554477,27.118597796931));
#11095 = CARTESIAN_POINT('',(16.19366801403,27.027071843455));
#11096 = CARTESIAN_POINT('',(16.483183728795,26.935531082818));
#11097 = CARTESIAN_POINT('',(16.772682634246,26.843975483507));
#11098 = CARTESIAN_POINT('',(17.203218757084,26.707786046154));
#11099 = CARTESIAN_POINT('',(17.344268842369,26.663163547808));
#11100 = CARTESIAN_POINT('',(17.485314913743,26.618537515212));
#11101 = CARTESIAN_POINT('',(17.626356963661,26.573907944703));
#11102 = CARTESIAN_POINT('',(17.841629751159,26.505782382579));
#11103 = CARTESIAN_POINT('',(17.915864516752,26.482288598471));
#11104 = CARTESIAN_POINT('',(17.990099281334,26.458793479324));
#11105 = CARTESIAN_POINT('',(18.064334044905,26.435297024174));
#11106 = CARTESIAN_POINT('',(18.216795159155,26.387037968096));
#11107 = CARTESIAN_POINT('',(18.280816104337,26.366771725147));
#11108 = CARTESIAN_POINT('',(18.359515247025,26.341858823351));
#11109 = CARTESIAN_POINT('',(18.446685969549,26.31426087202));
#11110 = CARTESIAN_POINT('',(18.5,26.297381448481));
#11111 = ( GEOMETRIC_REPRESENTATION_CONTEXT(2) 
PARAMETRIC_REPRESENTATION_CONTEXT() REPRESENTATION_CONTEXT('2D SPACE',''
  ) );
#11112 = ORIENTED_EDGE('',*,*,#7588,.F.);
#11113 = ORIENTED_EDGE('',*,*,#11114,.T.);
#11114 = EDGE_CURVE('',#7589,#10810,#11115,.T.);
#11115 = SURFACE_CURVE('',#11116,(#11120,#11127),.PCURVE_S1.);
#11116 = LINE('',#11117,#11118);
#11117 = CARTESIAN_POINT('',(167.,56.55,-5.12));
#11118 = VECTOR('',#11119,1.);
#11119 = DIRECTION('',(-0.796265546829,0.604947253017,0.));
#11120 = PCURVE('',#3804,#11121);
#11121 = DEFINITIONAL_REPRESENTATION('',(#11122),#11126);
#11122 = LINE('',#11123,#11124);
#11123 = CARTESIAN_POINT('',(0.,0.));
#11124 = VECTOR('',#11125,1.);
#11125 = DIRECTION('',(1.,0.));
#11126 = ( GEOMETRIC_REPRESENTATION_CONTEXT(2) 
PARAMETRIC_REPRESENTATION_CONTEXT() REPRESENTATION_CONTEXT('2D SPACE',''
  ) );
#11127 = PCURVE('',#7724,#11128);
#11128 = DEFINITIONAL_REPRESENTATION('',(#11129),#11133);
#11129 = LINE('',#11130,#11131);
#11130 = CARTESIAN_POINT('',(0.,1.));
#11131 = VECTOR('',#11132,1.);
#11132 = DIRECTION('',(1.,0.));
#11133 = ( GEOMETRIC_REPRESENTATION_CONTEXT(2) 
PARAMETRIC_REPRESENTATION_CONTEXT() REPRESENTATION_CONTEXT('2D SPACE',''
  ) );
#11134 = ORIENTED_EDGE('',*,*,#10809,.T.);
#11135 = ORIENTED_EDGE('',*,*,#3790,.T.);
#11136 = ADVANCED_FACE('',(#11137),#3695,.F.);
#11137 = FACE_BOUND('',#11138,.F.);
#11138 = EDGE_LOOP('',(#11139,#11161,#11226,#11289,#11290));
#11139 = ORIENTED_EDGE('',*,*,#11140,.F.);
#11140 = EDGE_CURVE('',#11141,#3513,#11143,.T.);
#11141 = VERTEX_POINT('',#11142);
#11142 = CARTESIAN_POINT('',(163.4156409168,51.573790435192,14.75));
#11143 = SURFACE_CURVE('',#11144,(#11147,#11154),.PCURVE_S1.);
#11144 = B_SPLINE_CURVE_WITH_KNOTS('',1,(#11145,#11146),.UNSPECIFIED.,
  .F.,.F.,(2,2),(0.,1.),.PIECEWISE_BEZIER_KNOTS.);
#11145 = CARTESIAN_POINT('',(167.,53.573208537233,-5.12));
#11146 = CARTESIAN_POINT('',(158.5,48.831760073812,42.));
#11147 = PCURVE('',#3695,#11148);
#11148 = DEFINITIONAL_REPRESENTATION('',(#11149),#11153);
#11149 = LINE('',#11150,#11151);
#11150 = CARTESIAN_POINT('',(3.14159265359,0.));
#11151 = VECTOR('',#11152,1.);
#11152 = DIRECTION('',(0.,1.));
#11153 = ( GEOMETRIC_REPRESENTATION_CONTEXT(2) 
PARAMETRIC_REPRESENTATION_CONTEXT() REPRESENTATION_CONTEXT('2D SPACE',''
  ) );
#11154 = PCURVE('',#3526,#11155);
#11155 = DEFINITIONAL_REPRESENTATION('',(#11156),#11160);
#11156 = LINE('',#11157,#11158);
#11157 = CARTESIAN_POINT('',(110.12320853723,0.));
#11158 = VECTOR('',#11159,1.);
#11159 = DIRECTION('',(0.,1.));
#11160 = ( GEOMETRIC_REPRESENTATION_CONTEXT(2) 
PARAMETRIC_REPRESENTATION_CONTEXT() REPRESENTATION_CONTEXT('2D SPACE',''
  ) );
#11161 = ORIENTED_EDGE('',*,*,#11162,.F.);
#11162 = EDGE_CURVE('',#11163,#11141,#11165,.T.);
#11163 = VERTEX_POINT('',#11164);
#11164 = CARTESIAN_POINT('',(163.27833344463,52.85,14.75));
#11165 = SURFACE_CURVE('',#11166,(#11184,#11205),.PCURVE_S1.);
#11166 = B_SPLINE_CURVE_WITH_KNOTS('',4,(#11167,#11168,#11169,#11170,
    #11171,#11172,#11173,#11174,#11175,#11176,#11177,#11178,#11179,
    #11180,#11181,#11182,#11183),.UNSPECIFIED.,.F.,.F.,(5,3,3,3,3,5),(0.
    ,8.645832573296E-02,0.480450061625,0.618996686045,0.718577087905,1.)
  ,.UNSPECIFIED.);
#11167 = CARTESIAN_POINT('',(163.27833344463,52.85,14.75));
#11168 = CARTESIAN_POINT('',(163.2842463876,52.822839056638,14.75));
#11169 = CARTESIAN_POINT('',(163.28999154025,52.795641586177,14.75));
#11170 = CARTESIAN_POINT('',(163.29556856505,52.768409141145,14.75));
#11171 = CARTESIAN_POINT('',(163.32562415271,52.616892413944,14.75));
#11172 = CARTESIAN_POINT('',(163.34677331314,52.491947666383,14.75));
#11173 = CARTESIAN_POINT('',(163.36439531599,52.366456861127,14.75));
#11174 = CARTESIAN_POINT('',(163.38342395519,52.196301746629,14.75));
#11175 = CARTESIAN_POINT('',(163.38793627028,52.151984722765,14.75));
#11176 = CARTESIAN_POINT('',(163.39200963037,52.107625199132,14.75));
#11177 = CARTESIAN_POINT('',(163.39825534634,52.031320434125,14.75));
#11178 = CARTESIAN_POINT('',(163.40064015057,51.999392581988,14.75));
#11179 = CARTESIAN_POINT('',(163.40279771558,51.967448569268,14.75));
#11180 = CARTESIAN_POINT('',(163.4101827498,51.845175440898,14.75));
#11181 = CARTESIAN_POINT('',(163.41382152697,51.7547503665,14.75));
#11182 = CARTESIAN_POINT('',(163.4156409168,51.664270398389,14.75));
#11183 = CARTESIAN_POINT('',(163.4156409168,51.573790435192,14.75));
#11184 = PCURVE('',#3695,#11185);
#11185 = DEFINITIONAL_REPRESENTATION('',(#11186),#11204);
#11186 = B_SPLINE_CURVE_WITH_KNOTS('',4,(#11187,#11188,#11189,#11190,
    #11191,#11192,#11193,#11194,#11195,#11196,#11197,#11198,#11199,
    #11200,#11201,#11202,#11203),.UNSPECIFIED.,.F.,.F.,(5,3,3,3,3,5),(0.
    ,8.645832573296E-02,0.480450061625,0.618996686045,0.718577087905,1.)
  ,.UNSPECIFIED.);
#11187 = CARTESIAN_POINT('',(3.35811857752,0.421689303905));
#11188 = CARTESIAN_POINT('',(3.35343845516,0.421689303905));
#11189 = CARTESIAN_POINT('',(3.348758327075,0.421689303905));
#11190 = CARTESIAN_POINT('',(3.344078209042,0.421689303905));
#11191 = CARTESIAN_POINT('',(3.318070714371,0.421689303905));
#11192 = CARTESIAN_POINT('',(3.296743348005,0.421689303905));
#11193 = CARTESIAN_POINT('',(3.275415988451,0.421689303905));
#11194 = CARTESIAN_POINT('',(3.246588902314,0.421689303905));
#11195 = CARTESIAN_POINT('',(3.239089169981,0.421689303905));
#11196 = CARTESIAN_POINT('',(3.231589438168,0.421689303905));
#11197 = CARTESIAN_POINT('',(3.218699274039,0.421689303905));
#11198 = CARTESIAN_POINT('',(3.213308841501,0.421689303905));
#11199 = CARTESIAN_POINT('',(3.207918409159,0.421689303905));
#11200 = CARTESIAN_POINT('',(3.187294144909,0.421689303905));
#11201 = CARTESIAN_POINT('',(3.172060313895,0.421689303905));
#11202 = CARTESIAN_POINT('',(3.156826483533,0.421689303905));
#11203 = CARTESIAN_POINT('',(3.14159265359,0.421689303905));
#11204 = ( GEOMETRIC_REPRESENTATION_CONTEXT(2) 
PARAMETRIC_REPRESENTATION_CONTEXT() REPRESENTATION_CONTEXT('2D SPACE',''
  ) );
#11205 = PCURVE('',#10195,#11206);
#11206 = DEFINITIONAL_REPRESENTATION('',(#11207),#11225);
#11207 = B_SPLINE_CURVE_WITH_KNOTS('',4,(#11208,#11209,#11210,#11211,
    #11212,#11213,#11214,#11215,#11216,#11217,#11218,#11219,#11220,
    #11221,#11222,#11223,#11224),.UNSPECIFIED.,.F.,.F.,(5,3,3,3,3,5),(0.
    ,8.645832573296E-02,0.480450061625,0.618996686045,0.718577087905,1.)
  ,.UNSPECIFIED.);
#11208 = CARTESIAN_POINT('',(30.978333444637,112.7));
#11209 = CARTESIAN_POINT('',(30.984246387607,112.67283905663));
#11210 = CARTESIAN_POINT('',(30.989991540255,112.64564158617));
#11211 = CARTESIAN_POINT('',(30.99556856505,112.61840914114));
#11212 = CARTESIAN_POINT('',(31.02562415271,112.46689241394));
#11213 = CARTESIAN_POINT('',(31.046773313141,112.34194766638));
#11214 = CARTESIAN_POINT('',(31.064395315995,112.21645686112));
#11215 = CARTESIAN_POINT('',(31.083423955197,112.04630174662));
#11216 = CARTESIAN_POINT('',(31.087936270288,112.00198472276));
#11217 = CARTESIAN_POINT('',(31.09200963037,111.95762519913));
#11218 = CARTESIAN_POINT('',(31.098255346347,111.88132043412));
#11219 = CARTESIAN_POINT('',(31.100640150574,111.84939258198));
#11220 = CARTESIAN_POINT('',(31.102797715589,111.81744856926));
#11221 = CARTESIAN_POINT('',(31.110182749804,111.69517544089));
#11222 = CARTESIAN_POINT('',(31.113821526978,111.6047503665));
#11223 = CARTESIAN_POINT('',(31.115640916808,111.51427039838));
#11224 = CARTESIAN_POINT('',(31.115640916808,111.42379043519));
#11225 = ( GEOMETRIC_REPRESENTATION_CONTEXT(2) 
PARAMETRIC_REPRESENTATION_CONTEXT() REPRESENTATION_CONTEXT('2D SPACE',''
  ) );
#11226 = ORIENTED_EDGE('',*,*,#11227,.F.);
#11227 = EDGE_CURVE('',#10874,#11163,#11228,.T.);
#11228 = SURFACE_CURVE('',#11229,(#11247,#11268),.PCURVE_S1.);
#11229 = B_SPLINE_CURVE_WITH_KNOTS('',6,(#11230,#11231,#11232,#11233,
    #11234,#11235,#11236,#11237,#11238,#11239,#11240,#11241,#11242,
    #11243,#11244,#11245,#11246),.UNSPECIFIED.,.F.,.F.,(7,5,5,7),(0.,
    0.323834587947,0.627392667982,1.),.UNSPECIFIED.);
#11230 = CARTESIAN_POINT('',(161.19653813795,56.476821230532,
    13.737166922824));
#11231 = CARTESIAN_POINT('',(161.34879829053,56.343713103034,
    13.817799280163));
#11232 = CARTESIAN_POINT('',(161.49737352281,56.202492864775,
    13.898491650836));
#11233 = CARTESIAN_POINT('',(161.64208464408,56.053101950784,
    13.978463224622));
#11234 = CARTESIAN_POINT('',(161.78267996073,55.89547871641,
    14.056929456974));
#11235 = CARTESIAN_POINT('',(161.91883867126,55.729560475693,
    14.133089847225));
#11236 = CARTESIAN_POINT('',(162.17328643362,55.391922616438,
    14.274569160543));
#11237 = CARTESIAN_POINT('',(162.29214700128,55.221234268004,
    14.340260481395));
#11238 = CARTESIAN_POINT('',(162.40643935183,55.043170892762,
    14.402509574027));
#11239 = CARTESIAN_POINT('',(162.51574887764,54.857740841282,
    14.4605843567));
#11240 = CARTESIAN_POINT('',(162.61958165085,54.665036539467,
    14.513711804838));
#11241 = CARTESIAN_POINT('',(162.83743108518,54.220042380361,
    14.619242879125));
#11242 = CARTESIAN_POINT('',(162.94839295532,53.964168204349,
    14.668734126704));
#11243 = CARTESIAN_POINT('',(163.04921066413,53.698074122622,
    14.708063345785));
#11244 = CARTESIAN_POINT('',(163.13863966784,53.422624288883,
    14.735660406103));
#11245 = CARTESIAN_POINT('',(163.21537121906,53.139215279486,
    14.749999999668));
#11246 = CARTESIAN_POINT('',(163.27833344463,52.85,14.75));
#11247 = PCURVE('',#3695,#11248);
#11248 = DEFINITIONAL_REPRESENTATION('',(#11249),#11267);
#11249 = B_SPLINE_CURVE_WITH_KNOTS('',6,(#11250,#11251,#11252,#11253,
    #11254,#11255,#11256,#11257,#11258,#11259,#11260,#11261,#11262,
    #11263,#11264,#11265,#11266),.UNSPECIFIED.,.F.,.F.,(7,5,5,7),(0.,
    0.323834587947,0.627392667982,1.),.UNSPECIFIED.);
#11250 = CARTESIAN_POINT('',(4.079059167354,0.400194544203));
#11251 = CARTESIAN_POINT('',(4.043921835658,0.401905757219));
#11252 = CARTESIAN_POINT('',(4.008463629559,0.403618243863));
#11253 = CARTESIAN_POINT('',(3.9726377916,0.40531543346));
#11254 = CARTESIAN_POINT('',(3.936400183433,0.406980676082));
#11255 = CARTESIAN_POINT('',(3.89970562839,0.408596983175));
#11256 = CARTESIAN_POINT('',(3.827632198439,0.411599515292));
#11257 = CARTESIAN_POINT('',(3.79231854234,0.412993643493));
#11258 = CARTESIAN_POINT('',(3.756522260215,0.414314719313));
#11259 = CARTESIAN_POINT('',(3.720210797145,0.415547206212));
#11260 = CARTESIAN_POINT('',(3.683359200657,0.416674698744));
#11261 = CARTESIAN_POINT('',(3.600029799617,0.418914322562));
#11262 = CARTESIAN_POINT('',(3.553268914384,0.419964648342));
#11263 = CARTESIAN_POINT('',(3.505644509587,0.420799301496));
#11264 = CARTESIAN_POINT('',(3.457182726348,0.421384988404));
#11265 = CARTESIAN_POINT('',(3.407953476388,0.421689302585));
#11266 = CARTESIAN_POINT('',(3.358118576402,0.421689302592));
#11267 = ( GEOMETRIC_REPRESENTATION_CONTEXT(2) 
PARAMETRIC_REPRESENTATION_CONTEXT() REPRESENTATION_CONTEXT('2D SPACE',''
  ) );
#11268 = PCURVE('',#8034,#11269);
#11269 = DEFINITIONAL_REPRESENTATION('',(#11270),#11288);
#11270 = B_SPLINE_CURVE_WITH_KNOTS('',6,(#11271,#11272,#11273,#11274,
    #11275,#11276,#11277,#11278,#11279,#11280,#11281,#11282,#11283,
    #11284,#11285,#11286,#11287),.UNSPECIFIED.,.F.,.F.,(7,5,5,7),(0.,
    0.323834587947,0.627392667982,1.),.UNSPECIFIED.);
#11271 = CARTESIAN_POINT('',(1.026148016895,28.896538137959));
#11272 = CARTESIAN_POINT('',(1.048380256152,29.048798290537));
#11273 = CARTESIAN_POINT('',(1.071608116419,29.19737352281));
#11274 = CARTESIAN_POINT('',(1.095800813985,29.342084644088));
#11275 = CARTESIAN_POINT('',(1.120936322918,29.482679960737));
#11276 = CARTESIAN_POINT('',(1.147002113095,29.618838671261));
#11277 = CARTESIAN_POINT('',(1.199299481059,29.873286433623));
#11278 = CARTESIAN_POINT('',(1.225415769827,29.992147001288));
#11279 = CARTESIAN_POINT('',(1.252342844088,30.106439351837));
#11280 = CARTESIAN_POINT('',(1.280077814309,30.215748877642));
#11281 = CARTESIAN_POINT('',(1.308615372817,30.319581650859));
#11282 = CARTESIAN_POINT('',(1.373949148387,30.537431085186));
#11283 = CARTESIAN_POINT('',(1.411147533511,30.648392955323));
#11284 = CARTESIAN_POINT('',(1.449515771436,30.749210664136));
#11285 = CARTESIAN_POINT('',(1.488992895009,30.838639667842));
#11286 = CARTESIAN_POINT('',(1.529479858297,30.915371219067));
#11287 = CARTESIAN_POINT('',(1.570796326795,30.978333444637));
#11288 = ( GEOMETRIC_REPRESENTATION_CONTEXT(2) 
PARAMETRIC_REPRESENTATION_CONTEXT() REPRESENTATION_CONTEXT('2D SPACE',''
  ) );
#11289 = ORIENTED_EDGE('',*,*,#10873,.T.);
#11290 = ORIENTED_EDGE('',*,*,#3537,.T.);
#11291 = ADVANCED_FACE('',(#11292),#3526,.F.);
#11292 = FACE_BOUND('',#11293,.F.);
#11293 = EDGE_LOOP('',(#11294,#11316,#11334,#11335));
#11294 = ORIENTED_EDGE('',*,*,#11295,.F.);
#11295 = EDGE_CURVE('',#11296,#3161,#11298,.T.);
#11296 = VERTEX_POINT('',#11297);
#11297 = CARTESIAN_POINT('',(163.4156409168,-51.57379043519,14.75));
#11298 = SURFACE_CURVE('',#11299,(#11302,#11309),.PCURVE_S1.);
#11299 = B_SPLINE_CURVE_WITH_KNOTS('',1,(#11300,#11301),.UNSPECIFIED.,
  .F.,.F.,(2,2),(0.,1.),.PIECEWISE_BEZIER_KNOTS.);
#11300 = CARTESIAN_POINT('',(167.,-53.57320853723,-5.12));
#11301 = CARTESIAN_POINT('',(158.5,-48.83176007381,42.));
#11302 = PCURVE('',#3526,#11303);
#11303 = DEFINITIONAL_REPRESENTATION('',(#11304),#11308);
#11304 = LINE('',#11305,#11306);
#11305 = CARTESIAN_POINT('',(2.976791462767,0.));
#11306 = VECTOR('',#11307,1.);
#11307 = DIRECTION('',(0.,1.));
#11308 = ( GEOMETRIC_REPRESENTATION_CONTEXT(2) 
PARAMETRIC_REPRESENTATION_CONTEXT() REPRESENTATION_CONTEXT('2D SPACE',''
  ) );
#11309 = PCURVE('',#3384,#11310);
#11310 = DEFINITIONAL_REPRESENTATION('',(#11311),#11315);
#11311 = LINE('',#11312,#11313);
#11312 = CARTESIAN_POINT('',(3.14159265359,0.));
#11313 = VECTOR('',#11314,1.);
#11314 = DIRECTION('',(0.,1.));
#11315 = ( GEOMETRIC_REPRESENTATION_CONTEXT(2) 
PARAMETRIC_REPRESENTATION_CONTEXT() REPRESENTATION_CONTEXT('2D SPACE',''
  ) );
#11316 = ORIENTED_EDGE('',*,*,#11317,.F.);
#11317 = EDGE_CURVE('',#11141,#11296,#11318,.T.);
#11318 = SURFACE_CURVE('',#11319,(#11322,#11328),.PCURVE_S1.);
#11319 = B_SPLINE_CURVE_WITH_KNOTS('',1,(#11320,#11321),.UNSPECIFIED.,
  .F.,.F.,(2,2),(0.,1.),.PIECEWISE_BEZIER_KNOTS.);
#11320 = CARTESIAN_POINT('',(163.4156409168,51.573790435192,14.75));
#11321 = CARTESIAN_POINT('',(163.4156409168,-51.57379043519,14.75));
#11322 = PCURVE('',#3526,#11323);
#11323 = DEFINITIONAL_REPRESENTATION('',(#11324),#11327);
#11324 = B_SPLINE_CURVE_WITH_KNOTS('',1,(#11325,#11326),.UNSPECIFIED.,
  .F.,.F.,(2,2),(0.,1.),.PIECEWISE_BEZIER_KNOTS.);
#11325 = CARTESIAN_POINT('',(110.12320853723,0.421689303905));
#11326 = CARTESIAN_POINT('',(2.976791462767,0.421689303905));
#11327 = ( GEOMETRIC_REPRESENTATION_CONTEXT(2) 
PARAMETRIC_REPRESENTATION_CONTEXT() REPRESENTATION_CONTEXT('2D SPACE',''
  ) );
#11328 = PCURVE('',#10195,#11329);
#11329 = DEFINITIONAL_REPRESENTATION('',(#11330),#11333);
#11330 = B_SPLINE_CURVE_WITH_KNOTS('',1,(#11331,#11332),.UNSPECIFIED.,
  .F.,.F.,(2,2),(0.,1.),.PIECEWISE_BEZIER_KNOTS.);
#11331 = CARTESIAN_POINT('',(31.115640916808,111.42379043519));
#11332 = CARTESIAN_POINT('',(31.115640916808,8.276209564808));
#11333 = ( GEOMETRIC_REPRESENTATION_CONTEXT(2) 
PARAMETRIC_REPRESENTATION_CONTEXT() REPRESENTATION_CONTEXT('2D SPACE',''
  ) );
#11334 = ORIENTED_EDGE('',*,*,#11140,.T.);
#11335 = ORIENTED_EDGE('',*,*,#3512,.T.);
#11336 = ADVANCED_FACE('',(#11337),#3384,.F.);
#11337 = FACE_BOUND('',#11338,.F.);
#11338 = EDGE_LOOP('',(#11339,#11361,#11426,#11480,#11481));
#11339 = ORIENTED_EDGE('',*,*,#11340,.F.);
#11340 = EDGE_CURVE('',#11341,#3136,#11343,.T.);
#11341 = VERTEX_POINT('',#11342);
#11342 = CARTESIAN_POINT('',(161.19653813795,-56.47682123053,
    13.737166922824));
#11343 = SURFACE_CURVE('',#11344,(#11347,#11354),.PCURVE_S1.);
#11344 = B_SPLINE_CURVE_WITH_KNOTS('',1,(#11345,#11346),.UNSPECIFIED.,
  .F.,.F.,(2,2),(0.,1.),.PIECEWISE_BEZIER_KNOTS.);
#11345 = CARTESIAN_POINT('',(164.6296835181,-58.3508018182,-5.12));
#11346 = CARTESIAN_POINT('',(156.05099240429,-53.66812781672,42.));
#11347 = PCURVE('',#3384,#11348);
#11348 = DEFINITIONAL_REPRESENTATION('',(#11349),#11353);
#11349 = LINE('',#11350,#11351);
#11350 = CARTESIAN_POINT('',(2.204126139825,0.));
#11351 = VECTOR('',#11352,1.);
#11352 = DIRECTION('',(0.,1.));
#11353 = ( GEOMETRIC_REPRESENTATION_CONTEXT(2) 
PARAMETRIC_REPRESENTATION_CONTEXT() REPRESENTATION_CONTEXT('2D SPACE',''
  ) );
#11354 = PCURVE('',#3149,#11355);
#11355 = DEFINITIONAL_REPRESENTATION('',(#11356),#11360);
#11356 = LINE('',#11357,#11358);
#11357 = CARTESIAN_POINT('',(47.358175508515,0.));
#11358 = VECTOR('',#11359,1.);
#11359 = DIRECTION('',(0.,1.));
#11360 = ( GEOMETRIC_REPRESENTATION_CONTEXT(2) 
PARAMETRIC_REPRESENTATION_CONTEXT() REPRESENTATION_CONTEXT('2D SPACE',''
  ) );
#11361 = ORIENTED_EDGE('',*,*,#11362,.F.);
#11362 = EDGE_CURVE('',#11363,#11341,#11365,.T.);
#11363 = VERTEX_POINT('',#11364);
#11364 = CARTESIAN_POINT('',(163.27833344463,-52.85,14.75));
#11365 = SURFACE_CURVE('',#11366,(#11384,#11405),.PCURVE_S1.);
#11366 = B_SPLINE_CURVE_WITH_KNOTS('',6,(#11367,#11368,#11369,#11370,
    #11371,#11372,#11373,#11374,#11375,#11376,#11377,#11378,#11379,
    #11380,#11381,#11382,#11383),.UNSPECIFIED.,.F.,.F.,(7,5,5,7),(0.,
    0.37347395164,0.677094491319,1.),.UNSPECIFIED.);
#11367 = CARTESIAN_POINT('',(163.27833344463,-52.85,14.75));
#11368 = CARTESIAN_POINT('',(163.21522472955,-53.13988817505,
    14.749999999659));
#11369 = CARTESIAN_POINT('',(163.13828261724,-53.42394266735,
    14.735593598967));
#11370 = CARTESIAN_POINT('',(163.04858649496,-53.6999958661,
    14.707870583595));
#11371 = CARTESIAN_POINT('',(162.94745467878,-53.96664338755,
    14.668367867895));
#11372 = CARTESIAN_POINT('',(162.83614009646,-54.22301756615,
    14.618666771937));
#11373 = CARTESIAN_POINT('',(162.61779921929,-54.66839827583,
    14.512807669341));
#11374 = CARTESIAN_POINT('',(162.51386418096,-54.86103727651,
    14.459595263146));
#11375 = CARTESIAN_POINT('',(162.40445607476,-55.04639769435,
    14.401442601695));
#11376 = CARTESIAN_POINT('',(162.29006839485,-55.22438795183,
    14.339122781601));
#11377 = CARTESIAN_POINT('',(162.17111526861,-55.39500024214,
    14.273367925001));
#11378 = CARTESIAN_POINT('',(161.91688502367,-55.73193999675,
    14.131997088912));
#11379 = CARTESIAN_POINT('',(161.78106624481,-55.89728723729,
    14.056028881944));
#11380 = CARTESIAN_POINT('',(161.64083902877,-56.05438754611,
    13.977774896135));
#11381 = CARTESIAN_POINT('',(161.49652097194,-56.20330311728,
    13.898028640389));
#11382 = CARTESIAN_POINT('',(161.34836142037,-56.34409502153,
    13.817567926978));
#11383 = CARTESIAN_POINT('',(161.19653813795,-56.47682123053,
    13.737166922824));
#11384 = PCURVE('',#3384,#11385);
#11385 = DEFINITIONAL_REPRESENTATION('',(#11386),#11404);
#11386 = B_SPLINE_CURVE_WITH_KNOTS('',6,(#11387,#11388,#11389,#11390,
    #11391,#11392,#11393,#11394,#11395,#11396,#11397,#11398,#11399,
    #11400,#11401,#11402,#11403),.UNSPECIFIED.,.F.,.F.,(7,5,5,7),(0.,
    0.37347395164,0.677094491319,1.),.UNSPECIFIED.);
#11387 = CARTESIAN_POINT('',(2.925066730738,0.421689302561));
#11388 = CARTESIAN_POINT('',(2.875115883617,0.421689302554));
#11389 = CARTESIAN_POINT('',(2.825773571135,0.421383570717));
#11390 = CARTESIAN_POINT('',(2.77720267999,0.42079521049));
#11391 = CARTESIAN_POINT('',(2.729473369622,0.419956875498));
#11392 = CARTESIAN_POINT('',(2.682611739784,0.418902096179));
#11393 = CARTESIAN_POINT('',(2.599185554931,0.416655510809));
#11394 = CARTESIAN_POINT('',(2.562334290181,0.415526215262));
#11395 = CARTESIAN_POINT('',(2.526023100316,0.414292075588));
#11396 = CARTESIAN_POINT('',(2.490226933777,0.412969498761));
#11397 = CARTESIAN_POINT('',(2.454913168408,0.411574022177));
#11398 = CARTESIAN_POINT('',(2.382953309805,0.40857379221));
#11399 = CARTESIAN_POINT('',(2.346369270817,0.406961563708));
#11400 = CARTESIAN_POINT('',(2.310239173939,0.40530082547));
#11401 = CARTESIAN_POINT('',(2.274518222079,0.403608417665));
#11402 = CARTESIAN_POINT('',(2.239162654258,0.401900847347));
#11403 = CARTESIAN_POINT('',(2.204126139825,0.400194544203));
#11404 = ( GEOMETRIC_REPRESENTATION_CONTEXT(2) 
PARAMETRIC_REPRESENTATION_CONTEXT() REPRESENTATION_CONTEXT('2D SPACE',''
  ) );
#11405 = PCURVE('',#6901,#11406);
#11406 = DEFINITIONAL_REPRESENTATION('',(#11407),#11425);
#11407 = B_SPLINE_CURVE_WITH_KNOTS('',6,(#11408,#11409,#11410,#11411,
    #11412,#11413,#11414,#11415,#11416,#11417,#11418,#11419,#11420,
    #11421,#11422,#11423,#11424),.UNSPECIFIED.,.F.,.F.,(7,5,5,7),(0.,
    0.37347395164,0.677094491319,1.),.UNSPECIFIED.);
#11408 = CARTESIAN_POINT('',(-1.570796326795,30.978333444637));
#11409 = CARTESIAN_POINT('',(-1.529383730359,30.915224729554));
#11410 = CARTESIAN_POINT('',(-1.488804555791,30.838282617246));
#11411 = CARTESIAN_POINT('',(-1.449240346137,30.748586494969));
#11412 = CARTESIAN_POINT('',(-1.410790629162,30.647454678783));
#11413 = CARTESIAN_POINT('',(-1.373516605603,30.536140096462));
#11414 = CARTESIAN_POINT('',(-1.308118277259,30.317799219299));
#11415 = CARTESIAN_POINT('',(-1.279586472926,30.213864180965));
#11416 = CARTESIAN_POINT('',(-1.251857651889,30.104456074765));
#11417 = CARTESIAN_POINT('',(-1.224937084775,29.990068394854));
#11418 = CARTESIAN_POINT('',(-1.198827663509,29.871115268615));
#11419 = CARTESIAN_POINT('',(-1.146628259429,29.616885023675));
#11420 = CARTESIAN_POINT('',(-1.1206479072,29.481066244819));
#11421 = CARTESIAN_POINT('',(-1.095592612806,29.340839028779));
#11422 = CARTESIAN_POINT('',(-1.071474843771,29.196520971941));
#11423 = CARTESIAN_POINT('',(-1.048316466632,29.048361420373));
#11424 = CARTESIAN_POINT('',(-1.026148016895,28.896538137959));
#11425 = ( GEOMETRIC_REPRESENTATION_CONTEXT(2) 
PARAMETRIC_REPRESENTATION_CONTEXT() REPRESENTATION_CONTEXT('2D SPACE',''
  ) );
#11426 = ORIENTED_EDGE('',*,*,#11427,.F.);
#11427 = EDGE_CURVE('',#11296,#11363,#11428,.T.);
#11428 = SURFACE_CURVE('',#11429,(#11444,#11462),.PCURVE_S1.);
#11429 = B_SPLINE_CURVE_WITH_KNOTS('',4,(#11430,#11431,#11432,#11433,
    #11434,#11435,#11436,#11437,#11438,#11439,#11440,#11441,#11442,
    #11443),.UNSPECIFIED.,.F.,.F.,(5,3,3,3,5),(0.,0.238127095662,
    0.363685003897,0.458935818535,1.),.UNSPECIFIED.);
#11430 = CARTESIAN_POINT('',(163.4156409168,-51.57379043519,14.75));
#11431 = CARTESIAN_POINT('',(163.4156409168,-51.65035040536,14.75));
#11432 = CARTESIAN_POINT('',(163.41433827672,-51.72691037765,14.75));
#11433 = CARTESIAN_POINT('',(163.41173299803,-51.80343709676,14.75));
#11434 = CARTESIAN_POINT('',(163.40576713428,-51.9202127526,14.75));
#11435 = CARTESIAN_POINT('',(163.40334580775,-51.96050967674,14.75));
#11436 = CARTESIAN_POINT('',(163.40056304668,-52.00078325561,14.75));
#11437 = CARTESIAN_POINT('',(163.39503426704,-52.07155959987,14.75));
#11438 = CARTESIAN_POINT('',(163.39244151442,-52.10207433796,14.75));
#11439 = CARTESIAN_POINT('',(163.38964113849,-52.13257072298,14.75));
#11440 = CARTESIAN_POINT('',(163.36954785036,-52.33616248676,14.75));
#11441 = CARTESIAN_POINT('',(163.34576967244,-52.50861793809,14.75));
#11442 = CARTESIAN_POINT('',(163.31533718557,-52.68002431838,14.75));
#11443 = CARTESIAN_POINT('',(163.27833344463,-52.85,14.75));
#11444 = PCURVE('',#3384,#11445);
#11445 = DEFINITIONAL_REPRESENTATION('',(#11446),#11461);
#11446 = B_SPLINE_CURVE_WITH_KNOTS('',4,(#11447,#11448,#11449,#11450,
    #11451,#11452,#11453,#11454,#11455,#11456,#11457,#11458,#11459,
    #11460),.UNSPECIFIED.,.F.,.F.,(5,3,3,3,5),(0.,0.238127095662,
    0.363685003897,0.458935818535,1.),.UNSPECIFIED.);
#11447 = CARTESIAN_POINT('',(3.14159265359,0.421689303905));
#11448 = CARTESIAN_POINT('',(3.128702489571,0.421689303905));
#11449 = CARTESIAN_POINT('',(3.115812325328,0.421689303905));
#11450 = CARTESIAN_POINT('',(3.102922160676,0.421689303905));
#11451 = CARTESIAN_POINT('',(3.083235363505,0.421689303905));
#11452 = CARTESIAN_POINT('',(3.076438731449,0.421689303905));
#11453 = CARTESIAN_POINT('',(3.06964209911,0.421689303905));
#11454 = CARTESIAN_POINT('',(3.057689400931,0.421689303905));
#11455 = CARTESIAN_POINT('',(3.05253333523,0.421689303905));
#11456 = CARTESIAN_POINT('',(3.047377269305,0.421689303905));
#11457 = CARTESIAN_POINT('',(3.012932606127,0.421689303905));
#11458 = CARTESIAN_POINT('',(2.983643997366,0.421689303905));
#11459 = CARTESIAN_POINT('',(2.954355365831,0.421689303905));
#11460 = CARTESIAN_POINT('',(2.925066729659,0.421689303905));
#11461 = ( GEOMETRIC_REPRESENTATION_CONTEXT(2) 
PARAMETRIC_REPRESENTATION_CONTEXT() REPRESENTATION_CONTEXT('2D SPACE',''
  ) );
#11462 = PCURVE('',#10195,#11463);
#11463 = DEFINITIONAL_REPRESENTATION('',(#11464),#11479);
#11464 = B_SPLINE_CURVE_WITH_KNOTS('',4,(#11465,#11466,#11467,#11468,
    #11469,#11470,#11471,#11472,#11473,#11474,#11475,#11476,#11477,
    #11478),.UNSPECIFIED.,.F.,.F.,(5,3,3,3,5),(0.,0.238127095662,
    0.363685003897,0.458935818535,1.),.UNSPECIFIED.);
#11465 = CARTESIAN_POINT('',(31.115640916808,8.276209564808));
#11466 = CARTESIAN_POINT('',(31.115640916808,8.199649594637));
#11467 = CARTESIAN_POINT('',(31.114338276727,8.123089622342));
#11468 = CARTESIAN_POINT('',(31.11173299803,8.046562903237));
#11469 = CARTESIAN_POINT('',(31.105767134285,7.929787247392));
#11470 = CARTESIAN_POINT('',(31.103345807755,7.889490323252));
#11471 = CARTESIAN_POINT('',(31.100563046687,7.84921674439));
#11472 = CARTESIAN_POINT('',(31.095034267045,7.778440400126));
#11473 = CARTESIAN_POINT('',(31.092441514428,7.747925662034));
#11474 = CARTESIAN_POINT('',(31.089641138493,7.717429277015));
#11475 = CARTESIAN_POINT('',(31.069547850368,7.513837513239));
#11476 = CARTESIAN_POINT('',(31.045769672442,7.341382061902));
#11477 = CARTESIAN_POINT('',(31.01533718557,7.169975681614));
#11478 = CARTESIAN_POINT('',(30.978333444637,7.));
#11479 = ( GEOMETRIC_REPRESENTATION_CONTEXT(2) 
PARAMETRIC_REPRESENTATION_CONTEXT() REPRESENTATION_CONTEXT('2D SPACE',''
  ) );
#11480 = ORIENTED_EDGE('',*,*,#11295,.T.);
#11481 = ORIENTED_EDGE('',*,*,#3160,.T.);
#11482 = ADVANCED_FACE('',(#11483),#3149,.F.);
#11483 = FACE_BOUND('',#11484,.F.);
#11484 = EDGE_LOOP('',(#11485,#11507,#11528,#11529,#11621,#11747,#11748)
  );
#11485 = ORIENTED_EDGE('',*,*,#11486,.F.);
#11486 = EDGE_CURVE('',#11487,#2921,#11489,.T.);
#11487 = VERTEX_POINT('',#11488);
#11488 = CARTESIAN_POINT('',(128.52900037105,-85.77759328097,-5.12));
#11489 = SURFACE_CURVE('',#11490,(#11493,#11500),.PCURVE_S1.);
#11490 = B_SPLINE_CURVE_WITH_KNOTS('',1,(#11491,#11492),.UNSPECIFIED.,
  .F.,.F.,(2,2),(0.,1.),.PIECEWISE_BEZIER_KNOTS.);
#11491 = CARTESIAN_POINT('',(128.52900037105,-85.77759328097,-5.12));
#11492 = CARTESIAN_POINT('',(122.04483963694,-78.6363677429,42.));
#11493 = PCURVE('',#3149,#11494);
#11494 = DEFINITIONAL_REPRESENTATION('',(#11495),#11499);
#11495 = LINE('',#11496,#11497);
#11496 = CARTESIAN_POINT('',(2.020683147051,0.));
#11497 = VECTOR('',#11498,1.);
#11498 = DIRECTION('',(0.,1.));
#11499 = ( GEOMETRIC_REPRESENTATION_CONTEXT(2) 
PARAMETRIC_REPRESENTATION_CONTEXT() REPRESENTATION_CONTEXT('2D SPACE',''
  ) );
#11500 = PCURVE('',#3054,#11501);
#11501 = DEFINITIONAL_REPRESENTATION('',(#11502),#11506);
#11502 = LINE('',#11503,#11504);
#11503 = CARTESIAN_POINT('',(5.362088603187,0.));
#11504 = VECTOR('',#11505,1.);
#11505 = DIRECTION('',(0.,1.));
#11506 = ( GEOMETRIC_REPRESENTATION_CONTEXT(2) 
PARAMETRIC_REPRESENTATION_CONTEXT() REPRESENTATION_CONTEXT('2D SPACE',''
  ) );
#11507 = ORIENTED_EDGE('',*,*,#11508,.T.);
#11508 = EDGE_CURVE('',#11487,#7060,#11509,.T.);
#11509 = SURFACE_CURVE('',#11510,(#11514,#11521),.PCURVE_S1.);
#11510 = LINE('',#11511,#11512);
#11511 = CARTESIAN_POINT('',(126.92,-87.,-5.12));
#11512 = VECTOR('',#11513,1.);
#11513 = DIRECTION('',(0.796265546829,0.604947253017,0.));
#11514 = PCURVE('',#3149,#11515);
#11515 = DEFINITIONAL_REPRESENTATION('',(#11516),#11520);
#11516 = LINE('',#11517,#11518);
#11517 = CARTESIAN_POINT('',(0.,0.));
#11518 = VECTOR('',#11519,1.);
#11519 = DIRECTION('',(1.,0.));
#11520 = ( GEOMETRIC_REPRESENTATION_CONTEXT(2) 
PARAMETRIC_REPRESENTATION_CONTEXT() REPRESENTATION_CONTEXT('2D SPACE',''
  ) );
#11521 = PCURVE('',#7195,#11522);
#11522 = DEFINITIONAL_REPRESENTATION('',(#11523),#11527);
#11523 = LINE('',#11524,#11525);
#11524 = CARTESIAN_POINT('',(0.,1.));
#11525 = VECTOR('',#11526,1.);
#11526 = DIRECTION('',(1.,0.));
#11527 = ( GEOMETRIC_REPRESENTATION_CONTEXT(2) 
PARAMETRIC_REPRESENTATION_CONTEXT() REPRESENTATION_CONTEXT('2D SPACE',''
  ) );
#11528 = ORIENTED_EDGE('',*,*,#7059,.T.);
#11529 = ORIENTED_EDGE('',*,*,#11530,.T.);
#11530 = EDGE_CURVE('',#7037,#11531,#11533,.T.);
#11531 = VERTEX_POINT('',#11532);
#11532 = CARTESIAN_POINT('',(158.59738144848,-59.85,7.75));
#11533 = SURFACE_CURVE('',#11534,(#11561,#11591),.PCURVE_S1.);
#11534 = B_SPLINE_CURVE_WITH_KNOTS('',5,(#11535,#11536,#11537,#11538,
    #11539,#11540,#11541,#11542,#11543,#11544,#11545,#11546,#11547,
    #11548,#11549,#11550,#11551,#11552,#11553,#11554,#11555,#11556,
    #11557,#11558,#11559,#11560),.UNSPECIFIED.,.F.,.F.,(6,4,4,4,4,4,6),(
    0.,0.495838451547,0.746997146021,0.872619691019,0.933830999743,
    0.966049313554,1.),.UNSPECIFIED.);
#11535 = CARTESIAN_POINT('',(162.22574281763,-59.85,-3.75));
#11536 = CARTESIAN_POINT('',(161.86590484688,-59.85,-2.605621286932));
#11537 = CARTESIAN_POINT('',(161.50584524318,-59.85,-1.461485345838));
#11538 = CARTESIAN_POINT('',(161.14556215203,-59.85,-0.317595815693));
#11539 = CARTESIAN_POINT('',(160.7850536914,-59.85,0.82604357312));
#11540 = CARTESIAN_POINT('',(160.24159328168,-59.85,2.5485918086));
#11541 = CARTESIAN_POINT('',(160.05881029759,-59.85,3.127689456565));
#11542 = CARTESIAN_POINT('',(159.87596875161,-59.85,3.706721444685));
#11543 = CARTESIAN_POINT('',(159.69306839431,-59.85,4.285687267921));
#11544 = CARTESIAN_POINT('',(159.41859779693,-59.85,5.154135554477));
#11545 = CARTESIAN_POINT('',(159.32707184345,-59.85,5.443668014029));
#11546 = CARTESIAN_POINT('',(159.23553108281,-59.85,5.733183728795));
#11547 = CARTESIAN_POINT('',(159.1439754835,-59.85,6.022682634245));
#11548 = CARTESIAN_POINT('',(159.00778604615,-59.85,6.453218757084));
#11549 = CARTESIAN_POINT('',(158.9631635478,-59.85,6.594268842369));
#11550 = CARTESIAN_POINT('',(158.91853751521,-59.85,6.735314913742));
#11551 = CARTESIAN_POINT('',(158.8739079447,-59.85,6.876356963661));
#11552 = CARTESIAN_POINT('',(158.80578238257,-59.85,7.091629751159));
#11553 = CARTESIAN_POINT('',(158.78228859847,-59.85,7.165864516751));
#11554 = CARTESIAN_POINT('',(158.75879347932,-59.85,7.240099281333));
#11555 = CARTESIAN_POINT('',(158.73529702417,-59.85,7.314334044905));
#11556 = CARTESIAN_POINT('',(158.68703796809,-59.85,7.466795159155));
#11557 = CARTESIAN_POINT('',(158.66677172514,-59.85,7.530816104337));
#11558 = CARTESIAN_POINT('',(158.64185882335,-59.85,7.609515247025));
#11559 = CARTESIAN_POINT('',(158.61426087202,-59.85,7.696685969549));
#11560 = CARTESIAN_POINT('',(158.59738144848,-59.85,7.75));
#11561 = PCURVE('',#3149,#11562);
#11562 = DEFINITIONAL_REPRESENTATION('',(#11563),#11590);
#11563 = B_SPLINE_CURVE_WITH_KNOTS('',5,(#11564,#11565,#11566,#11567,
    #11568,#11569,#11570,#11571,#11572,#11573,#11574,#11575,#11576,
    #11577,#11578,#11579,#11580,#11581,#11582,#11583,#11584,#11585,
    #11586,#11587,#11588,#11589),.UNSPECIFIED.,.F.,.F.,(6,4,4,4,4,4,6),(
    0.,0.495838451547,0.746997146021,0.872619691019,0.933830999743,
    0.966049313554,1.),.UNSPECIFIED.);
#11564 = CARTESIAN_POINT('',(44.647825403902,2.907470288625E-02));
#11565 = CARTESIAN_POINT('',(44.453425507142,5.336117812115E-02));
#11566 = CARTESIAN_POINT('',(44.258006088689,7.764250114944E-02));
#11567 = CARTESIAN_POINT('',(44.061557006682,0.101918594743));
#11568 = CARTESIAN_POINT('',(43.864068011233,0.126189379735));
#11569 = CARTESIAN_POINT('',(43.564961991495,0.162746006125));
#11570 = CARTESIAN_POINT('',(43.464125757134,0.175035854341));
#11571 = CARTESIAN_POINT('',(43.363018686202,0.187324309098));
#11572 = CARTESIAN_POINT('',(43.261639411152,0.199611359676));
#11573 = CARTESIAN_POINT('',(43.109142638788,0.218041926029));
#11574 = CARTESIAN_POINT('',(43.058230282468,0.224186502844));
#11575 = CARTESIAN_POINT('',(43.007249310386,0.230330724295));
#11576 = CARTESIAN_POINT('',(42.956199549076,0.236474589012));
#11577 = CARTESIAN_POINT('',(42.880172524232,0.245611603503));
#11578 = CARTESIAN_POINT('',(42.855247850458,0.248605026366));
#11579 = CARTESIAN_POINT('',(42.830306782806,0.251598364044));
#11580 = CARTESIAN_POINT('',(42.805349301073,0.254591616377));
#11581 = CARTESIAN_POINT('',(42.76723046977,0.259160223921));
#11582 = CARTESIAN_POINT('',(42.754080804098,0.260735664617));
#11583 = CARTESIAN_POINT('',(42.740926384558,0.262311105291));
#11584 = CARTESIAN_POINT('',(42.727767207712,0.263886545945));
#11585 = CARTESIAN_POINT('',(42.700731510089,0.267122138352));
#11586 = CARTESIAN_POINT('',(42.68937342051,0.268480817155));
#11587 = CARTESIAN_POINT('',(42.675411121954,0.270151002696));
#11588 = CARTESIAN_POINT('',(42.659933387148,0.272000975585));
#11589 = CARTESIAN_POINT('',(42.650465959231,0.273132427844));
#11590 = ( GEOMETRIC_REPRESENTATION_CONTEXT(2) 
PARAMETRIC_REPRESENTATION_CONTEXT() REPRESENTATION_CONTEXT('2D SPACE',''
  ) );
#11591 = PCURVE('',#6798,#11592);
#11592 = DEFINITIONAL_REPRESENTATION('',(#11593),#11620);
#11593 = B_SPLINE_CURVE_WITH_KNOTS('',5,(#11594,#11595,#11596,#11597,
    #11598,#11599,#11600,#11601,#11602,#11603,#11604,#11605,#11606,
    #11607,#11608,#11609,#11610,#11611,#11612,#11613,#11614,#11615,
    #11616,#11617,#11618,#11619),.UNSPECIFIED.,.F.,.F.,(6,4,4,4,4,4,6),(
    0.,0.495838451547,0.746997146021,0.872619691019,0.933830999743,
    0.966049313554,1.),.UNSPECIFIED.);
#11594 = CARTESIAN_POINT('',(7.,29.925742817638));
#11595 = CARTESIAN_POINT('',(8.144378713068,29.565904846889));
#11596 = CARTESIAN_POINT('',(9.288514654162,29.205845243181));
#11597 = CARTESIAN_POINT('',(10.432404184307,28.845562152032));
#11598 = CARTESIAN_POINT('',(11.57604357312,28.485053691401));
#11599 = CARTESIAN_POINT('',(13.2985918086,27.941593281686));
#11600 = CARTESIAN_POINT('',(13.877689456565,27.758810297596));
#11601 = CARTESIAN_POINT('',(14.456721444685,27.575968751613));
#11602 = CARTESIAN_POINT('',(15.035687267921,27.393068394313));
#11603 = CARTESIAN_POINT('',(15.904135554477,27.118597796931));
#11604 = CARTESIAN_POINT('',(16.193668014029,27.027071843455));
#11605 = CARTESIAN_POINT('',(16.483183728795,26.935531082818));
#11606 = CARTESIAN_POINT('',(16.772682634245,26.843975483507));
#11607 = CARTESIAN_POINT('',(17.203218757084,26.707786046155));
#11608 = CARTESIAN_POINT('',(17.344268842369,26.663163547808));
#11609 = CARTESIAN_POINT('',(17.485314913742,26.618537515212));
#11610 = CARTESIAN_POINT('',(17.626356963661,26.573907944703));
#11611 = CARTESIAN_POINT('',(17.841629751159,26.505782382579));
#11612 = CARTESIAN_POINT('',(17.915864516751,26.482288598471));
#11613 = CARTESIAN_POINT('',(17.990099281333,26.458793479324));
#11614 = CARTESIAN_POINT('',(18.064334044905,26.435297024174));
#11615 = CARTESIAN_POINT('',(18.216795159155,26.387037968096));
#11616 = CARTESIAN_POINT('',(18.280816104337,26.366771725147));
#11617 = CARTESIAN_POINT('',(18.359515247025,26.341858823351));
#11618 = CARTESIAN_POINT('',(18.446685969549,26.31426087202));
#11619 = CARTESIAN_POINT('',(18.5,26.297381448481));
#11620 = ( GEOMETRIC_REPRESENTATION_CONTEXT(2) 
PARAMETRIC_REPRESENTATION_CONTEXT() REPRESENTATION_CONTEXT('2D SPACE',''
  ) );
#11621 = ORIENTED_EDGE('',*,*,#11622,.T.);
#11622 = EDGE_CURVE('',#11531,#11341,#11623,.T.);
#11623 = SURFACE_CURVE('',#11624,(#11663,#11705),.PCURVE_S1.);
#11624 = B_SPLINE_CURVE_WITH_KNOTS('',7,(#11625,#11626,#11627,#11628,
    #11629,#11630,#11631,#11632,#11633,#11634,#11635,#11636,#11637,
    #11638,#11639,#11640,#11641,#11642,#11643,#11644,#11645,#11646,
    #11647,#11648,#11649,#11650,#11651,#11652,#11653,#11654,#11655,
    #11656,#11657,#11658,#11659,#11660,#11661,#11662),.UNSPECIFIED.,.F.,
  .F.,(8,6,6,6,6,6,8),(0.,0.129140041281,0.208028643264,0.340045212447,
    0.476270270696,0.742881353612,1.),.UNSPECIFIED.);
#11625 = CARTESIAN_POINT('',(158.59738144848,-59.85,7.75));
#11626 = CARTESIAN_POINT('',(158.54350733592,-59.85,7.920162569325));
#11627 = CARTESIAN_POINT('',(158.49458788003,-59.84517419324,
    8.094895536445));
#11628 = CARTESIAN_POINT('',(158.45144152729,-59.83505551554,
    8.273580906769));
#11629 = CARTESIAN_POINT('',(158.41487354187,-59.81924385605,
    8.455364215646));
#11630 = CARTESIAN_POINT('',(158.38559782638,-59.79747159061,
    8.639126818406));
#11631 = CARTESIAN_POINT('',(158.36411134035,-59.76970766231,
    8.823444258187));
#11632 = CARTESIAN_POINT('',(158.34221916966,-59.71589238487,
    9.118373902889));
#11633 = CARTESIAN_POINT('',(158.33686076299,-59.69337068302,
    9.229800609591));
#11634 = CARTESIAN_POINT('',(158.33447205518,-59.66880724234,
    9.34042851933));
#11635 = CARTESIAN_POINT('',(158.33502204863,-59.64230508143,
    9.449925962128));
#11636 = CARTESIAN_POINT('',(158.33843316583,-59.61399114402,
    9.558007589639));
#11637 = CARTESIAN_POINT('',(158.34459182563,-59.58400934413,
    9.66443005444));
#11638 = CARTESIAN_POINT('',(158.36803052926,-59.49980690238,
    9.943960244194));
#11639 = CARTESIAN_POINT('',(158.39000525422,-59.44286775436,
    10.113685844716));
#11640 = CARTESIAN_POINT('',(158.4186409151,-59.38235982128,
    10.277414210005));
#11641 = CARTESIAN_POINT('',(158.4531658536,-59.31894044552,
    10.434826314119));
#11642 = CARTESIAN_POINT('',(158.49282398615,-59.25318775964,
    10.585883466859));
#11643 = CARTESIAN_POINT('',(158.53695962118,-59.18555876527,
    10.73073660595));
#11644 = CARTESIAN_POINT('',(158.63465745677,-59.04499264628,
    11.013084804781));
#11645 = CARTESIAN_POINT('',(158.68845997107,-58.97197746998,
    11.150152213533));
#11646 = CARTESIAN_POINT('',(158.7458684324,-58.89768481161,
    11.281254301033));
#11647 = CARTESIAN_POINT('',(158.80639202336,-58.82240082272,
    11.40673700751));
#11648 = CARTESIAN_POINT('',(158.86962431546,-58.74634817036,
    11.526945927468));
#11649 = CARTESIAN_POINT('',(158.93524090362,-58.66968703302,
    11.642230074767));
#11650 = CARTESIAN_POINT('',(159.13561595204,-58.44147810982,
    11.969612773996));
#11651 = CARTESIAN_POINT('',(159.27630958269,-58.28863241235,
    12.168550694687));
#11652 = CARTESIAN_POINT('',(159.42323830292,-58.13472425151,
    12.352420226264));
#11653 = CARTESIAN_POINT('',(159.57515536275,-57.98028098633,
    12.522924914903));
#11654 = CARTESIAN_POINT('',(159.7311228321,-57.82565416248,
    12.681533128379));
#11655 = CARTESIAN_POINT('',(159.89052435096,-57.67101605038,
    12.829453463448));
#11656 = CARTESIAN_POINT('',(160.20971548006,-57.36723033281,
    13.101136598979));
#11657 = CARTESIAN_POINT('',(160.36919270649,-57.21817516627,
    13.225489632594));
#11658 = CARTESIAN_POINT('',(160.5310301433,-57.06930135362,
    13.341706587013));
#11659 = CARTESIAN_POINT('',(160.694907425,-56.92068586057,
    13.450465652609));
#11660 = CARTESIAN_POINT('',(160.86057287228,-56.77238360807,
    13.552321618692));
#11661 = CARTESIAN_POINT('',(161.02783036935,-56.6244261305,
    13.647752915856));
#11662 = CARTESIAN_POINT('',(161.19653813795,-56.47682123053,
    13.737166922824));
#11663 = PCURVE('',#3149,#11664);
#11664 = DEFINITIONAL_REPRESENTATION('',(#11665),#11704);
#11665 = B_SPLINE_CURVE_WITH_KNOTS('',7,(#11666,#11667,#11668,#11669,
    #11670,#11671,#11672,#11673,#11674,#11675,#11676,#11677,#11678,
    #11679,#11680,#11681,#11682,#11683,#11684,#11685,#11686,#11687,
    #11688,#11689,#11690,#11691,#11692,#11693,#11694,#11695,#11696,
    #11697,#11698,#11699,#11700,#11701,#11702,#11703),.UNSPECIFIED.,.F.,
  .F.,(8,6,6,6,6,6,8),(0.,0.129140041281,0.208028643264,0.340045212447,
    0.476270270696,0.742881353612,1.),.UNSPECIFIED.);
#11666 = CARTESIAN_POINT('',(42.650466051587,0.273132427844));
#11667 = CARTESIAN_POINT('',(42.620248830265,0.276743687804));
#11668 = CARTESIAN_POINT('',(42.597374050273,0.280451942624));
#11669 = CARTESIAN_POINT('',(42.582752048375,0.284244076969));
#11670 = CARTESIAN_POINT('',(42.57722475519,0.288101957038));
#11671 = CARTESIAN_POINT('',(42.581459817312,0.292001842496));
#11672 = CARTESIAN_POINT('',(42.595779655009,0.295913502933));
#11673 = CARTESIAN_POINT('',(42.634675554836,0.302172621029));
#11674 = CARTESIAN_POINT('',(42.653098153659,0.30453736438));
#11675 = CARTESIAN_POINT('',(42.675142144324,0.306885155334));
#11676 = CARTESIAN_POINT('',(42.70069468289,0.309208955054));
#11677 = CARTESIAN_POINT('',(42.729593645526,0.31150270776));
#11678 = CARTESIAN_POINT('',(42.761640084952,0.313761249033));
#11679 = CARTESIAN_POINT('',(42.855132434926,0.319693553569));
#11680 = CARTESIAN_POINT('',(42.92183520318,0.323295539998));
#11681 = CARTESIAN_POINT('',(42.99573281432,0.326770250637));
#11682 = CARTESIAN_POINT('',(43.075768849899,0.330110914986));
#11683 = CARTESIAN_POINT('',(43.160968294849,0.333316711945));
#11684 = CARTESIAN_POINT('',(43.250526216947,0.336390844778));
#11685 = CARTESIAN_POINT('',(43.440115240328,0.342382954261));
#11686 = CARTESIAN_POINT('',(43.540359073024,0.345291855126));
#11687 = CARTESIAN_POINT('',(43.64390143221,0.348074157492));
#11688 = CARTESIAN_POINT('',(43.750191338782,0.350737203046));
#11689 = CARTESIAN_POINT('',(43.858785371908,0.353288326135));
#11690 = CARTESIAN_POINT('',(43.969345843534,0.355734933675));
#11691 = CARTESIAN_POINT('',(44.301421411715,0.362682783828));
#11692 = CARTESIAN_POINT('',(44.527632944242,0.366904726118));
#11693 = CARTESIAN_POINT('',(44.758511226574,0.370806880863));
#11694 = CARTESIAN_POINT('',(44.992834789863,0.37442540142));
#11695 = CARTESIAN_POINT('',(45.229725042347,0.377791450093));
#11696 = CARTESIAN_POINT('',(45.468657809293,0.380930676219));
#11697 = CARTESIAN_POINT('',(45.94161842045,0.386696447347));
#11698 = CARTESIAN_POINT('',(46.175374974417,0.389335518519));
#11699 = CARTESIAN_POINT('',(46.410358438088,0.391801922475));
#11700 = CARTESIAN_POINT('',(46.646305696759,0.39411005205));
#11701 = CARTESIAN_POINT('',(46.883014127396,0.396271681212));
#11702 = CARTESIAN_POINT('',(47.120335480675,0.39829696341));
#11703 = CARTESIAN_POINT('',(47.358175508515,0.400194544203));
#11704 = ( GEOMETRIC_REPRESENTATION_CONTEXT(2) 
PARAMETRIC_REPRESENTATION_CONTEXT() REPRESENTATION_CONTEXT('2D SPACE',''
  ) );
#11705 = PCURVE('',#6901,#11706);
#11706 = DEFINITIONAL_REPRESENTATION('',(#11707),#11746);
#11707 = B_SPLINE_CURVE_WITH_KNOTS('',7,(#11708,#11709,#11710,#11711,
    #11712,#11713,#11714,#11715,#11716,#11717,#11718,#11719,#11720,
    #11721,#11722,#11723,#11724,#11725,#11726,#11727,#11728,#11729,
    #11730,#11731,#11732,#11733,#11734,#11735,#11736,#11737,#11738,
    #11739,#11740,#11741,#11742,#11743,#11744,#11745),.UNSPECIFIED.,.F.,
  .F.,(8,6,6,6,6,6,8),(0.,0.129140041281,0.208028643264,0.340045212447,
    0.476270270696,0.742881353612,1.),.UNSPECIFIED.);
#11708 = CARTESIAN_POINT('',(0.,26.297381448481));
#11709 = CARTESIAN_POINT('',(-2.430893847497E-02,26.24350733592));
#11710 = CARTESIAN_POINT('',(-4.927077180955E-02,26.194587880038));
#11711 = CARTESIAN_POINT('',(-7.482078203662E-02,26.151441527297));
#11712 = CARTESIAN_POINT('',(-0.10086579163,26.114873541877));
#11713 = CARTESIAN_POINT('',(-0.127280255833,26.085597826387));
#11714 = CARTESIAN_POINT('',(-0.153895575774,26.064111340359));
#11715 = CARTESIAN_POINT('',(-0.196724037465,26.042219169665));
#11716 = CARTESIAN_POINT('',(-0.212961103107,26.036860762992));
#11717 = CARTESIAN_POINT('',(-0.229145306979,26.034472055183));
#11718 = CARTESIAN_POINT('',(-0.245234303379,26.035022048639));
#11719 = CARTESIAN_POINT('',(-0.261191169802,26.03843316583));
#11720 = CARTESIAN_POINT('',(-0.276983653522,26.044591825634));
#11721 = CARTESIAN_POINT('',(-0.318688930969,26.068030529262));
#11722 = CARTESIAN_POINT('',(-0.34425110312,26.090005254226));
#11723 = CARTESIAN_POINT('',(-0.369169155046,26.118640915108));
#11724 = CARTESIAN_POINT('',(-0.393395633045,26.1531658536));
#11725 = CARTESIAN_POINT('',(-0.416917818682,26.192823986152));
#11726 = CARTESIAN_POINT('',(-0.439748125852,26.236959621186));
#11727 = CARTESIAN_POINT('',(-0.484805762227,26.334657456779));
#11728 = CARTESIAN_POINT('',(-0.506983343784,26.388459971075));
#11729 = CARTESIAN_POINT('',(-0.528498940883,26.4458684324));
#11730 = CARTESIAN_POINT('',(-0.549392754447,26.506392023362));
#11731 = CARTESIAN_POINT('',(-0.569705176955,26.569624315468));
#11732 = CARTESIAN_POINT('',(-0.589478461452,26.63524090362));
#11733 = CARTESIAN_POINT('',(-0.646488797854,26.835615952047));
#11734 = CARTESIAN_POINT('',(-0.682289557955,26.976309582695));
#11735 = CARTESIAN_POINT('',(-0.716498749897,27.12323830292));
#11736 = CARTESIAN_POINT('',(-0.749321088298,27.275155362753));
#11737 = CARTESIAN_POINT('',(-0.780933776309,27.431122832105));
#11738 = CARTESIAN_POINT('',(-0.811487114217,27.59052435096));
#11739 = CARTESIAN_POINT('',(-0.869708627936,27.909715480063));
#11740 = CARTESIAN_POINT('',(-0.89742315547,28.069192706497));
#11741 = CARTESIAN_POINT('',(-0.92438160988,28.231030143307));
#11742 = CARTESIAN_POINT('',(-0.950668370491,28.394907425008));
#11743 = CARTESIAN_POINT('',(-0.976352440897,28.560572872282));
#11744 = CARTESIAN_POINT('',(-1.001494470088,28.727830369352));
#11745 = CARTESIAN_POINT('',(-1.026148016895,28.896538137959));
#11746 = ( GEOMETRIC_REPRESENTATION_CONTEXT(2) 
PARAMETRIC_REPRESENTATION_CONTEXT() REPRESENTATION_CONTEXT('2D SPACE',''
  ) );
#11747 = ORIENTED_EDGE('',*,*,#11340,.T.);
#11748 = ORIENTED_EDGE('',*,*,#3135,.T.);
#11749 = ADVANCED_FACE('',(#11750),#3054,.F.);
#11750 = FACE_BOUND('',#11751,.F.);
#11751 = EDGE_LOOP('',(#11752,#11774,#11811,#11812));
#11752 = ORIENTED_EDGE('',*,*,#11753,.F.);
#11753 = EDGE_CURVE('',#11754,#2896,#11756,.T.);
#11754 = VERTEX_POINT('',#11755);
#11755 = CARTESIAN_POINT('',(124.89931685294,-87.,-5.12));
#11756 = SURFACE_CURVE('',#11757,(#11760,#11767),.PCURVE_S1.);
#11757 = B_SPLINE_CURVE_WITH_KNOTS('',1,(#11758,#11759),.UNSPECIFIED.,
  .F.,.F.,(2,2),(0.,1.),.PIECEWISE_BEZIER_KNOTS.);
#11758 = CARTESIAN_POINT('',(124.89931685294,-87.,-5.12));
#11759 = CARTESIAN_POINT('',(118.49384723264,-79.8,42.));
#11760 = PCURVE('',#3054,#11761);
#11761 = DEFINITIONAL_REPRESENTATION('',(#11762),#11766);
#11762 = LINE('',#11763,#11764);
#11763 = CARTESIAN_POINT('',(4.712388980385,0.));
#11764 = VECTOR('',#11765,1.);
#11765 = DIRECTION('',(0.,1.));
#11766 = ( GEOMETRIC_REPRESENTATION_CONTEXT(2) 
PARAMETRIC_REPRESENTATION_CONTEXT() REPRESENTATION_CONTEXT('2D SPACE',''
  ) );
#11767 = PCURVE('',#2909,#11768);
#11768 = DEFINITIONAL_REPRESENTATION('',(#11769),#11773);
#11769 = LINE('',#11770,#11771);
#11770 = CARTESIAN_POINT('',(251.81931685294,0.));
#11771 = VECTOR('',#11772,1.);
#11772 = DIRECTION('',(0.,1.));
#11773 = ( GEOMETRIC_REPRESENTATION_CONTEXT(2) 
PARAMETRIC_REPRESENTATION_CONTEXT() REPRESENTATION_CONTEXT('2D SPACE',''
  ) );
#11774 = ORIENTED_EDGE('',*,*,#11775,.T.);
#11775 = EDGE_CURVE('',#11754,#11487,#11776,.T.);
#11776 = SURFACE_CURVE('',#11777,(#11782,#11789),.PCURVE_S1.);
#11777 = CIRCLE('',#11778,6.);
#11778 = AXIS2_PLACEMENT_3D('',#11779,#11780,#11781);
#11779 = CARTESIAN_POINT('',(124.89931685294,-81.,-5.12));
#11780 = DIRECTION('',(0.,0.,1.));
#11781 = DIRECTION('',(1.,0.,0.));
#11782 = PCURVE('',#3054,#11783);
#11783 = DEFINITIONAL_REPRESENTATION('',(#11784),#11788);
#11784 = LINE('',#11785,#11786);
#11785 = CARTESIAN_POINT('',(0.,0.));
#11786 = VECTOR('',#11787,1.);
#11787 = DIRECTION('',(1.,0.));
#11788 = ( GEOMETRIC_REPRESENTATION_CONTEXT(2) 
PARAMETRIC_REPRESENTATION_CONTEXT() REPRESENTATION_CONTEXT('2D SPACE',''
  ) );
#11789 = PCURVE('',#11790,#11805);
#11790 = B_SPLINE_SURFACE_WITH_KNOTS('',6,1,(
    (#11791,#11792)
    ,(#11793,#11794)
    ,(#11795,#11796)
    ,(#11797,#11798)
    ,(#11799,#11800)
    ,(#11801,#11802)
    ,(#11803,#11804
    )),.UNSPECIFIED.,.F.,.F.,.F.,(7,7),(2,2),(4.712388980385,
    5.362088603187),(0.,1.),.PIECEWISE_BEZIER_KNOTS.);
#11791 = CARTESIAN_POINT('',(104.46798633269,-69.,-29.));
#11792 = CARTESIAN_POINT('',(124.89931685294,-87.,-5.12));
#11793 = CARTESIAN_POINT('',(105.04195317158,-69.,-29.));
#11794 = CARTESIAN_POINT('',(125.54901647575,-87.,-5.12));
#11795 = CARTESIAN_POINT('',(105.61591976326,-68.92838312951,-29.));
#11796 = CARTESIAN_POINT('',(126.19871574296,-86.91557818704,-5.12));
#11797 = CARTESIAN_POINT('',(106.17871777768,-68.78514891532,-29.));
#11798 = CARTESIAN_POINT('',(126.83470489337,-86.74673385063,-5.12));
#11799 = CARTESIAN_POINT('',(106.71917116818,-68.57262179269,-29.));
#11800 = CARTESIAN_POINT('',(127.4432630595,-86.49643888901,-5.12));
#11801 = CARTESIAN_POINT('',(107.22685133243,-68.29544409638,-29.));
#11802 = CARTESIAN_POINT('',(128.01166694562,-86.17062728307,-5.12));
#11803 = CARTESIAN_POINT('',(107.69269411049,-67.96014059464,-29.));
#11804 = CARTESIAN_POINT('',(128.52900037105,-85.77759328097,-5.12));
#11805 = DEFINITIONAL_REPRESENTATION('',(#11806),#11810);
#11806 = LINE('',#11807,#11808);
#11807 = CARTESIAN_POINT('',(0.,1.));
#11808 = VECTOR('',#11809,1.);
#11809 = DIRECTION('',(1.,0.));
#11810 = ( GEOMETRIC_REPRESENTATION_CONTEXT(2) 
PARAMETRIC_REPRESENTATION_CONTEXT() REPRESENTATION_CONTEXT('2D SPACE',''
  ) );
#11811 = ORIENTED_EDGE('',*,*,#11486,.T.);
#11812 = ORIENTED_EDGE('',*,*,#2920,.T.);
#11813 = ADVANCED_FACE('',(#11814),#2909,.F.);
#11814 = FACE_BOUND('',#11815,.F.);
#11815 = EDGE_LOOP('',(#11816,#11838,#11859,#11860,#11861,#11882,#11883,
    #11884,#11905,#11906));
#11816 = ORIENTED_EDGE('',*,*,#11817,.F.);
#11817 = EDGE_CURVE('',#11818,#2726,#11820,.T.);
#11818 = VERTEX_POINT('',#11819);
#11819 = CARTESIAN_POINT('',(-124.8993168529,-87.,-5.12));
#11820 = SURFACE_CURVE('',#11821,(#11824,#11831),.PCURVE_S1.);
#11821 = B_SPLINE_CURVE_WITH_KNOTS('',1,(#11822,#11823),.UNSPECIFIED.,
  .F.,.F.,(2,2),(0.,1.),.PIECEWISE_BEZIER_KNOTS.);
#11822 = CARTESIAN_POINT('',(-124.8993168529,-87.,-5.12));
#11823 = CARTESIAN_POINT('',(-118.4938472326,-79.8,42.));
#11824 = PCURVE('',#2909,#11825);
#11825 = DEFINITIONAL_REPRESENTATION('',(#11826),#11830);
#11826 = LINE('',#11827,#11828);
#11827 = CARTESIAN_POINT('',(2.020683147051,0.));
#11828 = VECTOR('',#11829,1.);
#11829 = DIRECTION('',(0.,1.));
#11830 = ( GEOMETRIC_REPRESENTATION_CONTEXT(2) 
PARAMETRIC_REPRESENTATION_CONTEXT() REPRESENTATION_CONTEXT('2D SPACE',''
  ) );
#11831 = PCURVE('',#2829,#11832);
#11832 = DEFINITIONAL_REPRESENTATION('',(#11833),#11837);
#11833 = LINE('',#11834,#11835);
#11834 = CARTESIAN_POINT('',(4.712388980385,0.));
#11835 = VECTOR('',#11836,1.);
#11836 = DIRECTION('',(0.,1.));
#11837 = ( GEOMETRIC_REPRESENTATION_CONTEXT(2) 
PARAMETRIC_REPRESENTATION_CONTEXT() REPRESENTATION_CONTEXT('2D SPACE',''
  ) );
#11838 = ORIENTED_EDGE('',*,*,#11839,.T.);
#11839 = EDGE_CURVE('',#11818,#5753,#11840,.T.);
#11840 = SURFACE_CURVE('',#11841,(#11845,#11852),.PCURVE_S1.);
#11841 = LINE('',#11842,#11843);
#11842 = CARTESIAN_POINT('',(-126.92,-87.,-5.12));
#11843 = VECTOR('',#11844,1.);
#11844 = DIRECTION('',(1.,0.,0.));
#11845 = PCURVE('',#2909,#11846);
#11846 = DEFINITIONAL_REPRESENTATION('',(#11847),#11851);
#11847 = LINE('',#11848,#11849);
#11848 = CARTESIAN_POINT('',(0.,0.));
#11849 = VECTOR('',#11850,1.);
#11850 = DIRECTION('',(1.,0.));
#11851 = ( GEOMETRIC_REPRESENTATION_CONTEXT(2) 
PARAMETRIC_REPRESENTATION_CONTEXT() REPRESENTATION_CONTEXT('2D SPACE',''
  ) );
#11852 = PCURVE('',#6108,#11853);
#11853 = DEFINITIONAL_REPRESENTATION('',(#11854),#11858);
#11854 = LINE('',#11855,#11856);
#11855 = CARTESIAN_POINT('',(0.,1.));
#11856 = VECTOR('',#11857,1.);
#11857 = DIRECTION('',(1.,0.));
#11858 = ( GEOMETRIC_REPRESENTATION_CONTEXT(2) 
PARAMETRIC_REPRESENTATION_CONTEXT() REPRESENTATION_CONTEXT('2D SPACE',''
  ) );
#11859 = ORIENTED_EDGE('',*,*,#5752,.T.);
#11860 = ORIENTED_EDGE('',*,*,#6133,.T.);
#11861 = ORIENTED_EDGE('',*,*,#11862,.T.);
#11862 = EDGE_CURVE('',#6067,#6242,#11863,.T.);
#11863 = SURFACE_CURVE('',#11864,(#11868,#11875),.PCURVE_S1.);
#11864 = LINE('',#11865,#11866);
#11865 = CARTESIAN_POINT('',(-126.92,-87.,-5.12));
#11866 = VECTOR('',#11867,1.);
#11867 = DIRECTION('',(1.,0.,0.));
#11868 = PCURVE('',#2909,#11869);
#11869 = DEFINITIONAL_REPRESENTATION('',(#11870),#11874);
#11870 = LINE('',#11871,#11872);
#11871 = CARTESIAN_POINT('',(0.,0.));
#11872 = VECTOR('',#11873,1.);
#11873 = DIRECTION('',(1.,0.));
#11874 = ( GEOMETRIC_REPRESENTATION_CONTEXT(2) 
PARAMETRIC_REPRESENTATION_CONTEXT() REPRESENTATION_CONTEXT('2D SPACE',''
  ) );
#11875 = PCURVE('',#6108,#11876);
#11876 = DEFINITIONAL_REPRESENTATION('',(#11877),#11881);
#11877 = LINE('',#11878,#11879);
#11878 = CARTESIAN_POINT('',(0.,1.));
#11879 = VECTOR('',#11880,1.);
#11880 = DIRECTION('',(1.,0.));
#11881 = ( GEOMETRIC_REPRESENTATION_CONTEXT(2) 
PARAMETRIC_REPRESENTATION_CONTEXT() REPRESENTATION_CONTEXT('2D SPACE',''
  ) );
#11882 = ORIENTED_EDGE('',*,*,#6241,.T.);
#11883 = ORIENTED_EDGE('',*,*,#6632,.T.);
#11884 = ORIENTED_EDGE('',*,*,#11885,.T.);
#11885 = EDGE_CURVE('',#6550,#11754,#11886,.T.);
#11886 = SURFACE_CURVE('',#11887,(#11891,#11898),.PCURVE_S1.);
#11887 = LINE('',#11888,#11889);
#11888 = CARTESIAN_POINT('',(-126.92,-87.,-5.12));
#11889 = VECTOR('',#11890,1.);
#11890 = DIRECTION('',(1.,0.,0.));
#11891 = PCURVE('',#2909,#11892);
#11892 = DEFINITIONAL_REPRESENTATION('',(#11893),#11897);
#11893 = LINE('',#11894,#11895);
#11894 = CARTESIAN_POINT('',(0.,0.));
#11895 = VECTOR('',#11896,1.);
#11896 = DIRECTION('',(1.,0.));
#11897 = ( GEOMETRIC_REPRESENTATION_CONTEXT(2) 
PARAMETRIC_REPRESENTATION_CONTEXT() REPRESENTATION_CONTEXT('2D SPACE',''
  ) );
#11898 = PCURVE('',#6108,#11899);
#11899 = DEFINITIONAL_REPRESENTATION('',(#11900),#11904);
#11900 = LINE('',#11901,#11902);
#11901 = CARTESIAN_POINT('',(0.,1.));
#11902 = VECTOR('',#11903,1.);
#11903 = DIRECTION('',(1.,0.));
#11904 = ( GEOMETRIC_REPRESENTATION_CONTEXT(2) 
PARAMETRIC_REPRESENTATION_CONTEXT() REPRESENTATION_CONTEXT('2D SPACE',''
  ) );
#11905 = ORIENTED_EDGE('',*,*,#11753,.T.);
#11906 = ORIENTED_EDGE('',*,*,#2895,.T.);
#11907 = ADVANCED_FACE('',(#11908),#2829,.F.);
#11908 = FACE_BOUND('',#11909,.F.);
#11909 = EDGE_LOOP('',(#11910,#11911,#11948,#11949));
#11910 = ORIENTED_EDGE('',*,*,#10393,.F.);
#11911 = ORIENTED_EDGE('',*,*,#11912,.T.);
#11912 = EDGE_CURVE('',#10366,#11818,#11913,.T.);
#11913 = SURFACE_CURVE('',#11914,(#11919,#11926),.PCURVE_S1.);
#11914 = CIRCLE('',#11915,6.);
#11915 = AXIS2_PLACEMENT_3D('',#11916,#11917,#11918);
#11916 = CARTESIAN_POINT('',(-124.8993168529,-81.,-5.12));
#11917 = DIRECTION('',(0.,0.,1.));
#11918 = DIRECTION('',(1.,0.,0.));
#11919 = PCURVE('',#2829,#11920);
#11920 = DEFINITIONAL_REPRESENTATION('',(#11921),#11925);
#11921 = LINE('',#11922,#11923);
#11922 = CARTESIAN_POINT('',(0.,0.));
#11923 = VECTOR('',#11924,1.);
#11924 = DIRECTION('',(1.,0.));
#11925 = ( GEOMETRIC_REPRESENTATION_CONTEXT(2) 
PARAMETRIC_REPRESENTATION_CONTEXT() REPRESENTATION_CONTEXT('2D SPACE',''
  ) );
#11926 = PCURVE('',#11927,#11942);
#11927 = B_SPLINE_SURFACE_WITH_KNOTS('',6,1,(
    (#11928,#11929)
    ,(#11930,#11931)
    ,(#11932,#11933)
    ,(#11934,#11935)
    ,(#11936,#11937)
    ,(#11938,#11939)
    ,(#11940,#11941
    )),.UNSPECIFIED.,.F.,.F.,.F.,(7,7),(2,2),(4.062689357582,
    4.712388980385),(0.,1.),.PIECEWISE_BEZIER_KNOTS.);
#11928 = CARTESIAN_POINT('',(-107.6926941104,-67.96014059464,-29.));
#11929 = CARTESIAN_POINT('',(-128.529000371,-85.77759328097,-5.12));
#11930 = CARTESIAN_POINT('',(-107.2268513324,-68.29544409638,-29.));
#11931 = CARTESIAN_POINT('',(-128.0116669456,-86.17062728307,-5.12));
#11932 = CARTESIAN_POINT('',(-106.7191711681,-68.57262179269,-29.));
#11933 = CARTESIAN_POINT('',(-127.4432630595,-86.496438889,-5.12));
#11934 = CARTESIAN_POINT('',(-106.1787177776,-68.78514891532,-29.));
#11935 = CARTESIAN_POINT('',(-126.8347048933,-86.74673385063,-5.12));
#11936 = CARTESIAN_POINT('',(-105.6159197632,-68.92838312951,-29.));
#11937 = CARTESIAN_POINT('',(-126.1987157429,-86.91557818704,-5.12));
#11938 = CARTESIAN_POINT('',(-105.0419531715,-69.,-29.));
#11939 = CARTESIAN_POINT('',(-125.5490164757,-87.,-5.12));
#11940 = CARTESIAN_POINT('',(-104.4679863326,-69.,-29.));
#11941 = CARTESIAN_POINT('',(-124.8993168529,-87.,-5.12));
#11942 = DEFINITIONAL_REPRESENTATION('',(#11943),#11947);
#11943 = LINE('',#11944,#11945);
#11944 = CARTESIAN_POINT('',(0.,1.));
#11945 = VECTOR('',#11946,1.);
#11946 = DIRECTION('',(1.,0.));
#11947 = ( GEOMETRIC_REPRESENTATION_CONTEXT(2) 
PARAMETRIC_REPRESENTATION_CONTEXT() REPRESENTATION_CONTEXT('2D SPACE',''
  ) );
#11948 = ORIENTED_EDGE('',*,*,#11817,.T.);
#11949 = ORIENTED_EDGE('',*,*,#2725,.T.);
#11950 = ADVANCED_FACE('',(#11951),#6108,.F.);
#11951 = FACE_BOUND('',#11952,.F.);
#11952 = EDGE_LOOP('',(#11953,#11975,#12002,#12022,#12023,#12024,#12025,
    #12026));
#11953 = ORIENTED_EDGE('',*,*,#11954,.F.);
#11954 = EDGE_CURVE('',#11955,#11818,#11957,.T.);
#11955 = VERTEX_POINT('',#11956);
#11956 = CARTESIAN_POINT('',(-104.4679863326,-69.,-29.));
#11957 = SURFACE_CURVE('',#11958,(#11961,#11968),.PCURVE_S1.);
#11958 = B_SPLINE_CURVE_WITH_KNOTS('',1,(#11959,#11960),.UNSPECIFIED.,
  .F.,.F.,(2,2),(0.,1.),.PIECEWISE_BEZIER_KNOTS.);
#11959 = CARTESIAN_POINT('',(-104.4679863326,-69.,-29.));
#11960 = CARTESIAN_POINT('',(-124.8993168529,-87.,-5.12));
#11961 = PCURVE('',#6108,#11962);
#11962 = DEFINITIONAL_REPRESENTATION('',(#11963),#11967);
#11963 = LINE('',#11964,#11965);
#11964 = CARTESIAN_POINT('',(2.020683147051,0.));
#11965 = VECTOR('',#11966,1.);
#11966 = DIRECTION('',(0.,1.));
#11967 = ( GEOMETRIC_REPRESENTATION_CONTEXT(2) 
PARAMETRIC_REPRESENTATION_CONTEXT() REPRESENTATION_CONTEXT('2D SPACE',''
  ) );
#11968 = PCURVE('',#11927,#11969);
#11969 = DEFINITIONAL_REPRESENTATION('',(#11970),#11974);
#11970 = LINE('',#11971,#11972);
#11971 = CARTESIAN_POINT('',(4.712388980385,0.));
#11972 = VECTOR('',#11973,1.);
#11973 = DIRECTION('',(0.,1.));
#11974 = ( GEOMETRIC_REPRESENTATION_CONTEXT(2) 
PARAMETRIC_REPRESENTATION_CONTEXT() REPRESENTATION_CONTEXT('2D SPACE',''
  ) );
#11975 = ORIENTED_EDGE('',*,*,#11976,.T.);
#11976 = EDGE_CURVE('',#11955,#11977,#11979,.T.);
#11977 = VERTEX_POINT('',#11978);
#11978 = CARTESIAN_POINT('',(104.46798633269,-69.,-29.));
#11979 = SURFACE_CURVE('',#11980,(#11984,#11990),.PCURVE_S1.);
#11980 = LINE('',#11981,#11982);
#11981 = CARTESIAN_POINT('',(-106.248,-69.,-29.));
#11982 = VECTOR('',#11983,1.);
#11983 = DIRECTION('',(1.,0.,0.));
#11984 = PCURVE('',#6108,#11985);
#11985 = DEFINITIONAL_REPRESENTATION('',(#11986),#11989);
#11986 = B_SPLINE_CURVE_WITH_KNOTS('',1,(#11987,#11988),.UNSPECIFIED.,
  .F.,.F.,(2,2),(1.780013667306,210.71598633269),
  .PIECEWISE_BEZIER_KNOTS.);
#11987 = CARTESIAN_POINT('',(2.020683147051,0.));
#11988 = CARTESIAN_POINT('',(251.81931685294,0.));
#11989 = ( GEOMETRIC_REPRESENTATION_CONTEXT(2) 
PARAMETRIC_REPRESENTATION_CONTEXT() REPRESENTATION_CONTEXT('2D SPACE',''
  ) );
#11990 = PCURVE('',#11991,#11996);
#11991 = PLANE('',#11992);
#11992 = AXIS2_PLACEMENT_3D('',#11993,#11994,#11995);
#11993 = CARTESIAN_POINT('',(-104.4679863326,-63.48,-29.));
#11994 = DIRECTION('',(0.,0.,-1.));
#11995 = DIRECTION('',(-1.,0.,0.));
#11996 = DEFINITIONAL_REPRESENTATION('',(#11997),#12001);
#11997 = LINE('',#11998,#11999);
#11998 = CARTESIAN_POINT('',(1.780013667306,-5.52));
#11999 = VECTOR('',#12000,1.);
#12000 = DIRECTION('',(-1.,0.));
#12001 = ( GEOMETRIC_REPRESENTATION_CONTEXT(2) 
PARAMETRIC_REPRESENTATION_CONTEXT() REPRESENTATION_CONTEXT('2D SPACE',''
  ) );
#12002 = ORIENTED_EDGE('',*,*,#12003,.T.);
#12003 = EDGE_CURVE('',#11977,#11754,#12004,.T.);
#12004 = SURFACE_CURVE('',#12005,(#12008,#12015),.PCURVE_S1.);
#12005 = B_SPLINE_CURVE_WITH_KNOTS('',1,(#12006,#12007),.UNSPECIFIED.,
  .F.,.F.,(2,2),(0.,1.),.PIECEWISE_BEZIER_KNOTS.);
#12006 = CARTESIAN_POINT('',(104.46798633269,-69.,-29.));
#12007 = CARTESIAN_POINT('',(124.89931685294,-87.,-5.12));
#12008 = PCURVE('',#6108,#12009);
#12009 = DEFINITIONAL_REPRESENTATION('',(#12010),#12014);
#12010 = LINE('',#12011,#12012);
#12011 = CARTESIAN_POINT('',(251.81931685294,0.));
#12012 = VECTOR('',#12013,1.);
#12013 = DIRECTION('',(0.,1.));
#12014 = ( GEOMETRIC_REPRESENTATION_CONTEXT(2) 
PARAMETRIC_REPRESENTATION_CONTEXT() REPRESENTATION_CONTEXT('2D SPACE',''
  ) );
#12015 = PCURVE('',#11790,#12016);
#12016 = DEFINITIONAL_REPRESENTATION('',(#12017),#12021);
#12017 = LINE('',#12018,#12019);
#12018 = CARTESIAN_POINT('',(4.712388980385,0.));
#12019 = VECTOR('',#12020,1.);
#12020 = DIRECTION('',(0.,1.));
#12021 = ( GEOMETRIC_REPRESENTATION_CONTEXT(2) 
PARAMETRIC_REPRESENTATION_CONTEXT() REPRESENTATION_CONTEXT('2D SPACE',''
  ) );
#12022 = ORIENTED_EDGE('',*,*,#11885,.F.);
#12023 = ORIENTED_EDGE('',*,*,#6549,.T.);
#12024 = ORIENTED_EDGE('',*,*,#11862,.F.);
#12025 = ORIENTED_EDGE('',*,*,#6066,.T.);
#12026 = ORIENTED_EDGE('',*,*,#11839,.F.);
#12027 = ADVANCED_FACE('',(#12028),#6901,.F.);
#12028 = FACE_BOUND('',#12029,.T.);
#12029 = EDGE_LOOP('',(#12030,#12051,#12052,#12053,#12074,#12075,#12076)
  );
#12030 = ORIENTED_EDGE('',*,*,#12031,.F.);
#12031 = EDGE_CURVE('',#11531,#6749,#12032,.T.);
#12032 = SURFACE_CURVE('',#12033,(#12037,#12044),.PCURVE_S1.);
#12033 = LINE('',#12034,#12035);
#12034 = CARTESIAN_POINT('',(132.3,-59.85,7.75));
#12035 = VECTOR('',#12036,1.);
#12036 = DIRECTION('',(1.,0.,-0.));
#12037 = PCURVE('',#6901,#12038);
#12038 = DEFINITIONAL_REPRESENTATION('',(#12039),#12043);
#12039 = LINE('',#12040,#12041);
#12040 = CARTESIAN_POINT('',(-0.,0.));
#12041 = VECTOR('',#12042,1.);
#12042 = DIRECTION('',(-0.,1.));
#12043 = ( GEOMETRIC_REPRESENTATION_CONTEXT(2) 
PARAMETRIC_REPRESENTATION_CONTEXT() REPRESENTATION_CONTEXT('2D SPACE',''
  ) );
#12044 = PCURVE('',#6798,#12045);
#12045 = DEFINITIONAL_REPRESENTATION('',(#12046),#12050);
#12046 = LINE('',#12047,#12048);
#12047 = CARTESIAN_POINT('',(18.5,0.));
#12048 = VECTOR('',#12049,1.);
#12049 = DIRECTION('',(0.,1.));
#12050 = ( GEOMETRIC_REPRESENTATION_CONTEXT(2) 
PARAMETRIC_REPRESENTATION_CONTEXT() REPRESENTATION_CONTEXT('2D SPACE',''
  ) );
#12051 = ORIENTED_EDGE('',*,*,#11622,.T.);
#12052 = ORIENTED_EDGE('',*,*,#11362,.F.);
#12053 = ORIENTED_EDGE('',*,*,#12054,.T.);
#12054 = EDGE_CURVE('',#11363,#10153,#12055,.T.);
#12055 = SURFACE_CURVE('',#12056,(#12060,#12067),.PCURVE_S1.);
#12056 = LINE('',#12057,#12058);
#12057 = CARTESIAN_POINT('',(132.3,-52.85,14.75));
#12058 = VECTOR('',#12059,1.);
#12059 = DIRECTION('',(1.,0.,-0.));
#12060 = PCURVE('',#6901,#12061);
#12061 = DEFINITIONAL_REPRESENTATION('',(#12062),#12066);
#12062 = LINE('',#12063,#12064);
#12063 = CARTESIAN_POINT('',(-1.570796326795,0.));
#12064 = VECTOR('',#12065,1.);
#12065 = DIRECTION('',(-0.,1.));
#12066 = ( GEOMETRIC_REPRESENTATION_CONTEXT(2) 
PARAMETRIC_REPRESENTATION_CONTEXT() REPRESENTATION_CONTEXT('2D SPACE',''
  ) );
#12067 = PCURVE('',#10195,#12068);
#12068 = DEFINITIONAL_REPRESENTATION('',(#12069),#12073);
#12069 = LINE('',#12070,#12071);
#12070 = CARTESIAN_POINT('',(0.,7.));
#12071 = VECTOR('',#12072,1.);
#12072 = DIRECTION('',(1.,0.));
#12073 = ( GEOMETRIC_REPRESENTATION_CONTEXT(2) 
PARAMETRIC_REPRESENTATION_CONTEXT() REPRESENTATION_CONTEXT('2D SPACE',''
  ) );
#12074 = ORIENTED_EDGE('',*,*,#10152,.F.);
#12075 = ORIENTED_EDGE('',*,*,#10046,.T.);
#12076 = ORIENTED_EDGE('',*,*,#6827,.F.);
#12077 = ADVANCED_FACE('',(#12078),#6798,.T.);
#12078 = FACE_BOUND('',#12079,.T.);
#12079 = EDGE_LOOP('',(#12080,#12081,#12082,#12083,#12084));
#12080 = ORIENTED_EDGE('',*,*,#7002,.F.);
#12081 = ORIENTED_EDGE('',*,*,#7036,.F.);
#12082 = ORIENTED_EDGE('',*,*,#11530,.T.);
#12083 = ORIENTED_EDGE('',*,*,#12031,.T.);
#12084 = ORIENTED_EDGE('',*,*,#6748,.F.);
#12085 = ADVANCED_FACE('',(#12086),#7286,.F.);
#12086 = FACE_BOUND('',#12087,.F.);
#12087 = EDGE_LOOP('',(#12088,#12114,#12134,#12135,#12136));
#12088 = ORIENTED_EDGE('',*,*,#12089,.F.);
#12089 = EDGE_CURVE('',#12090,#12092,#12094,.T.);
#12090 = VERTEX_POINT('',#12091);
#12091 = CARTESIAN_POINT('',(139.8,-42.02196083496,-29.));
#12092 = VERTEX_POINT('',#12093);
#12093 = CARTESIAN_POINT('',(137.50470777779,-46.5021014296,-29.));
#12094 = SURFACE_CURVE('',#12095,(#12100,#12107),.PCURVE_S1.);
#12095 = CIRCLE('',#12096,5.52);
#12096 = AXIS2_PLACEMENT_3D('',#12097,#12098,#12099);
#12097 = CARTESIAN_POINT('',(134.28,-42.02196083496,-29.));
#12098 = DIRECTION('',(0.,0.,-1.));
#12099 = DIRECTION('',(-1.,0.,0.));
#12100 = PCURVE('',#7286,#12101);
#12101 = DEFINITIONAL_REPRESENTATION('',(#12102),#12106);
#12102 = LINE('',#12103,#12104);
#12103 = CARTESIAN_POINT('',(6.28318530718,0.));
#12104 = VECTOR('',#12105,1.);
#12105 = DIRECTION('',(-1.,0.));
#12106 = ( GEOMETRIC_REPRESENTATION_CONTEXT(2) 
PARAMETRIC_REPRESENTATION_CONTEXT() REPRESENTATION_CONTEXT('2D SPACE',''
  ) );
#12107 = PCURVE('',#11991,#12108);
#12108 = DEFINITIONAL_REPRESENTATION('',(#12109),#12113);
#12109 = CIRCLE('',#12110,5.52);
#12110 = AXIS2_PLACEMENT_2D('',#12111,#12112);
#12111 = CARTESIAN_POINT('',(-238.7479863326,21.45803916504));
#12112 = DIRECTION('',(1.,0.));
#12113 = ( GEOMETRIC_REPRESENTATION_CONTEXT(2) 
PARAMETRIC_REPRESENTATION_CONTEXT() REPRESENTATION_CONTEXT('2D SPACE',''
  ) );
#12114 = ORIENTED_EDGE('',*,*,#12115,.T.);
#12115 = EDGE_CURVE('',#12090,#7349,#12116,.T.);
#12116 = SURFACE_CURVE('',#12117,(#12120,#12127),.PCURVE_S1.);
#12117 = B_SPLINE_CURVE_WITH_KNOTS('',1,(#12118,#12119),.UNSPECIFIED.,
  .F.,.F.,(2,2),(0.,1.),.PIECEWISE_BEZIER_KNOTS.);
#12118 = CARTESIAN_POINT('',(139.8,-42.02196083496,-29.));
#12119 = CARTESIAN_POINT('',(167.,-53.57320853723,-5.12));
#12120 = PCURVE('',#7286,#12121);
#12121 = DEFINITIONAL_REPRESENTATION('',(#12122),#12126);
#12122 = LINE('',#12123,#12124);
#12123 = CARTESIAN_POINT('',(3.14159265359,0.));
#12124 = VECTOR('',#12125,1.);
#12125 = DIRECTION('',(0.,1.));
#12126 = ( GEOMETRIC_REPRESENTATION_CONTEXT(2) 
PARAMETRIC_REPRESENTATION_CONTEXT() REPRESENTATION_CONTEXT('2D SPACE',''
  ) );
#12127 = PCURVE('',#7544,#12128);
#12128 = DEFINITIONAL_REPRESENTATION('',(#12129),#12133);
#12129 = LINE('',#12130,#12131);
#12130 = CARTESIAN_POINT('',(2.976791462767,0.));
#12131 = VECTOR('',#12132,1.);
#12132 = DIRECTION('',(0.,1.));
#12133 = ( GEOMETRIC_REPRESENTATION_CONTEXT(2) 
PARAMETRIC_REPRESENTATION_CONTEXT() REPRESENTATION_CONTEXT('2D SPACE',''
  ) );
#12134 = ORIENTED_EDGE('',*,*,#7348,.T.);
#12135 = ORIENTED_EDGE('',*,*,#7248,.T.);
#12136 = ORIENTED_EDGE('',*,*,#12137,.F.);
#12137 = EDGE_CURVE('',#12092,#7098,#12138,.T.);
#12138 = SURFACE_CURVE('',#12139,(#12142,#12149),.PCURVE_S1.);
#12139 = B_SPLINE_CURVE_WITH_KNOTS('',1,(#12140,#12141),.UNSPECIFIED.,
  .F.,.F.,(2,2),(0.,1.),.PIECEWISE_BEZIER_KNOTS.);
#12140 = CARTESIAN_POINT('',(137.50470777779,-46.5021014296,-29.));
#12141 = CARTESIAN_POINT('',(164.6296835181,-58.3508018182,-5.12));
#12142 = PCURVE('',#7286,#12143);
#12143 = DEFINITIONAL_REPRESENTATION('',(#12144),#12148);
#12144 = LINE('',#12145,#12146);
#12145 = CARTESIAN_POINT('',(2.194673325591,0.));
#12146 = VECTOR('',#12147,1.);
#12147 = DIRECTION('',(0.,1.));
#12148 = ( GEOMETRIC_REPRESENTATION_CONTEXT(2) 
PARAMETRIC_REPRESENTATION_CONTEXT() REPRESENTATION_CONTEXT('2D SPACE',''
  ) );
#12149 = PCURVE('',#7195,#12150);
#12150 = DEFINITIONAL_REPRESENTATION('',(#12151),#12155);
#12151 = LINE('',#12152,#12153);
#12152 = CARTESIAN_POINT('',(47.358175508515,0.));
#12153 = VECTOR('',#12154,1.);
#12154 = DIRECTION('',(0.,1.));
#12155 = ( GEOMETRIC_REPRESENTATION_CONTEXT(2) 
PARAMETRIC_REPRESENTATION_CONTEXT() REPRESENTATION_CONTEXT('2D SPACE',''
  ) );
#12156 = ADVANCED_FACE('',(#12157),#7195,.F.);
#12157 = FACE_BOUND('',#12158,.F.);
#12158 = EDGE_LOOP('',(#12159,#12181,#12201,#12202,#12203));
#12159 = ORIENTED_EDGE('',*,*,#12160,.F.);
#12160 = EDGE_CURVE('',#12161,#11487,#12163,.T.);
#12161 = VERTEX_POINT('',#12162);
#12162 = CARTESIAN_POINT('',(107.69269411049,-67.96014059464,-29.));
#12163 = SURFACE_CURVE('',#12164,(#12167,#12174),.PCURVE_S1.);
#12164 = B_SPLINE_CURVE_WITH_KNOTS('',1,(#12165,#12166),.UNSPECIFIED.,
  .F.,.F.,(2,2),(0.,1.),.PIECEWISE_BEZIER_KNOTS.);
#12165 = CARTESIAN_POINT('',(107.69269411049,-67.96014059464,-29.));
#12166 = CARTESIAN_POINT('',(128.52900037105,-85.77759328097,-5.12));
#12167 = PCURVE('',#7195,#12168);
#12168 = DEFINITIONAL_REPRESENTATION('',(#12169),#12173);
#12169 = LINE('',#12170,#12171);
#12170 = CARTESIAN_POINT('',(2.020683147051,0.));
#12171 = VECTOR('',#12172,1.);
#12172 = DIRECTION('',(0.,1.));
#12173 = ( GEOMETRIC_REPRESENTATION_CONTEXT(2) 
PARAMETRIC_REPRESENTATION_CONTEXT() REPRESENTATION_CONTEXT('2D SPACE',''
  ) );
#12174 = PCURVE('',#11790,#12175);
#12175 = DEFINITIONAL_REPRESENTATION('',(#12176),#12180);
#12176 = LINE('',#12177,#12178);
#12177 = CARTESIAN_POINT('',(5.362088603187,0.));
#12178 = VECTOR('',#12179,1.);
#12179 = DIRECTION('',(0.,1.));
#12180 = ( GEOMETRIC_REPRESENTATION_CONTEXT(2) 
PARAMETRIC_REPRESENTATION_CONTEXT() REPRESENTATION_CONTEXT('2D SPACE',''
  ) );
#12181 = ORIENTED_EDGE('',*,*,#12182,.T.);
#12182 = EDGE_CURVE('',#12161,#12092,#12183,.T.);
#12183 = SURFACE_CURVE('',#12184,(#12188,#12194),.PCURVE_S1.);
#12184 = LINE('',#12185,#12186);
#12185 = CARTESIAN_POINT('',(106.248,-69.,-29.));
#12186 = VECTOR('',#12187,1.);
#12187 = DIRECTION('',(0.811619672943,0.58418619163,0.));
#12188 = PCURVE('',#7195,#12189);
#12189 = DEFINITIONAL_REPRESENTATION('',(#12190),#12193);
#12190 = B_SPLINE_CURVE_WITH_KNOTS('',1,(#12191,#12192),.UNSPECIFIED.,
  .F.,.F.,(2,2),(1.780013667306,38.511520629423),
  .PIECEWISE_BEZIER_KNOTS.);
#12191 = CARTESIAN_POINT('',(2.020683147051,0.));
#12192 = CARTESIAN_POINT('',(47.358175508515,0.));
#12193 = ( GEOMETRIC_REPRESENTATION_CONTEXT(2) 
PARAMETRIC_REPRESENTATION_CONTEXT() REPRESENTATION_CONTEXT('2D SPACE',''
  ) );
#12194 = PCURVE('',#11991,#12195);
#12195 = DEFINITIONAL_REPRESENTATION('',(#12196),#12200);
#12196 = LINE('',#12197,#12198);
#12197 = CARTESIAN_POINT('',(-210.7159863326,-5.52));
#12198 = VECTOR('',#12199,1.);
#12199 = DIRECTION('',(-0.811619672943,0.58418619163));
#12200 = ( GEOMETRIC_REPRESENTATION_CONTEXT(2) 
PARAMETRIC_REPRESENTATION_CONTEXT() REPRESENTATION_CONTEXT('2D SPACE',''
  ) );
#12201 = ORIENTED_EDGE('',*,*,#12137,.T.);
#12202 = ORIENTED_EDGE('',*,*,#7097,.T.);
#12203 = ORIENTED_EDGE('',*,*,#11508,.F.);
#12204 = ADVANCED_FACE('',(#12205),#7544,.F.);
#12205 = FACE_BOUND('',#12206,.F.);
#12206 = EDGE_LOOP('',(#12207,#12208,#12230,#12250));
#12207 = ORIENTED_EDGE('',*,*,#12115,.F.);
#12208 = ORIENTED_EDGE('',*,*,#12209,.T.);
#12209 = EDGE_CURVE('',#12090,#12210,#12212,.T.);
#12210 = VERTEX_POINT('',#12211);
#12211 = CARTESIAN_POINT('',(139.8,42.02196083496,-29.));
#12212 = SURFACE_CURVE('',#12213,(#12217,#12223),.PCURVE_S1.);
#12213 = LINE('',#12214,#12215);
#12214 = CARTESIAN_POINT('',(139.8,-44.85,-29.));
#12215 = VECTOR('',#12216,1.);
#12216 = DIRECTION('',(0.,1.,0.));
#12217 = PCURVE('',#7544,#12218);
#12218 = DEFINITIONAL_REPRESENTATION('',(#12219),#12222);
#12219 = B_SPLINE_CURVE_WITH_KNOTS('',1,(#12220,#12221),.UNSPECIFIED.,
  .F.,.F.,(2,2),(2.82803916504,86.87196083496),
  .PIECEWISE_BEZIER_KNOTS.);
#12220 = CARTESIAN_POINT('',(2.976791462767,0.));
#12221 = CARTESIAN_POINT('',(110.12320853723,0.));
#12222 = ( GEOMETRIC_REPRESENTATION_CONTEXT(2) 
PARAMETRIC_REPRESENTATION_CONTEXT() REPRESENTATION_CONTEXT('2D SPACE',''
  ) );
#12223 = PCURVE('',#11991,#12224);
#12224 = DEFINITIONAL_REPRESENTATION('',(#12225),#12229);
#12225 = LINE('',#12226,#12227);
#12226 = CARTESIAN_POINT('',(-244.2679863326,18.63));
#12227 = VECTOR('',#12228,1.);
#12228 = DIRECTION('',(0.,1.));
#12229 = ( GEOMETRIC_REPRESENTATION_CONTEXT(2) 
PARAMETRIC_REPRESENTATION_CONTEXT() REPRESENTATION_CONTEXT('2D SPACE',''
  ) );
#12230 = ORIENTED_EDGE('',*,*,#12231,.T.);
#12231 = EDGE_CURVE('',#12210,#7442,#12232,.T.);
#12232 = SURFACE_CURVE('',#12233,(#12236,#12243),.PCURVE_S1.);
#12233 = B_SPLINE_CURVE_WITH_KNOTS('',1,(#12234,#12235),.UNSPECIFIED.,
  .F.,.F.,(2,2),(0.,1.),.PIECEWISE_BEZIER_KNOTS.);
#12234 = CARTESIAN_POINT('',(139.8,42.02196083496,-29.));
#12235 = CARTESIAN_POINT('',(167.,53.573208537233,-5.12));
#12236 = PCURVE('',#7544,#12237);
#12237 = DEFINITIONAL_REPRESENTATION('',(#12238),#12242);
#12238 = LINE('',#12239,#12240);
#12239 = CARTESIAN_POINT('',(110.12320853723,0.));
#12240 = VECTOR('',#12241,1.);
#12241 = DIRECTION('',(0.,1.));
#12242 = ( GEOMETRIC_REPRESENTATION_CONTEXT(2) 
PARAMETRIC_REPRESENTATION_CONTEXT() REPRESENTATION_CONTEXT('2D SPACE',''
  ) );
#12243 = PCURVE('',#7491,#12244);
#12244 = DEFINITIONAL_REPRESENTATION('',(#12245),#12249);
#12245 = LINE('',#12246,#12247);
#12246 = CARTESIAN_POINT('',(3.14159265359,0.));
#12247 = VECTOR('',#12248,1.);
#12248 = DIRECTION('',(0.,1.));
#12249 = ( GEOMETRIC_REPRESENTATION_CONTEXT(2) 
PARAMETRIC_REPRESENTATION_CONTEXT() REPRESENTATION_CONTEXT('2D SPACE',''
  ) );
#12250 = ORIENTED_EDGE('',*,*,#7532,.T.);
#12251 = ADVANCED_FACE('',(#12252),#7491,.F.);
#12252 = FACE_BOUND('',#12253,.F.);
#12253 = EDGE_LOOP('',(#12254,#12278,#12298,#12299,#12300));
#12254 = ORIENTED_EDGE('',*,*,#12255,.F.);
#12255 = EDGE_CURVE('',#12256,#12210,#12258,.T.);
#12256 = VERTEX_POINT('',#12257);
#12257 = CARTESIAN_POINT('',(137.50470777779,46.502101429606,-29.));
#12258 = SURFACE_CURVE('',#12259,(#12264,#12271),.PCURVE_S1.);
#12259 = CIRCLE('',#12260,5.52);
#12260 = AXIS2_PLACEMENT_3D('',#12261,#12262,#12263);
#12261 = CARTESIAN_POINT('',(134.28,42.02196083496,-29.));
#12262 = DIRECTION('',(0.,0.,-1.));
#12263 = DIRECTION('',(-1.,0.,0.));
#12264 = PCURVE('',#7491,#12265);
#12265 = DEFINITIONAL_REPRESENTATION('',(#12266),#12270);
#12266 = LINE('',#12267,#12268);
#12267 = CARTESIAN_POINT('',(6.28318530718,0.));
#12268 = VECTOR('',#12269,1.);
#12269 = DIRECTION('',(-1.,0.));
#12270 = ( GEOMETRIC_REPRESENTATION_CONTEXT(2) 
PARAMETRIC_REPRESENTATION_CONTEXT() REPRESENTATION_CONTEXT('2D SPACE',''
  ) );
#12271 = PCURVE('',#11991,#12272);
#12272 = DEFINITIONAL_REPRESENTATION('',(#12273),#12277);
#12273 = CIRCLE('',#12274,5.52);
#12274 = AXIS2_PLACEMENT_2D('',#12275,#12276);
#12275 = CARTESIAN_POINT('',(-238.7479863326,105.50196083496));
#12276 = DIRECTION('',(1.,0.));
#12277 = ( GEOMETRIC_REPRESENTATION_CONTEXT(2) 
PARAMETRIC_REPRESENTATION_CONTEXT() REPRESENTATION_CONTEXT('2D SPACE',''
  ) );
#12278 = ORIENTED_EDGE('',*,*,#12279,.T.);
#12279 = EDGE_CURVE('',#12256,#7627,#12280,.T.);
#12280 = SURFACE_CURVE('',#12281,(#12284,#12291),.PCURVE_S1.);
#12281 = B_SPLINE_CURVE_WITH_KNOTS('',1,(#12282,#12283),.UNSPECIFIED.,
  .F.,.F.,(2,2),(0.,1.),.PIECEWISE_BEZIER_KNOTS.);
#12282 = CARTESIAN_POINT('',(137.50470777779,46.502101429606,-29.));
#12283 = CARTESIAN_POINT('',(164.6296835181,58.350801818206,-5.12));
#12284 = PCURVE('',#7491,#12285);
#12285 = DEFINITIONAL_REPRESENTATION('',(#12286),#12290);
#12286 = LINE('',#12287,#12288);
#12287 = CARTESIAN_POINT('',(4.088511981588,0.));
#12288 = VECTOR('',#12289,1.);
#12289 = DIRECTION('',(0.,1.));
#12290 = ( GEOMETRIC_REPRESENTATION_CONTEXT(2) 
PARAMETRIC_REPRESENTATION_CONTEXT() REPRESENTATION_CONTEXT('2D SPACE',''
  ) );
#12291 = PCURVE('',#7724,#12292);
#12292 = DEFINITIONAL_REPRESENTATION('',(#12293),#12297);
#12293 = LINE('',#12294,#12295);
#12294 = CARTESIAN_POINT('',(2.976791462767,0.));
#12295 = VECTOR('',#12296,1.);
#12296 = DIRECTION('',(0.,1.));
#12297 = ( GEOMETRIC_REPRESENTATION_CONTEXT(2) 
PARAMETRIC_REPRESENTATION_CONTEXT() REPRESENTATION_CONTEXT('2D SPACE',''
  ) );
#12298 = ORIENTED_EDGE('',*,*,#7777,.T.);
#12299 = ORIENTED_EDGE('',*,*,#7441,.T.);
#12300 = ORIENTED_EDGE('',*,*,#12231,.F.);
#12301 = ADVANCED_FACE('',(#12302),#7576,.F.);
#12302 = FACE_BOUND('',#12303,.F.);
#12303 = EDGE_LOOP('',(#12304,#12305,#12306,#12307,#12328));
#12304 = ORIENTED_EDGE('',*,*,#7893,.F.);
#12305 = ORIENTED_EDGE('',*,*,#7558,.F.);
#12306 = ORIENTED_EDGE('',*,*,#11023,.T.);
#12307 = ORIENTED_EDGE('',*,*,#12308,.T.);
#12308 = EDGE_CURVE('',#10896,#7973,#12309,.T.);
#12309 = SURFACE_CURVE('',#12310,(#12314,#12321),.PCURVE_S1.);
#12310 = LINE('',#12311,#12312);
#12311 = CARTESIAN_POINT('',(132.3,59.85,7.75));
#12312 = VECTOR('',#12313,1.);
#12313 = DIRECTION('',(1.,0.,-0.));
#12314 = PCURVE('',#7576,#12315);
#12315 = DEFINITIONAL_REPRESENTATION('',(#12316),#12320);
#12316 = LINE('',#12317,#12318);
#12317 = CARTESIAN_POINT('',(18.5,0.));
#12318 = VECTOR('',#12319,1.);
#12319 = DIRECTION('',(0.,1.));
#12320 = ( GEOMETRIC_REPRESENTATION_CONTEXT(2) 
PARAMETRIC_REPRESENTATION_CONTEXT() REPRESENTATION_CONTEXT('2D SPACE',''
  ) );
#12321 = PCURVE('',#8034,#12322);
#12322 = DEFINITIONAL_REPRESENTATION('',(#12323),#12327);
#12323 = LINE('',#12324,#12325);
#12324 = CARTESIAN_POINT('',(0.,0.));
#12325 = VECTOR('',#12326,1.);
#12326 = DIRECTION('',(0.,1.));
#12327 = ( GEOMETRIC_REPRESENTATION_CONTEXT(2) 
PARAMETRIC_REPRESENTATION_CONTEXT() REPRESENTATION_CONTEXT('2D SPACE',''
  ) );
#12328 = ORIENTED_EDGE('',*,*,#8069,.T.);
#12329 = ADVANCED_FACE('',(#12330),#7724,.F.);
#12330 = FACE_BOUND('',#12331,.F.);
#12331 = EDGE_LOOP('',(#12332,#12333,#12355,#12375,#12376));
#12332 = ORIENTED_EDGE('',*,*,#12279,.F.);
#12333 = ORIENTED_EDGE('',*,*,#12334,.T.);
#12334 = EDGE_CURVE('',#12256,#12335,#12337,.T.);
#12335 = VERTEX_POINT('',#12336);
#12336 = CARTESIAN_POINT('',(107.69269411049,67.960140594647,-29.));
#12337 = SURFACE_CURVE('',#12338,(#12342,#12348),.PCURVE_S1.);
#12338 = LINE('',#12339,#12340);
#12339 = CARTESIAN_POINT('',(139.8,44.85,-29.));
#12340 = VECTOR('',#12341,1.);
#12341 = DIRECTION('',(-0.811619672943,0.58418619163,0.));
#12342 = PCURVE('',#7724,#12343);
#12343 = DEFINITIONAL_REPRESENTATION('',(#12344),#12347);
#12344 = B_SPLINE_CURVE_WITH_KNOTS('',1,(#12345,#12346),.UNSPECIFIED.,
  .F.,.F.,(2,2),(2.82803916504,39.559546127157),
  .PIECEWISE_BEZIER_KNOTS.);
#12345 = CARTESIAN_POINT('',(2.976791462767,0.));
#12346 = CARTESIAN_POINT('',(48.314283824231,0.));
#12347 = ( GEOMETRIC_REPRESENTATION_CONTEXT(2) 
PARAMETRIC_REPRESENTATION_CONTEXT() REPRESENTATION_CONTEXT('2D SPACE',''
  ) );
#12348 = PCURVE('',#11991,#12349);
#12349 = DEFINITIONAL_REPRESENTATION('',(#12350),#12354);
#12350 = LINE('',#12351,#12352);
#12351 = CARTESIAN_POINT('',(-244.2679863326,108.33));
#12352 = VECTOR('',#12353,1.);
#12353 = DIRECTION('',(0.811619672943,0.58418619163));
#12354 = ( GEOMETRIC_REPRESENTATION_CONTEXT(2) 
PARAMETRIC_REPRESENTATION_CONTEXT() REPRESENTATION_CONTEXT('2D SPACE',''
  ) );
#12355 = ORIENTED_EDGE('',*,*,#12356,.T.);
#12356 = EDGE_CURVE('',#12335,#10810,#12357,.T.);
#12357 = SURFACE_CURVE('',#12358,(#12361,#12368),.PCURVE_S1.);
#12358 = B_SPLINE_CURVE_WITH_KNOTS('',1,(#12359,#12360),.UNSPECIFIED.,
  .F.,.F.,(2,2),(0.,1.),.PIECEWISE_BEZIER_KNOTS.);
#12359 = CARTESIAN_POINT('',(107.69269411049,67.960140594647,-29.));
#12360 = CARTESIAN_POINT('',(128.52900037105,85.777593280973,-5.12));
#12361 = PCURVE('',#7724,#12362);
#12362 = DEFINITIONAL_REPRESENTATION('',(#12363),#12367);
#12363 = LINE('',#12364,#12365);
#12364 = CARTESIAN_POINT('',(48.314283824231,0.));
#12365 = VECTOR('',#12366,1.);
#12366 = DIRECTION('',(0.,1.));
#12367 = ( GEOMETRIC_REPRESENTATION_CONTEXT(2) 
PARAMETRIC_REPRESENTATION_CONTEXT() REPRESENTATION_CONTEXT('2D SPACE',''
  ) );
#12368 = PCURVE('',#10846,#12369);
#12369 = DEFINITIONAL_REPRESENTATION('',(#12370),#12374);
#12370 = LINE('',#12371,#12372);
#12371 = CARTESIAN_POINT('',(0.921096703992,0.));
#12372 = VECTOR('',#12373,1.);
#12373 = DIRECTION('',(0.,1.));
#12374 = ( GEOMETRIC_REPRESENTATION_CONTEXT(2) 
PARAMETRIC_REPRESENTATION_CONTEXT() REPRESENTATION_CONTEXT('2D SPACE',''
  ) );
#12375 = ORIENTED_EDGE('',*,*,#11114,.F.);
#12376 = ORIENTED_EDGE('',*,*,#7626,.T.);
#12377 = ADVANCED_FACE('',(#12378),#8034,.F.);
#12378 = FACE_BOUND('',#12379,.F.);
#12379 = EDGE_LOOP('',(#12380,#12381,#12382,#12383,#12404,#12405,#12406)
  );
#12380 = ORIENTED_EDGE('',*,*,#12308,.F.);
#12381 = ORIENTED_EDGE('',*,*,#10895,.F.);
#12382 = ORIENTED_EDGE('',*,*,#11227,.T.);
#12383 = ORIENTED_EDGE('',*,*,#12384,.T.);
#12384 = EDGE_CURVE('',#11163,#10182,#12385,.T.);
#12385 = SURFACE_CURVE('',#12386,(#12390,#12397),.PCURVE_S1.);
#12386 = LINE('',#12387,#12388);
#12387 = CARTESIAN_POINT('',(132.3,52.85,14.75));
#12388 = VECTOR('',#12389,1.);
#12389 = DIRECTION('',(1.,0.,-0.));
#12390 = PCURVE('',#8034,#12391);
#12391 = DEFINITIONAL_REPRESENTATION('',(#12392),#12396);
#12392 = LINE('',#12393,#12394);
#12393 = CARTESIAN_POINT('',(1.570796326795,0.));
#12394 = VECTOR('',#12395,1.);
#12395 = DIRECTION('',(0.,1.));
#12396 = ( GEOMETRIC_REPRESENTATION_CONTEXT(2) 
PARAMETRIC_REPRESENTATION_CONTEXT() REPRESENTATION_CONTEXT('2D SPACE',''
  ) );
#12397 = PCURVE('',#10195,#12398);
#12398 = DEFINITIONAL_REPRESENTATION('',(#12399),#12403);
#12399 = LINE('',#12400,#12401);
#12400 = CARTESIAN_POINT('',(0.,112.7));
#12401 = VECTOR('',#12402,1.);
#12402 = DIRECTION('',(1.,0.));
#12403 = ( GEOMETRIC_REPRESENTATION_CONTEXT(2) 
PARAMETRIC_REPRESENTATION_CONTEXT() REPRESENTATION_CONTEXT('2D SPACE',''
  ) );
#12404 = ORIENTED_EDGE('',*,*,#10206,.T.);
#12405 = ORIENTED_EDGE('',*,*,#10259,.F.);
#12406 = ORIENTED_EDGE('',*,*,#7972,.T.);
#12407 = ADVANCED_FACE('',(#12408),#9434,.F.);
#12408 = FACE_BOUND('',#12409,.F.);
#12409 = EDGE_LOOP('',(#12410,#12432,#12454,#12474,#12475,#12476,#12477,
    #12478));
#12410 = ORIENTED_EDGE('',*,*,#12411,.F.);
#12411 = EDGE_CURVE('',#12412,#10716,#12414,.T.);
#12412 = VERTEX_POINT('',#12413);
#12413 = CARTESIAN_POINT('',(104.46798633269,69.,-29.));
#12414 = SURFACE_CURVE('',#12415,(#12418,#12425),.PCURVE_S1.);
#12415 = B_SPLINE_CURVE_WITH_KNOTS('',1,(#12416,#12417),.UNSPECIFIED.,
  .F.,.F.,(2,2),(0.,1.),.PIECEWISE_BEZIER_KNOTS.);
#12416 = CARTESIAN_POINT('',(104.46798633269,69.,-29.));
#12417 = CARTESIAN_POINT('',(124.89931685294,87.,-5.12));
#12418 = PCURVE('',#9434,#12419);
#12419 = DEFINITIONAL_REPRESENTATION('',(#12420),#12424);
#12420 = LINE('',#12421,#12422);
#12421 = CARTESIAN_POINT('',(2.020683147051,0.));
#12422 = VECTOR('',#12423,1.);
#12423 = DIRECTION('',(0.,1.));
#12424 = ( GEOMETRIC_REPRESENTATION_CONTEXT(2) 
PARAMETRIC_REPRESENTATION_CONTEXT() REPRESENTATION_CONTEXT('2D SPACE',''
  ) );
#12425 = PCURVE('',#10846,#12426);
#12426 = DEFINITIONAL_REPRESENTATION('',(#12427),#12431);
#12427 = LINE('',#12428,#12429);
#12428 = CARTESIAN_POINT('',(1.570796326795,0.));
#12429 = VECTOR('',#12430,1.);
#12430 = DIRECTION('',(0.,1.));
#12431 = ( GEOMETRIC_REPRESENTATION_CONTEXT(2) 
PARAMETRIC_REPRESENTATION_CONTEXT() REPRESENTATION_CONTEXT('2D SPACE',''
  ) );
#12432 = ORIENTED_EDGE('',*,*,#12433,.T.);
#12433 = EDGE_CURVE('',#12412,#12434,#12436,.T.);
#12434 = VERTEX_POINT('',#12435);
#12435 = CARTESIAN_POINT('',(-104.4679863326,69.,-29.));
#12436 = SURFACE_CURVE('',#12437,(#12441,#12447),.PCURVE_S1.);
#12437 = LINE('',#12438,#12439);
#12438 = CARTESIAN_POINT('',(106.248,69.,-29.));
#12439 = VECTOR('',#12440,1.);
#12440 = DIRECTION('',(-1.,0.,0.));
#12441 = PCURVE('',#9434,#12442);
#12442 = DEFINITIONAL_REPRESENTATION('',(#12443),#12446);
#12443 = B_SPLINE_CURVE_WITH_KNOTS('',1,(#12444,#12445),.UNSPECIFIED.,
  .F.,.F.,(2,2),(1.780013667306,210.71598633269),
  .PIECEWISE_BEZIER_KNOTS.);
#12444 = CARTESIAN_POINT('',(2.020683147051,0.));
#12445 = CARTESIAN_POINT('',(251.81931685294,0.));
#12446 = ( GEOMETRIC_REPRESENTATION_CONTEXT(2) 
PARAMETRIC_REPRESENTATION_CONTEXT() REPRESENTATION_CONTEXT('2D SPACE',''
  ) );
#12447 = PCURVE('',#11991,#12448);
#12448 = DEFINITIONAL_REPRESENTATION('',(#12449),#12453);
#12449 = LINE('',#12450,#12451);
#12450 = CARTESIAN_POINT('',(-210.7159863326,132.48));
#12451 = VECTOR('',#12452,1.);
#12452 = DIRECTION('',(1.,0.));
#12453 = ( GEOMETRIC_REPRESENTATION_CONTEXT(2) 
PARAMETRIC_REPRESENTATION_CONTEXT() REPRESENTATION_CONTEXT('2D SPACE',''
  ) );
#12454 = ORIENTED_EDGE('',*,*,#12455,.T.);
#12455 = EDGE_CURVE('',#12434,#10652,#12456,.T.);
#12456 = SURFACE_CURVE('',#12457,(#12460,#12467),.PCURVE_S1.);
#12457 = B_SPLINE_CURVE_WITH_KNOTS('',1,(#12458,#12459),.UNSPECIFIED.,
  .F.,.F.,(2,2),(0.,1.),.PIECEWISE_BEZIER_KNOTS.);
#12458 = CARTESIAN_POINT('',(-104.4679863326,69.,-29.));
#12459 = CARTESIAN_POINT('',(-124.8993168529,87.,-5.12));
#12460 = PCURVE('',#9434,#12461);
#12461 = DEFINITIONAL_REPRESENTATION('',(#12462),#12466);
#12462 = LINE('',#12463,#12464);
#12463 = CARTESIAN_POINT('',(251.81931685294,0.));
#12464 = VECTOR('',#12465,1.);
#12465 = DIRECTION('',(0.,1.));
#12466 = ( GEOMETRIC_REPRESENTATION_CONTEXT(2) 
PARAMETRIC_REPRESENTATION_CONTEXT() REPRESENTATION_CONTEXT('2D SPACE',''
  ) );
#12467 = PCURVE('',#10688,#12468);
#12468 = DEFINITIONAL_REPRESENTATION('',(#12469),#12473);
#12469 = LINE('',#12470,#12471);
#12470 = CARTESIAN_POINT('',(1.570796326795,0.));
#12471 = VECTOR('',#12472,1.);
#12472 = DIRECTION('',(0.,1.));
#12473 = ( GEOMETRIC_REPRESENTATION_CONTEXT(2) 
PARAMETRIC_REPRESENTATION_CONTEXT() REPRESENTATION_CONTEXT('2D SPACE',''
  ) );
#12474 = ORIENTED_EDGE('',*,*,#10783,.F.);
#12475 = ORIENTED_EDGE('',*,*,#9877,.T.);
#12476 = ORIENTED_EDGE('',*,*,#10760,.F.);
#12477 = ORIENTED_EDGE('',*,*,#9394,.T.);
#12478 = ORIENTED_EDGE('',*,*,#10737,.F.);
#12479 = ADVANCED_FACE('',(#12480),#10195,.F.);
#12480 = FACE_BOUND('',#12481,.F.);
#12481 = EDGE_LOOP('',(#12482,#12483,#12484,#12485,#12486,#12487));
#12482 = ORIENTED_EDGE('',*,*,#11427,.T.);
#12483 = ORIENTED_EDGE('',*,*,#12054,.T.);
#12484 = ORIENTED_EDGE('',*,*,#10181,.F.);
#12485 = ORIENTED_EDGE('',*,*,#12384,.F.);
#12486 = ORIENTED_EDGE('',*,*,#11162,.T.);
#12487 = ORIENTED_EDGE('',*,*,#11317,.T.);
#12488 = ADVANCED_FACE('',(#12489),#10381,.F.);
#12489 = FACE_BOUND('',#12490,.F.);
#12490 = EDGE_LOOP('',(#12491,#12515,#12535,#12536));
#12491 = ORIENTED_EDGE('',*,*,#12492,.T.);
#12492 = EDGE_CURVE('',#12493,#12495,#12497,.T.);
#12493 = VERTEX_POINT('',#12494);
#12494 = CARTESIAN_POINT('',(-137.5047077777,-46.5021014296,-29.));
#12495 = VERTEX_POINT('',#12496);
#12496 = CARTESIAN_POINT('',(-107.6926941104,-67.96014059464,-29.));
#12497 = SURFACE_CURVE('',#12498,(#12502,#12508),.PCURVE_S1.);
#12498 = LINE('',#12499,#12500);
#12499 = CARTESIAN_POINT('',(-139.8,-44.85,-29.));
#12500 = VECTOR('',#12501,1.);
#12501 = DIRECTION('',(0.811619672943,-0.58418619163,-0.));
#12502 = PCURVE('',#10381,#12503);
#12503 = DEFINITIONAL_REPRESENTATION('',(#12504),#12507);
#12504 = B_SPLINE_CURVE_WITH_KNOTS('',1,(#12505,#12506),.UNSPECIFIED.,
  .F.,.F.,(2,2),(2.82803916504,39.559546127157),
  .PIECEWISE_BEZIER_KNOTS.);
#12505 = CARTESIAN_POINT('',(2.976791462767,0.));
#12506 = CARTESIAN_POINT('',(48.314283824231,0.));
#12507 = ( GEOMETRIC_REPRESENTATION_CONTEXT(2) 
PARAMETRIC_REPRESENTATION_CONTEXT() REPRESENTATION_CONTEXT('2D SPACE',''
  ) );
#12508 = PCURVE('',#11991,#12509);
#12509 = DEFINITIONAL_REPRESENTATION('',(#12510),#12514);
#12510 = LINE('',#12511,#12512);
#12511 = CARTESIAN_POINT('',(35.332013667306,18.63));
#12512 = VECTOR('',#12513,1.);
#12513 = DIRECTION('',(-0.811619672943,-0.58418619163));
#12514 = ( GEOMETRIC_REPRESENTATION_CONTEXT(2) 
PARAMETRIC_REPRESENTATION_CONTEXT() REPRESENTATION_CONTEXT('2D SPACE',''
  ) );
#12515 = ORIENTED_EDGE('',*,*,#12516,.T.);
#12516 = EDGE_CURVE('',#12495,#10366,#12517,.T.);
#12517 = SURFACE_CURVE('',#12518,(#12521,#12528),.PCURVE_S1.);
#12518 = B_SPLINE_CURVE_WITH_KNOTS('',1,(#12519,#12520),.UNSPECIFIED.,
  .F.,.F.,(2,2),(0.,1.),.PIECEWISE_BEZIER_KNOTS.);
#12519 = CARTESIAN_POINT('',(-107.6926941104,-67.96014059464,-29.));
#12520 = CARTESIAN_POINT('',(-128.529000371,-85.77759328097,-5.12));
#12521 = PCURVE('',#10381,#12522);
#12522 = DEFINITIONAL_REPRESENTATION('',(#12523),#12527);
#12523 = LINE('',#12524,#12525);
#12524 = CARTESIAN_POINT('',(48.314283824231,0.));
#12525 = VECTOR('',#12526,1.);
#12526 = DIRECTION('',(0.,1.));
#12527 = ( GEOMETRIC_REPRESENTATION_CONTEXT(2) 
PARAMETRIC_REPRESENTATION_CONTEXT() REPRESENTATION_CONTEXT('2D SPACE',''
  ) );
#12528 = PCURVE('',#11927,#12529);
#12529 = DEFINITIONAL_REPRESENTATION('',(#12530),#12534);
#12530 = LINE('',#12531,#12532);
#12531 = CARTESIAN_POINT('',(4.062689357582,0.));
#12532 = VECTOR('',#12533,1.);
#12533 = DIRECTION('',(0.,1.));
#12534 = ( GEOMETRIC_REPRESENTATION_CONTEXT(2) 
PARAMETRIC_REPRESENTATION_CONTEXT() REPRESENTATION_CONTEXT('2D SPACE',''
  ) );
#12535 = ORIENTED_EDGE('',*,*,#10365,.F.);
#12536 = ORIENTED_EDGE('',*,*,#12537,.F.);
#12537 = EDGE_CURVE('',#12493,#10344,#12538,.T.);
#12538 = SURFACE_CURVE('',#12539,(#12542,#12549),.PCURVE_S1.);
#12539 = B_SPLINE_CURVE_WITH_KNOTS('',1,(#12540,#12541),.UNSPECIFIED.,
  .F.,.F.,(2,2),(0.,1.),.PIECEWISE_BEZIER_KNOTS.);
#12540 = CARTESIAN_POINT('',(-137.5047077777,-46.5021014296,-29.));
#12541 = CARTESIAN_POINT('',(-164.6296835181,-58.3508018182,-5.12));
#12542 = PCURVE('',#10381,#12543);
#12543 = DEFINITIONAL_REPRESENTATION('',(#12544),#12548);
#12544 = LINE('',#12545,#12546);
#12545 = CARTESIAN_POINT('',(2.976791462767,0.));
#12546 = VECTOR('',#12547,1.);
#12547 = DIRECTION('',(0.,1.));
#12548 = ( GEOMETRIC_REPRESENTATION_CONTEXT(2) 
PARAMETRIC_REPRESENTATION_CONTEXT() REPRESENTATION_CONTEXT('2D SPACE',''
  ) );
#12549 = PCURVE('',#10453,#12550);
#12550 = DEFINITIONAL_REPRESENTATION('',(#12551),#12555);
#12551 = LINE('',#12552,#12553);
#12552 = CARTESIAN_POINT('',(0.946919327998,0.));
#12553 = VECTOR('',#12554,1.);
#12554 = DIRECTION('',(0.,1.));
#12555 = ( GEOMETRIC_REPRESENTATION_CONTEXT(2) 
PARAMETRIC_REPRESENTATION_CONTEXT() REPRESENTATION_CONTEXT('2D SPACE',''
  ) );
#12556 = ADVANCED_FACE('',(#12557),#10453,.F.);
#12557 = FACE_BOUND('',#12558,.F.);
#12558 = EDGE_LOOP('',(#12559,#12583,#12584,#12585));
#12559 = ORIENTED_EDGE('',*,*,#12560,.F.);
#12560 = EDGE_CURVE('',#12493,#12561,#12563,.T.);
#12561 = VERTEX_POINT('',#12562);
#12562 = CARTESIAN_POINT('',(-139.8,-42.02196083496,-29.));
#12563 = SURFACE_CURVE('',#12564,(#12569,#12576),.PCURVE_S1.);
#12564 = CIRCLE('',#12565,5.52);
#12565 = AXIS2_PLACEMENT_3D('',#12566,#12567,#12568);
#12566 = CARTESIAN_POINT('',(-134.28,-42.02196083496,-29.));
#12567 = DIRECTION('',(0.,0.,-1.));
#12568 = DIRECTION('',(-1.,0.,0.));
#12569 = PCURVE('',#10453,#12570);
#12570 = DEFINITIONAL_REPRESENTATION('',(#12571),#12575);
#12571 = LINE('',#12572,#12573);
#12572 = CARTESIAN_POINT('',(6.28318530718,0.));
#12573 = VECTOR('',#12574,1.);
#12574 = DIRECTION('',(-1.,0.));
#12575 = ( GEOMETRIC_REPRESENTATION_CONTEXT(2) 
PARAMETRIC_REPRESENTATION_CONTEXT() REPRESENTATION_CONTEXT('2D SPACE',''
  ) );
#12576 = PCURVE('',#11991,#12577);
#12577 = DEFINITIONAL_REPRESENTATION('',(#12578),#12582);
#12578 = CIRCLE('',#12579,5.52);
#12579 = AXIS2_PLACEMENT_2D('',#12580,#12581);
#12580 = CARTESIAN_POINT('',(29.812013667306,21.45803916504));
#12581 = DIRECTION('',(1.,0.));
#12582 = ( GEOMETRIC_REPRESENTATION_CONTEXT(2) 
PARAMETRIC_REPRESENTATION_CONTEXT() REPRESENTATION_CONTEXT('2D SPACE',''
  ) );
#12583 = ORIENTED_EDGE('',*,*,#12537,.T.);
#12584 = ORIENTED_EDGE('',*,*,#10439,.F.);
#12585 = ORIENTED_EDGE('',*,*,#12586,.F.);
#12586 = EDGE_CURVE('',#12561,#10418,#12587,.T.);
#12587 = SURFACE_CURVE('',#12588,(#12591,#12598),.PCURVE_S1.);
#12588 = B_SPLINE_CURVE_WITH_KNOTS('',1,(#12589,#12590),.UNSPECIFIED.,
  .F.,.F.,(2,2),(0.,1.),.PIECEWISE_BEZIER_KNOTS.);
#12589 = CARTESIAN_POINT('',(-139.8,-42.02196083496,-29.));
#12590 = CARTESIAN_POINT('',(-167.,-53.57320853723,-5.12));
#12591 = PCURVE('',#10453,#12592);
#12592 = DEFINITIONAL_REPRESENTATION('',(#12593),#12597);
#12593 = LINE('',#12594,#12595);
#12594 = CARTESIAN_POINT('',(0.,0.));
#12595 = VECTOR('',#12596,1.);
#12596 = DIRECTION('',(0.,1.));
#12597 = ( GEOMETRIC_REPRESENTATION_CONTEXT(2) 
PARAMETRIC_REPRESENTATION_CONTEXT() REPRESENTATION_CONTEXT('2D SPACE',''
  ) );
#12598 = PCURVE('',#10517,#12599);
#12599 = DEFINITIONAL_REPRESENTATION('',(#12600),#12604);
#12600 = LINE('',#12601,#12602);
#12601 = CARTESIAN_POINT('',(110.12320853723,0.));
#12602 = VECTOR('',#12603,1.);
#12603 = DIRECTION('',(0.,1.));
#12604 = ( GEOMETRIC_REPRESENTATION_CONTEXT(2) 
PARAMETRIC_REPRESENTATION_CONTEXT() REPRESENTATION_CONTEXT('2D SPACE',''
  ) );
#12605 = ADVANCED_FACE('',(#12606),#10517,.F.);
#12606 = FACE_BOUND('',#12607,.F.);
#12607 = EDGE_LOOP('',(#12608,#12630,#12631,#12632));
#12608 = ORIENTED_EDGE('',*,*,#12609,.T.);
#12609 = EDGE_CURVE('',#12610,#12561,#12612,.T.);
#12610 = VERTEX_POINT('',#12611);
#12611 = CARTESIAN_POINT('',(-139.8,42.02196083496,-29.));
#12612 = SURFACE_CURVE('',#12613,(#12617,#12623),.PCURVE_S1.);
#12613 = LINE('',#12614,#12615);
#12614 = CARTESIAN_POINT('',(-139.8,44.85,-29.));
#12615 = VECTOR('',#12616,1.);
#12616 = DIRECTION('',(0.,-1.,0.));
#12617 = PCURVE('',#10517,#12618);
#12618 = DEFINITIONAL_REPRESENTATION('',(#12619),#12622);
#12619 = B_SPLINE_CURVE_WITH_KNOTS('',1,(#12620,#12621),.UNSPECIFIED.,
  .F.,.F.,(2,2),(2.82803916504,86.87196083496),
  .PIECEWISE_BEZIER_KNOTS.);
#12620 = CARTESIAN_POINT('',(2.976791462767,0.));
#12621 = CARTESIAN_POINT('',(110.12320853723,0.));
#12622 = ( GEOMETRIC_REPRESENTATION_CONTEXT(2) 
PARAMETRIC_REPRESENTATION_CONTEXT() REPRESENTATION_CONTEXT('2D SPACE',''
  ) );
#12623 = PCURVE('',#11991,#12624);
#12624 = DEFINITIONAL_REPRESENTATION('',(#12625),#12629);
#12625 = LINE('',#12626,#12627);
#12626 = CARTESIAN_POINT('',(35.332013667306,108.33));
#12627 = VECTOR('',#12628,1.);
#12628 = DIRECTION('',(0.,-1.));
#12629 = ( GEOMETRIC_REPRESENTATION_CONTEXT(2) 
PARAMETRIC_REPRESENTATION_CONTEXT() REPRESENTATION_CONTEXT('2D SPACE',''
  ) );
#12630 = ORIENTED_EDGE('',*,*,#12586,.T.);
#12631 = ORIENTED_EDGE('',*,*,#10503,.F.);
#12632 = ORIENTED_EDGE('',*,*,#12633,.F.);
#12633 = EDGE_CURVE('',#12610,#10482,#12634,.T.);
#12634 = SURFACE_CURVE('',#12635,(#12638,#12645),.PCURVE_S1.);
#12635 = B_SPLINE_CURVE_WITH_KNOTS('',1,(#12636,#12637),.UNSPECIFIED.,
  .F.,.F.,(2,2),(0.,1.),.PIECEWISE_BEZIER_KNOTS.);
#12636 = CARTESIAN_POINT('',(-139.8,42.02196083496,-29.));
#12637 = CARTESIAN_POINT('',(-167.,53.573208537233,-5.12));
#12638 = PCURVE('',#10517,#12639);
#12639 = DEFINITIONAL_REPRESENTATION('',(#12640),#12644);
#12640 = LINE('',#12641,#12642);
#12641 = CARTESIAN_POINT('',(2.976791462767,0.));
#12642 = VECTOR('',#12643,1.);
#12643 = DIRECTION('',(0.,1.));
#12644 = ( GEOMETRIC_REPRESENTATION_CONTEXT(2) 
PARAMETRIC_REPRESENTATION_CONTEXT() REPRESENTATION_CONTEXT('2D SPACE',''
  ) );
#12645 = PCURVE('',#10570,#12646);
#12646 = DEFINITIONAL_REPRESENTATION('',(#12647),#12651);
#12647 = LINE('',#12648,#12649);
#12648 = CARTESIAN_POINT('',(6.28318530718,0.));
#12649 = VECTOR('',#12650,1.);
#12650 = DIRECTION('',(0.,1.));
#12651 = ( GEOMETRIC_REPRESENTATION_CONTEXT(2) 
PARAMETRIC_REPRESENTATION_CONTEXT() REPRESENTATION_CONTEXT('2D SPACE',''
  ) );
#12652 = ADVANCED_FACE('',(#12653),#10570,.F.);
#12653 = FACE_BOUND('',#12654,.F.);
#12654 = EDGE_LOOP('',(#12655,#12679,#12680,#12681));
#12655 = ORIENTED_EDGE('',*,*,#12656,.F.);
#12656 = EDGE_CURVE('',#12610,#12657,#12659,.T.);
#12657 = VERTEX_POINT('',#12658);
#12658 = CARTESIAN_POINT('',(-137.5047077777,46.502101429606,-29.));
#12659 = SURFACE_CURVE('',#12660,(#12665,#12672),.PCURVE_S1.);
#12660 = CIRCLE('',#12661,5.52);
#12661 = AXIS2_PLACEMENT_3D('',#12662,#12663,#12664);
#12662 = CARTESIAN_POINT('',(-134.28,42.02196083496,-29.));
#12663 = DIRECTION('',(0.,0.,-1.));
#12664 = DIRECTION('',(-1.,0.,0.));
#12665 = PCURVE('',#10570,#12666);
#12666 = DEFINITIONAL_REPRESENTATION('',(#12667),#12671);
#12667 = LINE('',#12668,#12669);
#12668 = CARTESIAN_POINT('',(6.28318530718,0.));
#12669 = VECTOR('',#12670,1.);
#12670 = DIRECTION('',(-1.,0.));
#12671 = ( GEOMETRIC_REPRESENTATION_CONTEXT(2) 
PARAMETRIC_REPRESENTATION_CONTEXT() REPRESENTATION_CONTEXT('2D SPACE',''
  ) );
#12672 = PCURVE('',#11991,#12673);
#12673 = DEFINITIONAL_REPRESENTATION('',(#12674),#12678);
#12674 = CIRCLE('',#12675,5.52);
#12675 = AXIS2_PLACEMENT_2D('',#12676,#12677);
#12676 = CARTESIAN_POINT('',(29.812013667306,105.50196083496));
#12677 = DIRECTION('',(1.,0.));
#12678 = ( GEOMETRIC_REPRESENTATION_CONTEXT(2) 
PARAMETRIC_REPRESENTATION_CONTEXT() REPRESENTATION_CONTEXT('2D SPACE',''
  ) );
#12679 = ORIENTED_EDGE('',*,*,#12633,.T.);
#12680 = ORIENTED_EDGE('',*,*,#10556,.F.);
#12681 = ORIENTED_EDGE('',*,*,#12682,.F.);
#12682 = EDGE_CURVE('',#12657,#10535,#12683,.T.);
#12683 = SURFACE_CURVE('',#12684,(#12687,#12694),.PCURVE_S1.);
#12684 = B_SPLINE_CURVE_WITH_KNOTS('',1,(#12685,#12686),.UNSPECIFIED.,
  .F.,.F.,(2,2),(0.,1.),.PIECEWISE_BEZIER_KNOTS.);
#12685 = CARTESIAN_POINT('',(-137.5047077777,46.502101429606,-29.));
#12686 = CARTESIAN_POINT('',(-164.6296835181,58.350801818206,-5.12));
#12687 = PCURVE('',#10570,#12688);
#12688 = DEFINITIONAL_REPRESENTATION('',(#12689),#12693);
#12689 = LINE('',#12690,#12691);
#12690 = CARTESIAN_POINT('',(5.336265979181,0.));
#12691 = VECTOR('',#12692,1.);
#12692 = DIRECTION('',(0.,1.));
#12693 = ( GEOMETRIC_REPRESENTATION_CONTEXT(2) 
PARAMETRIC_REPRESENTATION_CONTEXT() REPRESENTATION_CONTEXT('2D SPACE',''
  ) );
#12694 = PCURVE('',#10634,#12695);
#12695 = DEFINITIONAL_REPRESENTATION('',(#12696),#12700);
#12696 = LINE('',#12697,#12698);
#12697 = CARTESIAN_POINT('',(47.358175508515,0.));
#12698 = VECTOR('',#12699,1.);
#12699 = DIRECTION('',(0.,1.));
#12700 = ( GEOMETRIC_REPRESENTATION_CONTEXT(2) 
PARAMETRIC_REPRESENTATION_CONTEXT() REPRESENTATION_CONTEXT('2D SPACE',''
  ) );
#12701 = ADVANCED_FACE('',(#12702),#10634,.F.);
#12702 = FACE_BOUND('',#12703,.F.);
#12703 = EDGE_LOOP('',(#12704,#12726,#12727,#12728));
#12704 = ORIENTED_EDGE('',*,*,#12705,.T.);
#12705 = EDGE_CURVE('',#12706,#12657,#12708,.T.);
#12706 = VERTEX_POINT('',#12707);
#12707 = CARTESIAN_POINT('',(-107.6926941104,67.960140594647,-29.));
#12708 = SURFACE_CURVE('',#12709,(#12713,#12719),.PCURVE_S1.);
#12709 = LINE('',#12710,#12711);
#12710 = CARTESIAN_POINT('',(-106.248,69.,-29.));
#12711 = VECTOR('',#12712,1.);
#12712 = DIRECTION('',(-0.811619672943,-0.58418619163,0.));
#12713 = PCURVE('',#10634,#12714);
#12714 = DEFINITIONAL_REPRESENTATION('',(#12715),#12718);
#12715 = B_SPLINE_CURVE_WITH_KNOTS('',1,(#12716,#12717),.UNSPECIFIED.,
  .F.,.F.,(2,2),(1.780013667306,38.511520629423),
  .PIECEWISE_BEZIER_KNOTS.);
#12716 = CARTESIAN_POINT('',(2.020683147051,0.));
#12717 = CARTESIAN_POINT('',(47.358175508515,0.));
#12718 = ( GEOMETRIC_REPRESENTATION_CONTEXT(2) 
PARAMETRIC_REPRESENTATION_CONTEXT() REPRESENTATION_CONTEXT('2D SPACE',''
  ) );
#12719 = PCURVE('',#11991,#12720);
#12720 = DEFINITIONAL_REPRESENTATION('',(#12721),#12725);
#12721 = LINE('',#12722,#12723);
#12722 = CARTESIAN_POINT('',(1.780013667306,132.48));
#12723 = VECTOR('',#12724,1.);
#12724 = DIRECTION('',(0.811619672943,-0.58418619163));
#12725 = ( GEOMETRIC_REPRESENTATION_CONTEXT(2) 
PARAMETRIC_REPRESENTATION_CONTEXT() REPRESENTATION_CONTEXT('2D SPACE',''
  ) );
#12726 = ORIENTED_EDGE('',*,*,#12682,.T.);
#12727 = ORIENTED_EDGE('',*,*,#10620,.F.);
#12728 = ORIENTED_EDGE('',*,*,#12729,.F.);
#12729 = EDGE_CURVE('',#12706,#10599,#12730,.T.);
#12730 = SURFACE_CURVE('',#12731,(#12734,#12741),.PCURVE_S1.);
#12731 = B_SPLINE_CURVE_WITH_KNOTS('',1,(#12732,#12733),.UNSPECIFIED.,
  .F.,.F.,(2,2),(0.,1.),.PIECEWISE_BEZIER_KNOTS.);
#12732 = CARTESIAN_POINT('',(-107.6926941104,67.960140594647,-29.));
#12733 = CARTESIAN_POINT('',(-128.529000371,85.777593280973,-5.12));
#12734 = PCURVE('',#10634,#12735);
#12735 = DEFINITIONAL_REPRESENTATION('',(#12736),#12740);
#12736 = LINE('',#12737,#12738);
#12737 = CARTESIAN_POINT('',(2.020683147051,0.));
#12738 = VECTOR('',#12739,1.);
#12739 = DIRECTION('',(0.,1.));
#12740 = ( GEOMETRIC_REPRESENTATION_CONTEXT(2) 
PARAMETRIC_REPRESENTATION_CONTEXT() REPRESENTATION_CONTEXT('2D SPACE',''
  ) );
#12741 = PCURVE('',#10688,#12742);
#12742 = DEFINITIONAL_REPRESENTATION('',(#12743),#12747);
#12743 = LINE('',#12744,#12745);
#12744 = CARTESIAN_POINT('',(2.220495949598,0.));
#12745 = VECTOR('',#12746,1.);
#12746 = DIRECTION('',(0.,1.));
#12747 = ( GEOMETRIC_REPRESENTATION_CONTEXT(2) 
PARAMETRIC_REPRESENTATION_CONTEXT() REPRESENTATION_CONTEXT('2D SPACE',''
  ) );
#12748 = ADVANCED_FACE('',(#12749),#10688,.F.);
#12749 = FACE_BOUND('',#12750,.F.);
#12750 = EDGE_LOOP('',(#12751,#12772,#12773,#12774));
#12751 = ORIENTED_EDGE('',*,*,#12752,.F.);
#12752 = EDGE_CURVE('',#12706,#12434,#12753,.T.);
#12753 = SURFACE_CURVE('',#12754,(#12759,#12765),.PCURVE_S1.);
#12754 = CIRCLE('',#12755,5.52);
#12755 = AXIS2_PLACEMENT_3D('',#12756,#12757,#12758);
#12756 = CARTESIAN_POINT('',(-104.4679863326,63.48,-29.));
#12757 = DIRECTION('',(0.,0.,-1.));
#12758 = DIRECTION('',(-1.,0.,0.));
#12759 = PCURVE('',#10688,#12760);
#12760 = DEFINITIONAL_REPRESENTATION('',(#12761),#12764);
#12761 = B_SPLINE_CURVE_WITH_KNOTS('',1,(#12762,#12763),.UNSPECIFIED.,
  .F.,.F.,(2,2),(0.946919327998,1.570796326795),
  .PIECEWISE_BEZIER_KNOTS.);
#12762 = CARTESIAN_POINT('',(2.220495949598,0.));
#12763 = CARTESIAN_POINT('',(1.570796326795,0.));
#12764 = ( GEOMETRIC_REPRESENTATION_CONTEXT(2) 
PARAMETRIC_REPRESENTATION_CONTEXT() REPRESENTATION_CONTEXT('2D SPACE',''
  ) );
#12765 = PCURVE('',#11991,#12766);
#12766 = DEFINITIONAL_REPRESENTATION('',(#12767),#12771);
#12767 = CIRCLE('',#12768,5.52);
#12768 = AXIS2_PLACEMENT_2D('',#12769,#12770);
#12769 = CARTESIAN_POINT('',(0.,126.96));
#12770 = DIRECTION('',(1.,0.));
#12771 = ( GEOMETRIC_REPRESENTATION_CONTEXT(2) 
PARAMETRIC_REPRESENTATION_CONTEXT() REPRESENTATION_CONTEXT('2D SPACE',''
  ) );
#12772 = ORIENTED_EDGE('',*,*,#12729,.T.);
#12773 = ORIENTED_EDGE('',*,*,#10673,.F.);
#12774 = ORIENTED_EDGE('',*,*,#12455,.F.);
#12775 = ADVANCED_FACE('',(#12776),#10846,.F.);
#12776 = FACE_BOUND('',#12777,.F.);
#12777 = EDGE_LOOP('',(#12778,#12799,#12800,#12801));
#12778 = ORIENTED_EDGE('',*,*,#12779,.F.);
#12779 = EDGE_CURVE('',#12412,#12335,#12780,.T.);
#12780 = SURFACE_CURVE('',#12781,(#12786,#12792),.PCURVE_S1.);
#12781 = CIRCLE('',#12782,5.52);
#12782 = AXIS2_PLACEMENT_3D('',#12783,#12784,#12785);
#12783 = CARTESIAN_POINT('',(104.46798633269,63.48,-29.));
#12784 = DIRECTION('',(0.,0.,-1.));
#12785 = DIRECTION('',(-1.,0.,0.));
#12786 = PCURVE('',#10846,#12787);
#12787 = DEFINITIONAL_REPRESENTATION('',(#12788),#12791);
#12788 = B_SPLINE_CURVE_WITH_KNOTS('',1,(#12789,#12790),.UNSPECIFIED.,
  .F.,.F.,(2,2),(1.570796326795,2.194673325591),
  .PIECEWISE_BEZIER_KNOTS.);
#12789 = CARTESIAN_POINT('',(1.570796326795,0.));
#12790 = CARTESIAN_POINT('',(0.921096703992,0.));
#12791 = ( GEOMETRIC_REPRESENTATION_CONTEXT(2) 
PARAMETRIC_REPRESENTATION_CONTEXT() REPRESENTATION_CONTEXT('2D SPACE',''
  ) );
#12792 = PCURVE('',#11991,#12793);
#12793 = DEFINITIONAL_REPRESENTATION('',(#12794),#12798);
#12794 = CIRCLE('',#12795,5.52);
#12795 = AXIS2_PLACEMENT_2D('',#12796,#12797);
#12796 = CARTESIAN_POINT('',(-208.9359726653,126.96));
#12797 = DIRECTION('',(1.,0.));
#12798 = ( GEOMETRIC_REPRESENTATION_CONTEXT(2) 
PARAMETRIC_REPRESENTATION_CONTEXT() REPRESENTATION_CONTEXT('2D SPACE',''
  ) );
#12799 = ORIENTED_EDGE('',*,*,#12411,.T.);
#12800 = ORIENTED_EDGE('',*,*,#10831,.F.);
#12801 = ORIENTED_EDGE('',*,*,#12356,.F.);
#12802 = ADVANCED_FACE('',(#12803),#11790,.F.);
#12803 = FACE_BOUND('',#12804,.F.);
#12804 = EDGE_LOOP('',(#12805,#12826,#12827,#12828));
#12805 = ORIENTED_EDGE('',*,*,#12806,.F.);
#12806 = EDGE_CURVE('',#12161,#11977,#12807,.T.);
#12807 = SURFACE_CURVE('',#12808,(#12813,#12819),.PCURVE_S1.);
#12808 = CIRCLE('',#12809,5.52);
#12809 = AXIS2_PLACEMENT_3D('',#12810,#12811,#12812);
#12810 = CARTESIAN_POINT('',(104.46798633269,-63.48,-29.));
#12811 = DIRECTION('',(0.,0.,-1.));
#12812 = DIRECTION('',(-1.,0.,0.));
#12813 = PCURVE('',#11790,#12814);
#12814 = DEFINITIONAL_REPRESENTATION('',(#12815),#12818);
#12815 = B_SPLINE_CURVE_WITH_KNOTS('',1,(#12816,#12817),.UNSPECIFIED.,
  .F.,.F.,(2,2),(4.088511981588,4.712388980385),
  .PIECEWISE_BEZIER_KNOTS.);
#12816 = CARTESIAN_POINT('',(5.362088603187,0.));
#12817 = CARTESIAN_POINT('',(4.712388980385,0.));
#12818 = ( GEOMETRIC_REPRESENTATION_CONTEXT(2) 
PARAMETRIC_REPRESENTATION_CONTEXT() REPRESENTATION_CONTEXT('2D SPACE',''
  ) );
#12819 = PCURVE('',#11991,#12820);
#12820 = DEFINITIONAL_REPRESENTATION('',(#12821),#12825);
#12821 = CIRCLE('',#12822,5.52);
#12822 = AXIS2_PLACEMENT_2D('',#12823,#12824);
#12823 = CARTESIAN_POINT('',(-208.9359726653,0.));
#12824 = DIRECTION('',(1.,0.));
#12825 = ( GEOMETRIC_REPRESENTATION_CONTEXT(2) 
PARAMETRIC_REPRESENTATION_CONTEXT() REPRESENTATION_CONTEXT('2D SPACE',''
  ) );
#12826 = ORIENTED_EDGE('',*,*,#12160,.T.);
#12827 = ORIENTED_EDGE('',*,*,#11775,.F.);
#12828 = ORIENTED_EDGE('',*,*,#12003,.F.);
#12829 = ADVANCED_FACE('',(#12830),#11927,.F.);
#12830 = FACE_BOUND('',#12831,.F.);
#12831 = EDGE_LOOP('',(#12832,#12853,#12854,#12855));
#12832 = ORIENTED_EDGE('',*,*,#12833,.F.);
#12833 = EDGE_CURVE('',#11955,#12495,#12834,.T.);
#12834 = SURFACE_CURVE('',#12835,(#12840,#12846),.PCURVE_S1.);
#12835 = CIRCLE('',#12836,5.52);
#12836 = AXIS2_PLACEMENT_3D('',#12837,#12838,#12839);
#12837 = CARTESIAN_POINT('',(-104.4679863326,-63.48,-29.));
#12838 = DIRECTION('',(0.,0.,-1.));
#12839 = DIRECTION('',(-1.,0.,0.));
#12840 = PCURVE('',#11927,#12841);
#12841 = DEFINITIONAL_REPRESENTATION('',(#12842),#12845);
#12842 = B_SPLINE_CURVE_WITH_KNOTS('',1,(#12843,#12844),.UNSPECIFIED.,
  .F.,.F.,(2,2),(4.712388980385,5.336265979181),
  .PIECEWISE_BEZIER_KNOTS.);
#12843 = CARTESIAN_POINT('',(4.712388980385,0.));
#12844 = CARTESIAN_POINT('',(4.062689357582,0.));
#12845 = ( GEOMETRIC_REPRESENTATION_CONTEXT(2) 
PARAMETRIC_REPRESENTATION_CONTEXT() REPRESENTATION_CONTEXT('2D SPACE',''
  ) );
#12846 = PCURVE('',#11991,#12847);
#12847 = DEFINITIONAL_REPRESENTATION('',(#12848),#12852);
#12848 = CIRCLE('',#12849,5.52);
#12849 = AXIS2_PLACEMENT_2D('',#12850,#12851);
#12850 = CARTESIAN_POINT('',(0.,0.));
#12851 = DIRECTION('',(1.,0.));
#12852 = ( GEOMETRIC_REPRESENTATION_CONTEXT(2) 
PARAMETRIC_REPRESENTATION_CONTEXT() REPRESENTATION_CONTEXT('2D SPACE',''
  ) );
#12853 = ORIENTED_EDGE('',*,*,#11954,.T.);
#12854 = ORIENTED_EDGE('',*,*,#11912,.F.);
#12855 = ORIENTED_EDGE('',*,*,#12516,.F.);
#12856 = ADVANCED_FACE('',(#12857),#11991,.F.);
#12857 = FACE_BOUND('',#12858,.T.);
#12858 = EDGE_LOOP('',(#12859,#12860,#12861,#12862,#12863,#12864,#12865,
    #12866,#12867,#12868,#12869,#12870,#12871,#12872,#12873,#12874));
#12859 = ORIENTED_EDGE('',*,*,#12492,.T.);
#12860 = ORIENTED_EDGE('',*,*,#12833,.F.);
#12861 = ORIENTED_EDGE('',*,*,#11976,.T.);
#12862 = ORIENTED_EDGE('',*,*,#12806,.F.);
#12863 = ORIENTED_EDGE('',*,*,#12182,.T.);
#12864 = ORIENTED_EDGE('',*,*,#12089,.F.);
#12865 = ORIENTED_EDGE('',*,*,#12209,.T.);
#12866 = ORIENTED_EDGE('',*,*,#12255,.F.);
#12867 = ORIENTED_EDGE('',*,*,#12334,.T.);
#12868 = ORIENTED_EDGE('',*,*,#12779,.F.);
#12869 = ORIENTED_EDGE('',*,*,#12433,.T.);
#12870 = ORIENTED_EDGE('',*,*,#12752,.F.);
#12871 = ORIENTED_EDGE('',*,*,#12705,.T.);
#12872 = ORIENTED_EDGE('',*,*,#12656,.F.);
#12873 = ORIENTED_EDGE('',*,*,#12609,.T.);
#12874 = ORIENTED_EDGE('',*,*,#12560,.F.);
#12875 = ( GEOMETRIC_REPRESENTATION_CONTEXT(3) 
GLOBAL_UNCERTAINTY_ASSIGNED_CONTEXT((#12879)) 
GLOBAL_UNIT_ASSIGNED_CONTEXT((#12876,#12877,#12878)) 
REPRESENTATION_CONTEXT('Context #1',
  '3D Context with UNIT and UNCERTAINTY') );
#12876 = ( LENGTH_UNIT() NAMED_UNIT(*) SI_UNIT(.MILLI.,.METRE.) );
#12877 = ( NAMED_UNIT(*) PLANE_ANGLE_UNIT() SI_UNIT($,.RADIAN.) );
#12878 = ( NAMED_UNIT(*) SI_UNIT($,.STERADIAN.) SOLID_ANGLE_UNIT() );
#12879 = UNCERTAINTY_MEASURE_WITH_UNIT(LENGTH_MEASURE(2.E-06),#12876,
  'distance_accuracy_value','confusion accuracy');
#12880 = PRODUCT_RELATED_PRODUCT_CATEGORY('part',$,(#7));
ENDSEC;
END-ISO-10303-21;
