ISO-10303-21;
HEADER;
FILE_DESCRIPTION(('Open CASCADE Model'),'2;1');
FILE_NAME('Q4-204','2026-10-08T13:26:14',('Author'),('Open CASCADE'),
  'Open CASCADE STEP processor 8.0','build123d','Unknown');
FILE_SCHEMA(('AUTOMOTIVE_DESIGN { 1 0 10303 214 1 1 1 1 }'));
ENDSEC;
DATA;
#1 = APPLICATION_PROTOCOL_DEFINITION('international standard',
  'automotive_design',2000,#2);
#2 = APPLICATION_CONTEXT(
  'core data for automotive mechanical design processes');
#3 = SHAPE_DEFINITION_REPRESENTATION(#4,#10);
#4 = PRODUCT_DEFINITION_SHAPE('','',#5);
#5 = PRODUCT_DEFINITION('design','',#6,#9);
#6 = PRODUCT_DEFINITION_FORMATION('','',#7);
#7 = PRODUCT('Q4-204','Q4-204','',(#8));
#8 = PRODUCT_CONTEXT('',#2,'mechanical');
#9 = PRODUCT_DEFINITION_CONTEXT('part definition',#2,'design');
#10 = ADVANCED_BREP_SHAPE_REPRESENTATION('',(#11,#15),#2051);
#11 = AXIS2_PLACEMENT_3D('',#12,#13,#14);
#12 = CARTESIAN_POINT('',(0.,0.,0.));
#13 = DIRECTION('',(0.,0.,1.));
#14 = DIRECTION('',(1.,0.,-0.));
#15 = MANIFOLD_SOLID_BREP('',#16);
#16 = CLOSED_SHELL('',(#17,#1754,#1804,#1854,#1879,#1933,#1983,#2008,
    #2039,#2047));
#17 = ADVANCED_FACE('',(#18,#923,#1365),#32,.F.);
#18 = FACE_BOUND('',#19,.F.);
#19 = EDGE_LOOP('',(#20,#91,#141,#142,#272,#315,#367,#492,#580,#710,#762
    ,#800));
#20 = ORIENTED_EDGE('',*,*,#21,.F.);
#21 = EDGE_CURVE('',#22,#24,#26,.T.);
#22 = VERTEX_POINT('',#23);
#23 = CARTESIAN_POINT('',(14.51392,0.,18.));
#24 = VERTEX_POINT('',#25);
#25 = CARTESIAN_POINT('',(13.6,-2.226667290099E-15,-119.2926926774));
#26 = SEAM_CURVE('',#27,(#31,#84),.PCURVE_S1.);
#27 = B_SPLINE_CURVE_WITH_KNOTS('',2,(#28,#29,#30),.UNSPECIFIED.,.F.,.F.
  ,(3,3),(0.,1.),.PIECEWISE_BEZIER_KNOTS.);
#28 = CARTESIAN_POINT('',(14.51392,8.646711388483E-15,18.));
#29 = CARTESIAN_POINT('',(26.797514165511,-6.792204420431E-16,
    -58.04421432655));
#30 = CARTESIAN_POINT('',(10.76032,-2.683319591813E-15,-134.));
#31 = PCURVE('',#32,#78);
#32 = B_SPLINE_SURFACE_WITH_KNOTS('',14,2,(
    (#33,#34,#35)
    ,(#36,#37,#38)
    ,(#39,#40,#41)
    ,(#42,#43,#44)
    ,(#45,#46,#47)
    ,(#48,#49,#50)
    ,(#51,#52,#53)
    ,(#54,#55,#56)
    ,(#57,#58,#59)
    ,(#60,#61,#62)
    ,(#63,#64,#65)
    ,(#66,#67,#68)
    ,(#69,#70,#71)
    ,(#72,#73,#74)
    ,(#75,#76,#77
    )),.UNSPECIFIED.,.T.,.F.,.F.,(15,15),(3,3),(0.,1.),(0.,1.),
  .PIECEWISE_BEZIER_KNOTS.);
#33 = CARTESIAN_POINT('',(14.51392,8.646711388483E-15,18.));
#34 = CARTESIAN_POINT('',(26.797514165511,-6.792204420431E-16,
    -58.04421432655));
#35 = CARTESIAN_POINT('',(10.76032,-2.683319591813E-15,-134.));
#36 = CARTESIAN_POINT('',(14.513920000002,4.487989505132,18.));
#37 = CARTESIAN_POINT('',(26.797514165516,6.024527249444,-58.04421432655
    ));
#38 = CARTESIAN_POINT('',(10.760319999999,3.141592653591,-134.));
#39 = CARTESIAN_POINT('',(11.365642314692,8.975980666875,18.));
#40 = CARTESIAN_POINT('',(24.023700842165,12.04905672267,-58.04421432655
    ));
#41 = CARTESIAN_POINT('',(8.426252060903,6.283186466815,-134.));
#42 = CARTESIAN_POINT('',(5.06908291934,12.328193465735,18.));
#43 = CARTESIAN_POINT('',(18.476070649533,16.548955247289,
    -58.04421432655));
#44 = CARTESIAN_POINT('',(3.75811319879,8.629735426006,-134.));
#45 = CARTESIAN_POINT('',(-3.43414753347,13.408975958254,18.));
#46 = CARTESIAN_POINT('',(10.984236612193,17.999761575938,
    -58.04421432655));
#47 = CARTESIAN_POINT('',(-2.546005929923,9.386283170795,-134.));
#48 = CARTESIAN_POINT('',(-12.26100635304,11.489768610112,18.));
#49 = CARTESIAN_POINT('',(3.207267410784,15.423481717646,-58.04421432655
    ));
#50 = CARTESIAN_POINT('',(-9.090056434255,8.042838027052,-134.));
#51 = CARTESIAN_POINT('',(-18.99932653453,6.658852452629,18.));
#52 = CARTESIAN_POINT('',(-2.729579387923,8.938621181065,-58.04421432655
    ));
#53 = CARTESIAN_POINT('',(-14.08570760304,4.661196716876,-134.));
#54 = CARTESIAN_POINT('',(-21.53616962385,1.500601675017E-10,18.));
#55 = CARTESIAN_POINT('',(-4.964683740932,1.810160200302E-10,
    -58.04421432655));
#56 = CARTESIAN_POINT('',(-15.96647058335,6.620854704855E-11,-134.));
#57 = CARTESIAN_POINT('',(-18.99932653453,-6.658852452904,18.));
#58 = CARTESIAN_POINT('',(-2.729579387938,-8.938621181398,
    -58.04421432655));
#59 = CARTESIAN_POINT('',(-14.08570760305,-4.661196716997,-134.));
#60 = CARTESIAN_POINT('',(-12.26100635304,-11.4897686099,18.));
#61 = CARTESIAN_POINT('',(3.207267410805,-15.42348171738,-58.04421432655
    ));
#62 = CARTESIAN_POINT('',(-9.090056434251,-8.042838026958,-134.));
#63 = CARTESIAN_POINT('',(-3.434147533471,-13.40897595838,18.));
#64 = CARTESIAN_POINT('',(10.984236612176,-17.9997615761,-58.04421432655
    ));
#65 = CARTESIAN_POINT('',(-2.546005929927,-9.386283170854,-134.));
#66 = CARTESIAN_POINT('',(5.06908291934,-12.32819346566,18.));
#67 = CARTESIAN_POINT('',(18.476070649543,-16.5489552472,-58.04421432655
    ));
#68 = CARTESIAN_POINT('',(3.758113198793,-8.629735425976,-134.));
#69 = CARTESIAN_POINT('',(11.365642314693,-8.975980666898,18.));
#70 = CARTESIAN_POINT('',(24.023700842161,-12.0490567227,-58.04421432655
    ));
#71 = CARTESIAN_POINT('',(8.426252060902,-6.283186466826,-134.));
#72 = CARTESIAN_POINT('',(14.513920000002,-4.487989505126,18.));
#73 = CARTESIAN_POINT('',(26.797514165517,-6.024527249438,
    -58.04421432655));
#74 = CARTESIAN_POINT('',(10.76032,-3.141592653589,-134.));
#75 = CARTESIAN_POINT('',(14.51392,-1.266957077649E-14,18.));
#76 = CARTESIAN_POINT('',(26.797514165511,-3.659347985668E-15,
    -58.04421432655));
#77 = CARTESIAN_POINT('',(10.76032,-2.683319656332E-15,-134.));
#78 = DEFINITIONAL_REPRESENTATION('',(#79),#83);
#79 = LINE('',#80,#81);
#80 = CARTESIAN_POINT('',(0.,0.));
#81 = VECTOR('',#82,1.);
#82 = DIRECTION('',(0.,1.));
#83 = ( GEOMETRIC_REPRESENTATION_CONTEXT(2) 
PARAMETRIC_REPRESENTATION_CONTEXT() REPRESENTATION_CONTEXT('2D SPACE',''
  ) );
#84 = PCURVE('',#32,#85);
#85 = DEFINITIONAL_REPRESENTATION('',(#86),#90);
#86 = LINE('',#87,#88);
#87 = CARTESIAN_POINT('',(1.,0.));
#88 = VECTOR('',#89,1.);
#89 = DIRECTION('',(0.,1.));
#90 = ( GEOMETRIC_REPRESENTATION_CONTEXT(2) 
PARAMETRIC_REPRESENTATION_CONTEXT() REPRESENTATION_CONTEXT('2D SPACE',''
  ) );
#91 = ORIENTED_EDGE('',*,*,#92,.T.);
#92 = EDGE_CURVE('',#22,#22,#93,.T.);
#93 = SURFACE_CURVE('',#94,(#110,#117),.PCURVE_S1.);
#94 = B_SPLINE_CURVE_WITH_KNOTS('',14,(#95,#96,#97,#98,#99,#100,#101,
    #102,#103,#104,#105,#106,#107,#108,#109),.UNSPECIFIED.,.T.,.F.,(15,
    15),(0.,1.),.PIECEWISE_BEZIER_KNOTS.);
#95 = CARTESIAN_POINT('',(14.51392,8.646711388483E-15,18.));
#96 = CARTESIAN_POINT('',(14.513920000002,4.487989505132,18.));
#97 = CARTESIAN_POINT('',(11.365642314692,8.975980666875,18.));
#98 = CARTESIAN_POINT('',(5.06908291934,12.328193465735,18.));
#99 = CARTESIAN_POINT('',(-3.43414753347,13.408975958254,18.));
#100 = CARTESIAN_POINT('',(-12.26100635304,11.489768610112,18.));
#101 = CARTESIAN_POINT('',(-18.99932653453,6.658852452629,18.));
#102 = CARTESIAN_POINT('',(-21.53616962385,1.500601675017E-10,18.));
#103 = CARTESIAN_POINT('',(-18.99932653453,-6.658852452904,18.));
#104 = CARTESIAN_POINT('',(-12.26100635304,-11.4897686099,18.));
#105 = CARTESIAN_POINT('',(-3.434147533471,-13.40897595838,18.));
#106 = CARTESIAN_POINT('',(5.06908291934,-12.32819346566,18.));
#107 = CARTESIAN_POINT('',(11.365642314693,-8.975980666898,18.));
#108 = CARTESIAN_POINT('',(14.513920000002,-4.487989505126,18.));
#109 = CARTESIAN_POINT('',(14.51392,-1.266957077649E-14,18.));
#110 = PCURVE('',#32,#111);
#111 = DEFINITIONAL_REPRESENTATION('',(#112),#116);
#112 = LINE('',#113,#114);
#113 = CARTESIAN_POINT('',(0.,0.));
#114 = VECTOR('',#115,1.);
#115 = DIRECTION('',(1.,0.));
#116 = ( GEOMETRIC_REPRESENTATION_CONTEXT(2) 
PARAMETRIC_REPRESENTATION_CONTEXT() REPRESENTATION_CONTEXT('2D SPACE',''
  ) );
#117 = PCURVE('',#118,#123);
#118 = PLANE('',#119);
#119 = AXIS2_PLACEMENT_3D('',#120,#121,#122);
#120 = CARTESIAN_POINT('',(14.51392,8.646711388483E-15,18.));
#121 = DIRECTION('',(0.,0.,1.));
#122 = DIRECTION('',(-1.,-2.290321961468E-16,0.));
#123 = DEFINITIONAL_REPRESENTATION('',(#124),#140);
#124 = B_SPLINE_CURVE_WITH_KNOTS('',14,(#125,#126,#127,#128,#129,#130,
    #131,#132,#133,#134,#135,#136,#137,#138,#139),.UNSPECIFIED.,.T.,.F.,
  (15,15),(0.,1.),.PIECEWISE_BEZIER_KNOTS.);
#125 = CARTESIAN_POINT('',(0.,0.));
#126 = CARTESIAN_POINT('',(-2.194828590752E-12,-4.487989505131));
#127 = CARTESIAN_POINT('',(3.148277685308,-8.975980666875));
#128 = CARTESIAN_POINT('',(9.44483708066,-12.32819346573));
#129 = CARTESIAN_POINT('',(17.94806753347,-13.40897595825));
#130 = CARTESIAN_POINT('',(26.774926353042,-11.48976861011));
#131 = CARTESIAN_POINT('',(33.513246534531,-6.658852452629));
#132 = CARTESIAN_POINT('',(36.050089623852,-1.500597774215E-10));
#133 = CARTESIAN_POINT('',(33.513246534532,6.658852452904));
#134 = CARTESIAN_POINT('',(26.774926353041,11.489768609902));
#135 = CARTESIAN_POINT('',(17.948067533471,13.408975958386));
#136 = CARTESIAN_POINT('',(9.44483708066,12.328193465669));
#137 = CARTESIAN_POINT('',(3.148277685307,8.975980666898));
#138 = CARTESIAN_POINT('',(-2.103954960597E-12,4.487989505126));
#139 = CARTESIAN_POINT('',(-5.329070518201E-15,2.131628216497E-14));
#140 = ( GEOMETRIC_REPRESENTATION_CONTEXT(2) 
PARAMETRIC_REPRESENTATION_CONTEXT() REPRESENTATION_CONTEXT('2D SPACE',''
  ) );
#141 = ORIENTED_EDGE('',*,*,#21,.T.);
#142 = ORIENTED_EDGE('',*,*,#143,.F.);
#143 = EDGE_CURVE('',#144,#24,#146,.T.);
#144 = VERTEX_POINT('',#145);
#145 = CARTESIAN_POINT('',(13.6,-3.5,-113.4046969156));
#146 = SURFACE_CURVE('',#147,(#185,#226),.PCURVE_S1.);
#147 = B_SPLINE_CURVE_WITH_KNOTS('',8,(#148,#149,#150,#151,#152,#153,
    #154,#155,#156,#157,#158,#159,#160,#161,#162,#163,#164,#165,#166,
    #167,#168,#169,#170,#171,#172,#173,#174,#175,#176,#177,#178,#179,
    #180,#181,#182,#183,#184),.UNSPECIFIED.,.F.,.F.,(9,7,7,7,7,9),(0.,
    0.257893201785,0.51717035403,0.765710127083,0.897771854038,1.),
  .UNSPECIFIED.);
#148 = CARTESIAN_POINT('',(13.6,-3.5,-113.4046969156));
#149 = CARTESIAN_POINT('',(13.6,-3.434814801698,-113.6257085871));
#150 = CARTESIAN_POINT('',(13.6,-3.368289701984,-113.8463223719));
#151 = CARTESIAN_POINT('',(13.6,-3.300338890932,-114.0665059231));
#152 = CARTESIAN_POINT('',(13.6,-3.230865237899,-114.286218606));
#153 = CARTESIAN_POINT('',(13.6,-3.159758780273,-114.5054110241));
#154 = CARTESIAN_POINT('',(13.6,-3.086892671108,-114.7240237104));
#155 = CARTESIAN_POINT('',(13.6,-3.012116585684,-114.9419849862));
#156 = CARTESIAN_POINT('',(13.6,-2.857966080727,-115.3775966862));
#157 = CARTESIAN_POINT('',(13.6,-2.778575770115,-115.5952204741));
#158 = CARTESIAN_POINT('',(13.6,-2.696885116194,-115.8120064206));
#159 = CARTESIAN_POINT('',(13.6,-2.612675680453,-116.0278483299));
#160 = CARTESIAN_POINT('',(13.6,-2.525687671987,-116.2426005265));
#161 = CARTESIAN_POINT('',(13.6,-2.435609927234,-116.4560738383));
#162 = CARTESIAN_POINT('',(13.6,-2.342051712175,-116.6680241191));
#163 = CARTESIAN_POINT('',(13.6,-2.150936733663,-117.079522395));
#164 = CARTESIAN_POINT('',(13.6,-2.053808020355,-117.2789993012));
#165 = CARTESIAN_POINT('',(13.6,-1.952533314937,-117.4764819233));
#166 = CARTESIAN_POINT('',(13.6,-1.846477692862,-117.6716346805));
#167 = CARTESIAN_POINT('',(13.6,-1.734943002373,-117.8638794241));
#168 = CARTESIAN_POINT('',(13.6,-1.61696782457,-118.0522575735));
#169 = CARTESIAN_POINT('',(13.6,-1.491412671283,-118.2354952769));
#170 = CARTESIAN_POINT('',(13.6,-1.28410491694,-118.5049074443));
#171 = CARTESIAN_POINT('',(13.6,-1.209531830482,-118.5961545636));
#172 = CARTESIAN_POINT('',(13.6,-1.131916552161,-118.684959899));
#173 = CARTESIAN_POINT('',(13.6,-1.050878415364,-118.770881358));
#174 = CARTESIAN_POINT('',(13.6,-0.96604439745,-118.8532256445));
#175 = CARTESIAN_POINT('',(13.6,-0.877045014118,-118.9310449769));
#176 = CARTESIAN_POINT('',(13.6,-0.783490595219,-119.0031125068));
#177 = CARTESIAN_POINT('',(13.6,-0.608581029001,-119.1179477587));
#178 = CARTESIAN_POINT('',(13.6,-0.529182845683,-119.1636969711));
#179 = CARTESIAN_POINT('',(13.6,-0.446688180193,-119.2041979945));
#180 = CARTESIAN_POINT('',(13.6,-0.36123385355,-119.2384017748));
#181 = CARTESIAN_POINT('',(13.6,-0.273137474105,-119.2651897017));
#182 = CARTESIAN_POINT('',(13.6,-0.182939906325,-119.2835236036));
#183 = CARTESIAN_POINT('',(13.6,-9.147769810118E-02,-119.2926926774));
#184 = CARTESIAN_POINT('',(13.6,-1.33226762955E-14,-119.2926926774));
#185 = PCURVE('',#32,#186);
#186 = DEFINITIONAL_REPRESENTATION('',(#187),#225);
#187 = B_SPLINE_CURVE_WITH_KNOTS('',8,(#188,#189,#190,#191,#192,#193,
    #194,#195,#196,#197,#198,#199,#200,#201,#202,#203,#204,#205,#206,
    #207,#208,#209,#210,#211,#212,#213,#214,#215,#216,#217,#218,#219,
    #220,#221,#222,#223,#224),.UNSPECIFIED.,.F.,.F.,(9,7,7,7,7,9),(0.,
    0.257893201785,0.51717035403,0.765710127083,0.897771854038,1.),
  .UNSPECIFIED.);
#188 = CARTESIAN_POINT('',(0.932965497707,0.86443640991));
#189 = CARTESIAN_POINT('',(0.934170135568,0.865891050883));
#190 = CARTESIAN_POINT('',(0.935401988137,0.867343075885));
#191 = CARTESIAN_POINT('',(0.93666279271,0.868792271998));
#192 = CARTESIAN_POINT('',(0.937954513461,0.870238371757));
#193 = CARTESIAN_POINT('',(0.939279371321,0.871681050023));
#194 = CARTESIAN_POINT('',(0.940639923752,0.873119915373));
#195 = CARTESIAN_POINT('',(0.942039194433,0.874554496004));
#196 = CARTESIAN_POINT('',(0.94493024773,0.877421616733));
#197 = CARTESIAN_POINT('',(0.946422362118,0.878853981545));
#198 = CARTESIAN_POINT('',(0.947961030408,0.880280834545));
#199 = CARTESIAN_POINT('',(0.949550626895,0.881701476731));
#200 = CARTESIAN_POINT('',(0.951196348926,0.883114949247));
#201 = CARTESIAN_POINT('',(0.952904413269,0.884520006934));
#202 = CARTESIAN_POINT('',(0.954682608421,0.885915042785));
#203 = CARTESIAN_POINT('',(0.958323694928,0.888623488803));
#204 = CARTESIAN_POINT('',(0.960178086026,0.889936430864));
#205 = CARTESIAN_POINT('',(0.962115747319,0.89123624898));
#206 = CARTESIAN_POINT('',(0.964149249583,0.892520734303));
#207 = CARTESIAN_POINT('',(0.966292457025,0.893786081401));
#208 = CARTESIAN_POINT('',(0.968564423392,0.895025980807));
#209 = CARTESIAN_POINT('',(0.970987714034,0.896232047889));
#210 = CARTESIAN_POINT('',(0.974997849995,0.898005316278));
#211 = CARTESIAN_POINT('',(0.976441916628,0.898605904475));
#212 = CARTESIAN_POINT('',(0.977946465582,0.899190421334));
#213 = CARTESIAN_POINT('',(0.979518986148,0.899755956961));
#214 = CARTESIAN_POINT('',(0.981166832028,0.900297948023));
#215 = CARTESIAN_POINT('',(0.982897283566,0.900810156145));
#216 = CARTESIAN_POINT('',(0.984717984854,0.901284506103));
#217 = CARTESIAN_POINT('',(0.988124808517,0.902040354468));
#218 = CARTESIAN_POINT('',(0.989672205862,0.902341477019));
#219 = CARTESIAN_POINT('',(0.991280821702,0.902608055965));
#220 = CARTESIAN_POINT('',(0.992947949602,0.902833186356));
#221 = CARTESIAN_POINT('',(0.994667300055,0.903009505409));
#222 = CARTESIAN_POINT('',(0.996428147408,0.903130179796));
#223 = CARTESIAN_POINT('',(0.998213922479,0.903190530963));
#224 = CARTESIAN_POINT('',(1.,0.903190530963));
#225 = ( GEOMETRIC_REPRESENTATION_CONTEXT(2) 
PARAMETRIC_REPRESENTATION_CONTEXT() REPRESENTATION_CONTEXT('2D SPACE',''
  ) );
#226 = PCURVE('',#227,#232);
#227 = PLANE('',#228);
#228 = AXIS2_PLACEMENT_3D('',#229,#230,#231);
#229 = CARTESIAN_POINT('',(13.6,3.5,-140.));
#230 = DIRECTION('',(-1.,0.,0.));
#231 = DIRECTION('',(0.,0.,1.));
#232 = DEFINITIONAL_REPRESENTATION('',(#233),#271);
#233 = B_SPLINE_CURVE_WITH_KNOTS('',8,(#234,#235,#236,#237,#238,#239,
    #240,#241,#242,#243,#244,#245,#246,#247,#248,#249,#250,#251,#252,
    #253,#254,#255,#256,#257,#258,#259,#260,#261,#262,#263,#264,#265,
    #266,#267,#268,#269,#270),.UNSPECIFIED.,.F.,.F.,(9,7,7,7,7,9),(0.,
    0.257893201785,0.51717035403,0.765710127083,0.897771854038,1.),
  .UNSPECIFIED.);
#234 = CARTESIAN_POINT('',(26.595303084346,-7.));
#235 = CARTESIAN_POINT('',(26.374291412801,-6.934814801698));
#236 = CARTESIAN_POINT('',(26.153677628002,-6.868289701984));
#237 = CARTESIAN_POINT('',(25.933494076898,-6.800338890932));
#238 = CARTESIAN_POINT('',(25.713781393962,-6.730865237899));
#239 = CARTESIAN_POINT('',(25.494588975879,-6.659758780273));
#240 = CARTESIAN_POINT('',(25.275976289593,-6.586892671108));
#241 = CARTESIAN_POINT('',(25.058015013711,-6.512116585684));
#242 = CARTESIAN_POINT('',(24.622403313723,-6.357966080727));
#243 = CARTESIAN_POINT('',(24.404779525831,-6.278575770115));
#244 = CARTESIAN_POINT('',(24.187993579307,-6.196885116194));
#245 = CARTESIAN_POINT('',(23.972151670076,-6.112675680453));
#246 = CARTESIAN_POINT('',(23.757399473472,-6.025687671987));
#247 = CARTESIAN_POINT('',(23.543926161674,-5.935609927234));
#248 = CARTESIAN_POINT('',(23.331975880833,-5.842051712175));
#249 = CARTESIAN_POINT('',(22.920477604947,-5.650936733663));
#250 = CARTESIAN_POINT('',(22.721000698724,-5.553808020355));
#251 = CARTESIAN_POINT('',(22.523518076682,-5.452533314937));
#252 = CARTESIAN_POINT('',(22.328365319435,-5.346477692862));
#253 = CARTESIAN_POINT('',(22.136120575867,-5.234943002373));
#254 = CARTESIAN_POINT('',(21.947742426478,-5.11696782457));
#255 = CARTESIAN_POINT('',(21.764504723077,-4.991412671283));
#256 = CARTESIAN_POINT('',(21.495092555638,-4.78410491694));
#257 = CARTESIAN_POINT('',(21.403845436302,-4.709531830482));
#258 = CARTESIAN_POINT('',(21.31504010097,-4.631916552161));
#259 = CARTESIAN_POINT('',(21.22911864196,-4.550878415364));
#260 = CARTESIAN_POINT('',(21.146774355487,-4.46604439745));
#261 = CARTESIAN_POINT('',(21.068955023074,-4.377045014118));
#262 = CARTESIAN_POINT('',(20.99688749319,-4.283490595219));
#263 = CARTESIAN_POINT('',(20.882052241258,-4.108581029001));
#264 = CARTESIAN_POINT('',(20.836303028843,-4.029182845683));
#265 = CARTESIAN_POINT('',(20.795802005463,-3.946688180193));
#266 = CARTESIAN_POINT('',(20.761598225198,-3.86123385355));
#267 = CARTESIAN_POINT('',(20.734810298244,-3.773137474105));
#268 = CARTESIAN_POINT('',(20.716476396377,-3.682939906325));
#269 = CARTESIAN_POINT('',(20.707307322511,-3.591477698101));
#270 = CARTESIAN_POINT('',(20.707307322511,-3.5));
#271 = ( GEOMETRIC_REPRESENTATION_CONTEXT(2) 
PARAMETRIC_REPRESENTATION_CONTEXT() REPRESENTATION_CONTEXT('2D SPACE',''
  ) );
#272 = ORIENTED_EDGE('',*,*,#273,.T.);
#273 = EDGE_CURVE('',#144,#274,#276,.T.);
#274 = VERTEX_POINT('',#275);
#275 = CARTESIAN_POINT('',(9.318710459762,-3.5,-134.));
#276 = SURFACE_CURVE('',#277,(#286,#298),.PCURVE_S1.);
#277 = B_SPLINE_CURVE_WITH_KNOTS('',7,(#278,#279,#280,#281,#282,#283,
    #284,#285),.UNSPECIFIED.,.F.,.F.,(8,8),(0.,1.),
  .PIECEWISE_BEZIER_KNOTS.);
#278 = CARTESIAN_POINT('',(13.6,-3.5,-113.4046969156));
#279 = CARTESIAN_POINT('',(13.083364596052,-3.5,-116.3656383661));
#280 = CARTESIAN_POINT('',(12.537062870292,-3.5,-119.3213369461));
#281 = CARTESIAN_POINT('',(11.960296375553,-3.5,-122.2713764438));
#282 = CARTESIAN_POINT('',(11.352011777023,-3.5,-125.2151828675));
#283 = CARTESIAN_POINT('',(10.710682038136,-3.5,-128.1519752356));
#284 = CARTESIAN_POINT('',(10.034194140995,-3.5,-131.0807428816));
#285 = CARTESIAN_POINT('',(9.318710459762,-3.5,-134.));
#286 = PCURVE('',#32,#287);
#287 = DEFINITIONAL_REPRESENTATION('',(#288),#297);
#288 = B_SPLINE_CURVE_WITH_KNOTS('',7,(#289,#290,#291,#292,#293,#294,
    #295,#296),.UNSPECIFIED.,.F.,.F.,(8,8),(0.,1.),
  .PIECEWISE_BEZIER_KNOTS.);
#289 = CARTESIAN_POINT('',(0.932965497707,0.86443640991));
#290 = CARTESIAN_POINT('',(0.931313531345,0.883924551518));
#291 = CARTESIAN_POINT('',(0.929493506241,0.90337870169));
#292 = CARTESIAN_POINT('',(0.927480191435,0.922796117785));
#293 = CARTESIAN_POINT('',(0.925241891019,0.942173018289));
#294 = CARTESIAN_POINT('',(0.922736270526,0.961504258587));
#295 = CARTESIAN_POINT('',(0.919907493809,0.980783181344));
#296 = CARTESIAN_POINT('',(0.916666666337,1.));
#297 = ( GEOMETRIC_REPRESENTATION_CONTEXT(2) 
PARAMETRIC_REPRESENTATION_CONTEXT() REPRESENTATION_CONTEXT('2D SPACE',''
  ) );
#298 = PCURVE('',#299,#304);
#299 = PLANE('',#300);
#300 = AXIS2_PLACEMENT_3D('',#301,#302,#303);
#301 = CARTESIAN_POINT('',(-4.021882742763E-16,-3.5,1.053579881492E-15)
  );
#302 = DIRECTION('',(0.,-1.,0.));
#303 = DIRECTION('',(1.,0.,0.));
#304 = DEFINITIONAL_REPRESENTATION('',(#305),#314);
#305 = B_SPLINE_CURVE_WITH_KNOTS('',7,(#306,#307,#308,#309,#310,#311,
    #312,#313),.UNSPECIFIED.,.F.,.F.,(8,8),(0.,1.),
  .PIECEWISE_BEZIER_KNOTS.);
#306 = CARTESIAN_POINT('',(13.6,-113.4046969156));
#307 = CARTESIAN_POINT('',(13.083364596052,-116.3656383661));
#308 = CARTESIAN_POINT('',(12.537062870292,-119.3213369461));
#309 = CARTESIAN_POINT('',(11.960296375553,-122.2713764438));
#310 = CARTESIAN_POINT('',(11.352011777023,-125.2151828675));
#311 = CARTESIAN_POINT('',(10.710682038136,-128.1519752356));
#312 = CARTESIAN_POINT('',(10.034194140995,-131.0807428816));
#313 = CARTESIAN_POINT('',(9.318710459762,-134.));
#314 = ( GEOMETRIC_REPRESENTATION_CONTEXT(2) 
PARAMETRIC_REPRESENTATION_CONTEXT() REPRESENTATION_CONTEXT('2D SPACE',''
  ) );
#315 = ORIENTED_EDGE('',*,*,#316,.F.);
#316 = EDGE_CURVE('',#317,#274,#319,.T.);
#317 = VERTEX_POINT('',#318);
#318 = CARTESIAN_POINT('',(-9.318710469036,-3.5,-134.));
#319 = SURFACE_CURVE('',#320,(#336,#343),.PCURVE_S1.);
#320 = B_SPLINE_CURVE_WITH_KNOTS('',14,(#321,#322,#323,#324,#325,#326,
    #327,#328,#329,#330,#331,#332,#333,#334,#335),.UNSPECIFIED.,.F.,.F.,
  (15,15),(0.583333333484,0.916666666337),.PIECEWISE_BEZIER_KNOTS.);
#321 = CARTESIAN_POINT('',(-9.318710469036,-3.5,-134.));
#322 = CARTESIAN_POINT('',(-8.513840415508,-4.406899685991,-134.));
#323 = CARTESIAN_POINT('',(-7.484374547778,-5.229443782247,-134.));
#324 = CARTESIAN_POINT('',(-6.252944628994,-5.942131598437,-134.));
#325 = CARTESIAN_POINT('',(-4.849645964477,-6.52226566147,-134.));
#326 = CARTESIAN_POINT('',(-3.311134911067,-6.950968614141,-134.));
#327 = CARTESIAN_POINT('',(-1.679362621737,-7.214063491425,-134.));
#328 = CARTESIAN_POINT('',(-7.574106180293E-09,-7.302755418445,-134.));
#329 = CARTESIAN_POINT('',(1.679362605843,-7.214063470567,-134.));
#330 = CARTESIAN_POINT('',(3.311134896123,-6.95096860725,-134.));
#331 = CARTESIAN_POINT('',(4.849645958838,-6.522265687086,-134.));
#332 = CARTESIAN_POINT('',(6.25294462544,-5.942131616682,-134.));
#333 = CARTESIAN_POINT('',(7.48437453976,-5.229443777184,-134.));
#334 = CARTESIAN_POINT('',(8.51384040479,-4.406899675177,-134.));
#335 = CARTESIAN_POINT('',(9.318710459762,-3.5,-134.));
#336 = PCURVE('',#32,#337);
#337 = DEFINITIONAL_REPRESENTATION('',(#338),#342);
#338 = LINE('',#339,#340);
#339 = CARTESIAN_POINT('',(-2.22044604925E-16,1.));
#340 = VECTOR('',#341,1.);
#341 = DIRECTION('',(1.,3.33066907868E-16));
#342 = ( GEOMETRIC_REPRESENTATION_CONTEXT(2) 
PARAMETRIC_REPRESENTATION_CONTEXT() REPRESENTATION_CONTEXT('2D SPACE',''
  ) );
#343 = PCURVE('',#344,#349);
#344 = PLANE('',#345);
#345 = AXIS2_PLACEMENT_3D('',#346,#347,#348);
#346 = CARTESIAN_POINT('',(10.76032,-2.683319591813E-15,-134.));
#347 = DIRECTION('',(0.,0.,-1.));
#348 = DIRECTION('',(-1.,1.453213659942E-16,0.));
#349 = DEFINITIONAL_REPRESENTATION('',(#350),#366);
#350 = B_SPLINE_CURVE_WITH_KNOTS('',14,(#351,#352,#353,#354,#355,#356,
    #357,#358,#359,#360,#361,#362,#363,#364,#365),.UNSPECIFIED.,.F.,.F.,
  (15,15),(0.583333333484,0.916666666337),.PIECEWISE_BEZIER_KNOTS.);
#351 = CARTESIAN_POINT('',(20.079030469036,-3.5));
#352 = CARTESIAN_POINT('',(19.274160415508,-4.406899685991));
#353 = CARTESIAN_POINT('',(18.244694547778,-5.229443782247));
#354 = CARTESIAN_POINT('',(17.013264628994,-5.942131598437));
#355 = CARTESIAN_POINT('',(15.609965964477,-6.52226566147));
#356 = CARTESIAN_POINT('',(14.071454911067,-6.950968614141));
#357 = CARTESIAN_POINT('',(12.439682621737,-7.214063491425));
#358 = CARTESIAN_POINT('',(10.760320007574,-7.302755418445));
#359 = CARTESIAN_POINT('',(9.080957394157,-7.214063470567));
#360 = CARTESIAN_POINT('',(7.449185103877,-6.95096860725));
#361 = CARTESIAN_POINT('',(5.910674041162,-6.522265687086));
#362 = CARTESIAN_POINT('',(4.50737537456,-5.942131616682));
#363 = CARTESIAN_POINT('',(3.27594546024,-5.229443777184));
#364 = CARTESIAN_POINT('',(2.24647959521,-4.406899675177));
#365 = CARTESIAN_POINT('',(1.441609540238,-3.5));
#366 = ( GEOMETRIC_REPRESENTATION_CONTEXT(2) 
PARAMETRIC_REPRESENTATION_CONTEXT() REPRESENTATION_CONTEXT('2D SPACE',''
  ) );
#367 = ORIENTED_EDGE('',*,*,#368,.F.);
#368 = EDGE_CURVE('',#369,#317,#371,.T.);
#369 = VERTEX_POINT('',#370);
#370 = CARTESIAN_POINT('',(-11.58051909731,-3.5,7.131029198979));
#371 = SURFACE_CURVE('',#372,(#410,#451),.PCURVE_S1.);
#372 = B_SPLINE_CURVE_WITH_KNOTS('',8,(#373,#374,#375,#376,#377,#378,
    #379,#380,#381,#382,#383,#384,#385,#386,#387,#388,#389,#390,#391,
    #392,#393,#394,#395,#396,#397,#398,#399,#400,#401,#402,#403,#404,
    #405,#406,#407,#408,#409),.UNSPECIFIED.,.F.,.F.,(9,7,7,7,7,9),(0.,
    0.445790050184,0.720573316225,0.844884300765,0.96955077537,1.),
  .UNSPECIFIED.);
#373 = CARTESIAN_POINT('',(-12.74966163745,-3.5,13.6));
#374 = CARTESIAN_POINT('',(-11.22549394494,-3.5,5.478624090417));
#375 = CARTESIAN_POINT('',(-9.856331327675,-3.5,-2.672094263641));
#376 = CARTESIAN_POINT('',(-8.651581192484,-3.5,-10.84986290301));
#377 = CARTESIAN_POINT('',(-7.61666344895,-3.5,-19.05154218514));
#378 = CARTESIAN_POINT('',(-6.755764045107,-3.5,-27.27352687257));
#379 = CARTESIAN_POINT('',(-6.071590975853,-3.5,-35.511716182));
#380 = CARTESIAN_POINT('',(-5.565815334378,-3.5,-43.7615905782));
#381 = CARTESIAN_POINT('',(-5.03690364786,-3.5,-57.10747593237));
#382 = CARTESIAN_POINT('',(-4.903044098798,-3.5,-62.19953174684));
#383 = CARTESIAN_POINT('',(-4.837064073561,-3.5,-67.2932103295));
#384 = CARTESIAN_POINT('',(-4.838803534211,-3.5,-72.38743307864));
#385 = CARTESIAN_POINT('',(-4.907854084517,-3.5,-77.48116093083));
#386 = CARTESIAN_POINT('',(-5.043539797262,-3.5,-82.57339483869));
#387 = CARTESIAN_POINT('',(-5.244807969939,-3.5,-87.66317765263));
#388 = CARTESIAN_POINT('',(-5.629847907012,-3.5,-95.05068010081));
#389 = CARTESIAN_POINT('',(-5.762846808744,-3.5,-97.35108194535));
#390 = CARTESIAN_POINT('',(-5.908750406026,-3.5,-99.65072370266));
#391 = CARTESIAN_POINT('',(-6.067366978976,-3.5,-101.9495314566));
#392 = CARTESIAN_POINT('',(-6.23847034773,-3.5,-104.2474397938));
#393 = CARTESIAN_POINT('',(-6.421789491934,-3.5,-106.5443925727));
#394 = CARTESIAN_POINT('',(-6.616991428032,-3.5,-108.8403442149));
#395 = CARTESIAN_POINT('',(-7.030914259777,-3.5,-113.4367415578));
#396 = CARTESIAN_POINT('',(-7.249701739061,-3.5,-115.7371916912));
#397 = CARTESIAN_POINT('',(-7.479595221869,-3.5,-118.0365724778));
#398 = CARTESIAN_POINT('',(-7.72008526788,-3.5,-120.3348677829));
#399 = CARTESIAN_POINT('',(-7.970539492541,-3.5,-122.6320890905));
#400 = CARTESIAN_POINT('',(-8.230169329024,-3.5,-124.9282791713));
#401 = CARTESIAN_POINT('',(-8.49794999386,-3.5,-127.2235208573));
#402 = CARTESIAN_POINT('',(-8.839485477522,-3.5,-130.0783622841));
#403 = CARTESIAN_POINT('',(-8.906929311494,-3.5,-130.6387199863));
#404 = CARTESIAN_POINT('',(-8.974752523652,-3.5,-131.1990319526));
#405 = CARTESIAN_POINT('',(-9.04293266302,-3.5,-131.759300593));
#406 = CARTESIAN_POINT('',(-9.111445613935,-3.5,-132.3195285839));
#407 = CARTESIAN_POINT('',(-9.180265370333,-3.5,-132.8797188957));
#408 = CARTESIAN_POINT('',(-9.249363810036,-3.5,-133.4398748205));
#409 = CARTESIAN_POINT('',(-9.318710469036,-3.5,-134.));
#410 = PCURVE('',#32,#411);
#411 = DEFINITIONAL_REPRESENTATION('',(#412),#450);
#412 = B_SPLINE_CURVE_WITH_KNOTS('',8,(#413,#414,#415,#416,#417,#418,
    #419,#420,#421,#422,#423,#424,#425,#426,#427,#428,#429,#430,#431,
    #432,#433,#434,#435,#436,#437,#438,#439,#440,#441,#442,#443,#444,
    #445,#446,#447,#448,#449),.UNSPECIFIED.,.F.,.F.,(9,7,7,7,7,9),(0.,
    0.445790050184,0.720573316225,0.844884300765,0.96955077537,1.),
  .UNSPECIFIED.);
#413 = CARTESIAN_POINT('',(0.555802673443,2.893102423451E-02));
#414 = CARTESIAN_POINT('',(0.553887756129,8.233185962736E-02));
#415 = CARTESIAN_POINT('',(0.552486038374,0.135929421583));
#416 = CARTESIAN_POINT('',(0.55147988526,0.189708687242));
#417 = CARTESIAN_POINT('',(0.550814739382,0.243649055491));
#418 = CARTESIAN_POINT('',(0.55045792957,0.297726854622));
#419 = CARTESIAN_POINT('',(0.550399119147,0.351915143785));
#420 = CARTESIAN_POINT('',(0.550643739194,0.406184215897));
#421 = CARTESIAN_POINT('',(0.551579412947,0.493982058199));
#422 = CARTESIAN_POINT('',(0.552063218113,0.527482376393));
#423 = CARTESIAN_POINT('',(0.552681287056,0.560994863782));
#424 = CARTESIAN_POINT('',(0.553444339416,0.59451242584));
#425 = CARTESIAN_POINT('',(0.554367795942,0.628028226414));
#426 = CARTESIAN_POINT('',(0.555472670762,0.661535690968));
#427 = CARTESIAN_POINT('',(0.556788460366,0.695028519066));
#428 = CARTESIAN_POINT('',(0.559071515911,0.743643434035));
#429 = CARTESIAN_POINT('',(0.559835077077,0.758781986476));
#430 = CARTESIAN_POINT('',(0.560655250376,0.773915841717));
#431 = CARTESIAN_POINT('',(0.561536920908,0.789044512983));
#432 = CARTESIAN_POINT('',(0.562485778211,0.804167569404));
#433 = CARTESIAN_POINT('',(0.563508548319,0.819284641083));
#434 = CARTESIAN_POINT('',(0.564613355105,0.834395427607));
#435 = CARTESIAN_POINT('',(0.567010489316,0.864647185843));
#436 = CARTESIAN_POINT('',(0.568303349816,0.879788188467));
#437 = CARTESIAN_POINT('',(0.569698919026,0.894922457828));
#438 = CARTESIAN_POINT('',(0.571209224075,0.910049887245));
#439 = CARTESIAN_POINT('',(0.572848934211,0.925170551818));
#440 = CARTESIAN_POINT('',(0.574636061299,0.940284732589));
#441 = CARTESIAN_POINT('',(0.576593470859,0.955392974349));
#442 = CARTESIAN_POINT('',(0.579279279837,0.974185113387));
#443 = CARTESIAN_POINT('',(0.57981850582,0.977873714595));
#444 = CARTESIAN_POINT('',(0.580370184282,0.981562032845));
#445 = CARTESIAN_POINT('',(0.580934794297,0.985250083996));
#446 = CARTESIAN_POINT('',(0.581512846927,0.98893788566));
#447 = CARTESIAN_POINT('',(0.582104889153,0.992625457387));
#448 = CARTESIAN_POINT('',(0.582711507803,0.996312820844));
#449 = CARTESIAN_POINT('',(0.583333333484,1.));
#450 = ( GEOMETRIC_REPRESENTATION_CONTEXT(2) 
PARAMETRIC_REPRESENTATION_CONTEXT() REPRESENTATION_CONTEXT('2D SPACE',''
  ) );
#451 = PCURVE('',#299,#452);
#452 = DEFINITIONAL_REPRESENTATION('',(#453),#491);
#453 = B_SPLINE_CURVE_WITH_KNOTS('',8,(#454,#455,#456,#457,#458,#459,
    #460,#461,#462,#463,#464,#465,#466,#467,#468,#469,#470,#471,#472,
    #473,#474,#475,#476,#477,#478,#479,#480,#481,#482,#483,#484,#485,
    #486,#487,#488,#489,#490),.UNSPECIFIED.,.F.,.F.,(9,7,7,7,7,9),(0.,
    0.445790050184,0.720573316225,0.844884300765,0.96955077537,1.),
  .UNSPECIFIED.);
#454 = CARTESIAN_POINT('',(-12.74966163745,13.6));
#455 = CARTESIAN_POINT('',(-11.22549394494,5.478624090417));
#456 = CARTESIAN_POINT('',(-9.856331327675,-2.672094263641));
#457 = CARTESIAN_POINT('',(-8.651581192484,-10.84986290301));
#458 = CARTESIAN_POINT('',(-7.61666344895,-19.05154218514));
#459 = CARTESIAN_POINT('',(-6.755764045107,-27.27352687257));
#460 = CARTESIAN_POINT('',(-6.071590975853,-35.511716182));
#461 = CARTESIAN_POINT('',(-5.565815334378,-43.7615905782));
#462 = CARTESIAN_POINT('',(-5.03690364786,-57.10747593237));
#463 = CARTESIAN_POINT('',(-4.903044098798,-62.19953174684));
#464 = CARTESIAN_POINT('',(-4.837064073561,-67.2932103295));
#465 = CARTESIAN_POINT('',(-4.838803534211,-72.38743307864));
#466 = CARTESIAN_POINT('',(-4.907854084517,-77.48116093083));
#467 = CARTESIAN_POINT('',(-5.043539797262,-82.57339483869));
#468 = CARTESIAN_POINT('',(-5.244807969939,-87.66317765263));
#469 = CARTESIAN_POINT('',(-5.629847907012,-95.05068010081));
#470 = CARTESIAN_POINT('',(-5.762846808744,-97.35108194535));
#471 = CARTESIAN_POINT('',(-5.908750406026,-99.65072370266));
#472 = CARTESIAN_POINT('',(-6.067366978976,-101.9495314566));
#473 = CARTESIAN_POINT('',(-6.23847034773,-104.2474397938));
#474 = CARTESIAN_POINT('',(-6.421789491934,-106.5443925727));
#475 = CARTESIAN_POINT('',(-6.616991428032,-108.8403442149));
#476 = CARTESIAN_POINT('',(-7.030914259777,-113.4367415578));
#477 = CARTESIAN_POINT('',(-7.249701739061,-115.7371916912));
#478 = CARTESIAN_POINT('',(-7.479595221869,-118.0365724778));
#479 = CARTESIAN_POINT('',(-7.72008526788,-120.3348677829));
#480 = CARTESIAN_POINT('',(-7.970539492541,-122.6320890905));
#481 = CARTESIAN_POINT('',(-8.230169329024,-124.9282791713));
#482 = CARTESIAN_POINT('',(-8.49794999386,-127.2235208573));
#483 = CARTESIAN_POINT('',(-8.839485477522,-130.0783622841));
#484 = CARTESIAN_POINT('',(-8.906929311494,-130.6387199863));
#485 = CARTESIAN_POINT('',(-8.974752523652,-131.1990319526));
#486 = CARTESIAN_POINT('',(-9.04293266302,-131.759300593));
#487 = CARTESIAN_POINT('',(-9.111445613935,-132.3195285839));
#488 = CARTESIAN_POINT('',(-9.180265370333,-132.8797188957));
#489 = CARTESIAN_POINT('',(-9.249363810036,-133.4398748205));
#490 = CARTESIAN_POINT('',(-9.318710469036,-134.));
#491 = ( GEOMETRIC_REPRESENTATION_CONTEXT(2) 
PARAMETRIC_REPRESENTATION_CONTEXT() REPRESENTATION_CONTEXT('2D SPACE',''
  ) );
#492 = ORIENTED_EDGE('',*,*,#493,.T.);
#493 = EDGE_CURVE('',#369,#494,#496,.T.);
#494 = VERTEX_POINT('',#495);
#495 = CARTESIAN_POINT('',(-11.58051909731,3.5,7.131029198979));
#496 = SURFACE_CURVE('',#497,(#521,#548),.PCURVE_S1.);
#497 = B_SPLINE_CURVE_WITH_KNOTS('',8,(#498,#499,#500,#501,#502,#503,
    #504,#505,#506,#507,#508,#509,#510,#511,#512,#513,#514,#515,#516,
    #517,#518,#519,#520),.UNSPECIFIED.,.F.,.F.,(9,7,7,9),(0.,
    0.217222327911,0.498822954293,1.),.UNSPECIFIED.);
#498 = CARTESIAN_POINT('',(-11.58051886973,-3.5000006,7.13102956857));
#499 = CARTESIAN_POINT('',(-11.64746419242,-3.323508093828,
    7.022312928817));
#500 = CARTESIAN_POINT('',(-11.71034463204,-3.14500960128,6.917585007926
    ));
#501 = CARTESIAN_POINT('',(-11.76917065787,-2.964516469157,
    6.817224751497));
#502 = CARTESIAN_POINT('',(-11.82394254576,-2.782055012173,
    6.721638333423));
#503 = CARTESIAN_POINT('',(-11.87465247258,-2.597667707455,
    6.631255588283));
#504 = CARTESIAN_POINT('',(-11.92128621476,-2.411415354044,
    6.546522287209));
#505 = CARTESIAN_POINT('',(-11.96382445094,-2.223380197388,
    6.467888257234));
#506 = CARTESIAN_POINT('',(-12.05204921072,-1.787735332365,
    6.302327029949));
#507 = CARTESIAN_POINT('',(-12.09494127376,-1.538942112246,6.21983220435
    ));
#508 = CARTESIAN_POINT('',(-12.13084958062,-1.287597283355,
    6.149295532823));
#509 = CARTESIAN_POINT('',(-12.15970774701,-1.034067635324,
    6.091646179675));
#510 = CARTESIAN_POINT('',(-12.18145576744,-0.778785724674,6.04769370999
    ));
#511 = CARTESIAN_POINT('',(-12.19604173714,-0.522258149991,
    6.018044570592));
#512 = CARTESIAN_POINT('',(-12.20343010688,-0.265073963801,
    6.003023723007));
#513 = CARTESIAN_POINT('',(-12.20396843466,0.449773302936,6.001929277779
    ));
#514 = CARTESIAN_POINT('',(-12.18152409567,0.907442188054,6.047559825535
    ));
#515 = CARTESIAN_POINT('',(-12.1362967571,1.361197160376,6.139533467885)
  );
#516 = CARTESIAN_POINT('',(-12.06870618163,1.808256761322,6.274551399445
    ));
#517 = CARTESIAN_POINT('',(-11.97907096946,2.246732168665,6.446954471665
    ));
#518 = CARTESIAN_POINT('',(-11.86769170519,2.675316039638,6.650792723711
    ));
#519 = CARTESIAN_POINT('',(-11.73482307452,3.093197932951,6.880445450507
    ));
#520 = CARTESIAN_POINT('',(-11.58051886973,3.5000006,7.13102956857));
#521 = PCURVE('',#32,#522);
#522 = DEFINITIONAL_REPRESENTATION('',(#523),#547);
#523 = B_SPLINE_CURVE_WITH_KNOTS('',8,(#524,#525,#526,#527,#528,#529,
    #530,#531,#532,#533,#534,#535,#536,#537,#538,#539,#540,#541,#542,
    #543,#544,#545,#546),.UNSPECIFIED.,.F.,.F.,(9,7,7,9),(0.,
    0.217222327911,0.498822954293,1.),.UNSPECIFIED.);
#524 = CARTESIAN_POINT('',(0.554415301849,7.146777825052E-02));
#525 = CARTESIAN_POINT('',(0.55153806517,7.218266285134E-02));
#526 = CARTESIAN_POINT('',(0.548652808071,7.287131963781E-02));
#527 = CARTESIAN_POINT('',(0.545758426681,7.353125670195E-02));
#528 = CARTESIAN_POINT('',(0.542854035355,7.41598030829E-02));
#529 = CARTESIAN_POINT('',(0.539938956944,7.475413222668E-02));
#530 = CARTESIAN_POINT('',(0.537012733405,7.53113127795E-02));
#531 = CARTESIAN_POINT('',(0.534075156759,7.582838671454E-02));
#532 = CARTESIAN_POINT('',(0.527303535792,7.691706860924E-02));
#533 = CARTESIAN_POINT('',(0.523461151757,7.745953080058E-02));
#534 = CARTESIAN_POINT('',(0.519600508257,7.792335998659E-02));
#535 = CARTESIAN_POINT('',(0.515723559965,7.830244605445E-02));
#536 = CARTESIAN_POINT('',(0.511832963925,7.859146536215E-02));
#537 = CARTESIAN_POINT('',(0.507932238828,7.878642996008E-02));
#538 = CARTESIAN_POINT('',(0.504025984879,7.888520292911E-02));
#539 = CARTESIAN_POINT('',(0.493168772556,7.889239970039E-02));
#540 = CARTESIAN_POINT('',(0.486217942889,7.859234574828E-02));
#541 = CARTESIAN_POINT('',(0.479302391826,7.798755232636E-02));
#542 = CARTESIAN_POINT('',(0.472439866457,7.70997120651E-02));
#543 = CARTESIAN_POINT('',(0.465637802229,7.596603919737E-02));
#544 = CARTESIAN_POINT('',(0.458897839922,7.462566022914E-02));
#545 = CARTESIAN_POINT('',(0.452216523944,7.311553638231E-02));
#546 = CARTESIAN_POINT('',(0.445584698151,7.146777825052E-02));
#547 = ( GEOMETRIC_REPRESENTATION_CONTEXT(2) 
PARAMETRIC_REPRESENTATION_CONTEXT() REPRESENTATION_CONTEXT('2D SPACE',''
  ) );
#548 = PCURVE('',#549,#554);
#549 = CYLINDRICAL_SURFACE('',#550,13.6);
#550 = AXIS2_PLACEMENT_3D('',#551,#552,#553);
#551 = CARTESIAN_POINT('',(0.,3.5,0.));
#552 = DIRECTION('',(-0.,1.,-0.));
#553 = DIRECTION('',(1.,0.,0.));
#554 = DEFINITIONAL_REPRESENTATION('',(#555),#579);
#555 = B_SPLINE_CURVE_WITH_KNOTS('',8,(#556,#557,#558,#559,#560,#561,
    #562,#563,#564,#565,#566,#567,#568,#569,#570,#571,#572,#573,#574,
    #575,#576,#577,#578),.UNSPECIFIED.,.F.,.F.,(9,7,7,9),(0.,
    0.217222327911,0.498822954293,1.),.UNSPECIFIED.);
#556 = CARTESIAN_POINT('',(-2.589652339347,-7.0000006));
#557 = CARTESIAN_POINT('',(-2.59904022956,-6.823508093828));
#558 = CARTESIAN_POINT('',(-2.608021663437,-6.64500960128));
#559 = CARTESIAN_POINT('',(-2.616574577394,-6.464516469157));
#560 = CARTESIAN_POINT('',(-2.624674356783,-6.282055012173));
#561 = CARTESIAN_POINT('',(-2.632294153171,-6.097667707455));
#562 = CARTESIAN_POINT('',(-2.639405476613,-5.911415354044));
#563 = CARTESIAN_POINT('',(-2.645979062913,-5.723380197388));
#564 = CARTESIAN_POINT('',(-2.659773252721,-5.287735332365));
#565 = CARTESIAN_POINT('',(-2.666609604953,-5.038942112246));
#566 = CARTESIAN_POINT('',(-2.672429205484,-4.787597283355));
#567 = CARTESIAN_POINT('',(-2.677169449524,-4.534067635324));
#568 = CARTESIAN_POINT('',(-2.68077522965,-4.278785724674));
#569 = CARTESIAN_POINT('',(-2.683204841498,-4.022258149991));
#570 = CARTESIAN_POINT('',(-2.684435693796,-3.765073963801));
#571 = CARTESIAN_POINT('',(-2.684525375783,-3.050226697064));
#572 = CARTESIAN_POINT('',(-2.680786274953,-2.592557811946));
#573 = CARTESIAN_POINT('',(-2.673250116232,-2.138802839625));
#574 = CARTESIAN_POINT('',(-2.662147959118,-1.691743238676));
#575 = CARTESIAN_POINT('',(-2.64786431402,-1.253267831336));
#576 = CARTESIAN_POINT('',(-2.630792207376,-0.824683960362));
#577 = CARTESIAN_POINT('',(-2.61129075822,-0.406802067049));
#578 = CARTESIAN_POINT('',(-2.589652339347,5.999999999062E-07));
#579 = ( GEOMETRIC_REPRESENTATION_CONTEXT(2) 
PARAMETRIC_REPRESENTATION_CONTEXT() REPRESENTATION_CONTEXT('2D SPACE',''
  ) );
#580 = ORIENTED_EDGE('',*,*,#581,.T.);
#581 = EDGE_CURVE('',#494,#582,#584,.T.);
#582 = VERTEX_POINT('',#583);
#583 = CARTESIAN_POINT('',(-9.318710469036,3.5,-134.));
#584 = SURFACE_CURVE('',#585,(#623,#664),.PCURVE_S1.);
#585 = B_SPLINE_CURVE_WITH_KNOTS('',8,(#586,#587,#588,#589,#590,#591,
    #592,#593,#594,#595,#596,#597,#598,#599,#600,#601,#602,#603,#604,
    #605,#606,#607,#608,#609,#610,#611,#612,#613,#614,#615,#616,#617,
    #618,#619,#620,#621,#622),.UNSPECIFIED.,.F.,.F.,(9,7,7,7,7,9),(0.,
    0.445790050185,0.720573316225,0.844884300764,0.969550775369,1.),
  .UNSPECIFIED.);
#586 = CARTESIAN_POINT('',(-12.74966163745,3.5,13.6));
#587 = CARTESIAN_POINT('',(-11.22549394495,3.5,5.478624090468));
#588 = CARTESIAN_POINT('',(-9.856331327671,3.5,-2.672094263785));
#589 = CARTESIAN_POINT('',(-8.651581192518,3.5,-10.84986290238));
#590 = CARTESIAN_POINT('',(-7.616663448932,3.5,-19.05154218588));
#591 = CARTESIAN_POINT('',(-6.755764045148,3.5,-27.27352687169));
#592 = CARTESIAN_POINT('',(-6.071590975851,3.5,-35.51171618223));
#593 = CARTESIAN_POINT('',(-5.565815334393,3.5,-43.76159057793));
#594 = CARTESIAN_POINT('',(-5.036903647865,3.5,-57.10747593218));
#595 = CARTESIAN_POINT('',(-4.903044098803,3.5,-62.19953174657));
#596 = CARTESIAN_POINT('',(-4.837064073562,3.5,-67.29321032936));
#597 = CARTESIAN_POINT('',(-4.838803534208,3.5,-72.38743307843));
#598 = CARTESIAN_POINT('',(-4.907854084513,3.5,-77.48116093056));
#599 = CARTESIAN_POINT('',(-5.043539797258,3.5,-82.57339483855));
#600 = CARTESIAN_POINT('',(-5.244807969929,3.5,-87.66317765241));
#601 = CARTESIAN_POINT('',(-5.629847907001,3.5,-95.05068010061));
#602 = CARTESIAN_POINT('',(-5.762846808731,3.5,-97.35108194514));
#603 = CARTESIAN_POINT('',(-5.908750406013,3.5,-99.65072370245));
#604 = CARTESIAN_POINT('',(-6.067366978962,3.5,-101.9495314564));
#605 = CARTESIAN_POINT('',(-6.238470347714,3.5,-104.2474397935));
#606 = CARTESIAN_POINT('',(-6.421789491917,3.5,-106.5443925724));
#607 = CARTESIAN_POINT('',(-6.616991428015,3.5,-108.8403442147));
#608 = CARTESIAN_POINT('',(-7.030914259758,3.5,-113.4367415576));
#609 = CARTESIAN_POINT('',(-7.249701739041,3.5,-115.737191691));
#610 = CARTESIAN_POINT('',(-7.479595221848,3.5,-118.0365724776));
#611 = CARTESIAN_POINT('',(-7.720085267858,3.5,-120.3348677827));
#612 = CARTESIAN_POINT('',(-7.970539492519,3.5,-122.6320890903));
#613 = CARTESIAN_POINT('',(-8.230169329,3.5,-124.9282791711));
#614 = CARTESIAN_POINT('',(-8.497949993836,3.5,-127.2235208571));
#615 = CARTESIAN_POINT('',(-8.8394854775,3.5,-130.0783622839));
#616 = CARTESIAN_POINT('',(-8.906929311475,3.5,-130.6387199861));
#617 = CARTESIAN_POINT('',(-8.974752523636,3.5,-131.1990319525));
#618 = CARTESIAN_POINT('',(-9.042932663008,3.5,-131.7593005929));
#619 = CARTESIAN_POINT('',(-9.111445613926,3.5,-132.3195285838));
#620 = CARTESIAN_POINT('',(-9.180265370327,3.5,-132.8797188956));
#621 = CARTESIAN_POINT('',(-9.249363810033,3.5,-133.4398748205));
#622 = CARTESIAN_POINT('',(-9.318710469036,3.5,-134.));
#623 = PCURVE('',#32,#624);
#624 = DEFINITIONAL_REPRESENTATION('',(#625),#663);
#625 = B_SPLINE_CURVE_WITH_KNOTS('',8,(#626,#627,#628,#629,#630,#631,
    #632,#633,#634,#635,#636,#637,#638,#639,#640,#641,#642,#643,#644,
    #645,#646,#647,#648,#649,#650,#651,#652,#653,#654,#655,#656,#657,
    #658,#659,#660,#661,#662),.UNSPECIFIED.,.F.,.F.,(9,7,7,7,7,9),(0.,
    0.445790050185,0.720573316225,0.844884300764,0.969550775369,1.),
  .UNSPECIFIED.);
#626 = CARTESIAN_POINT('',(0.444197326557,2.893102423451E-02));
#627 = CARTESIAN_POINT('',(0.446112243871,8.233185962702E-02));
#628 = CARTESIAN_POINT('',(0.447513961626,0.135929421583));
#629 = CARTESIAN_POINT('',(0.44852011474,0.189708687239));
#630 = CARTESIAN_POINT('',(0.449185260618,0.243649055493));
#631 = CARTESIAN_POINT('',(0.44954207043,0.297726854618));
#632 = CARTESIAN_POINT('',(0.449600880853,0.351915143786));
#633 = CARTESIAN_POINT('',(0.449356260806,0.406184215896));
#634 = CARTESIAN_POINT('',(0.448420587053,0.493982058198));
#635 = CARTESIAN_POINT('',(0.447936781887,0.527482376391));
#636 = CARTESIAN_POINT('',(0.447318712944,0.560994863781));
#637 = CARTESIAN_POINT('',(0.446555660584,0.594512425838));
#638 = CARTESIAN_POINT('',(0.445632204058,0.628028226412));
#639 = CARTESIAN_POINT('',(0.444527329238,0.661535690967));
#640 = CARTESIAN_POINT('',(0.443211539634,0.695028519065));
#641 = CARTESIAN_POINT('',(0.440928484089,0.743643434033));
#642 = CARTESIAN_POINT('',(0.440164922923,0.758781986475));
#643 = CARTESIAN_POINT('',(0.439344749625,0.773915841716));
#644 = CARTESIAN_POINT('',(0.438463079092,0.789044512982));
#645 = CARTESIAN_POINT('',(0.43751422179,0.804167569403));
#646 = CARTESIAN_POINT('',(0.436491451681,0.819284641082));
#647 = CARTESIAN_POINT('',(0.435386644895,0.834395427606));
#648 = CARTESIAN_POINT('',(0.432989510684,0.864647185841));
#649 = CARTESIAN_POINT('',(0.431696650184,0.879788188466));
#650 = CARTESIAN_POINT('',(0.430301080974,0.894922457826));
#651 = CARTESIAN_POINT('',(0.428790775925,0.910049887244));
#652 = CARTESIAN_POINT('',(0.42715106579,0.925170551816));
#653 = CARTESIAN_POINT('',(0.425363938701,0.940284732587));
#654 = CARTESIAN_POINT('',(0.423406529142,0.955392974348));
#655 = CARTESIAN_POINT('',(0.420720720163,0.974185113386));
#656 = CARTESIAN_POINT('',(0.42018149418,0.977873714594));
#657 = CARTESIAN_POINT('',(0.419629815718,0.981562032845));
#658 = CARTESIAN_POINT('',(0.419065205704,0.985250083995));
#659 = CARTESIAN_POINT('',(0.418487153073,0.98893788566));
#660 = CARTESIAN_POINT('',(0.417895110847,0.992625457386));
#661 = CARTESIAN_POINT('',(0.417288492197,0.996312820844));
#662 = CARTESIAN_POINT('',(0.416666666516,1.));
#663 = ( GEOMETRIC_REPRESENTATION_CONTEXT(2) 
PARAMETRIC_REPRESENTATION_CONTEXT() REPRESENTATION_CONTEXT('2D SPACE',''
  ) );
#664 = PCURVE('',#665,#670);
#665 = PLANE('',#666);
#666 = AXIS2_PLACEMENT_3D('',#667,#668,#669);
#667 = CARTESIAN_POINT('',(-4.021882742763E-16,3.5,1.053579881492E-15));
#668 = DIRECTION('',(0.,-1.,0.));
#669 = DIRECTION('',(1.,0.,0.));
#670 = DEFINITIONAL_REPRESENTATION('',(#671),#709);
#671 = B_SPLINE_CURVE_WITH_KNOTS('',8,(#672,#673,#674,#675,#676,#677,
    #678,#679,#680,#681,#682,#683,#684,#685,#686,#687,#688,#689,#690,
    #691,#692,#693,#694,#695,#696,#697,#698,#699,#700,#701,#702,#703,
    #704,#705,#706,#707,#708),.UNSPECIFIED.,.F.,.F.,(9,7,7,7,7,9),(0.,
    0.445790050185,0.720573316225,0.844884300764,0.969550775369,1.),
  .UNSPECIFIED.);
#672 = CARTESIAN_POINT('',(-12.74966163745,13.6));
#673 = CARTESIAN_POINT('',(-11.22549394495,5.478624090468));
#674 = CARTESIAN_POINT('',(-9.856331327671,-2.672094263785));
#675 = CARTESIAN_POINT('',(-8.651581192518,-10.84986290238));
#676 = CARTESIAN_POINT('',(-7.616663448932,-19.05154218588));
#677 = CARTESIAN_POINT('',(-6.755764045148,-27.27352687169));
#678 = CARTESIAN_POINT('',(-6.071590975851,-35.51171618223));
#679 = CARTESIAN_POINT('',(-5.565815334393,-43.76159057793));
#680 = CARTESIAN_POINT('',(-5.036903647865,-57.10747593218));
#681 = CARTESIAN_POINT('',(-4.903044098803,-62.19953174657));
#682 = CARTESIAN_POINT('',(-4.837064073562,-67.29321032936));
#683 = CARTESIAN_POINT('',(-4.838803534208,-72.38743307843));
#684 = CARTESIAN_POINT('',(-4.907854084513,-77.48116093056));
#685 = CARTESIAN_POINT('',(-5.043539797258,-82.57339483855));
#686 = CARTESIAN_POINT('',(-5.244807969929,-87.66317765241));
#687 = CARTESIAN_POINT('',(-5.629847907001,-95.05068010061));
#688 = CARTESIAN_POINT('',(-5.762846808731,-97.35108194514));
#689 = CARTESIAN_POINT('',(-5.908750406013,-99.65072370245));
#690 = CARTESIAN_POINT('',(-6.067366978962,-101.9495314564));
#691 = CARTESIAN_POINT('',(-6.238470347714,-104.2474397935));
#692 = CARTESIAN_POINT('',(-6.421789491917,-106.5443925724));
#693 = CARTESIAN_POINT('',(-6.616991428015,-108.8403442147));
#694 = CARTESIAN_POINT('',(-7.030914259758,-113.4367415576));
#695 = CARTESIAN_POINT('',(-7.249701739041,-115.737191691));
#696 = CARTESIAN_POINT('',(-7.479595221848,-118.0365724776));
#697 = CARTESIAN_POINT('',(-7.720085267858,-120.3348677827));
#698 = CARTESIAN_POINT('',(-7.970539492519,-122.6320890903));
#699 = CARTESIAN_POINT('',(-8.230169329,-124.9282791711));
#700 = CARTESIAN_POINT('',(-8.497949993836,-127.2235208571));
#701 = CARTESIAN_POINT('',(-8.8394854775,-130.0783622839));
#702 = CARTESIAN_POINT('',(-8.906929311475,-130.6387199861));
#703 = CARTESIAN_POINT('',(-8.974752523636,-131.1990319525));
#704 = CARTESIAN_POINT('',(-9.042932663008,-131.7593005929));
#705 = CARTESIAN_POINT('',(-9.111445613926,-132.3195285838));
#706 = CARTESIAN_POINT('',(-9.180265370327,-132.8797188956));
#707 = CARTESIAN_POINT('',(-9.249363810033,-133.4398748205));
#708 = CARTESIAN_POINT('',(-9.318710469036,-134.));
#709 = ( GEOMETRIC_REPRESENTATION_CONTEXT(2) 
PARAMETRIC_REPRESENTATION_CONTEXT() REPRESENTATION_CONTEXT('2D SPACE',''
  ) );
#710 = ORIENTED_EDGE('',*,*,#711,.F.);
#711 = EDGE_CURVE('',#712,#582,#714,.T.);
#712 = VERTEX_POINT('',#713);
#713 = CARTESIAN_POINT('',(9.318710459762,3.5,-134.));
#714 = SURFACE_CURVE('',#715,(#731,#738),.PCURVE_S1.);
#715 = B_SPLINE_CURVE_WITH_KNOTS('',14,(#716,#717,#718,#719,#720,#721,
    #722,#723,#724,#725,#726,#727,#728,#729,#730),.UNSPECIFIED.,.F.,.F.,
  (15,15),(8.333333366325E-02,0.416666666516),.PIECEWISE_BEZIER_KNOTS.);
#716 = CARTESIAN_POINT('',(9.318710459762,3.5,-134.));
#717 = CARTESIAN_POINT('',(8.513840404773,4.406899675173,-134.));
#718 = CARTESIAN_POINT('',(7.484374539773,5.229443777187,-134.));
#719 = CARTESIAN_POINT('',(6.252944625434,5.942131616678,-134.));
#720 = CARTESIAN_POINT('',(4.84964595884,6.52226568709,-134.));
#721 = CARTESIAN_POINT('',(3.311134896122,6.950968607248,-134.));
#722 = CARTESIAN_POINT('',(1.679362605843,7.214063470568,-134.));
#723 = CARTESIAN_POINT('',(-7.57418645317E-09,7.302755418444,-134.));
#724 = CARTESIAN_POINT('',(-1.679362621737,7.214063491426,-134.));
#725 = CARTESIAN_POINT('',(-3.311134911067,6.95096861414,-134.));
#726 = CARTESIAN_POINT('',(-4.849645964478,6.52226566147,-134.));
#727 = CARTESIAN_POINT('',(-6.252944628992,5.942131598437,-134.));
#728 = CARTESIAN_POINT('',(-7.484374547781,5.229443782247,-134.));
#729 = CARTESIAN_POINT('',(-8.513840415503,4.40689968599,-134.));
#730 = CARTESIAN_POINT('',(-9.318710469036,3.5,-134.));
#731 = PCURVE('',#32,#732);
#732 = DEFINITIONAL_REPRESENTATION('',(#733),#737);
#733 = LINE('',#734,#735);
#734 = CARTESIAN_POINT('',(2.775557561563E-17,1.));
#735 = VECTOR('',#736,1.);
#736 = DIRECTION('',(1.,-3.33066907868E-16));
#737 = ( GEOMETRIC_REPRESENTATION_CONTEXT(2) 
PARAMETRIC_REPRESENTATION_CONTEXT() REPRESENTATION_CONTEXT('2D SPACE',''
  ) );
#738 = PCURVE('',#739,#744);
#739 = PLANE('',#740);
#740 = AXIS2_PLACEMENT_3D('',#741,#742,#743);
#741 = CARTESIAN_POINT('',(10.76032,-2.683319591813E-15,-134.));
#742 = DIRECTION('',(0.,0.,-1.));
#743 = DIRECTION('',(-1.,1.453213659942E-16,0.));
#744 = DEFINITIONAL_REPRESENTATION('',(#745),#761);
#745 = B_SPLINE_CURVE_WITH_KNOTS('',14,(#746,#747,#748,#749,#750,#751,
    #752,#753,#754,#755,#756,#757,#758,#759,#760),.UNSPECIFIED.,.F.,.F.,
  (15,15),(8.333333366325E-02,0.416666666516),.PIECEWISE_BEZIER_KNOTS.);
#746 = CARTESIAN_POINT('',(1.441609540238,3.5));
#747 = CARTESIAN_POINT('',(2.246479595227,4.406899675173));
#748 = CARTESIAN_POINT('',(3.275945460227,5.229443777187));
#749 = CARTESIAN_POINT('',(4.507375374566,5.942131616678));
#750 = CARTESIAN_POINT('',(5.91067404116,6.52226568709));
#751 = CARTESIAN_POINT('',(7.449185103878,6.950968607248));
#752 = CARTESIAN_POINT('',(9.080957394157,7.214063470568));
#753 = CARTESIAN_POINT('',(10.760320007574,7.302755418444));
#754 = CARTESIAN_POINT('',(12.439682621737,7.214063491426));
#755 = CARTESIAN_POINT('',(14.071454911067,6.95096861414));
#756 = CARTESIAN_POINT('',(15.609965964478,6.52226566147));
#757 = CARTESIAN_POINT('',(17.013264628992,5.942131598437));
#758 = CARTESIAN_POINT('',(18.244694547781,5.229443782247));
#759 = CARTESIAN_POINT('',(19.274160415503,4.40689968599));
#760 = CARTESIAN_POINT('',(20.079030469036,3.5));
#761 = ( GEOMETRIC_REPRESENTATION_CONTEXT(2) 
PARAMETRIC_REPRESENTATION_CONTEXT() REPRESENTATION_CONTEXT('2D SPACE',''
  ) );
#762 = ORIENTED_EDGE('',*,*,#763,.F.);
#763 = EDGE_CURVE('',#764,#712,#766,.T.);
#764 = VERTEX_POINT('',#765);
#765 = CARTESIAN_POINT('',(13.6,3.5,-113.4046969156));
#766 = SURFACE_CURVE('',#767,(#776,#788),.PCURVE_S1.);
#767 = B_SPLINE_CURVE_WITH_KNOTS('',7,(#768,#769,#770,#771,#772,#773,
    #774,#775),.UNSPECIFIED.,.F.,.F.,(8,8),(0.,1.),
  .PIECEWISE_BEZIER_KNOTS.);
#768 = CARTESIAN_POINT('',(13.6,3.5,-113.4046969156));
#769 = CARTESIAN_POINT('',(13.083364596052,3.5,-116.3656383661));
#770 = CARTESIAN_POINT('',(12.537062870292,3.5,-119.3213369461));
#771 = CARTESIAN_POINT('',(11.960296375552,3.5,-122.2713764438));
#772 = CARTESIAN_POINT('',(11.352011777023,3.5,-125.2151828675));
#773 = CARTESIAN_POINT('',(10.710682038136,3.5,-128.1519752356));
#774 = CARTESIAN_POINT('',(10.034194140995,3.5,-131.0807428816));
#775 = CARTESIAN_POINT('',(9.318710459762,3.5,-134.));
#776 = PCURVE('',#32,#777);
#777 = DEFINITIONAL_REPRESENTATION('',(#778),#787);
#778 = B_SPLINE_CURVE_WITH_KNOTS('',7,(#779,#780,#781,#782,#783,#784,
    #785,#786),.UNSPECIFIED.,.F.,.F.,(8,8),(0.,1.),
  .PIECEWISE_BEZIER_KNOTS.);
#779 = CARTESIAN_POINT('',(6.703450229318E-02,0.86443640991));
#780 = CARTESIAN_POINT('',(6.868646865454E-02,0.883924551518));
#781 = CARTESIAN_POINT('',(7.050649375917E-02,0.90337870169));
#782 = CARTESIAN_POINT('',(7.25198085649E-02,0.922796117785));
#783 = CARTESIAN_POINT('',(7.475810898079E-02,0.942173018289));
#784 = CARTESIAN_POINT('',(7.726372947361E-02,0.961504258587));
#785 = CARTESIAN_POINT('',(8.009250619149E-02,0.980783181344));
#786 = CARTESIAN_POINT('',(8.333333366325E-02,1.));
#787 = ( GEOMETRIC_REPRESENTATION_CONTEXT(2) 
PARAMETRIC_REPRESENTATION_CONTEXT() REPRESENTATION_CONTEXT('2D SPACE',''
  ) );
#788 = PCURVE('',#665,#789);
#789 = DEFINITIONAL_REPRESENTATION('',(#790),#799);
#790 = B_SPLINE_CURVE_WITH_KNOTS('',7,(#791,#792,#793,#794,#795,#796,
    #797,#798),.UNSPECIFIED.,.F.,.F.,(8,8),(0.,1.),
  .PIECEWISE_BEZIER_KNOTS.);
#791 = CARTESIAN_POINT('',(13.6,-113.4046969156));
#792 = CARTESIAN_POINT('',(13.083364596052,-116.3656383661));
#793 = CARTESIAN_POINT('',(12.537062870292,-119.3213369461));
#794 = CARTESIAN_POINT('',(11.960296375552,-122.2713764438));
#795 = CARTESIAN_POINT('',(11.352011777023,-125.2151828675));
#796 = CARTESIAN_POINT('',(10.710682038136,-128.1519752356));
#797 = CARTESIAN_POINT('',(10.034194140995,-131.0807428816));
#798 = CARTESIAN_POINT('',(9.318710459762,-134.));
#799 = ( GEOMETRIC_REPRESENTATION_CONTEXT(2) 
PARAMETRIC_REPRESENTATION_CONTEXT() REPRESENTATION_CONTEXT('2D SPACE',''
  ) );
#800 = ORIENTED_EDGE('',*,*,#801,.T.);
#801 = EDGE_CURVE('',#764,#24,#802,.T.);
#802 = SURFACE_CURVE('',#803,(#841,#882),.PCURVE_S1.);
#803 = B_SPLINE_CURVE_WITH_KNOTS('',8,(#804,#805,#806,#807,#808,#809,
    #810,#811,#812,#813,#814,#815,#816,#817,#818,#819,#820,#821,#822,
    #823,#824,#825,#826,#827,#828,#829,#830,#831,#832,#833,#834,#835,
    #836,#837,#838,#839,#840),.UNSPECIFIED.,.F.,.F.,(9,7,7,7,7,9),(0.,
    0.257893204058,0.517170355799,0.765710128284,0.897771854906,1.),
  .UNSPECIFIED.);
#804 = CARTESIAN_POINT('',(13.6,3.5,-113.4046969156));
#805 = CARTESIAN_POINT('',(13.6,3.434814801123,-113.6257085891));
#806 = CARTESIAN_POINT('',(13.6,3.368289700811,-113.8463223758));
#807 = CARTESIAN_POINT('',(13.6,3.300338889134,-114.0665059289));
#808 = CARTESIAN_POINT('',(13.6,3.230865235449,-114.2862186137));
#809 = CARTESIAN_POINT('',(13.6,3.159758777137,-114.5054110337));
#810 = CARTESIAN_POINT('',(13.6,3.086892667252,-114.7240237219));
#811 = CARTESIAN_POINT('',(13.6,3.012116581067,-114.9419849997));
#812 = CARTESIAN_POINT('',(13.6,2.857966075323,-115.3775967011));
#813 = CARTESIAN_POINT('',(13.6,2.778575764729,-115.5952204885));
#814 = CARTESIAN_POINT('',(13.6,2.696885110826,-115.8120064346));
#815 = CARTESIAN_POINT('',(13.6,2.612675675098,-116.0278483433));
#816 = CARTESIAN_POINT('',(13.6,2.525687666643,-116.2426005394));
#817 = CARTESIAN_POINT('',(13.6,2.435609921899,-116.4560738507));
#818 = CARTESIAN_POINT('',(13.6,2.342051706842,-116.6680241311));
#819 = CARTESIAN_POINT('',(13.6,2.150936728356,-117.0795224059));
#820 = CARTESIAN_POINT('',(13.6,2.053808015077,-117.2789993116));
#821 = CARTESIAN_POINT('',(13.6,1.952533309679,-117.4764819331));
#822 = CARTESIAN_POINT('',(13.6,1.846477687627,-117.6716346898));
#823 = CARTESIAN_POINT('',(13.6,1.734942997145,-117.8638794328));
#824 = CARTESIAN_POINT('',(13.6,1.616967819349,-118.0522575816));
#825 = CARTESIAN_POINT('',(13.6,1.491412666055,-118.2354952844));
#826 = CARTESIAN_POINT('',(13.6,1.284104911699,-118.5049074508));
#827 = CARTESIAN_POINT('',(13.6,1.209531825244,-118.5961545697));
#828 = CARTESIAN_POINT('',(13.6,1.131916546927,-118.6849599047));
#829 = CARTESIAN_POINT('',(13.6,1.05087841013,-118.7708813633));
#830 = CARTESIAN_POINT('',(13.6,0.966044392214,-118.8532256493));
#831 = CARTESIAN_POINT('',(13.6,0.877045008884,-118.9310449813));
#832 = CARTESIAN_POINT('',(13.6,0.783490589991,-119.0031125107));
#833 = CARTESIAN_POINT('',(13.6,0.608581024269,-119.1179477614));
#834 = CARTESIAN_POINT('',(13.6,0.529182841473,-119.1636969732));
#835 = CARTESIAN_POINT('',(13.6,0.446688176559,-119.2041979959));
#836 = CARTESIAN_POINT('',(13.6,0.361233850552,-119.2384017757));
#837 = CARTESIAN_POINT('',(13.6,0.273137471801,-119.2651897022));
#838 = CARTESIAN_POINT('',(13.6,0.182939904765,-119.2835236037));
#839 = CARTESIAN_POINT('',(13.6,9.147769731966E-02,-119.2926926774));
#840 = CARTESIAN_POINT('',(13.6,-4.440892098501E-15,-119.2926926774));
#841 = PCURVE('',#32,#842);
#842 = DEFINITIONAL_REPRESENTATION('',(#843),#881);
#843 = B_SPLINE_CURVE_WITH_KNOTS('',8,(#844,#845,#846,#847,#848,#849,
    #850,#851,#852,#853,#854,#855,#856,#857,#858,#859,#860,#861,#862,
    #863,#864,#865,#866,#867,#868,#869,#870,#871,#872,#873,#874,#875,
    #876,#877,#878,#879,#880),.UNSPECIFIED.,.F.,.F.,(9,7,7,7,7,9),(0.,
    0.257893204058,0.517170355799,0.765710128284,0.897771854906,1.),
  .UNSPECIFIED.);
#844 = CARTESIAN_POINT('',(6.703450229318E-02,0.86443640991));
#845 = CARTESIAN_POINT('',(6.582986442127E-02,0.865891050896));
#846 = CARTESIAN_POINT('',(6.459801184084E-02,0.86734307591));
#847 = CARTESIAN_POINT('',(6.333720725672E-02,0.868792272036));
#848 = CARTESIAN_POINT('',(6.204548649327E-02,0.870238371808));
#849 = CARTESIAN_POINT('',(6.072062862057E-02,0.871681050087));
#850 = CARTESIAN_POINT('',(5.936007617594E-02,0.873119915449));
#851 = CARTESIAN_POINT('',(5.796080548084E-02,0.874554496093));
#852 = CARTESIAN_POINT('',(5.506975216803E-02,0.877421616831));
#853 = CARTESIAN_POINT('',(5.357763778087E-02,0.87885398164));
#854 = CARTESIAN_POINT('',(5.203896949097E-02,0.880280834637));
#855 = CARTESIAN_POINT('',(5.044937300393E-02,0.88170147682));
#856 = CARTESIAN_POINT('',(4.880365097285E-02,0.883114949333));
#857 = CARTESIAN_POINT('',(4.709558663013E-02,0.884520007016));
#858 = CARTESIAN_POINT('',(4.531739147803E-02,0.885915042863));
#859 = CARTESIAN_POINT('',(4.167630497111E-02,0.888623488875));
#860 = CARTESIAN_POINT('',(3.982191387329E-02,0.889936430933));
#861 = CARTESIAN_POINT('',(3.788425258076E-02,0.891236249044));
#862 = CARTESIAN_POINT('',(3.585075031639E-02,0.892520734364));
#863 = CARTESIAN_POINT('',(3.370754287446E-02,0.893786081458));
#864 = CARTESIAN_POINT('',(3.14355765071E-02,0.895025980861));
#865 = CARTESIAN_POINT('',(2.901228586514E-02,0.896232047938));
#866 = CARTESIAN_POINT('',(2.500214990386E-02,0.89800531632));
#867 = CARTESIAN_POINT('',(2.35580832707E-02,0.898605904515));
#868 = CARTESIAN_POINT('',(2.205353431636E-02,0.899190421371));
#869 = CARTESIAN_POINT('',(2.048101375042E-02,0.899755956995));
#870 = CARTESIAN_POINT('',(1.883316787011E-02,0.900297948055));
#871 = CARTESIAN_POINT('',(1.710271633188E-02,0.900810156174));
#872 = CARTESIAN_POINT('',(1.528201504455E-02,0.901284506128));
#873 = CARTESIAN_POINT('',(1.187519139064E-02,0.902040354486));
#874 = CARTESIAN_POINT('',(1.032779405564E-02,0.902341477033));
#875 = CARTESIAN_POINT('',(8.719178227234E-03,0.902608055975));
#876 = CARTESIAN_POINT('',(7.052050339799E-03,0.902833186362));
#877 = CARTESIAN_POINT('',(5.332699899905E-03,0.903009505412));
#878 = CARTESIAN_POINT('',(3.571852561252E-03,0.903130179797));
#879 = CARTESIAN_POINT('',(1.786077505719E-03,0.903190530963));
#880 = CARTESIAN_POINT('',(0.,0.903190530963));
#881 = ( GEOMETRIC_REPRESENTATION_CONTEXT(2) 
PARAMETRIC_REPRESENTATION_CONTEXT() REPRESENTATION_CONTEXT('2D SPACE',''
  ) );
#882 = PCURVE('',#227,#883);
#883 = DEFINITIONAL_REPRESENTATION('',(#884),#922);
#884 = B_SPLINE_CURVE_WITH_KNOTS('',8,(#885,#886,#887,#888,#889,#890,
    #891,#892,#893,#894,#895,#896,#897,#898,#899,#900,#901,#902,#903,
    #904,#905,#906,#907,#908,#909,#910,#911,#912,#913,#914,#915,#916,
    #917,#918,#919,#920,#921),.UNSPECIFIED.,.F.,.F.,(9,7,7,7,7,9),(0.,
    0.257893204058,0.517170355799,0.765710128284,0.897771854906,1.),
  .UNSPECIFIED.);
#885 = CARTESIAN_POINT('',(26.595303084346,0.));
#886 = CARTESIAN_POINT('',(26.374291410851,-6.518519887705E-02));
#887 = CARTESIAN_POINT('',(26.153677624111,-0.131710299189));
#888 = CARTESIAN_POINT('',(25.933494071073,-0.199661110866));
#889 = CARTESIAN_POINT('',(25.713781386211,-0.269134764551));
#890 = CARTESIAN_POINT('',(25.494588966214,-0.340241222863));
#891 = CARTESIAN_POINT('',(25.275976278025,-0.413107332748));
#892 = CARTESIAN_POINT('',(25.058015000255,-0.487883418933));
#893 = CARTESIAN_POINT('',(24.622403298867,-0.642033924677));
#894 = CARTESIAN_POINT('',(24.404779511445,-0.721424235271));
#895 = CARTESIAN_POINT('',(24.187993565395,-0.803114889174));
#896 = CARTESIAN_POINT('',(23.972151656639,-0.887324324902));
#897 = CARTESIAN_POINT('',(23.757399460514,-0.974312333357));
#898 = CARTESIAN_POINT('',(23.543926149201,-1.064390078101));
#899 = CARTESIAN_POINT('',(23.331975868848,-1.157948293158));
#900 = CARTESIAN_POINT('',(22.920477594003,-1.349063271644));
#901 = CARTESIAN_POINT('',(22.721000688333,-1.446191984923));
#902 = CARTESIAN_POINT('',(22.523518066848,-1.547466690321));
#903 = CARTESIAN_POINT('',(22.328365310172,-1.653522312373));
#904 = CARTESIAN_POINT('',(22.136120567177,-1.765057002855));
#905 = CARTESIAN_POINT('',(21.947742418385,-1.883032180651));
#906 = CARTESIAN_POINT('',(21.7645047156,-2.008587333945));
#907 = CARTESIAN_POINT('',(21.495092549187,-2.215895088301));
#908 = CARTESIAN_POINT('',(21.403845430232,-2.290468174756));
#909 = CARTESIAN_POINT('',(21.315040095292,-2.368083453073));
#910 = CARTESIAN_POINT('',(21.229118636688,-2.44912158987));
#911 = CARTESIAN_POINT('',(21.14677435064,-2.533955607786));
#912 = CARTESIAN_POINT('',(21.068955018674,-2.622954991116));
#913 = CARTESIAN_POINT('',(20.996887489266,-2.716509410009));
#914 = CARTESIAN_POINT('',(20.882052238532,-2.891418975731));
#915 = CARTESIAN_POINT('',(20.836303026777,-2.970817158527));
#916 = CARTESIAN_POINT('',(20.795802004009,-3.053311823441));
#917 = CARTESIAN_POINT('',(20.761598224286,-3.138766149448));
#918 = CARTESIAN_POINT('',(20.734810297775,-3.226862528199));
#919 = CARTESIAN_POINT('',(20.716476396221,-3.317060095235));
#920 = CARTESIAN_POINT('',(20.707307322511,-3.40852230268));
#921 = CARTESIAN_POINT('',(20.707307322511,-3.5));
#922 = ( GEOMETRIC_REPRESENTATION_CONTEXT(2) 
PARAMETRIC_REPRESENTATION_CONTEXT() REPRESENTATION_CONTEXT('2D SPACE',''
  ) );
#923 = FACE_BOUND('',#924,.F.);
#924 = EDGE_LOOP('',(#925));
#925 = ORIENTED_EDGE('',*,*,#926,.F.);
#926 = EDGE_CURVE('',#927,#927,#929,.T.);
#927 = VERTEX_POINT('',#928);
#928 = CARTESIAN_POINT('',(6.,10.415462967301,-3.782273518663E-15));
#929 = SURFACE_CURVE('',#930,(#1038,#1199),.PCURVE_S1.);
#930 = B_SPLINE_CURVE_WITH_KNOTS('',8,(#931,#932,#933,#934,#935,#936,
    #937,#938,#939,#940,#941,#942,#943,#944,#945,#946,#947,#948,#949,
    #950,#951,#952,#953,#954,#955,#956,#957,#958,#959,#960,#961,#962,
    #963,#964,#965,#966,#967,#968,#969,#970,#971,#972,#973,#974,#975,
    #976,#977,#978,#979,#980,#981,#982,#983,#984,#985,#986,#987,#988,
    #989,#990,#991,#992,#993,#994,#995,#996,#997,#998,#999,#1000,#1001,
    #1002,#1003,#1004,#1005,#1006,#1007,#1008,#1009,#1010,#1011,#1012,
    #1013,#1014,#1015,#1016,#1017,#1018,#1019,#1020,#1021,#1022,#1023,
    #1024,#1025,#1026,#1027,#1028,#1029,#1030,#1031,#1032,#1033,#1034,
    #1035,#1036,#1037),.UNSPECIFIED.,.T.,.F.,(9,7,7,7,7,7,7,7,7,7,7,7,7,
    7,7,9),(0.,1.,6.028970380243,8.817886308086,10.351756692966,
    11.946731766799,14.774404532299,17.035537862383,21.019660039516,
    25.281904164987,27.320200012234,29.375704921624,31.37897127464,
    32.766390953476,34.723374931113,38.546459474358),.UNSPECIFIED.);
#931 = CARTESIAN_POINT('',(6.,10.415462967301,-4.998692002297E-15));
#932 = CARTESIAN_POINT('',(6.,10.408941724273,0.125596027057));
#933 = CARTESIAN_POINT('',(5.996995242271,10.402888302786,0.251242498861
    ));
#934 = CARTESIAN_POINT('',(5.990981745794,10.397318646605,0.376850030707
    ));
#935 = CARTESIAN_POINT('',(5.981958810628,10.392245304034,0.502329871687
    ));
#936 = CARTESIAN_POINT('',(5.969929017915,10.387677427922,0.627593904688
    ));
#937 = CARTESIAN_POINT('',(5.954898229875,10.383620775658,0.752554646397
    ));
#938 = CARTESIAN_POINT('',(5.936875589811,10.380077709176,0.877125247296
    ));
#939 = CARTESIAN_POINT('',(5.810254745676,10.361806828675,1.625285770939
    ));
#940 = CARTESIAN_POINT('',(5.629264730622,10.359526799833,2.237406357863
    ));
#941 = CARTESIAN_POINT('',(5.37460087389,10.370107837043,2.825552263462)
  );
#942 = CARTESIAN_POINT('',(5.05044182983,10.391148576135,3.379477647732)
  );
#943 = CARTESIAN_POINT('',(4.662143462418,10.418321025164,3.890012360459
    ));
#944 = CARTESIAN_POINT('',(4.216331900867,10.44641580143,4.349057545146)
  );
#945 = CARTESIAN_POINT('',(3.720662318818,10.469991160343,4.749427160506
    ));
#946 = CARTESIAN_POINT('',(2.886959758859,10.491880239701,5.271489480125
    ));
#947 = CARTESIAN_POINT('',(2.576916246873,10.496772664408,5.437964242336
    ));
#948 = CARTESIAN_POINT('',(2.255865825131,10.497892771753,5.583596490058
    ));
#949 = CARTESIAN_POINT('',(1.925552986398,10.494434016248,5.707490901103
    ));
#950 = CARTESIAN_POINT('',(1.587838384057,10.485672135661,5.808932057907
    ));
#951 = CARTESIAN_POINT('',(1.244701957316,10.471001694879,5.887404515494
    ));
#952 = CARTESIAN_POINT('',(0.898252034829,10.449976479931,5.942636935068
    ));
#953 = CARTESIAN_POINT('',(0.359613185493,10.407161566957,5.99228824138)
  );
#954 = CARTESIAN_POINT('',(0.168142229214,10.389972025413,6.002890796929
    ));
#955 = CARTESIAN_POINT('',(-2.3307235961E-02,10.370743301981,
    6.006483680995));
#956 = CARTESIAN_POINT('',(-0.214379600892,10.349450188171,
    6.003100780288));
#957 = CARTESIAN_POINT('',(-0.404729000295,10.326084283389,5.99280242473
    ));
#958 = CARTESIAN_POINT('',(-0.594019449586,10.300654195768,
    5.975673675091));
#959 = CARTESIAN_POINT('',(-0.781924981719,10.273185743004,
    5.951822610607));
#960 = CARTESIAN_POINT('',(-1.161752414234,10.213084824368,
    5.889721827324));
#961 = CARTESIAN_POINT('',(-1.353547427069,10.180288407368,5.85093449271
    ));
#962 = CARTESIAN_POINT('',(-1.543165482651,10.145380101081,
    5.805161026564));
#963 = CARTESIAN_POINT('',(-1.730286423754,10.108424102757,
    5.752566484304));
#964 = CARTESIAN_POINT('',(-1.914617504011,10.069500201837,
    5.693332068199));
#965 = CARTESIAN_POINT('',(-2.095891616115,10.028702373782,
    5.627650632604));
#966 = CARTESIAN_POINT('',(-2.273865520027,9.98613737391,5.555722189184)
  );
#967 = CARTESIAN_POINT('',(-2.757598595908,9.863537877804,5.339514337711
    ));
#968 = CARTESIAN_POINT('',(-3.055757960614,9.779982990661,5.182306165577
    ));
#969 = CARTESIAN_POINT('',(-3.341673417048,9.691894479917,5.007223042442
    ));
#970 = CARTESIAN_POINT('',(-3.6144277567,9.600009165928,4.815360230826)
  );
#971 = CARTESIAN_POINT('',(-3.873260323409,9.505149286064,4.607757369104
    ));
#972 = CARTESIAN_POINT('',(-4.117533119617,9.408210118055,4.385364341214
    ));
#973 = CARTESIAN_POINT('',(-4.346694276208,9.310154287048,4.14900022729)
  );
#974 = CARTESIAN_POINT('',(-4.7309667776,9.13354064842,3.699592214169));
#975 = CARTESIAN_POINT('',(-4.891668581493,9.05503396025,3.491418981418)
  );
#976 = CARTESIAN_POINT('',(-5.042090855007,8.977015256248,3.275056009905
    ));
#977 = CARTESIAN_POINT('',(-5.181930427627,8.90006494522,3.050795064457)
  );
#978 = CARTESIAN_POINT('',(-5.310831199843,8.824830200324,2.818930259204
    ));
#979 = CARTESIAN_POINT('',(-5.428391319018,8.752026148566,2.579762637408
    ));
#980 = CARTESIAN_POINT('',(-5.534163002157,8.682432797002,2.333602845023
    ));
#981 = CARTESIAN_POINT('',(-5.792360512573,8.501397074916,1.635283182331
    ));
#982 = CARTESIAN_POINT('',(-5.920034252297,8.397693259548,1.166071957308
    ));
#983 = CARTESIAN_POINT('',(-6.005739036352,8.311559309677,0.677878641455
    ));
#984 = CARTESIAN_POINT('',(-6.045582935861,8.248979190855,0.176423253296
    ));
#985 = CARTESIAN_POINT('',(-6.036815402689,8.215493324275,
    -0.331529820126));
#986 = CARTESIAN_POINT('',(-5.978220090961,8.214656639265,
    -0.838032462101));
#987 = CARTESIAN_POINT('',(-5.870964411162,8.246060230158,
    -1.333594887587));
#988 = CARTESIAN_POINT('',(-5.5613137219,8.368202769772,-2.313899988931)
  );
#989 = CARTESIAN_POINT('',(-5.352945939238,8.462871154541,-2.7950047993)
  );
#990 = CARTESIAN_POINT('',(-5.101754594005,8.584241122804,-3.24473474056
    ));
#991 = CARTESIAN_POINT('',(-4.813473299575,8.725486095275,
    -3.660606081895));
#992 = CARTESIAN_POINT('',(-4.492739741148,8.880151149323,
    -4.041184703636));
#993 = CARTESIAN_POINT('',(-4.143395823705,9.042810423481,
    -4.385812058034));
#994 = CARTESIAN_POINT('',(-3.768051590573,9.209187474628,
    -4.694291896226));
#995 = CARTESIAN_POINT('',(-3.175456643724,9.455850924989,
    -5.096089149474));
#996 = CARTESIAN_POINT('',(-2.978055739987,9.535697924737,-5.2175865786)
  );
#997 = CARTESIAN_POINT('',(-2.775151764108,9.615189462313,
    -5.330478559913));
#998 = CARTESIAN_POINT('',(-2.566943710321,9.693933386216,
    -5.434589172922));
#999 = CARTESIAN_POINT('',(-2.353649098282,9.771548159154,-5.52969695356
    ));
#1000 = CARTESIAN_POINT('',(-2.135509431513,9.847662885405,
    -5.615545299413));
#1001 = CARTESIAN_POINT('',(-1.912794910307,9.921918649424,
    -5.691849830407));
#1002 = CARTESIAN_POINT('',(-1.456905470811,10.06663201184,
    -5.825316632266));
#1003 = CARTESIAN_POINT('',(-1.223670987875,10.137048162912,
    -5.882308319387));
#1004 = CARTESIAN_POINT('',(-0.986447960832,10.204856906487,
    -5.928954419168));
#1005 = CARTESIAN_POINT('',(-0.745646376342,10.269703037825,
    -5.964909293975));
#1006 = CARTESIAN_POINT('',(-0.501749087943,10.331245639163,
    -5.989820419881));
#1007 = CARTESIAN_POINT('',(-0.255318589011,10.389166643385,
    -6.003347839406));
#1008 = CARTESIAN_POINT('',(-7.00466792807E-03,10.443181182065,
    -6.005187662773));
#1009 = CARTESIAN_POINT('',(0.485559216448,10.541650895854,
    -5.985267949915));
#1010 = CARTESIAN_POINT('',(0.729787917803,10.586321276274,
    -5.964105755693));
#1011 = CARTESIAN_POINT('',(0.974389926886,10.626826494422,
    -5.931387346149));
#1012 = CARTESIAN_POINT('',(1.218589311793,10.662988686863,
    -5.886958567287));
#1013 = CARTESIAN_POINT('',(1.461577357356,10.694691383301,
    -5.830741846985));
#1014 = CARTESIAN_POINT('',(1.702514165248,10.721883567584,
    -5.762746982741));
#1015 = CARTESIAN_POINT('',(1.940531937263,10.744582907887,
    -5.683087670127));
#1016 = CARTESIAN_POINT('',(2.336947425545,10.775549055911,
    -5.528921000885));
#1017 = CARTESIAN_POINT('',(2.497347004548,10.78610896809,
    -5.460350573296));
#1018 = CARTESIAN_POINT('',(2.655652083239,10.794587281045,
    -5.386366539686));
#1019 = CARTESIAN_POINT('',(2.811589860553,10.801030473107,
    -5.307061895702));
#1020 = CARTESIAN_POINT('',(2.964900901689,10.805500362752,
    -5.222547300013));
#1021 = CARTESIAN_POINT('',(3.115338709885,10.808072358861,
    -5.132949792198));
#1022 = CARTESIAN_POINT('',(3.262669298191,10.808833710984,
    -5.038411510612));
#1023 = CARTESIAN_POINT('',(3.609787785064,10.806539012595,
    -4.798991135496));
#1024 = CARTESIAN_POINT('',(3.806288876007,10.801787482618,
    -4.649369107272));
#1025 = CARTESIAN_POINT('',(3.995565904579,10.793900038271,
    -4.490649831588));
#1026 = CARTESIAN_POINT('',(4.177085730115,10.783187912966,
    -4.32329307221));
#1027 = CARTESIAN_POINT('',(4.350378897817,10.769988161673,
    -4.147779690245));
#1028 = CARTESIAN_POINT('',(4.515030295082,10.754652894196,
    -3.964602698103));
#1029 = CARTESIAN_POINT('',(4.670671767125,10.737540284972,
    -3.774260527875));
#1030 = CARTESIAN_POINT('',(5.102792060258,10.682802187525,
    -3.192385647112));
#1031 = CARTESIAN_POINT('',(5.352944442247,10.641180150243,
    -2.78212023497));
#1032 = CARTESIAN_POINT('',(5.565143223871,10.596788755734,
    -2.350010461045));
#1033 = CARTESIAN_POINT('',(5.737420304774,10.552257331118,
    -1.899785714977));
#1034 = CARTESIAN_POINT('',(5.868130054731,10.510045555499,
    -1.435369192305));
#1035 = CARTESIAN_POINT('',(5.955957059813,10.472251889296,
    -0.960913716622));
#1036 = CARTESIAN_POINT('',(6.,10.440430210361,-0.480857180329));
#1037 = CARTESIAN_POINT('',(6.,10.415462967301,-5.329070518201E-15));
#1038 = PCURVE('',#32,#1039);
#1039 = DEFINITIONAL_REPRESENTATION('',(#1040),#1198);
#1040 = B_SPLINE_CURVE_WITH_KNOTS('',3,(#1041,#1042,#1043,#1044,#1045,
    #1046,#1047,#1048,#1049,#1050,#1051,#1052,#1053,#1054,#1055,#1056,
    #1057,#1058,#1059,#1060,#1061,#1062,#1063,#1064,#1065,#1066,#1067,
    #1068,#1069,#1070,#1071,#1072,#1073,#1074,#1075,#1076,#1077,#1078,
    #1079,#1080,#1081,#1082,#1083,#1084,#1085,#1086,#1087,#1088,#1089,
    #1090,#1091,#1092,#1093,#1094,#1095,#1096,#1097,#1098,#1099,#1100,
    #1101,#1102,#1103,#1104,#1105,#1106,#1107,#1108,#1109,#1110,#1111,
    #1112,#1113,#1114,#1115,#1116,#1117,#1118,#1119,#1120,#1121,#1122,
    #1123,#1124,#1125,#1126,#1127,#1128,#1129,#1130,#1131,#1132,#1133,
    #1134,#1135,#1136,#1137,#1138,#1139,#1140,#1141,#1142,#1143,#1144,
    #1145,#1146,#1147,#1148,#1149,#1150,#1151,#1152,#1153,#1154,#1155,
    #1156,#1157,#1158,#1159,#1160,#1161,#1162,#1163,#1164,#1165,#1166,
    #1167,#1168,#1169,#1170,#1171,#1172,#1173,#1174,#1175,#1176,#1177,
    #1178,#1179,#1180,#1181,#1182,#1183,#1184,#1185,#1186,#1187,#1188,
    #1189,#1190,#1191,#1192,#1193,#1194,#1195,#1196,#1197),
  .UNSPECIFIED.,.T.,.F.,(4,1,1,1,1,1,1,1,1,1,1,1,1,1,1,1,1,1,1,1,1,1,1,1
    ,1,1,1,1,1,1,1,1,1,1,1,1,1,1,1,1,1,1,1,1,1,1,1,1,1,1,1,1,1,1,1,1,1,1
    ,1,1,1,1,1,1,1,1,1,1,1,1,1,1,1,1,1,1,1,1,1,1,1,1,1,1,1,1,1,1,1,1,1,1
    ,1,1,1,1,1,1,1,1,1,1,1,1,1,1,1,1,1,1,1,1,1,1,1,1,1,1,1,1,1,1,1,1,1,1
    ,1,1,1,1,1,1,1,1,1,1,1,1,1,1,1,1,1,1,1,1,1,1,1,1,1,1,1,1,4),(0.,
    0.250301684898,0.500603369797,0.750905054695,1.001206739594,
    1.251508424492,1.501810109391,1.752111794289,2.002413479187,
    2.252715164086,2.503016848984,2.753318533883,3.003620218781,
    3.25392190368,3.504223588578,3.754525273476,4.004826958375,
    4.255128643273,4.505430328172,4.75573201307,5.006033697969,
    5.256335382867,5.506637067765,5.756938752664,6.007240437562,
    6.257542122461,6.507843807359,6.758145492257,7.008447177156,
    7.258748862054,7.509050546953,7.759352231851,8.00965391675,
    8.259955601648,8.510257286546,8.760558971445,9.010860656343,
    9.261162341242,9.51146402614,9.761765711039,10.012067395937,
    10.262369080835,10.512670765734,10.762972450632,11.013274135531,
    11.263575820429,11.513877505328,11.764179190226,12.014480875124,
    12.264782560023,12.515084244921,12.76538592982,13.015687614718,
    13.265989299617,13.516290984515,13.766592669413,14.016894354312,
    14.26719603921,14.517497724109,14.767799409007,15.018101093906,
    15.268402778804,15.518704463702,15.769006148601,16.019307833499,
    16.269609518398,16.519911203296,16.770212888195,17.020514573093,
    17.270816257991,17.52111794289,17.771419627788,18.021721312687,
    18.272022997585,18.522324682484,18.772626367382,19.02292805228,
    19.273229737179,19.523531422077,19.773833106976,20.024134791874,
    20.274436476772,20.524738161671,20.775039846569,21.025341531468,
    21.275643216366,21.525944901265,21.776246586163,22.026548271061,
    22.27684995596,22.527151640858,22.777453325757,23.027755010655,
    23.278056695554,23.528358380452,23.77866006535,24.028961750249,
    24.279263435147,24.529565120046,24.779866804944,25.030168489843,
    25.280470174741,25.530771859639,25.781073544538,26.031375229436,
    26.281676914335,26.531978599233,26.782280284132,27.03258196903,
    27.282883653928,27.533185338827,27.783487023725,28.033788708624,
    28.284090393522,28.534392078421,28.784693763319,29.034995448217,
    29.285297133116,29.535598818014,29.785900502913,30.036202187811,
    30.28650387271,30.536805557608,30.787107242506,31.037408927405,
    31.287710612303,31.538012297202,31.7883139821,32.038615666998,
    32.288917351897,32.539219036795,32.789520721694,33.039822406592,
    33.290124091491,33.540425776389,33.790727461287,34.041029146186,
    34.291330831084,34.541632515983,34.791934200881,35.04223588578,
    35.292537570678,35.542839255576,35.793140940475,36.043442625373,
    36.293744310272,36.54404599517,36.794347680069,37.044649364967,
    37.294951049865,37.545252734764,37.795554419662,38.045856104561,
    38.296157789459,38.546459474358),.QUASI_UNIFORM_KNOTS.);
#1041 = CARTESIAN_POINT('',(0.214999431951,0.118360344515));
#1042 = CARTESIAN_POINT('',(0.214867950736,0.117809062501));
#1043 = CARTESIAN_POINT('',(0.214645076484,0.116706120153));
#1044 = CARTESIAN_POINT('',(0.214431570178,0.115053626136));
#1045 = CARTESIAN_POINT('',(0.214339530228,0.113406111609));
#1046 = CARTESIAN_POINT('',(0.214369195277,0.111766617244));
#1047 = CARTESIAN_POINT('',(0.214520540084,0.110138090448));
#1048 = CARTESIAN_POINT('',(0.214793209577,0.108523695942));
#1049 = CARTESIAN_POINT('',(0.215186500494,0.106926552425));
#1050 = CARTESIAN_POINT('',(0.215699404984,0.105349656521));
#1051 = CARTESIAN_POINT('',(0.216330635212,0.103795911704));
#1052 = CARTESIAN_POINT('',(0.217078650095,0.102268127814));
#1053 = CARTESIAN_POINT('',(0.217941678832,0.100769027352));
#1054 = CARTESIAN_POINT('',(0.218917742896,9.930124896808E-02));
#1055 = CARTESIAN_POINT('',(0.220004676217,9.78673508335E-02));
#1056 = CARTESIAN_POINT('',(0.221200143736,9.646981326295E-02));
#1057 = CARTESIAN_POINT('',(0.222501658334,9.511104083347E-02));
#1058 = CARTESIAN_POINT('',(0.223906596125,9.379336398607E-02));
#1059 = CARTESIAN_POINT('',(0.225412210066,9.251904013989E-02));
#1060 = CARTESIAN_POINT('',(0.227015641743,9.129025435332E-02));
#1061 = CARTESIAN_POINT('',(0.228713931459,9.010911940818E-02));
#1062 = CARTESIAN_POINT('',(0.230504025421,8.89776757261E-02));
#1063 = CARTESIAN_POINT('',(0.232382783735,8.789788945792E-02));
#1064 = CARTESIAN_POINT('',(0.23434697438,8.687165473194E-02));
#1065 = CARTESIAN_POINT('',(0.236393307254,8.59007774384E-02));
#1066 = CARTESIAN_POINT('',(0.238518305064,8.498702462181E-02));
#1067 = CARTESIAN_POINT('',(0.240718767909,8.413192528703E-02));
#1068 = CARTESIAN_POINT('',(0.242991523972,8.333693331484E-02));
#1069 = CARTESIAN_POINT('',(0.245332668418,8.260364243196E-02));
#1070 = CARTESIAN_POINT('',(0.247738390622,8.193344236935E-02));
#1071 = CARTESIAN_POINT('',(0.250204751785,8.132760602706E-02));
#1072 = CARTESIAN_POINT('',(0.252727736514,8.078726064676E-02));
#1073 = CARTESIAN_POINT('',(0.255303227341,8.031338797461E-02));
#1074 = CARTESIAN_POINT('',(0.257926996726,7.99068144952E-02));
#1075 = CARTESIAN_POINT('',(0.26059468889,7.95682023967E-02));
#1076 = CARTESIAN_POINT('',(0.26330180723,7.929803751936E-02));
#1077 = CARTESIAN_POINT('',(0.2660436716,7.90966186015E-02));
#1078 = CARTESIAN_POINT('',(0.268815472362,7.89640343101E-02));
#1079 = CARTESIAN_POINT('',(0.271612714315,7.890014811304E-02));
#1080 = CARTESIAN_POINT('',(0.274430556701,7.890463629615E-02));
#1081 = CARTESIAN_POINT('',(0.277264314293,7.897696387641E-02));
#1082 = CARTESIAN_POINT('',(0.280109321418,7.911640115611E-02));
#1083 = CARTESIAN_POINT('',(0.282960956626,7.932203088904E-02));
#1084 = CARTESIAN_POINT('',(0.285814604603,7.959275559805E-02));
#1085 = CARTESIAN_POINT('',(0.288665968854,7.992733836599E-02));
#1086 = CARTESIAN_POINT('',(0.291510748632,8.032439688183E-02));
#1087 = CARTESIAN_POINT('',(0.294344866711,8.078244479808E-02));
#1088 = CARTESIAN_POINT('',(0.297164410475,8.129990770859E-02));
#1089 = CARTESIAN_POINT('',(0.299965608417,8.187513749019E-02));
#1090 = CARTESIAN_POINT('',(0.30274489218,8.250645237354E-02));
#1091 = CARTESIAN_POINT('',(0.30549852929,8.319206117133E-02));
#1092 = CARTESIAN_POINT('',(0.308223441952,8.393027990197E-02));
#1093 = CARTESIAN_POINT('',(0.310916659155,8.471944930378E-02));
#1094 = CARTESIAN_POINT('',(0.313575281927,8.555793631637E-02));
#1095 = CARTESIAN_POINT('',(0.316196472197,8.644414715305E-02));
#1096 = CARTESIAN_POINT('',(0.318777436483,8.737653678601E-02));
#1097 = CARTESIAN_POINT('',(0.321315412586,8.83536197282E-02));
#1098 = CARTESIAN_POINT('',(0.323807653338,8.937397948149E-02));
#1099 = CARTESIAN_POINT('',(0.326251421056,9.043628401703E-02));
#1100 = CARTESIAN_POINT('',(0.328643941986,9.153928218233E-02));
#1101 = CARTESIAN_POINT('',(0.330982507944,9.268187582268E-02));
#1102 = CARTESIAN_POINT('',(0.333264025065,9.386291530722E-02));
#1103 = CARTESIAN_POINT('',(0.335485337503,9.508135183142E-02));
#1104 = CARTESIAN_POINT('',(0.337643358251,9.633634792741E-02));
#1105 = CARTESIAN_POINT('',(0.339734554694,9.762700965667E-02));
#1106 = CARTESIAN_POINT('',(0.341755088874,9.895244880957E-02));
#1107 = CARTESIAN_POINT('',(0.34370080605,0.100311779685));
#1108 = CARTESIAN_POINT('',(0.345567169874,0.101704050877));
#1109 = CARTESIAN_POINT('',(0.34734955782,0.103128505258));
#1110 = CARTESIAN_POINT('',(0.349042165427,0.10458359497));
#1111 = CARTESIAN_POINT('',(0.350642112841,0.106070650909));
#1112 = CARTESIAN_POINT('',(0.352144676644,0.107590394555));
#1113 = CARTESIAN_POINT('',(0.353540490027,0.109139086669));
#1114 = CARTESIAN_POINT('',(0.354821683798,0.110713949218));
#1115 = CARTESIAN_POINT('',(0.355980352788,0.112311719665));
#1116 = CARTESIAN_POINT('',(0.357009081593,0.113929031672));
#1117 = CARTESIAN_POINT('',(0.357900934913,0.115562305391));
#1118 = CARTESIAN_POINT('',(0.358649606603,0.117207768215));
#1119 = CARTESIAN_POINT('',(0.359249539997,0.11886143971));
#1120 = CARTESIAN_POINT('',(0.359696067995,0.120519125584));
#1121 = CARTESIAN_POINT('',(0.359985558273,0.122176408568));
#1122 = CARTESIAN_POINT('',(0.36011556489,0.123828641101));
#1123 = CARTESIAN_POINT('',(0.360084986903,0.125470934066));
#1124 = CARTESIAN_POINT('',(0.359894221873,0.127098161511));
#1125 = CARTESIAN_POINT('',(0.359545354737,0.12870490953));
#1126 = CARTESIAN_POINT('',(0.359042226797,0.130285639022));
#1127 = CARTESIAN_POINT('',(0.358390962782,0.131834056878));
#1128 = CARTESIAN_POINT('',(0.357597861056,0.133347452891));
#1129 = CARTESIAN_POINT('',(0.356669304272,0.134823913691));
#1130 = CARTESIAN_POINT('',(0.355611927925,0.136261725675));
#1131 = CARTESIAN_POINT('',(0.354432412523,0.137659473676));
#1132 = CARTESIAN_POINT('',(0.353137401556,0.139015962665));
#1133 = CARTESIAN_POINT('',(0.351733407625,0.140330194894));
#1134 = CARTESIAN_POINT('',(0.350226740531,0.141601338884));
#1135 = CARTESIAN_POINT('',(0.348623445228,0.142828706049));
#1136 = CARTESIAN_POINT('',(0.346929249984,0.144011729541));
#1137 = CARTESIAN_POINT('',(0.345149521642,0.14514994578));
#1138 = CARTESIAN_POINT('',(0.343289226963,0.146242977215));
#1139 = CARTESIAN_POINT('',(0.341352894871,0.147290516925));
#1140 = CARTESIAN_POINT('',(0.339344589985,0.148292309742));
#1141 = CARTESIAN_POINT('',(0.337267850819,0.149248146582));
#1142 = CARTESIAN_POINT('',(0.335125759679,0.15015780686));
#1143 = CARTESIAN_POINT('',(0.332920515079,0.151021189523));
#1144 = CARTESIAN_POINT('',(0.330654849995,0.151837732673));
#1145 = CARTESIAN_POINT('',(0.328332175289,0.152606524504));
#1146 = CARTESIAN_POINT('',(0.325954627537,0.153326978936));
#1147 = CARTESIAN_POINT('',(0.323524606825,0.153998269305));
#1148 = CARTESIAN_POINT('',(0.321044384714,0.154619497088));
#1149 = CARTESIAN_POINT('',(0.318516227205,0.155189662114));
#1150 = CARTESIAN_POINT('',(0.315942381032,0.155707683583));
#1151 = CARTESIAN_POINT('',(0.313325085537,0.156172408042));
#1152 = CARTESIAN_POINT('',(0.310666613155,0.156582610412));
#1153 = CARTESIAN_POINT('',(0.307969603182,0.156936967844));
#1154 = CARTESIAN_POINT('',(0.305236771653,0.157234136936));
#1155 = CARTESIAN_POINT('',(0.302471054438,0.157472752522));
#1156 = CARTESIAN_POINT('',(0.299675591655,0.157651455544));
#1157 = CARTESIAN_POINT('',(0.296853756556,0.15776891565));
#1158 = CARTESIAN_POINT('',(0.294009168816,0.157823857471));
#1159 = CARTESIAN_POINT('',(0.291145737802,0.157815087987));
#1160 = CARTESIAN_POINT('',(0.288267614247,0.157741526322));
#1161 = CARTESIAN_POINT('',(0.285379134513,0.157602222423));
#1162 = CARTESIAN_POINT('',(0.282485390937,0.157396428126));
#1163 = CARTESIAN_POINT('',(0.279591440874,0.157123602266));
#1164 = CARTESIAN_POINT('',(0.276702490749,0.156783424558));
#1165 = CARTESIAN_POINT('',(0.273823862203,0.156375810977));
#1166 = CARTESIAN_POINT('',(0.270961020154,0.155900933646));
#1167 = CARTESIAN_POINT('',(0.268119570129,0.15535923856));
#1168 = CARTESIAN_POINT('',(0.265305314862,0.154751484849));
#1169 = CARTESIAN_POINT('',(0.262523509117,0.154078582158));
#1170 = CARTESIAN_POINT('',(0.259779666685,0.153341749357));
#1171 = CARTESIAN_POINT('',(0.257079016255,0.152542393612));
#1172 = CARTESIAN_POINT('',(0.25442662102,0.151682117497));
#1173 = CARTESIAN_POINT('',(0.251827396325,0.150762712844));
#1174 = CARTESIAN_POINT('',(0.249286018749,0.14978611242));
#1175 = CARTESIAN_POINT('',(0.246806846788,0.14875433468));
#1176 = CARTESIAN_POINT('',(0.244394027922,0.14766949159));
#1177 = CARTESIAN_POINT('',(0.242051467465,0.146533753694));
#1178 = CARTESIAN_POINT('',(0.239782868561,0.145349342185));
#1179 = CARTESIAN_POINT('',(0.237591746999,0.14411851425));
#1180 = CARTESIAN_POINT('',(0.235481454195,0.142843556008));
#1181 = CARTESIAN_POINT('',(0.233455172354,0.141526759523));
#1182 = CARTESIAN_POINT('',(0.231516012537,0.140170476108));
#1183 = CARTESIAN_POINT('',(0.229666780496,0.138776934816));
#1184 = CARTESIAN_POINT('',(0.227910253301,0.137348405309));
#1185 = CARTESIAN_POINT('',(0.226249159344,0.135887194545));
#1186 = CARTESIAN_POINT('',(0.224686173802,0.134395649517));
#1187 = CARTESIAN_POINT('',(0.223223908355,0.132876158615));
#1188 = CARTESIAN_POINT('',(0.221864900737,0.131331153599));
#1189 = CARTESIAN_POINT('',(0.220611602618,0.129763111646));
#1190 = CARTESIAN_POINT('',(0.219466366107,0.128174557651));
#1191 = CARTESIAN_POINT('',(0.218431429016,0.126568066666));
#1192 = CARTESIAN_POINT('',(0.217508898033,0.124946266759));
#1193 = CARTESIAN_POINT('',(0.216700733132,0.123311841295));
#1194 = CARTESIAN_POINT('',(0.216008720854,0.121667534384));
#1195 = CARTESIAN_POINT('',(0.215434482759,0.120016145508));
#1196 = CARTESIAN_POINT('',(0.215131058521,0.118912425545));
#1197 = CARTESIAN_POINT('',(0.214999431951,0.118360344515));
#1198 = ( GEOMETRIC_REPRESENTATION_CONTEXT(2) 
PARAMETRIC_REPRESENTATION_CONTEXT() REPRESENTATION_CONTEXT('2D SPACE',''
  ) );
#1199 = PCURVE('',#1200,#1205);
#1200 = CYLINDRICAL_SURFACE('',#1201,6.);
#1201 = AXIS2_PLACEMENT_3D('',#1202,#1203,#1204);
#1202 = CARTESIAN_POINT('',(0.,20.,-4.440892098501E-15));
#1203 = DIRECTION('',(0.,-1.,2.22044604925E-16));
#1204 = DIRECTION('',(1.,0.,0.));
#1205 = DEFINITIONAL_REPRESENTATION('',(#1206),#1364);
#1206 = B_SPLINE_CURVE_WITH_KNOTS('',3,(#1207,#1208,#1209,#1210,#1211,
    #1212,#1213,#1214,#1215,#1216,#1217,#1218,#1219,#1220,#1221,#1222,
    #1223,#1224,#1225,#1226,#1227,#1228,#1229,#1230,#1231,#1232,#1233,
    #1234,#1235,#1236,#1237,#1238,#1239,#1240,#1241,#1242,#1243,#1244,
    #1245,#1246,#1247,#1248,#1249,#1250,#1251,#1252,#1253,#1254,#1255,
    #1256,#1257,#1258,#1259,#1260,#1261,#1262,#1263,#1264,#1265,#1266,
    #1267,#1268,#1269,#1270,#1271,#1272,#1273,#1274,#1275,#1276,#1277,
    #1278,#1279,#1280,#1281,#1282,#1283,#1284,#1285,#1286,#1287,#1288,
    #1289,#1290,#1291,#1292,#1293,#1294,#1295,#1296,#1297,#1298,#1299,
    #1300,#1301,#1302,#1303,#1304,#1305,#1306,#1307,#1308,#1309,#1310,
    #1311,#1312,#1313,#1314,#1315,#1316,#1317,#1318,#1319,#1320,#1321,
    #1322,#1323,#1324,#1325,#1326,#1327,#1328,#1329,#1330,#1331,#1332,
    #1333,#1334,#1335,#1336,#1337,#1338,#1339,#1340,#1341,#1342,#1343,
    #1344,#1345,#1346,#1347,#1348,#1349,#1350,#1351,#1352,#1353,#1354,
    #1355,#1356,#1357,#1358,#1359,#1360,#1361,#1362,#1363),
  .UNSPECIFIED.,.F.,.F.,(4,1,1,1,1,1,1,1,1,1,1,1,1,1,1,1,1,1,1,1,1,1,1,1
    ,1,1,1,1,1,1,1,1,1,1,1,1,1,1,1,1,1,1,1,1,1,1,1,1,1,1,1,1,1,1,1,1,1,1
    ,1,1,1,1,1,1,1,1,1,1,1,1,1,1,1,1,1,1,1,1,1,1,1,1,1,1,1,1,1,1,1,1,1,1
    ,1,1,1,1,1,1,1,1,1,1,1,1,1,1,1,1,1,1,1,1,1,1,1,1,1,1,1,1,1,1,1,1,1,1
    ,1,1,1,1,1,1,1,1,1,1,1,1,1,1,1,1,1,1,1,1,1,1,1,1,1,1,1,1,4),(0.,
    0.250301684898,0.500603369797,0.750905054695,1.001206739594,
    1.251508424492,1.501810109391,1.752111794289,2.002413479187,
    2.252715164086,2.503016848984,2.753318533883,3.003620218781,
    3.25392190368,3.504223588578,3.754525273476,4.004826958375,
    4.255128643273,4.505430328172,4.75573201307,5.006033697969,
    5.256335382867,5.506637067765,5.756938752664,6.007240437562,
    6.257542122461,6.507843807359,6.758145492257,7.008447177156,
    7.258748862054,7.509050546953,7.759352231851,8.00965391675,
    8.259955601648,8.510257286546,8.760558971445,9.010860656343,
    9.261162341242,9.51146402614,9.761765711039,10.012067395937,
    10.262369080835,10.512670765734,10.762972450632,11.013274135531,
    11.263575820429,11.513877505328,11.764179190226,12.014480875124,
    12.264782560023,12.515084244921,12.76538592982,13.015687614718,
    13.265989299617,13.516290984515,13.766592669413,14.016894354312,
    14.26719603921,14.517497724109,14.767799409007,15.018101093906,
    15.268402778804,15.518704463702,15.769006148601,16.019307833499,
    16.269609518398,16.519911203296,16.770212888195,17.020514573093,
    17.270816257991,17.52111794289,17.771419627788,18.021721312687,
    18.272022997585,18.522324682484,18.772626367382,19.02292805228,
    19.273229737179,19.523531422077,19.773833106976,20.024134791874,
    20.274436476772,20.524738161671,20.775039846569,21.025341531468,
    21.275643216366,21.525944901265,21.776246586163,22.026548271061,
    22.27684995596,22.527151640858,22.777453325757,23.027755010655,
    23.278056695554,23.528358380452,23.77866006535,24.028961750249,
    24.279263435147,24.529565120046,24.779866804944,25.030168489843,
    25.280470174741,25.530771859639,25.781073544538,26.031375229436,
    26.281676914335,26.531978599233,26.782280284132,27.03258196903,
    27.282883653928,27.533185338827,27.783487023725,28.033788708624,
    28.284090393522,28.534392078421,28.784693763319,29.034995448217,
    29.285297133116,29.535598818014,29.785900502913,30.036202187811,
    30.28650387271,30.536805557608,30.787107242506,31.037408927405,
    31.287710612303,31.538012297202,31.7883139821,32.038615666998,
    32.288917351897,32.539219036795,32.789520721694,33.039822406592,
    33.290124091491,33.540425776389,33.790727461287,34.041029146186,
    34.291330831084,34.541632515983,34.791934200881,35.04223588578,
    35.292537570678,35.542839255576,35.793140940475,36.043442625373,
    36.293744310272,36.54404599517,36.794347680069,37.044649364967,
    37.294951049865,37.545252734764,37.795554419662,38.045856104561,
    38.296157789459,38.546459474358),.QUASI_UNIFORM_KNOTS.);
#1207 = CARTESIAN_POINT('',(-8.881784197001E-16,9.584537032699));
#1208 = CARTESIAN_POINT('',(1.397201860158E-02,9.588891640216));
#1209 = CARTESIAN_POINT('',(4.192564324043E-02,9.597046660279));
#1210 = CARTESIAN_POINT('',(8.388128203926E-02,9.60756837534));
#1211 = CARTESIAN_POINT('',(0.125858438029,9.616322275776));
#1212 = CARTESIAN_POINT('',(0.167853861201,9.623282055146));
#1213 = CARTESIAN_POINT('',(0.209866437168,9.628441746558));
#1214 = CARTESIAN_POINT('',(0.251889001459,9.631817626359));
#1215 = CARTESIAN_POINT('',(0.293914754237,9.633448517116));
#1216 = CARTESIAN_POINT('',(0.335939080565,9.633395144424));
#1217 = CARTESIAN_POINT('',(0.377958673575,9.631738842123));
#1218 = CARTESIAN_POINT('',(0.419971443161,9.628580275185));
#1219 = CARTESIAN_POINT('',(0.461976265448,9.624038032591));
#1220 = CARTESIAN_POINT('',(0.503972816121,9.618247158501));
#1221 = CARTESIAN_POINT('',(0.545961413911,9.611357629256));
#1222 = CARTESIAN_POINT('',(0.587942886695,9.603532797088));
#1223 = CARTESIAN_POINT('',(0.629918450841,9.594947814972));
#1224 = CARTESIAN_POINT('',(0.671889601037,9.585788055841));
#1225 = CARTESIAN_POINT('',(0.713858007279,9.576247536762));
#1226 = CARTESIAN_POINT('',(0.755825414493,9.566527356706));
#1227 = CARTESIAN_POINT('',(0.797793547165,9.556834153207));
#1228 = CARTESIAN_POINT('',(0.839763995337,9.547378584791));
#1229 = CARTESIAN_POINT('',(0.881738154415,9.538373829187));
#1230 = CARTESIAN_POINT('',(0.923716930617,9.530034139568));
#1231 = CARTESIAN_POINT('',(0.965701266768,9.522573295134));
#1232 = CARTESIAN_POINT('',(1.007689527868,9.516203540116));
#1233 = CARTESIAN_POINT('',(1.04968649887,9.511132766362));
#1234 = CARTESIAN_POINT('',(1.091697445946,9.507565116461));
#1235 = CARTESIAN_POINT('',(1.133714772292,9.505700061399));
#1236 = CARTESIAN_POINT('',(1.175733952907,9.505728642153));
#1237 = CARTESIAN_POINT('',(1.21774908907,9.507832730251));
#1238 = CARTESIAN_POINT('',(1.259753848095,9.512183439251));
#1239 = CARTESIAN_POINT('',(1.301740946807,9.518939711713));
#1240 = CARTESIAN_POINT('',(1.343702010687,9.528246809901));
#1241 = CARTESIAN_POINT('',(1.385627272617,9.540234772657));
#1242 = CARTESIAN_POINT('',(1.427505375781,9.555016860495));
#1243 = CARTESIAN_POINT('',(1.469322714281,9.572687838269));
#1244 = CARTESIAN_POINT('',(1.511064273166,9.593322675925));
#1245 = CARTESIAN_POINT('',(1.552720132771,9.616979213474));
#1246 = CARTESIAN_POINT('',(1.594275376497,9.643692763795));
#1247 = CARTESIAN_POINT('',(1.635717551804,9.673479186781));
#1248 = CARTESIAN_POINT('',(1.677034472649,9.706333945166));
#1249 = CARTESIAN_POINT('',(1.718214479635,9.742232246125));
#1250 = CARTESIAN_POINT('',(1.75924580071,9.781128482065));
#1251 = CARTESIAN_POINT('',(1.800120953503,9.822961145162));
#1252 = CARTESIAN_POINT('',(1.840832015112,9.867649330396));
#1253 = CARTESIAN_POINT('',(1.881373869392,9.915096738237));
#1254 = CARTESIAN_POINT('',(1.921743344608,9.965192094865));
#1255 = CARTESIAN_POINT('',(1.961938895854,10.0178097584));
#1256 = CARTESIAN_POINT('',(2.001961576437,10.072812270183));
#1257 = CARTESIAN_POINT('',(2.041809802495,10.130043735304));
#1258 = CARTESIAN_POINT('',(2.081491277509,10.189347733359));
#1259 = CARTESIAN_POINT('',(2.121015361533,10.250558580091));
#1260 = CARTESIAN_POINT('',(2.16039276508,10.31350125052));
#1261 = CARTESIAN_POINT('',(2.199635625548,10.377991995925));
#1262 = CARTESIAN_POINT('',(2.238757526529,10.443838706551));
#1263 = CARTESIAN_POINT('',(2.277773591648,10.510841293541));
#1264 = CARTESIAN_POINT('',(2.31670056256,10.578791908546));
#1265 = CARTESIAN_POINT('',(2.355557098561,10.64747541796));
#1266 = CARTESIAN_POINT('',(2.39436345686,10.716668609846));
#1267 = CARTESIAN_POINT('',(2.433143708774,10.786143768584));
#1268 = CARTESIAN_POINT('',(2.471918750162,10.855655563378));
#1269 = CARTESIAN_POINT('',(2.510711876983,10.924950204445));
#1270 = CARTESIAN_POINT('',(2.549551936806,10.99377036296));
#1271 = CARTESIAN_POINT('',(2.588464925186,11.061839061995));
#1272 = CARTESIAN_POINT('',(2.627476532102,11.128863479411));
#1273 = CARTESIAN_POINT('',(2.666612321137,11.194534507161));
#1274 = CARTESIAN_POINT('',(2.705896268412,11.258524352743));
#1275 = CARTESIAN_POINT('',(2.745358101787,11.320497164523));
#1276 = CARTESIAN_POINT('',(2.785007004797,11.380070468308));
#1277 = CARTESIAN_POINT('',(2.824931044166,11.436961283934));
#1278 = CARTESIAN_POINT('',(2.865199768152,11.490820394472));
#1279 = CARTESIAN_POINT('',(2.905767274481,11.541127511774));
#1280 = CARTESIAN_POINT('',(2.946618403065,11.587412428476));
#1281 = CARTESIAN_POINT('',(2.987729337043,11.629204502786));
#1282 = CARTESIAN_POINT('',(3.029077541668,11.666055510589));
#1283 = CARTESIAN_POINT('',(3.070638422124,11.697543760355));
#1284 = CARTESIAN_POINT('',(3.112385462742,11.723283970053));
#1285 = CARTESIAN_POINT('',(3.154289337174,11.742936141271));
#1286 = CARTESIAN_POINT('',(3.196317179858,11.756215018584));
#1287 = CARTESIAN_POINT('',(3.238431666619,11.762899475334));
#1288 = CARTESIAN_POINT('',(3.280590006674,11.762841702256));
#1289 = CARTESIAN_POINT('',(3.322742656037,11.755976081723));
#1290 = CARTESIAN_POINT('',(3.36483225789,11.742326970238));
#1291 = CARTESIAN_POINT('',(3.406790805108,11.722017146622));
#1292 = CARTESIAN_POINT('',(3.44854234464,11.695269104771));
#1293 = CARTESIAN_POINT('',(3.489983710756,11.662427066958));
#1294 = CARTESIAN_POINT('',(3.531099792726,11.623849378909));
#1295 = CARTESIAN_POINT('',(3.571892662137,11.579911448835));
#1296 = CARTESIAN_POINT('',(3.612365738113,11.531012005339));
#1297 = CARTESIAN_POINT('',(3.652526907444,11.477561105613));
#1298 = CARTESIAN_POINT('',(3.692386846397,11.419974442345));
#1299 = CARTESIAN_POINT('',(3.731958862227,11.358667248202));
#1300 = CARTESIAN_POINT('',(3.771258522059,11.294049476403));
#1301 = CARTESIAN_POINT('',(3.810303501863,11.226521696047));
#1302 = CARTESIAN_POINT('',(3.849113514357,11.156471749814));
#1303 = CARTESIAN_POINT('',(3.887710340256,11.084272054969));
#1304 = CARTESIAN_POINT('',(3.926117931954,11.010277515573));
#1305 = CARTESIAN_POINT('',(3.964362644175,10.934823861851));
#1306 = CARTESIAN_POINT('',(4.002473385294,10.858226782756));
#1307 = CARTESIAN_POINT('',(4.040482461995,10.78078019851));
#1308 = CARTESIAN_POINT('',(4.078424250636,10.70275957617));
#1309 = CARTESIAN_POINT('',(4.11634241744,10.624408014644));
#1310 = CARTESIAN_POINT('',(4.1542656987,10.545988004962));
#1311 = CARTESIAN_POINT('',(4.192208328819,10.467782135705));
#1312 = CARTESIAN_POINT('',(4.230202579812,10.390026275625));
#1313 = CARTESIAN_POINT('',(4.26827319644,10.312963398681));
#1314 = CARTESIAN_POINT('',(4.306444646633,10.236829210749));
#1315 = CARTESIAN_POINT('',(4.344739531772,10.161855911925));
#1316 = CARTESIAN_POINT('',(4.383179274996,10.08827106567));
#1317 = CARTESIAN_POINT('',(4.421784304463,10.016297361107));
#1318 = CARTESIAN_POINT('',(4.460573788487,9.946153151991));
#1319 = CARTESIAN_POINT('',(4.499561184186,9.878059776992));
#1320 = CARTESIAN_POINT('',(4.538758865773,9.812231889086));
#1321 = CARTESIAN_POINT('',(4.578176298539,9.74887961403));
#1322 = CARTESIAN_POINT('',(4.617820512193,9.688206156168));
#1323 = CARTESIAN_POINT('',(4.65769588624,9.630406450985));
#1324 = CARTESIAN_POINT('',(4.697804116834,9.575665272309));
#1325 = CARTESIAN_POINT('',(4.738143710674,9.524155770489));
#1326 = CARTESIAN_POINT('',(4.778710712522,9.476036128268));
#1327 = CARTESIAN_POINT('',(4.819499508279,9.43144685671));
#1328 = CARTESIAN_POINT('',(4.86049469713,9.390516509617));
#1329 = CARTESIAN_POINT('',(4.901682093635,9.353346555484));
#1330 = CARTESIAN_POINT('',(4.94304598002,9.320013549816));
#1331 = CARTESIAN_POINT('',(4.984569399178,9.290567521078));
#1332 = CARTESIAN_POINT('',(5.026233522016,9.265031448364));
#1333 = CARTESIAN_POINT('',(5.068017411239,9.243400540954));
#1334 = CARTESIAN_POINT('',(5.109896779404,9.225641600974));
#1335 = CARTESIAN_POINT('',(5.151854835826,9.211689326396));
#1336 = CARTESIAN_POINT('',(5.193870131573,9.201453101303));
#1337 = CARTESIAN_POINT('',(5.235924429914,9.194814883616));
#1338 = CARTESIAN_POINT('',(5.278000818177,9.191632323747));
#1339 = CARTESIAN_POINT('',(5.3200832716,9.19174077691));
#1340 = CARTESIAN_POINT('',(5.362158023897,9.194955619132));
#1341 = CARTESIAN_POINT('',(5.404214901029,9.201075182311));
#1342 = CARTESIAN_POINT('',(5.446245715429,9.209883610436));
#1343 = CARTESIAN_POINT('',(5.488244868567,9.221153492783));
#1344 = CARTESIAN_POINT('',(5.530208811403,9.234648339855));
#1345 = CARTESIAN_POINT('',(5.572135920626,9.250124918272));
#1346 = CARTESIAN_POINT('',(5.614026203725,9.267335366365));
#1347 = CARTESIAN_POINT('',(5.655881580189,9.286029387267));
#1348 = CARTESIAN_POINT('',(5.697703893589,9.305955242623));
#1349 = CARTESIAN_POINT('',(5.739500164778,9.326864054754));
#1350 = CARTESIAN_POINT('',(5.781277118786,9.348509094418));
#1351 = CARTESIAN_POINT('',(5.823041354388,9.370647128355));
#1352 = CARTESIAN_POINT('',(5.864799252168,9.393039774238));
#1353 = CARTESIAN_POINT('',(5.906556946196,9.415454895306));
#1354 = CARTESIAN_POINT('',(5.948320272044,9.437668013646));
#1355 = CARTESIAN_POINT('',(5.990094713725,9.459463733672));
#1356 = CARTESIAN_POINT('',(6.031885341492,9.480637170395));
#1357 = CARTESIAN_POINT('',(6.073696741443,9.500995352283));
#1358 = CARTESIAN_POINT('',(6.115532928999,9.520358664671));
#1359 = CARTESIAN_POINT('',(6.157397261509,9.538562039826));
#1360 = CARTESIAN_POINT('',(6.199292278491,9.555456942989));
#1361 = CARTESIAN_POINT('',(6.241219719332,9.570910190768));
#1362 = CARTESIAN_POINT('',(6.269193085013,9.580179628105));
#1363 = CARTESIAN_POINT('',(6.28318530718,9.584537032699));
#1364 = ( GEOMETRIC_REPRESENTATION_CONTEXT(2) 
PARAMETRIC_REPRESENTATION_CONTEXT() REPRESENTATION_CONTEXT('2D SPACE',''
  ) );
#1365 = FACE_BOUND('',#1366,.F.);
#1366 = EDGE_LOOP('',(#1367));
#1367 = ORIENTED_EDGE('',*,*,#1368,.F.);
#1368 = EDGE_CURVE('',#1369,#1369,#1371,.T.);
#1369 = VERTEX_POINT('',#1370);
#1370 = CARTESIAN_POINT('',(6.,-10.4154629673,8.431212007089E-16));
#1371 = SURFACE_CURVE('',#1372,(#1471,#1610),.PCURVE_S1.);
#1372 = B_SPLINE_CURVE_WITH_KNOTS('',7,(#1373,#1374,#1375,#1376,#1377,
    #1378,#1379,#1380,#1381,#1382,#1383,#1384,#1385,#1386,#1387,#1388,
    #1389,#1390,#1391,#1392,#1393,#1394,#1395,#1396,#1397,#1398,#1399,
    #1400,#1401,#1402,#1403,#1404,#1405,#1406,#1407,#1408,#1409,#1410,
    #1411,#1412,#1413,#1414,#1415,#1416,#1417,#1418,#1419,#1420,#1421,
    #1422,#1423,#1424,#1425,#1426,#1427,#1428,#1429,#1430,#1431,#1432,
    #1433,#1434,#1435,#1436,#1437,#1438,#1439,#1440,#1441,#1442,#1443,
    #1444,#1445,#1446,#1447,#1448,#1449,#1450,#1451,#1452,#1453,#1454,
    #1455,#1456,#1457,#1458,#1459,#1460,#1461,#1462,#1463,#1464,#1465,
    #1466,#1467,#1468,#1469,#1470),.UNSPECIFIED.,.T.,.F.,(8,6,6,6,6,6,6,
    6,6,6,6,6,6,6,6,6,8),(0.,0.138809971823,0.274709721088,
    0.392951922429,0.468597066668,0.60875124313,0.719605703057,
    0.839752145039,1.,1.118615220179,1.2917135373,1.389494437017,
    1.497397489642,1.611805288517,1.727025424368,1.941190468611,
    2.091617275108),.UNSPECIFIED.);
#1373 = CARTESIAN_POINT('',(6.,-10.4154629673,1.7763568394E-15));
#1374 = CARTESIAN_POINT('',(6.,-10.43453847482,-0.36738516699));
#1375 = CARTESIAN_POINT('',(5.973755195951,-10.45770161289,
    -0.734355516648));
#1376 = CARTESIAN_POINT('',(5.921373841412,-10.48453147859,
    -1.098575049571));
#1377 = CARTESIAN_POINT('',(5.84323645266,-10.51433412989,
    -1.457862551123));
#1378 = CARTESIAN_POINT('',(5.739911907287,-10.54619547804,
    -1.810169814535));
#1379 = CARTESIAN_POINT('',(5.612107987188,-10.57904215477,
    -2.153563177011));
#1380 = CARTESIAN_POINT('',(5.312380005909,-10.64369364821,
    -2.811879482887));
#1381 = CARTESIAN_POINT('',(5.141438799972,-10.67550543747,
    -3.127244910307));
#1382 = CARTESIAN_POINT('',(4.948592597439,-10.70605637348,
    -3.430624502211));
#1383 = CARTESIAN_POINT('',(4.734739191942,-10.73416372753,
    -3.72033418064));
#1384 = CARTESIAN_POINT('',(4.500942805777,-10.7586012191,-3.99469547597
    ));
#1385 = CARTESIAN_POINT('',(4.248486063551,-10.77816550275,
    -4.252064288538));
#1386 = CARTESIAN_POINT('',(3.744426443396,-10.80358687147,
    -4.698664116943));
#1387 = CARTESIAN_POINT('',(3.496950381941,-10.81089602588,
    -4.892425357767));
#1388 = CARTESIAN_POINT('',(3.237648522622,-10.81295762672,
    -5.071042876989));
#1389 = CARTESIAN_POINT('',(2.967807908332,-10.80911861719,
    -5.233526139496));
#1390 = CARTESIAN_POINT('',(2.688874545735,-10.79884305641,
    -5.379022740902));
#1391 = CARTESIAN_POINT('',(2.402471292317,-10.78176015295,
    -5.506855829588));
#1392 = CARTESIAN_POINT('',(1.923598084848,-10.74233924157,
    -5.686792161342));
#1393 = CARTESIAN_POINT('',(1.734433448402,-10.72410945914,
    -5.749596062065));
#1394 = CARTESIAN_POINT('',(1.543405439652,-10.70298826257,
    -5.804888932636));
#1395 = CARTESIAN_POINT('',(1.350976244019,-10.67896696768,
    -5.852610084647));
#1396 = CARTESIAN_POINT('',(1.157600019883,-10.65206913321,
    -5.892746059066));
#1397 = CARTESIAN_POINT('',(0.963721577344,-10.62234978837,
    -5.925325769611));
#1398 = CARTESIAN_POINT('',(0.410433884349,-10.52976229129,
    -5.996901788959));
#1399 = CARTESIAN_POINT('',(5.084114859543E-02,-10.46023535541,
    -6.017679644572));
#1400 = CARTESIAN_POINT('',(-0.30628770677,-10.38184870629,
    -6.013178209787));
#1401 = CARTESIAN_POINT('',(-0.658713267736,-10.29542886667,
    -5.984309902878));
#1402 = CARTESIAN_POINT('',(-1.004610528457,-10.20198876349,
    -5.932163630394));
#1403 = CARTESIAN_POINT('',(-1.342521952523,-10.10264647336,
    -5.857886515978));
#1404 = CARTESIAN_POINT('',(-1.931375573441,-9.916242055221,
    -5.687100145169));
#1405 = CARTESIAN_POINT('',(-2.185743353708,-9.830950446609,
    -5.598481134627));
#1406 = CARTESIAN_POINT('',(-2.433929490692,-9.743242853365,
    -5.497164774129));
#1407 = CARTESIAN_POINT('',(-2.675510460313,-9.653701465634,
    -5.383600735883));
#1408 = CARTESIAN_POINT('',(-2.910118795676,-9.562930657273,
    -5.258180224326));
#1409 = CARTESIAN_POINT('',(-3.137429325419,-9.471555015598,
    -5.12121193927));
#1410 = CARTESIAN_POINT('',(-3.595272377524,-9.281234760614,
    -4.812126952078));
#1411 = CARTESIAN_POINT('',(-3.824401662649,-9.182329371836,
    -4.638077840285));
#1412 = CARTESIAN_POINT('',(-4.044205118371,-9.084312836985,
    -4.450962954184));
#1413 = CARTESIAN_POINT('',(-4.254205856374,-8.988095302834,
    -4.250945851741));
#1414 = CARTESIAN_POINT('',(-4.453809372651,-8.894703144274,
    -4.03815827439));
#1415 = CARTESIAN_POINT('',(-4.642310196644,-8.805276302128,
    -3.812712935958));
#1416 = CARTESIAN_POINT('',(-5.054363088417,-8.608712711992,
    -3.257245413452));
#1417 = CARTESIAN_POINT('',(-5.268875689165,-8.505501695045,-2.917081509
    ));
#1418 = CARTESIAN_POINT('',(-5.459857497001,-8.414622498641,
    -2.554987133141));
#1419 = CARTESIAN_POINT('',(-5.624138346862,-8.339672774082,
    -2.172530896812));
#1420 = CARTESIAN_POINT('',(-5.758440690693,-8.284310448383,
    -1.772390296277));
#1421 = CARTESIAN_POINT('',(-5.85958261373,-8.251134452921,
    -1.358788743402));
#1422 = CARTESIAN_POINT('',(-5.975399171331,-8.232459442482,
    -0.627520422446));
#1423 = CARTESIAN_POINT('',(-6.005729687165,-8.236810614241,
    -0.312732675407));
#1424 = CARTESIAN_POINT('',(-6.016514752616,-8.253581777589,
    2.956889176464E-03));
#1425 = CARTESIAN_POINT('',(-6.007888557489,-8.282155089725,
    0.317121160884));
#1426 = CARTESIAN_POINT('',(-5.980398949408,-8.321385090754,
    0.627708040828));
#1427 = CARTESIAN_POINT('',(-5.934861632979,-8.369888466664,
    0.932993835336));
#1428 = CARTESIAN_POINT('',(-5.780868688415,-8.508402880529,
    1.667255560678));
#1429 = CARTESIAN_POINT('',(-5.653148738346,-8.607221106176,
    2.08850119113));
#1430 = CARTESIAN_POINT('',(-5.491729341111,-8.718495068182,
    2.492845445931));
#1431 = CARTESIAN_POINT('',(-5.299023079196,-8.838152339447,
    2.87851966881));
#1432 = CARTESIAN_POINT('',(-5.077055231494,-8.962767607951,
    3.244047932193));
#1433 = CARTESIAN_POINT('',(-4.827463579654,-9.089537918644,
    3.588249935469));
#1434 = CARTESIAN_POINT('',(-4.394874664509,-9.287804711055,
    4.091759481753));
#1435 = CARTESIAN_POINT('',(-4.230236441237,-9.359313457087,
    4.266257144645));
#1436 = CARTESIAN_POINT('',(-4.057338562371,-9.430328812775,
    4.433228045858));
#1437 = CARTESIAN_POINT('',(-3.87641389254,-9.500443492022,
    4.592347626863));
#1438 = CARTESIAN_POINT('',(-3.687714688535,-9.569275962462,
    4.74324750679));
#1439 = CARTESIAN_POINT('',(-3.491523472629,-9.636470905164,
    4.885526662596));
#1440 = CARTESIAN_POINT('',(-3.063752818526,-9.773680841748,
    5.165790969626));
#1441 = CARTESIAN_POINT('',(-2.830615545476,-9.843266824878,
    5.301804635924));
#1442 = CARTESIAN_POINT('',(-2.589215021004,-9.910007684022,
    5.426216047185));
#1443 = CARTESIAN_POINT('',(-2.340103060264,-9.973489508952,
    5.538399372273));
#1444 = CARTESIAN_POINT('',(-2.083936990834,-10.03334315167,
    5.637715929049));
#1445 = CARTESIAN_POINT('',(-1.821499706749,-10.08925527846,
    5.723547587952));
#1446 = CARTESIAN_POINT('',(-1.269804143009,-10.19582644304,
    5.871456500725));
#1447 = CARTESIAN_POINT('',(-0.979837127211,-10.24597442223,
    5.93180229785));
#1448 = CARTESIAN_POINT('',(-0.684994587184,-10.29111948851,
    5.975686386615));
#1449 = CARTESIAN_POINT('',(-0.386543183671,-10.33106900305,
    6.002551006729));
#1450 = CARTESIAN_POINT('',(-8.584483462102E-02,-10.3657478866,
    6.011977311571));
#1451 = CARTESIAN_POINT('',(0.215641596921,-10.39520085045,
    6.003715833827));
#1452 = CARTESIAN_POINT('',(0.819209625046,-10.44415804232,
    5.951579542762));
#1453 = CARTESIAN_POINT('',(1.121346746476,-10.46359547118,5.90744657335
    ));
#1454 = CARTESIAN_POINT('',(1.421195487168,-10.4780712077,5.845299077418
    ));
#1455 = CARTESIAN_POINT('',(1.717259735802,-10.48788702259,
    5.765302750461));
#1456 = CARTESIAN_POINT('',(2.00811471155,-10.49345200145,5.667789711611
    ));
#1457 = CARTESIAN_POINT('',(2.292404901742,-10.49525701358,
    5.553237963046));
#1458 = CARTESIAN_POINT('',(3.082681074016,-10.4912405343,5.178838029775
    ));
#1459 = CARTESIAN_POINT('',(3.569378277308,-10.47753822327,
    4.878701554905));
#1460 = CARTESIAN_POINT('',(4.021188519537,-10.45627750785,
    4.525648363093));
#1461 = CARTESIAN_POINT('',(4.431559291927,-10.43160301409,
    4.124608680656));
#1462 = CARTESIAN_POINT('',(4.794781267347,-10.40775153729,3.68123923704
    ));
#1463 = CARTESIAN_POINT('',(5.105931860171,-10.38852777285,
    3.201946889644));
#1464 = CARTESIAN_POINT('',(5.540371398191,-10.36827212897,
    2.337442650004));
#1465 = CARTESIAN_POINT('',(5.69204967531,-10.36352743313,1.966606973281
    ));
#1466 = CARTESIAN_POINT('',(5.814696412576,-10.36333763433,
    1.584371067856));
#1467 = CARTESIAN_POINT('',(5.907283558391,-10.36836836312,1.19359743171
    ));
#1468 = CARTESIAN_POINT('',(5.969148555234,-10.37889902763,
    0.797237287324));
#1469 = CARTESIAN_POINT('',(6.,-10.39478092142,0.398326328588));
#1470 = CARTESIAN_POINT('',(6.,-10.4154629673,1.554312234475E-15));
#1471 = PCURVE('',#32,#1472);
#1472 = DEFINITIONAL_REPRESENTATION('',(#1473),#1609);
#1473 = B_SPLINE_CURVE_WITH_KNOTS('',3,(#1474,#1475,#1476,#1477,#1478,
    #1479,#1480,#1481,#1482,#1483,#1484,#1485,#1486,#1487,#1488,#1489,
    #1490,#1491,#1492,#1493,#1494,#1495,#1496,#1497,#1498,#1499,#1500,
    #1501,#1502,#1503,#1504,#1505,#1506,#1507,#1508,#1509,#1510,#1511,
    #1512,#1513,#1514,#1515,#1516,#1517,#1518,#1519,#1520,#1521,#1522,
    #1523,#1524,#1525,#1526,#1527,#1528,#1529,#1530,#1531,#1532,#1533,
    #1534,#1535,#1536,#1537,#1538,#1539,#1540,#1541,#1542,#1543,#1544,
    #1545,#1546,#1547,#1548,#1549,#1550,#1551,#1552,#1553,#1554,#1555,
    #1556,#1557,#1558,#1559,#1560,#1561,#1562,#1563,#1564,#1565,#1566,
    #1567,#1568,#1569,#1570,#1571,#1572,#1573,#1574,#1575,#1576,#1577,
    #1578,#1579,#1580,#1581,#1582,#1583,#1584,#1585,#1586,#1587,#1588,
    #1589,#1590,#1591,#1592,#1593,#1594,#1595,#1596,#1597,#1598,#1599,
    #1600,#1601,#1602,#1603,#1604,#1605,#1606,#1607,#1608),
  .UNSPECIFIED.,.T.,.F.,(4,1,1,1,1,1,1,1,1,1,1,1,1,1,1,1,1,1,1,1,1,1,1,1
    ,1,1,1,1,1,1,1,1,1,1,1,1,1,1,1,1,1,1,1,1,1,1,1,1,1,1,1,1,1,1,1,1,1,1
    ,1,1,1,1,1,1,1,1,1,1,1,1,1,1,1,1,1,1,1,1,1,1,1,1,1,1,1,1,1,1,1,1,1,1
    ,1,1,1,1,1,1,1,1,1,1,1,1,1,1,1,1,1,1,1,1,1,1,1,1,1,1,1,1,1,1,1,1,1,1
    ,1,1,1,1,1,1,4),(0.,1.584558541748E-02,3.169117083496E-02,
    4.753675625245E-02,6.338234166993E-02,7.922792708741E-02,
    9.507351250489E-02,0.110919097922,0.12676468334,0.142610268757,
    0.158455854175,0.174301439592,0.19014702501,0.205992610427,
    0.221838195845,0.237683781262,0.25352936668,0.269374952097,
    0.285220537515,0.301066122932,0.31691170835,0.332757293767,
    0.348602879185,0.364448464602,0.38029405002,0.396139635437,
    0.411985220855,0.427830806272,0.443676391689,0.459521977107,
    0.475367562524,0.491213147942,0.507058733359,0.522904318777,
    0.538749904194,0.554595489612,0.570441075029,0.586286660447,
    0.602132245864,0.617977831282,0.633823416699,0.649669002117,
    0.665514587534,0.681360172952,0.697205758369,0.713051343787,
    0.728896929204,0.744742514622,0.760588100039,0.776433685457,
    0.792279270874,0.808124856292,0.823970441709,0.839816027127,
    0.855661612544,0.871507197961,0.887352783379,0.903198368796,
    0.919043954214,0.934889539631,0.950735125049,0.966580710466,
    0.982426295884,0.998271881301,1.014117466719,1.029963052136,
    1.045808637554,1.061654222971,1.077499808389,1.093345393806,
    1.109190979224,1.125036564641,1.140882150059,1.156727735476,
    1.172573320894,1.188418906311,1.204264491729,1.220110077146,
    1.235955662564,1.251801247981,1.267646833399,1.283492418816,
    1.299338004233,1.315183589651,1.331029175068,1.346874760486,
    1.362720345903,1.378565931321,1.394411516738,1.410257102156,
    1.426102687573,1.441948272991,1.457793858408,1.473639443826,
    1.489485029243,1.505330614661,1.521176200078,1.537021785496,
    1.552867370913,1.568712956331,1.584558541748,1.600404127166,
    1.616249712583,1.632095298001,1.647940883418,1.663786468836,
    1.679632054253,1.695477639671,1.711323225088,1.727168810506,
    1.743014395923,1.75885998134,1.774705566758,1.790551152175,
    1.806396737593,1.82224232301,1.838087908428,1.853933493845,
    1.869779079263,1.88562466468,1.901470250098,1.917315835515,
    1.933161420933,1.94900700635,1.964852591768,1.980698177185,
    1.996543762603,2.01238934802,2.028234933438,2.044080518855,
    2.059926104273,2.07577168969,2.091617275108),.QUASI_UNIFORM_KNOTS.);
#1474 = CARTESIAN_POINT('',(0.785000568049,0.118360344515));
#1475 = CARTESIAN_POINT('',(0.784847157329,0.119003857525));
#1476 = CARTESIAN_POINT('',(0.784485700878,0.120290343824));
#1477 = CARTESIAN_POINT('',(0.783781932776,0.12221387765));
#1478 = CARTESIAN_POINT('',(0.782918745945,0.124126587203));
#1479 = CARTESIAN_POINT('',(0.781898854263,0.126024026502));
#1480 = CARTESIAN_POINT('',(0.780725266243,0.127901861153));
#1481 = CARTESIAN_POINT('',(0.779401291051,0.129755879601));
#1482 = CARTESIAN_POINT('',(0.777930478938,0.131581982299));
#1483 = CARTESIAN_POINT('',(0.776316582495,0.1333761783));
#1484 = CARTESIAN_POINT('',(0.774563522235,0.135134575758));
#1485 = CARTESIAN_POINT('',(0.77267534017,0.136853389923));
#1486 = CARTESIAN_POINT('',(0.770656137638,0.138528950395));
#1487 = CARTESIAN_POINT('',(0.768510205215,0.140157575609));
#1488 = CARTESIAN_POINT('',(0.766242013112,0.14173559493));
#1489 = CARTESIAN_POINT('',(0.763856224606,0.143259352435));
#1490 = CARTESIAN_POINT('',(0.761357712465,0.144725216428));
#1491 = CARTESIAN_POINT('',(0.758751571475,0.146129594019));
#1492 = CARTESIAN_POINT('',(0.756043177253,0.147468929301));
#1493 = CARTESIAN_POINT('',(0.753238100064,0.148739771651));
#1494 = CARTESIAN_POINT('',(0.750342456555,0.149938651721));
#1495 = CARTESIAN_POINT('',(0.747363182501,0.151062076247));
#1496 = CARTESIAN_POINT('',(0.744307393316,0.152106856586));
#1497 = CARTESIAN_POINT('',(0.741182555303,0.153070056217));
#1498 = CARTESIAN_POINT('',(0.737996495811,0.153949030635));
#1499 = CARTESIAN_POINT('',(0.734757402104,0.154741462492));
#1500 = CARTESIAN_POINT('',(0.731474080972,0.155445356192));
#1501 = CARTESIAN_POINT('',(0.728155173037,0.156059245888));
#1502 = CARTESIAN_POINT('',(0.724809514899,0.156582105345));
#1503 = CARTESIAN_POINT('',(0.721445904647,0.157013393115));
#1504 = CARTESIAN_POINT('',(0.718072911445,0.157353059486));
#1505 = CARTESIAN_POINT('',(0.714699014631,0.157601498322));
#1506 = CARTESIAN_POINT('',(0.711332309094,0.157759544922));
#1507 = CARTESIAN_POINT('',(0.707980328171,0.157828425158));
#1508 = CARTESIAN_POINT('',(0.704650016728,0.157809679025));
#1509 = CARTESIAN_POINT('',(0.701347786388,0.157705089128));
#1510 = CARTESIAN_POINT('',(0.698079566378,0.157516617098));
#1511 = CARTESIAN_POINT('',(0.694850845733,0.157246346765));
#1512 = CARTESIAN_POINT('',(0.69166671824,0.156896433965));
#1513 = CARTESIAN_POINT('',(0.688531893499,0.156469053827));
#1514 = CARTESIAN_POINT('',(0.685450813935,0.155966371573));
#1515 = CARTESIAN_POINT('',(0.682427141263,0.155390392605));
#1516 = CARTESIAN_POINT('',(0.679464418105,0.154742990967));
#1517 = CARTESIAN_POINT('',(0.676566210936,0.154025915987));
#1518 = CARTESIAN_POINT('',(0.673736097674,0.153240766429));
#1519 = CARTESIAN_POINT('',(0.670977706605,0.152388969326));
#1520 = CARTESIAN_POINT('',(0.668294745516,0.151471756442));
#1521 = CARTESIAN_POINT('',(0.665691033542,0.150490124926));
#1522 = CARTESIAN_POINT('',(0.663171181125,0.149445091964));
#1523 = CARTESIAN_POINT('',(0.660739455793,0.148337218854));
#1524 = CARTESIAN_POINT('',(0.658401001379,0.147167055578));
#1525 = CARTESIAN_POINT('',(0.656161579796,0.145935069762));
#1526 = CARTESIAN_POINT('',(0.654027644725,0.144641697928));
#1527 = CARTESIAN_POINT('',(0.652006225584,0.143287274242));
#1528 = CARTESIAN_POINT('',(0.650105260791,0.141872310025));
#1529 = CARTESIAN_POINT('',(0.648332341615,0.140396475647));
#1530 = CARTESIAN_POINT('',(0.646697110241,0.138860409371));
#1531 = CARTESIAN_POINT('',(0.645210704559,0.137266000408));
#1532 = CARTESIAN_POINT('',(0.643884291598,0.135615455331));
#1533 = CARTESIAN_POINT('',(0.642729120273,0.133911627582));
#1534 = CARTESIAN_POINT('',(0.641756117546,0.132158019285));
#1535 = CARTESIAN_POINT('',(0.640975549599,0.130358881786));
#1536 = CARTESIAN_POINT('',(0.640396602933,0.128519308904));
#1537 = CARTESIAN_POINT('',(0.640026917156,0.126645329674));
#1538 = CARTESIAN_POINT('',(0.639872067466,0.124744089149));
#1539 = CARTESIAN_POINT('',(0.639934959096,0.122823766453));
#1540 = CARTESIAN_POINT('',(0.640215411007,0.120893032947));
#1541 = CARTESIAN_POINT('',(0.640710196518,0.118960351411));
#1542 = CARTESIAN_POINT('',(0.641413544985,0.11703338605));
#1543 = CARTESIAN_POINT('',(0.642317609323,0.115119187225));
#1544 = CARTESIAN_POINT('',(0.643412894577,0.113224190715));
#1545 = CARTESIAN_POINT('',(0.644688703828,0.111354202957));
#1546 = CARTESIAN_POINT('',(0.646133357286,0.109514621755));
#1547 = CARTESIAN_POINT('',(0.647735071569,0.107709735449));
#1548 = CARTESIAN_POINT('',(0.649483738409,0.105941673335));
#1549 = CARTESIAN_POINT('',(0.651369480418,0.104212655539));
#1550 = CARTESIAN_POINT('',(0.653382984503,0.102524637214));
#1551 = CARTESIAN_POINT('',(0.655515492833,0.100879435375));
#1552 = CARTESIAN_POINT('',(0.657758869671,9.927872167637E-02));
#1553 = CARTESIAN_POINT('',(0.660105639617,9.77240461719E-02));
#1554 = CARTESIAN_POINT('',(0.662549016099,9.621685532226E-02));
#1555 = CARTESIAN_POINT('',(0.66508296901,9.475849294194E-02));
#1556 = CARTESIAN_POINT('',(0.667702136975,9.335027274685E-02));
#1557 = CARTESIAN_POINT('',(0.670402332984,9.199328585259E-02));
#1558 = CARTESIAN_POINT('',(0.673177783407,9.068973032322E-02));
#1559 = CARTESIAN_POINT('',(0.67602401137,8.944135538639E-02));
#1560 = CARTESIAN_POINT('',(0.678936584518,8.825012871627E-02));
#1561 = CARTESIAN_POINT('',(0.681911155236,8.711816477633E-02));
#1562 = CARTESIAN_POINT('',(0.684943401728,8.604772127844E-02));
#1563 = CARTESIAN_POINT('',(0.688029040761,8.504116078017E-02));
#1564 = CARTESIAN_POINT('',(0.691163627853,8.41009902725E-02));
#1565 = CARTESIAN_POINT('',(0.694342394197,8.322985999601E-02));
#1566 = CARTESIAN_POINT('',(0.697560393712,8.243046619159E-02));
#1567 = CARTESIAN_POINT('',(0.70081243334,8.170553319214E-02));
#1568 = CARTESIAN_POINT('',(0.704093049782,8.10577729508E-02));
#1569 = CARTESIAN_POINT('',(0.707396475255,8.048984750306E-02));
#1570 = CARTESIAN_POINT('',(0.71071657815,8.000432633805E-02));
#1571 = CARTESIAN_POINT('',(0.714047176299,7.960360609672E-02));
#1572 = CARTESIAN_POINT('',(0.717381171477,7.928996261401E-02));
#1573 = CARTESIAN_POINT('',(0.720711509759,7.906536572545E-02));
#1574 = CARTESIAN_POINT('',(0.724030997062,7.893149203244E-02));
#1575 = CARTESIAN_POINT('',(0.727332298345,7.888969347176E-02));
#1576 = CARTESIAN_POINT('',(0.730607955858,7.894097554994E-02));
#1577 = CARTESIAN_POINT('',(0.733850149059,7.908594888425E-02));
#1578 = CARTESIAN_POINT('',(0.737051612765,7.932485390473E-02));
#1579 = CARTESIAN_POINT('',(0.740204804956,7.965753730582E-02));
#1580 = CARTESIAN_POINT('',(0.743302393582,8.008346518777E-02));
#1581 = CARTESIAN_POINT('',(0.746337312817,8.060176050413E-02));
#1582 = CARTESIAN_POINT('',(0.749302699792,8.121122090562E-02));
#1583 = CARTESIAN_POINT('',(0.752191868147,8.191033412946E-02));
#1584 = CARTESIAN_POINT('',(0.754998297862,8.269729499386E-02));
#1585 = CARTESIAN_POINT('',(0.757715566502,8.356999067661E-02));
#1586 = CARTESIAN_POINT('',(0.760337858163,8.452619619116E-02));
#1587 = CARTESIAN_POINT('',(0.762859572953,8.556352738071E-02));
#1588 = CARTESIAN_POINT('',(0.765275254008,8.667943257082E-02));
#1589 = CARTESIAN_POINT('',(0.76757958705,8.787120760066E-02));
#1590 = CARTESIAN_POINT('',(0.769767389044,8.913600185334E-02));
#1591 = CARTESIAN_POINT('',(0.77183360802,9.047082408364E-02));
#1592 = CARTESIAN_POINT('',(0.773773327811,9.18725458092E-02));
#1593 = CARTESIAN_POINT('',(0.775581778995,9.333790298289E-02));
#1594 = CARTESIAN_POINT('',(0.77725435536,9.486349587943E-02));
#1595 = CARTESIAN_POINT('',(0.778786635401,9.644578729971E-02));
#1596 = CARTESIAN_POINT('',(0.78017440938,9.808109927767E-02));
#1597 = CARTESIAN_POINT('',(0.78141370807,9.976560795263E-02));
#1598 = CARTESIAN_POINT('',(0.782500845713,0.10149533825));
#1599 = CARTESIAN_POINT('',(0.783432509368,0.103266289474));
#1600 = CARTESIAN_POINT('',(0.784205549882,0.105073891602));
#1601 = CARTESIAN_POINT('',(0.784817403434,0.106913577965));
#1602 = CARTESIAN_POINT('',(0.785266024687,0.108780695736));
#1603 = CARTESIAN_POINT('',(0.785549915948,0.110670533119));
#1604 = CARTESIAN_POINT('',(0.785668127426,0.112578314851));
#1605 = CARTESIAN_POINT('',(0.785620292698,0.114499202506));
#1606 = CARTESIAN_POINT('',(0.785406565784,0.116428302015));
#1607 = CARTESIAN_POINT('',(0.785154141132,0.117716522096));
#1608 = CARTESIAN_POINT('',(0.785000568049,0.118360344515));
#1609 = ( GEOMETRIC_REPRESENTATION_CONTEXT(2) 
PARAMETRIC_REPRESENTATION_CONTEXT() REPRESENTATION_CONTEXT('2D SPACE',''
  ) );
#1610 = PCURVE('',#1611,#1616);
#1611 = CYLINDRICAL_SURFACE('',#1612,6.);
#1612 = AXIS2_PLACEMENT_3D('',#1613,#1614,#1615);
#1613 = CARTESIAN_POINT('',(0.,20.,-4.440892098501E-15));
#1614 = DIRECTION('',(0.,-1.,2.22044604925E-16));
#1615 = DIRECTION('',(1.,0.,0.));
#1616 = DEFINITIONAL_REPRESENTATION('',(#1617),#1753);
#1617 = B_SPLINE_CURVE_WITH_KNOTS('',3,(#1618,#1619,#1620,#1621,#1622,
    #1623,#1624,#1625,#1626,#1627,#1628,#1629,#1630,#1631,#1632,#1633,
    #1634,#1635,#1636,#1637,#1638,#1639,#1640,#1641,#1642,#1643,#1644,
    #1645,#1646,#1647,#1648,#1649,#1650,#1651,#1652,#1653,#1654,#1655,
    #1656,#1657,#1658,#1659,#1660,#1661,#1662,#1663,#1664,#1665,#1666,
    #1667,#1668,#1669,#1670,#1671,#1672,#1673,#1674,#1675,#1676,#1677,
    #1678,#1679,#1680,#1681,#1682,#1683,#1684,#1685,#1686,#1687,#1688,
    #1689,#1690,#1691,#1692,#1693,#1694,#1695,#1696,#1697,#1698,#1699,
    #1700,#1701,#1702,#1703,#1704,#1705,#1706,#1707,#1708,#1709,#1710,
    #1711,#1712,#1713,#1714,#1715,#1716,#1717,#1718,#1719,#1720,#1721,
    #1722,#1723,#1724,#1725,#1726,#1727,#1728,#1729,#1730,#1731,#1732,
    #1733,#1734,#1735,#1736,#1737,#1738,#1739,#1740,#1741,#1742,#1743,
    #1744,#1745,#1746,#1747,#1748,#1749,#1750,#1751,#1752),
  .UNSPECIFIED.,.F.,.F.,(4,1,1,1,1,1,1,1,1,1,1,1,1,1,1,1,1,1,1,1,1,1,1,1
    ,1,1,1,1,1,1,1,1,1,1,1,1,1,1,1,1,1,1,1,1,1,1,1,1,1,1,1,1,1,1,1,1,1,1
    ,1,1,1,1,1,1,1,1,1,1,1,1,1,1,1,1,1,1,1,1,1,1,1,1,1,1,1,1,1,1,1,1,1,1
    ,1,1,1,1,1,1,1,1,1,1,1,1,1,1,1,1,1,1,1,1,1,1,1,1,1,1,1,1,1,1,1,1,1,1
    ,1,1,1,1,1,1,4),(0.,1.584558541748E-02,3.169117083496E-02,
    4.753675625245E-02,6.338234166993E-02,7.922792708741E-02,
    9.507351250489E-02,0.110919097922,0.12676468334,0.142610268757,
    0.158455854175,0.174301439592,0.19014702501,0.205992610427,
    0.221838195845,0.237683781262,0.25352936668,0.269374952097,
    0.285220537515,0.301066122932,0.31691170835,0.332757293767,
    0.348602879185,0.364448464602,0.38029405002,0.396139635437,
    0.411985220855,0.427830806272,0.443676391689,0.459521977107,
    0.475367562524,0.491213147942,0.507058733359,0.522904318777,
    0.538749904194,0.554595489612,0.570441075029,0.586286660447,
    0.602132245864,0.617977831282,0.633823416699,0.649669002117,
    0.665514587534,0.681360172952,0.697205758369,0.713051343787,
    0.728896929204,0.744742514622,0.760588100039,0.776433685457,
    0.792279270874,0.808124856292,0.823970441709,0.839816027127,
    0.855661612544,0.871507197961,0.887352783379,0.903198368796,
    0.919043954214,0.934889539631,0.950735125049,0.966580710466,
    0.982426295884,0.998271881301,1.014117466719,1.029963052136,
    1.045808637554,1.061654222971,1.077499808389,1.093345393806,
    1.109190979224,1.125036564641,1.140882150059,1.156727735476,
    1.172573320894,1.188418906311,1.204264491729,1.220110077146,
    1.235955662564,1.251801247981,1.267646833399,1.283492418816,
    1.299338004233,1.315183589651,1.331029175068,1.346874760486,
    1.362720345903,1.378565931321,1.394411516738,1.410257102156,
    1.426102687573,1.441948272991,1.457793858408,1.473639443826,
    1.489485029243,1.505330614661,1.521176200078,1.537021785496,
    1.552867370913,1.568712956331,1.584558541748,1.600404127166,
    1.616249712583,1.632095298001,1.647940883418,1.663786468836,
    1.679632054253,1.695477639671,1.711323225088,1.727168810506,
    1.743014395923,1.75885998134,1.774705566758,1.790551152175,
    1.806396737593,1.82224232301,1.838087908428,1.853933493845,
    1.869779079263,1.88562466468,1.901470250098,1.917315835515,
    1.933161420933,1.94900700635,1.964852591768,1.980698177185,
    1.996543762603,2.01238934802,2.028234933438,2.044080518855,
    2.059926104273,2.07577168969,2.091617275108),.QUASI_UNIFORM_KNOTS.);
#1618 = CARTESIAN_POINT('',(6.28318530718,30.415462967301));
#1619 = CARTESIAN_POINT('',(6.266875815041,30.420540884792));
#1620 = CARTESIAN_POINT('',(6.234270263258,30.431453829731));
#1621 = CARTESIAN_POINT('',(6.185402414354,30.44990462235));
#1622 = CARTESIAN_POINT('',(6.136576131271,30.470260242251));
#1623 = CARTESIAN_POINT('',(6.087789330906,30.492297217933));
#1624 = CARTESIAN_POINT('',(6.039038293668,30.515764853726));
#1625 = CARTESIAN_POINT('',(5.990317603248,30.540383598344));
#1626 = CARTESIAN_POINT('',(5.941620446671,30.565849240747));
#1627 = CARTESIAN_POINT('',(5.892938723483,30.591835661241));
#1628 = CARTESIAN_POINT('',(5.844263286821,30.617998067941));
#1629 = CARTESIAN_POINT('',(5.795583686188,30.643976238928));
#1630 = CARTESIAN_POINT('',(5.746887765547,30.669397566133));
#1631 = CARTESIAN_POINT('',(5.698165291643,30.693878328261));
#1632 = CARTESIAN_POINT('',(5.649407583451,30.717026931828));
#1633 = CARTESIAN_POINT('',(5.60060772607,30.738447152272));
#1634 = CARTESIAN_POINT('',(5.551760746459,30.757741632394));
#1635 = CARTESIAN_POINT('',(5.502863711466,30.774515617173));
#1636 = CARTESIAN_POINT('',(5.453916607338,30.788380751544));
#1637 = CARTESIAN_POINT('',(5.404920668173,30.798959655735));
#1638 = CARTESIAN_POINT('',(5.3558843057,30.805889207265));
#1639 = CARTESIAN_POINT('',(5.306826653946,30.808827318191));
#1640 = CARTESIAN_POINT('',(5.257766460948,30.807460798059));
#1641 = CARTESIAN_POINT('',(5.208725338294,30.801509522603));
#1642 = CARTESIAN_POINT('',(5.159727987603,30.790731847724));
#1643 = CARTESIAN_POINT('',(5.110802383624,30.774929476558));
#1644 = CARTESIAN_POINT('',(5.061983755902,30.753954496816));
#1645 = CARTESIAN_POINT('',(5.013303183103,30.727709028056));
#1646 = CARTESIAN_POINT('',(4.96479364435,30.696148809217));
#1647 = CARTESIAN_POINT('',(4.916487048373,30.659283404859));
#1648 = CARTESIAN_POINT('',(4.868412068734,30.617173493453));
#1649 = CARTESIAN_POINT('',(4.820596666238,30.569931476581));
#1650 = CARTESIAN_POINT('',(4.773064329862,30.517715791474));
#1651 = CARTESIAN_POINT('',(4.725832006038,30.460723952908));
#1652 = CARTESIAN_POINT('',(4.678909993318,30.399186819322));
#1653 = CARTESIAN_POINT('',(4.632302822825,30.333364104277));
#1654 = CARTESIAN_POINT('',(4.586009924952,30.26354023108));
#1655 = CARTESIAN_POINT('',(4.54002605079,30.1900203449));
#1656 = CARTESIAN_POINT('',(4.494341634317,30.113126794323));
#1657 = CARTESIAN_POINT('',(4.448942557225,30.033194998724));
#1658 = CARTESIAN_POINT('',(4.40381139162,29.950572702427));
#1659 = CARTESIAN_POINT('',(4.358919174277,29.865601676267));
#1660 = CARTESIAN_POINT('',(4.314234098256,29.778630847335));
#1661 = CARTESIAN_POINT('',(4.269722912582,29.690018904287));
#1662 = CARTESIAN_POINT('',(4.225349961641,29.600132574536));
#1663 = CARTESIAN_POINT('',(4.181076853533,29.509346502112));
#1664 = CARTESIAN_POINT('',(4.136861897874,29.418043110834));
#1665 = CARTESIAN_POINT('',(4.092659248065,29.326612298075));
#1666 = CARTESIAN_POINT('',(4.048429668867,29.235475753689));
#1667 = CARTESIAN_POINT('',(4.004119766255,29.145046256385));
#1668 = CARTESIAN_POINT('',(3.959681575537,29.055770749118));
#1669 = CARTESIAN_POINT('',(3.915067725798,28.968122560057));
#1670 = CARTESIAN_POINT('',(3.870232336366,28.882604568212));
#1671 = CARTESIAN_POINT('',(3.825127766774,28.799744402372));
#1672 = CARTESIAN_POINT('',(3.779712541269,28.72010816639));
#1673 = CARTESIAN_POINT('',(3.73391885232,28.644245627546));
#1674 = CARTESIAN_POINT('',(3.687709499786,28.572790146235));
#1675 = CARTESIAN_POINT('',(3.641079878078,28.50643814866));
#1676 = CARTESIAN_POINT('',(3.594027155718,28.445883605044));
#1677 = CARTESIAN_POINT('',(3.546559114122,28.391815784139));
#1678 = CARTESIAN_POINT('',(3.498692915648,28.344896385452));
#1679 = CARTESIAN_POINT('',(3.450457117516,28.305738883972));
#1680 = CARTESIAN_POINT('',(3.401893607351,28.274884391894));
#1681 = CARTESIAN_POINT('',(3.353059864751,28.252775729641));
#1682 = CARTESIAN_POINT('',(3.304033882267,28.239730377573));
#1683 = CARTESIAN_POINT('',(3.254912816406,28.235909675634));
#1684 = CARTESIAN_POINT('',(3.205800873043,28.241298476503));
#1685 = CARTESIAN_POINT('',(3.156794134563,28.255705372574));
#1686 = CARTESIAN_POINT('',(3.107968432284,28.278786468141));
#1687 = CARTESIAN_POINT('',(3.059386338801,28.310071868653));
#1688 = CARTESIAN_POINT('',(3.011098850963,28.348991126469));
#1689 = CARTESIAN_POINT('',(2.96314624638,28.394899870839));
#1690 = CARTESIAN_POINT('',(2.915564629029,28.447097857091));
#1691 = CARTESIAN_POINT('',(2.868368459928,28.504870304154));
#1692 = CARTESIAN_POINT('',(2.821521645331,28.56755960338));
#1693 = CARTESIAN_POINT('',(2.774994558362,28.634517438717));
#1694 = CARTESIAN_POINT('',(2.728754265582,28.705120058698));
#1695 = CARTESIAN_POINT('',(2.682767073212,28.778770368942));
#1696 = CARTESIAN_POINT('',(2.636997611383,28.854901981611));
#1697 = CARTESIAN_POINT('',(2.591408641978,28.932981458744));
#1698 = CARTESIAN_POINT('',(2.545960688456,29.012509563497));
#1699 = CARTESIAN_POINT('',(2.500610924668,29.093022924311));
#1700 = CARTESIAN_POINT('',(2.455314445155,29.174090576038));
#1701 = CARTESIAN_POINT('',(2.410015909632,29.255327015005));
#1702 = CARTESIAN_POINT('',(2.364694157722,29.336309592812));
#1703 = CARTESIAN_POINT('',(2.319311720576,29.416667737841));
#1704 = CARTESIAN_POINT('',(2.273835804895,29.49604370593));
#1705 = CARTESIAN_POINT('',(2.228236405141,29.574095313327));
#1706 = CARTESIAN_POINT('',(2.18248641832,29.650495150049));
#1707 = CARTESIAN_POINT('',(2.136560626271,29.724931770274));
#1708 = CARTESIAN_POINT('',(2.090438036297,29.797106098748));
#1709 = CARTESIAN_POINT('',(2.044103556265,29.866730148731));
#1710 = CARTESIAN_POINT('',(1.99754520605,29.933532843633));
#1711 = CARTESIAN_POINT('',(1.950754727864,29.997260763001));
#1712 = CARTESIAN_POINT('',(1.903727541788,30.057680226269));
#1713 = CARTESIAN_POINT('',(1.856462955505,30.114579205764));
#1714 = CARTESIAN_POINT('',(1.808964826715,30.167769288274));
#1715 = CARTESIAN_POINT('',(1.7612369649,30.217092711338));
#1716 = CARTESIAN_POINT('',(1.713295517763,30.262412230396));
#1717 = CARTESIAN_POINT('',(1.665155349985,30.30362863018));
#1718 = CARTESIAN_POINT('',(1.616832803736,30.340678305284));
#1719 = CARTESIAN_POINT('',(1.568345895852,30.373534243832));
#1720 = CARTESIAN_POINT('',(1.519714254167,30.402206462567));
#1721 = CARTESIAN_POINT('',(1.470963103176,30.426740853821));
#1722 = CARTESIAN_POINT('',(1.422109781594,30.44722552864));
#1723 = CARTESIAN_POINT('',(1.373176398133,30.463782380235));
#1724 = CARTESIAN_POINT('',(1.324182840362,30.476569292664));
#1725 = CARTESIAN_POINT('',(1.275145932982,30.485777248003));
#1726 = CARTESIAN_POINT('',(1.226080474912,30.491626955344));
#1727 = CARTESIAN_POINT('',(1.176999768251,30.494365738397));
#1728 = CARTESIAN_POINT('',(1.127915897404,30.494264450687));
#1729 = CARTESIAN_POINT('',(1.078841263695,30.491614605558));
#1730 = CARTESIAN_POINT('',(1.029779362689,30.486724294604));
#1731 = CARTESIAN_POINT('',(0.980731043509,30.479914016121));
#1732 = CARTESIAN_POINT('',(0.931695877871,30.471513840904));
#1733 = CARTESIAN_POINT('',(0.882672232714,30.461860445878));
#1734 = CARTESIAN_POINT('',(0.833657629484,30.451294146945));
#1735 = CARTESIAN_POINT('',(0.784648978465,30.440155884504));
#1736 = CARTESIAN_POINT('',(0.735642811809,30.428784162665));
#1737 = CARTESIAN_POINT('',(0.686635496051,30.417511930859));
#1738 = CARTESIAN_POINT('',(0.637623442316,30.406663398325));
#1739 = CARTESIAN_POINT('',(0.588603324504,30.396550777029));
#1740 = CARTESIAN_POINT('',(0.539572306687,30.387470926636));
#1741 = CARTESIAN_POINT('',(0.490528319731,30.379701957716));
#1742 = CARTESIAN_POINT('',(0.44147027396,30.373499541088));
#1743 = CARTESIAN_POINT('',(0.392394809219,30.369093558771));
#1744 = CARTESIAN_POINT('',(0.34331129074,30.366685592858));
#1745 = CARTESIAN_POINT('',(0.294225754151,30.366443436615));
#1746 = CARTESIAN_POINT('',(0.245144068923,30.368498902531));
#1747 = CARTESIAN_POINT('',(0.196071616644,30.372945417903));
#1748 = CARTESIAN_POINT('',(0.147013857889,30.379836720374));
#1749 = CARTESIAN_POINT('',(9.797672490024E-02,30.389184160315));
#1750 = CARTESIAN_POINT('',(4.896683059592E-02,30.400961270093));
#1751 = CARTESIAN_POINT('',(1.6317415175E-02,30.410376058791));
#1752 = CARTESIAN_POINT('',(8.881784197001E-16,30.415462967301));
#1753 = ( GEOMETRIC_REPRESENTATION_CONTEXT(2) 
PARAMETRIC_REPRESENTATION_CONTEXT() REPRESENTATION_CONTEXT('2D SPACE',''
  ) );
#1754 = ADVANCED_FACE('',(#1755),#1611,.F.);
#1755 = FACE_BOUND('',#1756,.F.);
#1756 = EDGE_LOOP('',(#1757,#1758,#1781,#1803));
#1757 = ORIENTED_EDGE('',*,*,#1368,.T.);
#1758 = ORIENTED_EDGE('',*,*,#1759,.F.);
#1759 = EDGE_CURVE('',#1760,#1369,#1762,.T.);
#1760 = VERTEX_POINT('',#1761);
#1761 = CARTESIAN_POINT('',(6.,-3.5,-6.924200417392E-16));
#1762 = SEAM_CURVE('',#1763,(#1767,#1774),.PCURVE_S1.);
#1763 = LINE('',#1764,#1765);
#1764 = CARTESIAN_POINT('',(6.,20.,-5.910468257477E-15));
#1765 = VECTOR('',#1766,1.);
#1766 = DIRECTION('',(0.,-1.,2.22044604925E-16));
#1767 = PCURVE('',#1611,#1768);
#1768 = DEFINITIONAL_REPRESENTATION('',(#1769),#1773);
#1769 = LINE('',#1770,#1771);
#1770 = CARTESIAN_POINT('',(0.,-0.));
#1771 = VECTOR('',#1772,1.);
#1772 = DIRECTION('',(0.,1.));
#1773 = ( GEOMETRIC_REPRESENTATION_CONTEXT(2) 
PARAMETRIC_REPRESENTATION_CONTEXT() REPRESENTATION_CONTEXT('2D SPACE',''
  ) );
#1774 = PCURVE('',#1611,#1775);
#1775 = DEFINITIONAL_REPRESENTATION('',(#1776),#1780);
#1776 = LINE('',#1777,#1778);
#1777 = CARTESIAN_POINT('',(6.28318530718,-0.));
#1778 = VECTOR('',#1779,1.);
#1779 = DIRECTION('',(0.,1.));
#1780 = ( GEOMETRIC_REPRESENTATION_CONTEXT(2) 
PARAMETRIC_REPRESENTATION_CONTEXT() REPRESENTATION_CONTEXT('2D SPACE',''
  ) );
#1781 = ORIENTED_EDGE('',*,*,#1782,.T.);
#1782 = EDGE_CURVE('',#1760,#1760,#1783,.T.);
#1783 = SURFACE_CURVE('',#1784,(#1789,#1796),.PCURVE_S1.);
#1784 = CIRCLE('',#1785,6.);
#1785 = AXIS2_PLACEMENT_3D('',#1786,#1787,#1788);
#1786 = CARTESIAN_POINT('',(0.,-3.5,7.771561172376E-16));
#1787 = DIRECTION('',(0.,-1.,2.22044604925E-16));
#1788 = DIRECTION('',(1.,0.,0.));
#1789 = PCURVE('',#1611,#1790);
#1790 = DEFINITIONAL_REPRESENTATION('',(#1791),#1795);
#1791 = LINE('',#1792,#1793);
#1792 = CARTESIAN_POINT('',(0.,23.5));
#1793 = VECTOR('',#1794,1.);
#1794 = DIRECTION('',(1.,0.));
#1795 = ( GEOMETRIC_REPRESENTATION_CONTEXT(2) 
PARAMETRIC_REPRESENTATION_CONTEXT() REPRESENTATION_CONTEXT('2D SPACE',''
  ) );
#1796 = PCURVE('',#299,#1797);
#1797 = DEFINITIONAL_REPRESENTATION('',(#1798),#1802);
#1798 = CIRCLE('',#1799,6.);
#1799 = AXIS2_PLACEMENT_2D('',#1800,#1801);
#1800 = CARTESIAN_POINT('',(4.021882742763E-16,-2.764237642541E-16));
#1801 = DIRECTION('',(1.,0.));
#1802 = ( GEOMETRIC_REPRESENTATION_CONTEXT(2) 
PARAMETRIC_REPRESENTATION_CONTEXT() REPRESENTATION_CONTEXT('2D SPACE',''
  ) );
#1803 = ORIENTED_EDGE('',*,*,#1759,.T.);
#1804 = ADVANCED_FACE('',(#1805),#1200,.F.);
#1805 = FACE_BOUND('',#1806,.F.);
#1806 = EDGE_LOOP('',(#1807,#1831,#1852,#1853));
#1807 = ORIENTED_EDGE('',*,*,#1808,.F.);
#1808 = EDGE_CURVE('',#1809,#1809,#1811,.T.);
#1809 = VERTEX_POINT('',#1810);
#1810 = CARTESIAN_POINT('',(6.,3.5,-2.246732276214E-15));
#1811 = SURFACE_CURVE('',#1812,(#1817,#1824),.PCURVE_S1.);
#1812 = CIRCLE('',#1813,6.);
#1813 = AXIS2_PLACEMENT_3D('',#1814,#1815,#1816);
#1814 = CARTESIAN_POINT('',(0.,3.5,-7.771561172376E-16));
#1815 = DIRECTION('',(0.,-1.,2.22044604925E-16));
#1816 = DIRECTION('',(1.,0.,0.));
#1817 = PCURVE('',#1200,#1818);
#1818 = DEFINITIONAL_REPRESENTATION('',(#1819),#1823);
#1819 = LINE('',#1820,#1821);
#1820 = CARTESIAN_POINT('',(0.,16.5));
#1821 = VECTOR('',#1822,1.);
#1822 = DIRECTION('',(1.,0.));
#1823 = ( GEOMETRIC_REPRESENTATION_CONTEXT(2) 
PARAMETRIC_REPRESENTATION_CONTEXT() REPRESENTATION_CONTEXT('2D SPACE',''
  ) );
#1824 = PCURVE('',#665,#1825);
#1825 = DEFINITIONAL_REPRESENTATION('',(#1826),#1830);
#1826 = CIRCLE('',#1827,6.);
#1827 = AXIS2_PLACEMENT_2D('',#1828,#1829);
#1828 = CARTESIAN_POINT('',(4.021882742763E-16,-1.830735998729E-15));
#1829 = DIRECTION('',(1.,0.));
#1830 = ( GEOMETRIC_REPRESENTATION_CONTEXT(2) 
PARAMETRIC_REPRESENTATION_CONTEXT() REPRESENTATION_CONTEXT('2D SPACE',''
  ) );
#1831 = ORIENTED_EDGE('',*,*,#1832,.F.);
#1832 = EDGE_CURVE('',#927,#1809,#1833,.T.);
#1833 = SEAM_CURVE('',#1834,(#1838,#1845),.PCURVE_S1.);
#1834 = LINE('',#1835,#1836);
#1835 = CARTESIAN_POINT('',(6.,20.,-5.910468257477E-15));
#1836 = VECTOR('',#1837,1.);
#1837 = DIRECTION('',(0.,-1.,2.22044604925E-16));
#1838 = PCURVE('',#1200,#1839);
#1839 = DEFINITIONAL_REPRESENTATION('',(#1840),#1844);
#1840 = LINE('',#1841,#1842);
#1841 = CARTESIAN_POINT('',(0.,-0.));
#1842 = VECTOR('',#1843,1.);
#1843 = DIRECTION('',(0.,1.));
#1844 = ( GEOMETRIC_REPRESENTATION_CONTEXT(2) 
PARAMETRIC_REPRESENTATION_CONTEXT() REPRESENTATION_CONTEXT('2D SPACE',''
  ) );
#1845 = PCURVE('',#1200,#1846);
#1846 = DEFINITIONAL_REPRESENTATION('',(#1847),#1851);
#1847 = LINE('',#1848,#1849);
#1848 = CARTESIAN_POINT('',(6.28318530718,-0.));
#1849 = VECTOR('',#1850,1.);
#1850 = DIRECTION('',(0.,1.));
#1851 = ( GEOMETRIC_REPRESENTATION_CONTEXT(2) 
PARAMETRIC_REPRESENTATION_CONTEXT() REPRESENTATION_CONTEXT('2D SPACE',''
  ) );
#1852 = ORIENTED_EDGE('',*,*,#926,.T.);
#1853 = ORIENTED_EDGE('',*,*,#1832,.T.);
#1854 = ADVANCED_FACE('',(#1855),#739,.T.);
#1855 = FACE_BOUND('',#1856,.T.);
#1856 = EDGE_LOOP('',(#1857,#1858));
#1857 = ORIENTED_EDGE('',*,*,#711,.F.);
#1858 = ORIENTED_EDGE('',*,*,#1859,.T.);
#1859 = EDGE_CURVE('',#712,#582,#1860,.T.);
#1860 = SURFACE_CURVE('',#1861,(#1865,#1872),.PCURVE_S1.);
#1861 = LINE('',#1862,#1863);
#1862 = CARTESIAN_POINT('',(9.318710459762,3.5,-134.));
#1863 = VECTOR('',#1864,1.);
#1864 = DIRECTION('',(-1.,4.7655650591E-17,0.));
#1865 = PCURVE('',#739,#1866);
#1866 = DEFINITIONAL_REPRESENTATION('',(#1867),#1871);
#1867 = LINE('',#1868,#1869);
#1868 = CARTESIAN_POINT('',(1.441609540238,3.5));
#1869 = VECTOR('',#1870,1.);
#1870 = DIRECTION('',(1.,-9.766571540325E-17));
#1871 = ( GEOMETRIC_REPRESENTATION_CONTEXT(2) 
PARAMETRIC_REPRESENTATION_CONTEXT() REPRESENTATION_CONTEXT('2D SPACE',''
  ) );
#1872 = PCURVE('',#665,#1873);
#1873 = DEFINITIONAL_REPRESENTATION('',(#1874),#1878);
#1874 = LINE('',#1875,#1876);
#1875 = CARTESIAN_POINT('',(9.318710459762,-134.));
#1876 = VECTOR('',#1877,1.);
#1877 = DIRECTION('',(-1.,0.));
#1878 = ( GEOMETRIC_REPRESENTATION_CONTEXT(2) 
PARAMETRIC_REPRESENTATION_CONTEXT() REPRESENTATION_CONTEXT('2D SPACE',''
  ) );
#1879 = ADVANCED_FACE('',(#1880,#1930),#665,.T.);
#1880 = FACE_BOUND('',#1881,.T.);
#1881 = EDGE_LOOP('',(#1882,#1905,#1927,#1928,#1929));
#1882 = ORIENTED_EDGE('',*,*,#1883,.T.);
#1883 = EDGE_CURVE('',#764,#1884,#1886,.T.);
#1884 = VERTEX_POINT('',#1885);
#1885 = CARTESIAN_POINT('',(13.6,3.5,0.));
#1886 = SURFACE_CURVE('',#1887,(#1891,#1898),.PCURVE_S1.);
#1887 = LINE('',#1888,#1889);
#1888 = CARTESIAN_POINT('',(13.6,3.5,-70.));
#1889 = VECTOR('',#1890,1.);
#1890 = DIRECTION('',(0.,0.,1.));
#1891 = PCURVE('',#665,#1892);
#1892 = DEFINITIONAL_REPRESENTATION('',(#1893),#1897);
#1893 = LINE('',#1894,#1895);
#1894 = CARTESIAN_POINT('',(13.6,-70.));
#1895 = VECTOR('',#1896,1.);
#1896 = DIRECTION('',(0.,1.));
#1897 = ( GEOMETRIC_REPRESENTATION_CONTEXT(2) 
PARAMETRIC_REPRESENTATION_CONTEXT() REPRESENTATION_CONTEXT('2D SPACE',''
  ) );
#1898 = PCURVE('',#227,#1899);
#1899 = DEFINITIONAL_REPRESENTATION('',(#1900),#1904);
#1900 = LINE('',#1901,#1902);
#1901 = CARTESIAN_POINT('',(70.,0.));
#1902 = VECTOR('',#1903,1.);
#1903 = DIRECTION('',(1.,0.));
#1904 = ( GEOMETRIC_REPRESENTATION_CONTEXT(2) 
PARAMETRIC_REPRESENTATION_CONTEXT() REPRESENTATION_CONTEXT('2D SPACE',''
  ) );
#1905 = ORIENTED_EDGE('',*,*,#1906,.T.);
#1906 = EDGE_CURVE('',#1884,#494,#1907,.T.);
#1907 = SURFACE_CURVE('',#1908,(#1913,#1920),.PCURVE_S1.);
#1908 = CIRCLE('',#1909,13.6);
#1909 = AXIS2_PLACEMENT_3D('',#1910,#1911,#1912);
#1910 = CARTESIAN_POINT('',(0.,3.5,0.));
#1911 = DIRECTION('',(0.,-1.,0.));
#1912 = DIRECTION('',(1.,0.,0.));
#1913 = PCURVE('',#665,#1914);
#1914 = DEFINITIONAL_REPRESENTATION('',(#1915),#1919);
#1915 = CIRCLE('',#1916,13.6);
#1916 = AXIS2_PLACEMENT_2D('',#1917,#1918);
#1917 = CARTESIAN_POINT('',(4.021882742763E-16,-1.053579881492E-15));
#1918 = DIRECTION('',(1.,0.));
#1919 = ( GEOMETRIC_REPRESENTATION_CONTEXT(2) 
PARAMETRIC_REPRESENTATION_CONTEXT() REPRESENTATION_CONTEXT('2D SPACE',''
  ) );
#1920 = PCURVE('',#549,#1921);
#1921 = DEFINITIONAL_REPRESENTATION('',(#1922),#1926);
#1922 = LINE('',#1923,#1924);
#1923 = CARTESIAN_POINT('',(-0.,0.));
#1924 = VECTOR('',#1925,1.);
#1925 = DIRECTION('',(-1.,0.));
#1926 = ( GEOMETRIC_REPRESENTATION_CONTEXT(2) 
PARAMETRIC_REPRESENTATION_CONTEXT() REPRESENTATION_CONTEXT('2D SPACE',''
  ) );
#1927 = ORIENTED_EDGE('',*,*,#581,.T.);
#1928 = ORIENTED_EDGE('',*,*,#1859,.F.);
#1929 = ORIENTED_EDGE('',*,*,#763,.F.);
#1930 = FACE_BOUND('',#1931,.T.);
#1931 = EDGE_LOOP('',(#1932));
#1932 = ORIENTED_EDGE('',*,*,#1808,.F.);
#1933 = ADVANCED_FACE('',(#1934),#549,.F.);
#1934 = FACE_BOUND('',#1935,.T.);
#1935 = EDGE_LOOP('',(#1936,#1937,#1960,#1982));
#1936 = ORIENTED_EDGE('',*,*,#1906,.F.);
#1937 = ORIENTED_EDGE('',*,*,#1938,.T.);
#1938 = EDGE_CURVE('',#1884,#1939,#1941,.T.);
#1939 = VERTEX_POINT('',#1940);
#1940 = CARTESIAN_POINT('',(13.6,-3.5,0.));
#1941 = SURFACE_CURVE('',#1942,(#1946,#1953),.PCURVE_S1.);
#1942 = LINE('',#1943,#1944);
#1943 = CARTESIAN_POINT('',(13.6,3.5,0.));
#1944 = VECTOR('',#1945,1.);
#1945 = DIRECTION('',(0.,-1.,0.));
#1946 = PCURVE('',#549,#1947);
#1947 = DEFINITIONAL_REPRESENTATION('',(#1948),#1952);
#1948 = LINE('',#1949,#1950);
#1949 = CARTESIAN_POINT('',(-0.,0.));
#1950 = VECTOR('',#1951,1.);
#1951 = DIRECTION('',(-0.,-1.));
#1952 = ( GEOMETRIC_REPRESENTATION_CONTEXT(2) 
PARAMETRIC_REPRESENTATION_CONTEXT() REPRESENTATION_CONTEXT('2D SPACE',''
  ) );
#1953 = PCURVE('',#227,#1954);
#1954 = DEFINITIONAL_REPRESENTATION('',(#1955),#1959);
#1955 = LINE('',#1956,#1957);
#1956 = CARTESIAN_POINT('',(140.,0.));
#1957 = VECTOR('',#1958,1.);
#1958 = DIRECTION('',(0.,-1.));
#1959 = ( GEOMETRIC_REPRESENTATION_CONTEXT(2) 
PARAMETRIC_REPRESENTATION_CONTEXT() REPRESENTATION_CONTEXT('2D SPACE',''
  ) );
#1960 = ORIENTED_EDGE('',*,*,#1961,.T.);
#1961 = EDGE_CURVE('',#1939,#369,#1962,.T.);
#1962 = SURFACE_CURVE('',#1963,(#1968,#1975),.PCURVE_S1.);
#1963 = CIRCLE('',#1964,13.6);
#1964 = AXIS2_PLACEMENT_3D('',#1965,#1966,#1967);
#1965 = CARTESIAN_POINT('',(0.,-3.5,0.));
#1966 = DIRECTION('',(0.,-1.,0.));
#1967 = DIRECTION('',(1.,0.,0.));
#1968 = PCURVE('',#549,#1969);
#1969 = DEFINITIONAL_REPRESENTATION('',(#1970),#1974);
#1970 = LINE('',#1971,#1972);
#1971 = CARTESIAN_POINT('',(-0.,-7.));
#1972 = VECTOR('',#1973,1.);
#1973 = DIRECTION('',(-1.,0.));
#1974 = ( GEOMETRIC_REPRESENTATION_CONTEXT(2) 
PARAMETRIC_REPRESENTATION_CONTEXT() REPRESENTATION_CONTEXT('2D SPACE',''
  ) );
#1975 = PCURVE('',#299,#1976);
#1976 = DEFINITIONAL_REPRESENTATION('',(#1977),#1981);
#1977 = CIRCLE('',#1978,13.6);
#1978 = AXIS2_PLACEMENT_2D('',#1979,#1980);
#1979 = CARTESIAN_POINT('',(4.021882742763E-16,-1.053579881492E-15));
#1980 = DIRECTION('',(1.,0.));
#1981 = ( GEOMETRIC_REPRESENTATION_CONTEXT(2) 
PARAMETRIC_REPRESENTATION_CONTEXT() REPRESENTATION_CONTEXT('2D SPACE',''
  ) );
#1982 = ORIENTED_EDGE('',*,*,#493,.T.);
#1983 = ADVANCED_FACE('',(#1984),#344,.T.);
#1984 = FACE_BOUND('',#1985,.T.);
#1985 = EDGE_LOOP('',(#1986,#1987));
#1986 = ORIENTED_EDGE('',*,*,#316,.F.);
#1987 = ORIENTED_EDGE('',*,*,#1988,.T.);
#1988 = EDGE_CURVE('',#317,#274,#1989,.T.);
#1989 = SURFACE_CURVE('',#1990,(#1994,#2001),.PCURVE_S1.);
#1990 = LINE('',#1991,#1992);
#1991 = CARTESIAN_POINT('',(-9.318710469036,-3.5,-134.));
#1992 = VECTOR('',#1993,1.);
#1993 = DIRECTION('',(1.,3.097617288415E-16,0.));
#1994 = PCURVE('',#344,#1995);
#1995 = DEFINITIONAL_REPRESENTATION('',(#1996),#2000);
#1996 = LINE('',#1997,#1998);
#1997 = CARTESIAN_POINT('',(20.079030469036,-3.5));
#1998 = VECTOR('',#1999,1.);
#1999 = DIRECTION('',(-1.,4.550830948357E-16));
#2000 = ( GEOMETRIC_REPRESENTATION_CONTEXT(2) 
PARAMETRIC_REPRESENTATION_CONTEXT() REPRESENTATION_CONTEXT('2D SPACE',''
  ) );
#2001 = PCURVE('',#299,#2002);
#2002 = DEFINITIONAL_REPRESENTATION('',(#2003),#2007);
#2003 = LINE('',#2004,#2005);
#2004 = CARTESIAN_POINT('',(-9.318710469036,-134.));
#2005 = VECTOR('',#2006,1.);
#2006 = DIRECTION('',(1.,0.));
#2007 = ( GEOMETRIC_REPRESENTATION_CONTEXT(2) 
PARAMETRIC_REPRESENTATION_CONTEXT() REPRESENTATION_CONTEXT('2D SPACE',''
  ) );
#2008 = ADVANCED_FACE('',(#2009,#2036),#299,.F.);
#2009 = FACE_BOUND('',#2010,.F.);
#2010 = EDGE_LOOP('',(#2011,#2032,#2033,#2034,#2035));
#2011 = ORIENTED_EDGE('',*,*,#2012,.T.);
#2012 = EDGE_CURVE('',#144,#1939,#2013,.T.);
#2013 = SURFACE_CURVE('',#2014,(#2018,#2025),.PCURVE_S1.);
#2014 = LINE('',#2015,#2016);
#2015 = CARTESIAN_POINT('',(13.6,-3.5,-70.));
#2016 = VECTOR('',#2017,1.);
#2017 = DIRECTION('',(0.,0.,1.));
#2018 = PCURVE('',#299,#2019);
#2019 = DEFINITIONAL_REPRESENTATION('',(#2020),#2024);
#2020 = LINE('',#2021,#2022);
#2021 = CARTESIAN_POINT('',(13.6,-70.));
#2022 = VECTOR('',#2023,1.);
#2023 = DIRECTION('',(0.,1.));
#2024 = ( GEOMETRIC_REPRESENTATION_CONTEXT(2) 
PARAMETRIC_REPRESENTATION_CONTEXT() REPRESENTATION_CONTEXT('2D SPACE',''
  ) );
#2025 = PCURVE('',#227,#2026);
#2026 = DEFINITIONAL_REPRESENTATION('',(#2027),#2031);
#2027 = LINE('',#2028,#2029);
#2028 = CARTESIAN_POINT('',(70.,-7.));
#2029 = VECTOR('',#2030,1.);
#2030 = DIRECTION('',(1.,0.));
#2031 = ( GEOMETRIC_REPRESENTATION_CONTEXT(2) 
PARAMETRIC_REPRESENTATION_CONTEXT() REPRESENTATION_CONTEXT('2D SPACE',''
  ) );
#2032 = ORIENTED_EDGE('',*,*,#1961,.T.);
#2033 = ORIENTED_EDGE('',*,*,#368,.T.);
#2034 = ORIENTED_EDGE('',*,*,#1988,.T.);
#2035 = ORIENTED_EDGE('',*,*,#273,.F.);
#2036 = FACE_BOUND('',#2037,.F.);
#2037 = EDGE_LOOP('',(#2038));
#2038 = ORIENTED_EDGE('',*,*,#1782,.F.);
#2039 = ADVANCED_FACE('',(#2040),#227,.T.);
#2040 = FACE_BOUND('',#2041,.T.);
#2041 = EDGE_LOOP('',(#2042,#2043,#2044,#2045,#2046));
#2042 = ORIENTED_EDGE('',*,*,#1883,.F.);
#2043 = ORIENTED_EDGE('',*,*,#801,.T.);
#2044 = ORIENTED_EDGE('',*,*,#143,.F.);
#2045 = ORIENTED_EDGE('',*,*,#2012,.T.);
#2046 = ORIENTED_EDGE('',*,*,#1938,.F.);
#2047 = ADVANCED_FACE('',(#2048),#118,.T.);
#2048 = FACE_BOUND('',#2049,.F.);
#2049 = EDGE_LOOP('',(#2050));
#2050 = ORIENTED_EDGE('',*,*,#92,.F.);
#2051 = ( GEOMETRIC_REPRESENTATION_CONTEXT(3) 
GLOBAL_UNCERTAINTY_ASSIGNED_CONTEXT((#2055)) 
GLOBAL_UNIT_ASSIGNED_CONTEXT((#2052,#2053,#2054)) REPRESENTATION_CONTEXT
('Context #1','3D Context with UNIT and UNCERTAINTY') );
#2052 = ( LENGTH_UNIT() NAMED_UNIT(*) SI_UNIT(.MILLI.,.METRE.) );
#2053 = ( NAMED_UNIT(*) PLANE_ANGLE_UNIT() SI_UNIT($,.RADIAN.) );
#2054 = ( NAMED_UNIT(*) SI_UNIT($,.STERADIAN.) SOLID_ANGLE_UNIT() );
#2055 = UNCERTAINTY_MEASURE_WITH_UNIT(LENGTH_MEASURE(2.E-06),#2052,
  'distance_accuracy_value','confusion accuracy');
#2056 = PRODUCT_RELATED_PRODUCT_CATEGORY('part',$,(#7));
ENDSEC;
END-ISO-10303-21;
